id_escola,codigo_inep,nome_inep,nome_canonico,nome_vinculo_original,chave_nome,assessora,metodo_correspondencia_inep,status_codigo_inep,observacao_codigo_inep,tipo_vinculo_rede,exposicao_2025_1av,programa_iniciado_apos_2025_1av,dose_assessoramento_observada,possivel_municipalizacao_recente,escola_nova_recente,status_rede_2025,observacao_historico,status_validacao,dependencia_administrativa_2024,situacao_funcionamento_2024,grupo_administrativo_2024_final,ano_contexto,fonte_contexto,contexto_pre_programa,rede,tipo_categoria_escola_privada,tipo_localizacao,tipo_localizacao_diferenciada,tipo_situacao_funcionamento,poder_publico_parceria,tipo_poder_publico_parceria,conveniada_poder_publico,tipo_convenio_poder_publico,matriculas_anos_iniciais,turmas_anos_iniciais,docentes_anos_iniciais,alunos_por_turma_anos_iniciais,alunos_por_docente_anos_iniciais,porte_anos_iniciais,quartil_porte_anos_iniciais,pct_matriculas_anos_iniciais_integral,pct_matriculas_educacao_especial,pct_matriculas_transporte_publico,pct_matriculas_preta_parda_indigena,indice_infraestrutura_basica,ano,sigla_uf,id_municipio,vinculo_secretaria_educacao,etapa_ensino_infantil,etapa_ensino_fundamental,etapa_ensino_fundamental_anos_iniciais,etapa_ensino_fundamental_anos_finais,etapa_ensino_medio,etapa_ensino_eja,etapa_ensino_especial,quantidade_matricula_educacao_basica,quantidade_matricula_infantil,quantidade_matricula_fundamental,quantidade_matricula_fundamental_anos_iniciais,quantidade_matricula_fundamental_1_ano,quantidade_matricula_fundamental_2_ano,quantidade_matricula_fundamental_3_ano,quantidade_matricula_fundamental_4_ano,quantidade_matricula_fundamental_5_ano,quantidade_matricula_fundamental_anos_finais,quantidade_matricula_eja,quantidade_matricula_especial,quantidade_matricula_especial_comum,quantidade_matricula_especial_exclusiva,quantidade_matricula_feminino,quantidade_matricula_masculino,quantidade_matricula_branca,quantidade_matricula_preta,quantidade_matricula_parda,quantidade_matricula_amarela,quantidade_matricula_indigena,quantidade_matricula_nao_declarada,quantidade_matricula_fundamental_integral,quantidade_matricula_fundamental_anos_iniciais_integral,quantidade_matricula_fundamental_anos_finais_integral,quantidade_matricula_utiliza_transporte_publico,quantidade_docente_educacao_basica,quantidade_docente_fundamental,quantidade_docente_fundamental_anos_iniciais,quantidade_docente_fundamental_anos_finais,quantidade_docente_especial,quantidade_turma_educacao_basica,quantidade_turma_fundamental,quantidade_turma_fundamental_anos_iniciais,quantidade_turma_fundamental_anos_finais,quantidade_turma_fundamental_integral,quantidade_sala_existente,quantidade_sala_utilizada,quantidade_sala_utilizada_climatizada,quantidade_sala_utilizada_acessivel,agua_potavel,agua_rede_publica,energia_rede_publica,esgoto_rede_publica,biblioteca,biblioteca_sala_leitura,sala_leitura,laboratorio_ciencias,laboratorio_informatica,quadra_esportes,quadra_esportes_coberta,internet,internet_aprendizagem,internet_alunos,acessibilidade_rampas,acessibilidade_corrimao,acessibilidade_pisos_tateis,acessibilidade_elevador,acessibilidade_inexistente,banheiro,banheiro_pne,cozinha,refeitorio,alimentacao,sala_atendimento_especial,quantidade_computador,quantidade_computador_aluno,quantidade_computador_portatil_aluno,quantidade_tablet_aluno,quantidade_profissional_bibliotecario,quantidade_profissional_coordenador,quantidade_profissional_psicologo,quantidade_profissional_assistente_social,quantidade_profissional_monitor,quantidade_profissional_pedagogia,oferta_educacao_infantil,oferta_anos_iniciais,oferta_anos_finais,oferta_eja,oferta_educacao_especial,numero_etapas_amplas_ofertadas,numero_itens_infraestrutura_disponiveis,numero_itens_infraestrutura_presentes,possui_espaco_leitura,possui_recurso_acessibilidade,codigo_situacao_funcionamento,codigo_rede_2024,alerta_sem_linha_2024,alerta_sem_matriculas_anos_iniciais,alerta_sem_turmas_anos_iniciais,alerta_sem_docentes_anos_iniciais,alerta_matriculas_sem_turmas,alerta_matriculas_sem_docentes,alerta_nao_ativa_2024,caso_historico_administrativo,requer_revisao_tecnica,motivo_revisao_tecnica,escola_ativa_2024,vinculo_privado_explicito,grupo_administrativo_2024,divergencia_censo_cadastro,tipo_divergencia_administrativa,incluir_universo_municipal_direto_2024,incluir_universo_municipal_ampliado_2024,incluir_contexto_descritivo_2024,motivo_nao_inclusao_universo_estrito,decisao_manual,tipo_vinculo_rede_corrigido,status_rede_2025_corrigido,observacao_manual,tipo_vinculo_rede_final,status_rede_2025_final,observacao_administrativa_final,privada_vinculada_final,municipalizada_apos_2024,incluir_rede_municipal_operacional_2025,utilizar_indicadores_matriculas,utilizar_indicadores_turmas_docentes,utilizar_indicadores_infraestrutura,quartil_infraestrutura_escola,faixa_porte_contextual_escola,codigo_inep_valido,assessora_gerencial,contexto_2024_encontrado,estratos_corrigidos_disponiveis,numero_series_esperadas,numero_componentes,numero_series_presentes_2025,numero_series_presentes_2026,numero_series_resultado_2025,numero_series_resultado_2026,numero_series_comparaveis,painel_completo_cinco_series,previstos_total_2025,avaliados_total_2025,taxa_participacao_escola_2025,proficiencia_multisserie_ponderada_2025,pct_defasagem_multisserie_ponderado_2025,pct_intermediario_multisserie_ponderado_2025,pct_adequado_multisserie_ponderado_2025,previstos_total_2026,avaliados_total_2026,taxa_participacao_escola_2026,proficiencia_multisserie_ponderada_2026,pct_defasagem_multisserie_ponderado_2026,pct_intermediario_multisserie_ponderado_2026,pct_adequado_multisserie_ponderado_2026,delta_participacao_escola,delta_proficiencia_multisserie_ponderada,delta_pct_defasagem_multisserie_ponderado,delta_pct_intermediario_multisserie_ponderado,delta_pct_adequado_multisserie_ponderado,variacao_relativa_previstos_escola,variacao_relativa_avaliados_escola,mediana_participacao_series_2025,mediana_participacao_series_2026,amplitude_participacao_series_2025,amplitude_participacao_series_2026,desvio_participacao_series_2025,desvio_participacao_series_2026,mediana_proficiencia_series_2025,mediana_proficiencia_series_2026,amplitude_proficiencia_series_2025,amplitude_proficiencia_series_2026,desvio_proficiencia_series_2025,desvio_proficiencia_series_2026,numero_series_delta_proficiencia_positivo,numero_series_delta_proficiencia_negativo,numero_series_delta_proficiencia_estavel,numero_series_delta_participacao_positivo,numero_series_delta_participacao_negativo,numero_series_participacao_abaixo_70_2025,numero_series_participacao_abaixo_70_2026,numero_series_participacao_abaixo_80_2025,numero_series_participacao_abaixo_80_2026,numero_series_participacao_abaixo_90_2025,numero_series_participacao_abaixo_90_2026,numero_series_aumento_participacao_10pp,numero_series_queda_participacao_10pp,numero_series_mudanca_previstos_20pct,numero_series_alerta_composicao,possui_alerta_composicao,observacoes_composicao,faixa_participacao_escola_2025,faixa_participacao_escola_2026,direcao_delta_participacao_escola,direcao_delta_proficiencia_multisserie,proporcao_series_comparaveis,proporcao_series_delta_proficiencia_positivo
ESC_056,43189768,6002 EEF ALDEIA LUMIAR,EEF ALDEIA LUMIAR,,EEF ALDEIA LUMIAR,,aceite_manual,consolidado,escola filantropica sob supervisao municipal,filantropica_sob_supervisao_municipal,0,TRUE,FALSE,FALSE,FALSE,fora_da_rede_municipal_direta,Instituição filantrópica supervisionada,codigo_inep_consolidado,Privada,Em atividade,Filantrópica supervisionada,2024,Censo Escolar/INEP via Base dos Dados,TRUE,4,4,1,0,1,1,1,,,109,0,0,,,Até 149 matrículas,1,100,6.598984771573604,0,20.304568527918786,80,2024,RS,4314902,,0,1,1,1,0,0,1,197,0,197,109,26,22,19,21,21,88,0,13,13,0,96,101,108,20,18,0,2,49,197,109,88,0,10,10,0,10,9,10,10,0,10,10,,6,0,0,1,1,1,1,1,1,0,0,0,1,0,1,1,0,0,0,0,0,0,1,1,1,1,1,1,,,0,0,0,0,0,0,0,2,FALSE,TRUE,TRUE,FALSE,TRUE,2,10,8,TRUE,FALSE,1,4,FALSE,FALSE,FALSE,FALSE,TRUE,TRUE,FALSE,Instituição filantrópica supervisionada,TRUE,"Matrículas positivas, mas nenhuma turma dos anos iniciais | Matrículas positivas, mas nenhum docente dos anos iniciais",TRUE,TRUE,Filantrópica supervisionada,FALSE,,FALSE,TRUE,FALSE,"Matrículas positivas, mas nenhuma turma dos anos iniciais | Matrículas positivas, mas nenhum docente dos anos iniciais",sem_revisao_necessaria,,,,filantropica_sob_supervisao_municipal,fora_da_rede_municipal_direta,Instituição filantrópica supervisionada,TRUE,FALSE,FALSE,TRUE,FALSE,TRUE,Q1 — menor infraestrutura,Até 149 matrículas,TRUE,Sem vinculação informada,TRUE,TRUE,5,1,5,1,5,1,1,FALSE,105,82,78.0952380952381,69.79268292682927,10.987804878048781,30.573170731707318,58.63414634146341,23,16,69.56521739130434,48,36,36,29,-8.530020703933758,-21.792682926829272,25.01219512195122,5.426829268292682,-29.634146341463413,-78.0952380952381,-80.48780487804878,77.27272727272727,69.56521739130434,20,0,7.565562252331959,,67,48,15.645833333333336,0,7.192669730314667,,0,1,0,0,1,0,1,3,1,4,1,0,1,0,1,TRUE,Escola-série ausente em um dos anos | Queda de participação igual ou superior a 10 p.p.,70% a menos de 80%,Abaixo de 70%,Variação negativa,Variação negativa,20,0
ESC_001,43105416,6001 EEF PEQUENA CASA DA CRIANCA,EEF PEQUENA CASA DA CRIANCA,6001 EEF PEQUENA CASA DA CRIANCA,EEF PEQUENA CASA DA CRIANCA,outras,aceite_manual,consolidado,escola privada conveniada sob supervisao municipal,privada_conveniada_sob_supervisao_municipal,0,TRUE,FALSE,FALSE,FALSE,fora_da_rede_municipal_direta,Instituição privada conveniada ou supervisionada,codigo_inep_consolidado,Privada,Em atividade,Privada conveniada ou supervisionada,2024,Censo Escolar/INEP via Base dos Dados,TRUE,4,4,1,0,1,1,1,,,245,14,11,17.5,22.272727272727273,150 a 299 matrículas,1,18.367346938775512,6.128133704735376,0,20.33426183844011,70,2024,RS,4314902,,1,1,1,0,0,0,1,359,114,245,245,44,48,69,43,41,0,0,22,22,0,165,194,92,36,37,0,0,194,45,45,0,0,19,11,11,0,15,22,14,14,0,3,,23,6,0,1,1,1,1,1,1,0,0,1,0,0,1,1,0,0,0,0,0,0,1,0,1,0,1,1,,,0,0,0,0,1,1,0,1,TRUE,TRUE,FALSE,FALSE,TRUE,2,10,7,TRUE,FALSE,1,4,FALSE,FALSE,FALSE,FALSE,FALSE,FALSE,FALSE,Instituição privada conveniada ou supervisionada,FALSE,,TRUE,TRUE,Privada conveniada ou supervisionada,FALSE,,FALSE,TRUE,TRUE,Dependência privada no Censo 2024,sem_revisao_necessaria,,,,privada_conveniada_sob_supervisao_municipal,fora_da_rede_municipal_direta,Instituição privada conveniada ou supervisionada,TRUE,FALSE,FALSE,TRUE,TRUE,TRUE,Q1 — menor infraestrutura,150 a 299 matrículas,TRUE,outras,TRUE,TRUE,5,1,5,5,5,5,5,TRUE,258,194,75.1937984496124,59.402061855670105,21.742268041237114,38.345360824742265,40.22164948453608,268,237,88.43283582089552,43.641350210970465,41.0042194092827,33.05907172995781,25.966244725738395,13.239037371283118,-15.76071164469964,19.261951368045583,-5.286289094784458,-14.255404758797685,3.875968992248062,22.164948453608247,78.26086956521739,89.1304347826087,14.630325814536349,17.687074829931973,6.5355324102541985,7.2503483965361735,57.71739130434783,44.28333333333333,17.472727272727283,24.178362573099413,7.314579724919112,8.626762520670034,0,5,0,4,1,2,0,4,1,5,3,3,0,2,4,TRUE,Aumento de participação igual ou superior a 10 p.p. | Mudança relevante no número de estudantes previstos | Mudança relevante no público previsto e aumento de participação | Sem alerta principal de composição,70% a menos de 80%,80% a menos de 90%,Variação positiva,Variação negativa,100,0
ESC_002,43105505,EMEB DR LIBERATO SALZANO VIEIRA DA CUNHA,EMEB DR LIBERATO SALZANO VIEIRA DA CUNHA,EMEB DR LIBERATO SALZANO VIEIRA DA CUNHA,EMEB DR LIBERATO SALZANO VIEIRA DA CUNHA,clarissa,exata_normalizada,consolidado,,rede_municipal_direta_ou_nao_classificada,0,TRUE,FALSE,FALSE,FALSE,rede_municipal_direta,Rede municipal direta em 2024,codigo_inep_consolidado,Municipal,Em atividade,Rede municipal direta em 2024,2024,Censo Escolar/INEP via Base dos Dados,TRUE,3,,1,0,1,0,,,,465,21,33,22.142857142857142,14.090909090909092,300 a 499 matrículas,3,0.21505376344086025,7.790262172284645,1.198501872659176,24.04494382022472,100,2024,RS,4314902,1,1,1,1,1,1,1,1,1335,118,840,465,83,90,103,81,108,375,146,104,104,0,730,605,829,193,127,0,1,185,1,1,0,16,82,53,33,24,77,56,35,21,14,0,,28,3,0,1,1,1,1,1,1,0,1,1,1,1,1,1,1,1,0,0,1,0,1,1,1,1,1,1,,,520,6,4,6,0,0,0,10,TRUE,TRUE,TRUE,TRUE,TRUE,4,10,10,TRUE,TRUE,1,3,FALSE,FALSE,FALSE,FALSE,FALSE,FALSE,FALSE,Rede municipal direta em 2024,FALSE,,TRUE,FALSE,Rede municipal direta em 2024,FALSE,,TRUE,TRUE,TRUE,,sem_revisao_necessaria,,,,rede_municipal_direta_ou_nao_classificada,rede_municipal_direta,Rede municipal direta em 2024,FALSE,FALSE,TRUE,TRUE,TRUE,TRUE,Q3,300 a 499 matrículas,TRUE,clarissa,TRUE,TRUE,5,1,5,5,5,5,5,TRUE,456,363,79.60526315789474,55.17355371900826,32.78236914600551,26.509641873278238,40.82644628099174,445,384,86.29213483146067,48.888020833333336,37.065104166666664,28.372395833333332,34.557291666666664,6.686871673565932,-6.285532885674925,4.282735020661157,1.8627539600550946,-6.269154614325075,-2.412280701754386,5.785123966942149,79.38144329896907,88.04347826086956,7.723577235772353,15.35802469135804,2.8610884270319525,6.371736408610969,56.5875,43.74390243902439,27.176811594202903,22.630030030030028,10.913483998482105,10.483470194501042,2,3,0,4,1,0,0,3,1,5,3,2,0,1,2,TRUE,Aumento de participação igual ou superior a 10 p.p. | Mudança relevante no público previsto e aumento de participação | Sem alerta principal de composição,70% a menos de 80%,80% a menos de 90%,Variação positiva,Variação negativa,100,40
ESC_003,43105440,EMEF AFONSO GUERREIRO LIMA,EMEF AFONSO GUERREIRO LIMA,EMEF AFONSO GUERREIRO LIMA,EMEF AFONSO GUERREIRO LIMA,graziela,exata_normalizada,consolidado,,rede_municipal_direta_ou_nao_classificada,0,TRUE,FALSE,FALSE,FALSE,rede_municipal_direta,Rede municipal direta em 2024,codigo_inep_consolidado,Municipal,Em atividade,Rede municipal direta em 2024,2024,Censo Escolar/INEP via Base dos Dados,TRUE,3,,1,0,1,0,,,,517,22,27,23.5,19.14814814814815,500 matrículas ou mais,4,15.667311411992262,7.41901776384535,5.851619644723093,33.751306165099265,90,2024,RS,4314902,1,1,1,1,1,0,1,1,957,19,866,517,92,100,147,91,87,349,72,71,71,0,476,481,514,153,169,0,1,120,100,81,19,56,49,42,27,18,48,40,35,22,13,0,,30,0,8,1,1,1,1,1,1,0,1,1,1,1,1,0,1,0,1,0,0,0,1,1,1,1,1,1,,,468,0,4,4,0,0,0,6,TRUE,TRUE,TRUE,TRUE,TRUE,4,10,9,TRUE,TRUE,1,3,FALSE,FALSE,FALSE,FALSE,FALSE,FALSE,FALSE,Rede municipal direta em 2024,FALSE,,TRUE,FALSE,Rede municipal direta em 2024,FALSE,,TRUE,TRUE,TRUE,,sem_revisao_necessaria,,,,rede_municipal_direta_ou_nao_classificada,rede_municipal_direta,Rede municipal direta em 2024,FALSE,FALSE,TRUE,TRUE,TRUE,TRUE,Q2,500 matrículas ou mais,TRUE,graziela,TRUE,TRUE,5,1,5,5,5,5,5,TRUE,517,413,79.88394584139265,61.32203389830509,24.859564164648912,26.593220338983052,48.4769975786925,520,443,85.1923076923077,51.35214446952596,34.354401805869074,27.715575620767495,37.86907449209932,5.308361850915048,-9.969889428779126,9.494837641220162,1.1223552817844435,-10.607923086593175,0.5802707930367504,7.263922518159807,80.16528925619835,87.03703703703704,11.621966794380597,11.790123456790127,4.793020722407396,5.1462804711000105,60.10144927536232,56.702127659574465,17.211148648648646,51.96709956709957,8.06876959071606,20.77464527188102,2,3,0,4,1,0,0,2,1,5,4,1,0,1,2,TRUE,Aumento de participação igual ou superior a 10 p.p. | Mudança relevante no número de estudantes previstos | Sem alerta principal de composição,70% a menos de 80%,80% a menos de 90%,Variação positiva,Variação negativa,100,40
ESC_004,43105459,EMEF AMERICA,EMEF AMERICA,EMEF AMERICA,EMEF AMERICA,nathalia,exata_normalizada,consolidado,,rede_municipal_direta_ou_nao_classificada,0,TRUE,FALSE,FALSE,FALSE,rede_municipal_direta,Rede municipal direta em 2024,codigo_inep_consolidado,Municipal,Em atividade,Rede municipal direta em 2024,2024,Censo Escolar/INEP via Base dos Dados,TRUE,3,,1,0,1,0,,,,261,10,18,26.1,14.5,150 a 299 matrículas,2,0.3831417624521073,7.205240174672489,0,39.956331877729255,100,2024,RS,4314902,1,0,1,1,1,0,0,1,458,0,458,261,47,52,52,58,52,197,0,33,33,0,220,238,247,115,67,1,1,27,1,1,0,0,32,32,18,19,32,19,19,10,9,0,,12,0,0,1,1,1,1,1,1,0,1,1,1,1,1,1,1,1,1,0,0,0,1,1,1,1,1,1,,,380,0,2,2,0,0,0,4,FALSE,TRUE,TRUE,FALSE,TRUE,2,10,10,TRUE,TRUE,1,3,FALSE,FALSE,FALSE,FALSE,FALSE,FALSE,FALSE,Rede municipal direta em 2024,FALSE,,TRUE,FALSE,Rede municipal direta em 2024,FALSE,,TRUE,TRUE,TRUE,,sem_revisao_necessaria,,,,rede_municipal_direta_ou_nao_classificada,rede_municipal_direta,Rede municipal direta em 2024,FALSE,FALSE,TRUE,TRUE,TRUE,TRUE,Q3,150 a 299 matrículas,TRUE,nathalia,TRUE,TRUE,5,1,5,5,5,5,5,TRUE,263,215,81.74904942965779,54.49302325581395,29.4,35.33953488372093,35.26046511627907,229,204,89.08296943231441,51.85294117647059,30.019607843137255,35.68627450980392,34.23529411764706,7.333920002656626,-2.6400820793433653,0.6196078431372563,0.3467396260829929,-1.0251709986320137,-12.927756653992395,-5.116279069767442,83.01886792452831,90.56603773584904,9.746588693957122,15.652173913043484,3.944523490480389,5.868615596626933,53.34782608695652,51.51351351351352,49.48225214198287,37.32559523809525,17.991286011504634,13.371895858537087,3,2,0,5,0,0,0,1,0,5,2,2,0,0,2,TRUE,Aumento de participação igual ou superior a 10 p.p. | Sem alerta principal de composição,80% a menos de 90%,80% a menos de 90%,Variação positiva,Variação negativa,100,60
ESC_005,43105467,EMEF ARAMY SILVA,EMEF ARAMY SILVA,EMEF ARAMY SILVA,EMEF ARAMY SILVA,priscila,exata_normalizada,consolidado,,rede_municipal_direta_ou_nao_classificada,0,TRUE,FALSE,FALSE,FALSE,rede_municipal_direta,Rede municipal direta em 2024,codigo_inep_consolidado,Municipal,Em atividade,Rede municipal direta em 2024,2024,Censo Escolar/INEP via Base dos Dados,TRUE,3,,1,0,1,0,,,,422,20,27,21.1,15.62962962962963,300 a 499 matrículas,3,0,11.951219512195122,1.0975609756097562,18.29268292682927,100,2024,RS,4314902,1,1,1,1,1,0,0,1,820,75,745,422,85,66,94,80,97,323,0,98,98,0,364,456,627,62,88,0,0,43,0,0,0,9,48,45,27,23,46,39,35,20,15,0,,20,0,0,1,1,1,1,1,1,0,1,1,1,1,1,1,1,1,1,0,0,0,1,1,1,1,1,1,,,525,0,3,4,0,0,0,6,TRUE,TRUE,TRUE,FALSE,TRUE,3,10,10,TRUE,TRUE,1,3,FALSE,FALSE,FALSE,FALSE,FALSE,FALSE,FALSE,Rede municipal direta em 2024,FALSE,,TRUE,FALSE,Rede municipal direta em 2024,FALSE,,TRUE,TRUE,TRUE,,sem_revisao_necessaria,,,,rede_municipal_direta_ou_nao_classificada,rede_municipal_direta,Rede municipal direta em 2024,FALSE,FALSE,TRUE,TRUE,TRUE,TRUE,Q3,300 a 499 matrículas,TRUE,priscila,TRUE,TRUE,5,1,5,5,5,5,5,TRUE,440,343,77.95454545454545,64.8862973760933,25.801749271137027,19.303206997084548,55.177842565597665,413,363,87.89346246973366,50.680440771349865,35.988980716253444,28.479338842975206,35.539944903581265,9.93891701518821,-14.205856604743431,10.187231445116417,9.176131845890659,-19.6378976620164,-6.136363636363637,5.830903790087463,77.10843373493977,88.46153846153847,13.604336043360433,15.806415806415814,6.010020342612527,7.059712534841278,70.14102564102564,52.58227848101266,35.29711538461538,39.1504247876062,14.389292711914514,14.89739829064211,1,4,0,5,0,0,0,3,1,5,3,3,0,1,3,TRUE,Aumento de participação igual ou superior a 10 p.p. | Mudança relevante no público previsto e aumento de participação | Sem alerta principal de composição,70% a menos de 80%,80% a menos de 90%,Variação positiva,Variação negativa,100,20
ESC_006,43173713,EMEF CAMPOS DO CRISTAL,EMEF CAMPOS DO CRISTAL,EMEF CAMPOS DO CRISTAL,EMEF CAMPOS DO CRISTAL,andreia,exata_normalizada,consolidado,,rede_municipal_direta_ou_nao_classificada,0,TRUE,FALSE,FALSE,FALSE,rede_municipal_direta,Rede municipal direta em 2024,codigo_inep_consolidado,Municipal,Em atividade,Rede municipal direta em 2024,2024,Censo Escolar/INEP via Base dos Dados,TRUE,3,,1,0,1,0,,,,255,10,16,25.5,15.9375,150 a 299 matrículas,2,34.90196078431372,12.266112266112266,1.0395010395010396,34.71933471933472,100,2024,RS,4314902,1,1,1,1,1,0,0,1,481,54,427,255,45,53,55,52,50,172,0,59,59,0,242,239,269,81,84,0,2,45,153,89,64,5,29,28,16,15,28,21,18,10,8,0,,16,8,12,1,1,1,1,1,1,0,1,1,1,1,1,1,0,1,1,0,0,0,1,1,1,1,1,1,,,302,5,3,1,1,1,0,4,TRUE,TRUE,TRUE,FALSE,TRUE,3,10,10,TRUE,TRUE,1,3,FALSE,FALSE,FALSE,FALSE,FALSE,FALSE,FALSE,Rede municipal direta em 2024,FALSE,,TRUE,FALSE,Rede municipal direta em 2024,FALSE,,TRUE,TRUE,TRUE,,sem_revisao_necessaria,,,,rede_municipal_direta_ou_nao_classificada,rede_municipal_direta,Rede municipal direta em 2024,FALSE,FALSE,TRUE,TRUE,TRUE,TRUE,Q3,150 a 299 matrículas,TRUE,andreia,TRUE,TRUE,5,1,5,5,5,5,5,TRUE,250,220,88,64.02272727272727,21.40909090909091,26.827272727272728,51.90909090909091,230,220,95.65217391304348,64.47272727272727,15.25909090909091,37.52272727272727,47.336363636363636,7.652173913043484,0.45000000000000284,-6.15,10.695454545454545,-4.5727272727272705,-8,0,87.03703703703704,94.54545454545456,6.8609022556390755,6.666666666666686,2.918533264816925,2.698506471558308,66.125,70.63265306122449,21.14893617021277,25.971794871794863,8.160756505322636,11.472024682108213,2,3,0,5,0,0,0,0,0,3,0,2,0,1,2,TRUE,Aumento de participação igual ou superior a 10 p.p. | Mudança relevante no público previsto e aumento de participação | Sem alerta principal de composição,80% a menos de 90%,90% ou mais,Variação positiva,Variação positiva,100,40
ESC_007,43187560,EMEF CHAPEU DO SOL,EMEF CHAPEU DO SOL,EMEF CHAPEU DO SOL,EMEF CHAPEU DO SOL,ruti,exata_normalizada,consolidado,,rede_municipal_direta_ou_nao_classificada,0,TRUE,FALSE,FALSE,FALSE,rede_municipal_direta,Rede municipal direta em 2024,codigo_inep_consolidado,Municipal,Em atividade,Rede municipal direta em 2024,2024,Censo Escolar/INEP via Base dos Dados,TRUE,3,,1,0,1,0,,,,542,22,26,24.636363636363637,20.846153846153847,500 matrículas ou mais,4,28.59778597785978,8.558558558558559,3.4234234234234235,27.74774774774775,100,2024,RS,4314902,1,1,1,1,1,0,1,1,1110,69,948,542,90,94,102,133,123,406,93,95,95,0,552,558,772,135,172,0,1,30,218,155,63,38,52,47,26,26,52,46,38,22,16,0,,21,0,10,1,1,1,1,1,1,0,1,1,1,1,1,1,0,0,1,0,0,0,1,1,1,1,1,1,,,400,0,1,2,0,0,0,5,TRUE,TRUE,TRUE,TRUE,TRUE,4,10,10,TRUE,TRUE,1,3,FALSE,FALSE,FALSE,FALSE,FALSE,FALSE,FALSE,Rede municipal direta em 2024,FALSE,,TRUE,FALSE,Rede municipal direta em 2024,FALSE,,TRUE,TRUE,TRUE,,sem_revisao_necessaria,,,,rede_municipal_direta_ou_nao_classificada,rede_municipal_direta,Rede municipal direta em 2024,FALSE,FALSE,TRUE,TRUE,TRUE,TRUE,Q3,500 matrículas ou mais,TRUE,ruti,TRUE,TRUE,5,1,5,5,5,5,5,TRUE,584,436,74.65753424657534,48.642201834862384,39.419724770642205,27.557339449541285,33.06880733944954,542,479,88.37638376383764,40.07724425887265,49.13152400835073,22.112734864300627,28.663883089770355,13.7188495172623,-8.56495757598973,9.711799237708526,-5.444604585240658,-4.404924249679187,-7.191780821917808,9.862385321100918,75.51020408163265,87.38738738738739,10.917678812415659,7.202380952380963,4.114015273088579,3.42099177819182,48.89108910891089,44.36893203883495,15.368839427662948,45.10882016036655,6.21817964169359,19.66671584872127,2,3,0,5,0,1,0,5,0,5,3,4,0,1,5,TRUE,Aumento de participação igual ou superior a 10 p.p. | Mudança relevante no número de estudantes previstos,70% a menos de 80%,80% a menos de 90%,Variação positiva,Variação negativa,100,40
ESC_008,43177581,EMEF CHICO MENDES,EMEF CHICO MENDES,EMEF CHICO MENDES,EMEF CHICO MENDES,eliane,exata_normalizada,consolidado,,rede_municipal_direta_ou_nao_classificada,0,TRUE,FALSE,FALSE,FALSE,rede_municipal_direta,Rede municipal direta em 2024,codigo_inep_consolidado,Municipal,Em atividade,Rede municipal direta em 2024,2024,Censo Escolar/INEP via Base dos Dados,TRUE,3,,1,0,1,0,,,,541,22,29,24.59090909090909,18.655172413793103,500 matrículas ou mais,4,13.67837338262477,9.099181073703368,1.1828935395814375,34.303912647861694,100,2024,RS,4314902,1,0,1,1,1,0,1,1,1099,0,994,541,96,80,125,132,108,453,105,100,100,0,499,600,385,186,188,0,3,337,122,74,48,13,66,61,29,39,64,47,42,22,20,0,,21,0,3,1,1,1,1,1,1,0,1,1,1,1,1,1,1,1,1,0,0,0,1,1,1,1,1,1,,,595,3,2,1,2,1,0,7,FALSE,TRUE,TRUE,TRUE,TRUE,3,10,10,TRUE,TRUE,1,3,FALSE,FALSE,FALSE,FALSE,FALSE,FALSE,FALSE,Rede municipal direta em 2024,FALSE,,TRUE,FALSE,Rede municipal direta em 2024,FALSE,,TRUE,TRUE,TRUE,,sem_revisao_necessaria,,,,rede_municipal_direta_ou_nao_classificada,rede_municipal_direta,Rede municipal direta em 2024,FALSE,FALSE,TRUE,TRUE,TRUE,TRUE,Q3,500 matrículas ou mais,TRUE,eliane,TRUE,TRUE,5,1,5,5,5,5,5,TRUE,520,373,71.73076923076923,56.45040214477212,26.611260053619304,33.01876675603217,40.43699731903485,509,439,86.2475442043222,42.250569476082006,44.325740318906604,28.865603644646924,26.9749430523918,14.51677497355297,-14.199832668690114,17.7144802652873,-4.153163111385247,-13.462054266643051,-2.1153846153846154,17.694369973190348,74.22680412371135,84.78260869565217,12.144886363636367,17.308943089430898,5.088010792245523,7.0370148069775915,58.611111111111114,45.01298701298701,18.01178203240059,39.72871794871796,7.144257422276105,16.05089776021688,0,5,0,5,0,2,0,5,1,5,3,5,0,1,5,TRUE,Aumento de participação igual ou superior a 10 p.p. | Mudança relevante no público previsto e aumento de participação,70% a menos de 80%,80% a menos de 90%,Variação positiva,Variação negativa,100,0
ESC_009,43105475,EMEF DECIO MARTINS COSTA,EMEF DECIO MARTINS COSTA,EMEF DECIO MARTINS COSTA,EMEF DECIO MARTINS COSTA,nathalia,exata_normalizada,consolidado,,rede_municipal_direta_ou_nao_classificada,0,TRUE,FALSE,FALSE,FALSE,rede_municipal_direta,Rede municipal direta em 2024,codigo_inep_consolidado,Municipal,Em atividade,Rede municipal direta em 2024,2024,Censo Escolar/INEP via Base dos Dados,TRUE,3,,1,0,1,0,,,,511,21,35,24.333333333333332,14.6,500 matrículas ou mais,4,9.001956947162427,6.335797254487856,1.0559662090813091,26.504751847940867,100,2024,RS,4314902,1,1,1,1,1,0,0,1,947,77,870,511,88,103,127,99,94,359,0,60,60,0,476,471,514,110,140,2,1,180,87,46,41,10,56,52,35,22,49,41,37,21,16,0,,20,0,4,1,1,1,1,1,1,1,1,1,1,1,1,1,1,0,0,0,0,1,1,1,1,1,1,1,,,490,0,3,1,0,0,0,5,TRUE,TRUE,TRUE,FALSE,TRUE,3,10,10,TRUE,FALSE,1,3,FALSE,FALSE,FALSE,FALSE,FALSE,FALSE,FALSE,Rede municipal direta em 2024,FALSE,,TRUE,FALSE,Rede municipal direta em 2024,FALSE,,TRUE,TRUE,TRUE,,sem_revisao_necessaria,,,,rede_municipal_direta_ou_nao_classificada,rede_municipal_direta,Rede municipal direta em 2024,FALSE,FALSE,TRUE,TRUE,TRUE,TRUE,Q3,500 matrículas ou mais,TRUE,nathalia,TRUE,TRUE,5,1,5,5,5,5,5,TRUE,542,436,80.44280442804428,56.694954128440365,33.67660550458716,22.474770642201836,43.8348623853211,503,448,89.06560636182903,47.763392857142854,38.357142857142854,30.683035714285715,31.002232142857142,8.622801933784743,-8.931561271297511,4.680537352555696,8.20826507208388,-12.83263024246396,-7.195571955719557,2.7522935779816513,82.64462809917356,89.62264150943396,16.600145137880986,6.1244979919678855,6.549390877429355,2.497369124352422,61.8421052631579,47.32098765432099,35.83493150684932,30.15507783543366,18.110888209549373,11.421976955583963,1,4,0,5,0,0,0,2,0,5,3,1,0,0,1,TRUE,Aumento de participação igual ou superior a 10 p.p. | Sem alerta principal de composição,80% a menos de 90%,80% a menos de 90%,Variação positiva,Variação negativa,100,20
ESC_010,43109128,EMEF DEP MARCIRIO GOULART LOUREIRO,EMEF DEP MARCIRIO GOULART LOUREIRO,EMEF DEP MARCIRIO GOULART LOUREIRO,EMEF DEP MARCIRIO GOULART LOUREIRO,marian,exata_normalizada,consolidado,,rede_municipal_direta_ou_nao_classificada,0,TRUE,FALSE,FALSE,FALSE,rede_municipal_direta,Rede municipal direta em 2024,codigo_inep_consolidado,Municipal,Em atividade,Rede municipal direta em 2024,2024,Censo Escolar/INEP via Base dos Dados,TRUE,3,,1,0,1,0,,,,495,19,27,26.05263157894737,18.333333333333332,300 a 499 matrículas,4,0.202020202020202,7.142857142857143,0.5175983436853002,35.40372670807454,100,2024,RS,4314902,1,0,1,1,1,0,1,1,966,0,850,495,96,104,103,106,86,355,116,69,69,0,446,520,443,175,167,0,0,181,2,1,1,5,52,46,27,22,52,39,32,19,13,0,,20,0,0,1,1,1,1,1,1,0,1,1,1,0,1,1,1,1,1,0,1,0,1,1,1,1,1,1,,,418,0,0,1,0,0,0,3,FALSE,TRUE,TRUE,TRUE,TRUE,3,10,10,TRUE,TRUE,1,3,FALSE,FALSE,FALSE,FALSE,FALSE,FALSE,FALSE,Rede municipal direta em 2024,FALSE,,TRUE,FALSE,Rede municipal direta em 2024,FALSE,,TRUE,TRUE,TRUE,,sem_revisao_necessaria,,,,rede_municipal_direta_ou_nao_classificada,rede_municipal_direta,Rede municipal direta em 2024,FALSE,FALSE,TRUE,TRUE,TRUE,TRUE,Q3,300 a 499 matrículas,TRUE,marian,TRUE,TRUE,5,1,5,5,5,5,5,TRUE,537,375,69.83240223463687,37.23733333333333,52.474666666666664,26.421333333333333,21.133333333333333,504,428,84.92063492063492,38.91822429906542,48.23831775700935,27.72897196261682,24.039719626168225,15.088232685998051,1.6808909657320896,-4.236348909657316,1.3076386292834883,2.906386292834892,-6.145251396648045,14.133333333333333,69.81132075471699,86.53846153846153,2.9100529100529116,10.315904139433556,1.0489397588635385,4.4087623158352205,40.58024691358025,43.51485148514851,20.762500000000003,36.685805422647526,8.47307853679178,14.335148674111682,3,2,0,5,0,4,0,5,1,5,5,4,0,0,4,TRUE,Aumento de participação igual ou superior a 10 p.p. | Sem alerta principal de composição,Abaixo de 70%,80% a menos de 90%,Variação positiva,Variação positiva,100,60
ESC_011,43109225,EMEF DEP VICTOR ISSLER,EMEF DEP VICTOR ISSLER,EMEF DEP VICTOR ISSLER,EMEF DEP VICTOR ISSLER,clarissa,exata_normalizada,consolidado,,rede_municipal_direta_ou_nao_classificada,0,TRUE,FALSE,FALSE,FALSE,rede_municipal_direta,Rede municipal direta em 2024,codigo_inep_consolidado,Municipal,Em atividade,Rede municipal direta em 2024,2024,Censo Escolar/INEP via Base dos Dados,TRUE,3,,1,0,1,0,,,,581,23,37,25.26086956521739,15.702702702702704,500 matrículas ou mais,4,1.8932874354561104,7.331136738056013,0.4942339373970346,35.667215815485996,100,2024,RS,4314902,1,0,1,1,1,0,1,1,1214,0,1016,581,118,124,130,102,107,435,198,89,89,0,588,626,724,203,229,2,1,55,17,11,6,6,69,63,37,32,68,45,39,23,16,0,,22,7,3,1,1,1,1,1,1,0,1,1,1,1,1,1,1,1,1,0,0,0,1,1,1,1,1,1,,,410,0,4,3,0,0,0,8,FALSE,TRUE,TRUE,TRUE,TRUE,3,10,10,TRUE,TRUE,1,3,FALSE,FALSE,FALSE,FALSE,FALSE,FALSE,FALSE,Rede municipal direta em 2024,FALSE,,TRUE,FALSE,Rede municipal direta em 2024,FALSE,,TRUE,TRUE,TRUE,,sem_revisao_necessaria,,,,rede_municipal_direta_ou_nao_classificada,rede_municipal_direta,Rede municipal direta em 2024,FALSE,FALSE,TRUE,TRUE,TRUE,TRUE,Q3,500 matrículas ou mais,TRUE,clarissa,TRUE,TRUE,5,1,5,5,5,5,5,TRUE,634,537,84.70031545741325,60.46182495344507,26.25512104283054,26.30167597765363,47.45065176908752,636,566,88.99371069182389,53.1113074204947,31.802120141342755,29.52296819787986,38.75088339222615,4.293395234410639,-7.35051753295037,5.546999098512213,3.2212922202262284,-8.699768376861371,0.31545741324921134,5.400372439478585,85.84070796460178,89.65517241379311,10.239880059970005,6.442577030812316,4.123120751862146,2.5800631191784746,58.37068965517241,55.25619834710744,18.92035203520352,26.065071556350624,7.9482592300017805,9.770985512271677,0,5,0,5,0,0,0,1,0,5,3,0,0,0,0,FALSE,Sem alerta principal de composição,80% a menos de 90%,80% a menos de 90%,Variação positiva,Variação negativa,100,0
ESC_012,43105483,EMEF DOLORES ALCARAZ CALDAS,EMEF DOLORES ALCARAZ CALDAS,EMEF DOLORES ALCARAZ CALDAS,EMEF DOLORES ALCARAZ CALDAS,jalize,exata_normalizada,consolidado,,rede_municipal_direta_ou_nao_classificada,0,TRUE,FALSE,FALSE,FALSE,rede_municipal_direta,Rede municipal direta em 2024,codigo_inep_consolidado,Municipal,Em atividade,Rede municipal direta em 2024,2024,Censo Escolar/INEP via Base dos Dados,TRUE,3,,1,0,1,0,,,,677,27,31,25.074074074074073,21.838709677419356,500 matrículas ou mais,4,20.236336779911372,6.896551724137931,3.8314176245210727,39.00383141762452,90,2024,RS,4314902,1,1,1,1,1,0,1,1,1305,78,1143,677,182,130,160,97,108,466,84,90,90,0,630,675,698,261,245,1,3,97,209,137,72,50,64,57,31,31,64,53,45,27,18,0,,25,7,7,1,1,1,1,1,1,0,1,1,1,1,1,0,1,1,1,1,0,0,1,1,1,1,1,1,,,120,0,3,2,1,2,0,8,TRUE,TRUE,TRUE,TRUE,TRUE,4,10,9,TRUE,TRUE,1,3,FALSE,FALSE,FALSE,FALSE,FALSE,FALSE,FALSE,Rede municipal direta em 2024,FALSE,,TRUE,FALSE,Rede municipal direta em 2024,FALSE,,TRUE,TRUE,TRUE,,sem_revisao_necessaria,,,,rede_municipal_direta_ou_nao_classificada,rede_municipal_direta,Rede municipal direta em 2024,FALSE,FALSE,TRUE,TRUE,TRUE,TRUE,Q2,500 matrículas ou mais,TRUE,jalize,TRUE,TRUE,5,1,5,5,5,5,5,TRUE,689,524,76.0522496371553,52.479007633587784,36.86641221374046,24.479007633587788,38.729007633587784,743,634,85.32974427994617,48.25709779179811,36.69085173501577,30.27917981072555,33.01261829652997,9.27749464279087,-4.2219098417896745,-0.17556047872469094,5.800172177137764,-5.716389337057812,7.83744557329463,20.99236641221374,76.68711656441718,84.84848484848484,22.100689241833976,18.68544600938965,8.333079585832188,7.6269322787457785,49.625,51.05357142857143,26.429787234042557,39.96301287810722,11.219063177645893,14.615549222796506,3,2,0,5,0,1,0,3,1,5,3,2,0,1,3,TRUE,Aumento de participação igual ou superior a 10 p.p. | Mudança relevante no número de estudantes previstos | Sem alerta principal de composição,70% a menos de 80%,80% a menos de 90%,Variação positiva,Variação negativa,100,60
ESC_013,43106331,ESC EST ENS FUN ESPIRITO SANTO,EMEF ESPIRITO SANTO,EMEF ESPIRITO SANTO,EMEF ESPIRITO SANTO,priscila,aceite_manual,consolidado,municipalização recente,rede_municipal_direta_ou_nao_classificada,0,TRUE,FALSE,TRUE,FALSE,vinculo_estadual_em_2025_a_confirmar,Escola estadual no Censo 2024; municipalização posterior a confirmar,codigo_inep_consolidado,Estadual,Em atividade,Rede estadual em 2024,2024,Censo Escolar/INEP via Base dos Dados,TRUE,2,,1,0,1,0,,,,54,4,5,13.5,10.8,Até 149 matrículas,1,0,0,0,61.111111111111114,60,2024,RS,4314902,1,0,1,1,0,0,0,0,54,0,54,54,16,13,14,11,0,0,0,0,0,0,26,28,14,19,14,0,0,7,0,0,0,0,5,5,5,0,0,4,4,4,0,0,,6,0,0,1,1,1,1,1,1,0,0,1,0,0,1,1,0,0,1,0,0,0,1,0,1,1,1,0,,,30,0,0,0,0,0,0,2,FALSE,TRUE,FALSE,FALSE,FALSE,1,10,6,TRUE,TRUE,1,2,FALSE,FALSE,FALSE,FALSE,FALSE,FALSE,FALSE,Escola estadual no Censo 2024; municipalização posterior a confirmar,FALSE,,TRUE,FALSE,Rede estadual em 2024,FALSE,,FALSE,FALSE,TRUE,Dependência estadual no Censo 2024,sem_revisao_necessaria,,,,rede_municipal_direta_ou_nao_classificada,vinculo_estadual_em_2025_a_confirmar,Escola estadual no Censo 2024; municipalização posterior a confirmar,FALSE,FALSE,FALSE,TRUE,TRUE,TRUE,,,TRUE,priscila,TRUE,FALSE,5,1,0,5,0,5,0,FALSE,,,,,,,,88,74,84.0909090909091,42.71621621621622,43.17567567567568,33.82432432432432,22.85135135135135,,,,,,,,,83.33333333333333,,27.083333333333314,,9.629298556818199,,49,,52,,18.673510650116114,0,0,0,0,0,0,1,0,1,0,4,0,0,0,0,FALSE,Escola-série ausente em um dos anos,,80% a menos de 90%,Não comparável,Não comparável,0,
ESC_014,43106382,ESC EST ENS FUN EVARISTO GONCALVES NETTO,EMEF EVARISTO GONCALVES NETTO,EMEF EVARISTO GONCALVES NETTO,EMEF EVARISTO GONCALVES NETTO,jalize,aceite_manual,consolidado,municipalização recente,rede_municipal_direta_ou_nao_classificada,0,TRUE,FALSE,TRUE,FALSE,vinculo_estadual_em_2025_a_confirmar,Escola estadual no Censo 2024; municipalização posterior a confirmar,codigo_inep_consolidado,Estadual,Em atividade,Rede estadual em 2024,2024,Censo Escolar/INEP via Base dos Dados,TRUE,2,,1,0,1,0,,,,100,5,7,20,14.285714285714286,Até 149 matrículas,1,0,1,0,33,70,2024,RS,4314902,1,0,1,1,0,0,0,1,100,0,100,100,19,23,24,17,17,0,0,1,1,0,49,51,42,20,13,0,0,25,0,0,0,0,7,7,7,0,2,5,5,5,0,0,,5,0,0,1,1,1,1,1,1,0,0,1,1,0,1,1,1,0,0,0,0,0,1,0,1,1,1,0,,,30,0,0,0,0,0,0,2,FALSE,TRUE,FALSE,FALSE,TRUE,1,10,7,TRUE,FALSE,1,2,FALSE,FALSE,FALSE,FALSE,FALSE,FALSE,FALSE,Escola estadual no Censo 2024; municipalização posterior a confirmar,FALSE,,TRUE,FALSE,Rede estadual em 2024,FALSE,,FALSE,FALSE,TRUE,Dependência estadual no Censo 2024,sem_revisao_necessaria,,,,rede_municipal_direta_ou_nao_classificada,vinculo_estadual_em_2025_a_confirmar,Escola estadual no Censo 2024; municipalização posterior a confirmar,FALSE,FALSE,FALSE,TRUE,TRUE,TRUE,,,TRUE,jalize,TRUE,FALSE,5,1,0,5,0,5,0,FALSE,,,,,,,,139,102,73.38129496402878,26.205882352941178,62.61764705882353,25.715686274509803,11.803921568627452,,,,,,,,,70.83333333333333,,14.781297134238315,,6.053070998774561,,18,,57,,22.785834057456523,0,0,0,0,0,0,2,0,5,0,5,0,0,0,0,FALSE,Escola-série ausente em um dos anos,,70% a menos de 80%,Não comparável,Não comparável,0,
ESC_015,43109233,EMEF GABRIEL OBINO,EMEF GABRIEL OBINO,EMEF GABRIEL OBINO,EMEF GABRIEL OBINO,amanda,exata_normalizada,consolidado,,rede_municipal_direta_ou_nao_classificada,0,TRUE,FALSE,FALSE,FALSE,rede_municipal_direta,Rede municipal direta em 2024,codigo_inep_consolidado,Municipal,Em atividade,Rede municipal direta em 2024,2024,Censo Escolar/INEP via Base dos Dados,TRUE,3,,1,0,1,0,,,,255,13,22,19.615384615384617,11.590909090909092,150 a 299 matrículas,2,0,5.743243243243243,3.2094594594594597,41.0472972972973,100,2024,RS,4314902,1,1,1,1,1,0,1,1,592,82,463,255,53,48,51,56,47,208,47,34,34,0,289,303,319,110,131,1,2,29,0,0,0,19,42,38,22,21,38,32,24,13,11,0,,28,0,0,1,1,1,1,1,1,0,1,1,1,1,1,1,1,1,1,0,0,0,1,1,1,1,1,1,,,332,0,2,2,0,0,0,6,TRUE,TRUE,TRUE,TRUE,TRUE,4,10,10,TRUE,TRUE,1,3,FALSE,FALSE,FALSE,FALSE,FALSE,FALSE,FALSE,Rede municipal direta em 2024,FALSE,,TRUE,FALSE,Rede municipal direta em 2024,FALSE,,TRUE,TRUE,TRUE,,sem_revisao_necessaria,,,,rede_municipal_direta_ou_nao_classificada,rede_municipal_direta,Rede municipal direta em 2024,FALSE,FALSE,TRUE,TRUE,TRUE,TRUE,Q3,150 a 299 matrículas,TRUE,amanda,TRUE,TRUE,5,1,5,5,5,5,5,TRUE,275,214,77.81818181818181,56.598130841121495,33.77570093457944,23.44859813084112,43.05140186915888,264,214,81.06060606060606,44.49065420560748,40.26635514018692,29.845794392523363,29.953271028037385,3.2424242424242493,-12.107476635514018,6.490654205607477,6.397196261682243,-13.098130841121495,-4,0,80,84.48275862068965,25.714285714285708,14.393939393939391,9.869287260236266,6.713129202886475,55.895833333333336,47.775510204081634,39.23148148148148,18.282051282051285,19.06072951807098,7.960538927393442,2,3,0,4,1,1,0,2,2,5,5,1,0,4,4,TRUE,Mudança relevante no número de estudantes previstos | Mudança relevante no público previsto e aumento de participação | Sem alerta principal de composição,70% a menos de 80%,80% a menos de 90%,Variação positiva,Variação negativa,100,40
ESC_016,43107508,EMEF GOV ILDO MENEGHETTI,EMEF GOV ILDO MENEGHETTI,EMEF GOV ILDO MENEGHETTI,EMEF GOV ILDO MENEGHETTI,clarissa,exata_normalizada,consolidado,,rede_municipal_direta_ou_nao_classificada,0,TRUE,FALSE,FALSE,FALSE,rede_municipal_direta,Rede municipal direta em 2024,codigo_inep_consolidado,Municipal,Em atividade,Rede municipal direta em 2024,2024,Censo Escolar/INEP via Base dos Dados,TRUE,3,,1,0,1,0,,,,585,24,28,24.375,20.892857142857142,500 matrículas ou mais,4,8.376068376068377,8.389830508474576,0.2542372881355932,38.47457627118644,90,2024,RS,4314902,1,1,1,1,1,0,1,1,1180,34,994,585,109,125,105,124,122,409,152,99,99,0,619,561,703,241,211,4,2,19,49,49,0,3,59,49,28,25,54,48,41,24,17,0,,25,0,12,1,1,1,1,1,1,1,1,1,1,1,1,0,1,1,1,0,0,0,1,1,1,1,1,1,,,450,0,4,2,0,0,0,5,TRUE,TRUE,TRUE,TRUE,TRUE,4,10,9,TRUE,TRUE,1,3,FALSE,FALSE,FALSE,FALSE,FALSE,FALSE,FALSE,Rede municipal direta em 2024,FALSE,,TRUE,FALSE,Rede municipal direta em 2024,FALSE,,TRUE,TRUE,TRUE,,sem_revisao_necessaria,,,,rede_municipal_direta_ou_nao_classificada,rede_municipal_direta,Rede municipal direta em 2024,FALSE,FALSE,TRUE,TRUE,TRUE,TRUE,Q2,500 matrículas ou mais,TRUE,clarissa,TRUE,TRUE,5,1,5,5,5,5,5,TRUE,581,456,78.48537005163512,52.0328947368421,33.80482456140351,31.07894736842105,35.05482456140351,596,493,82.71812080536913,47.38336713995943,36.53549695740365,32.16024340770791,31.505070993914806,4.23275075373401,-4.64952759688267,2.730672396000145,1.0812960392868582,-3.5497535674887004,2.5817555938037864,8.114035087719298,82.30088495575221,82.25806451612904,14.56144957983193,14.675201517306789,6.687816400397024,5.676587410987148,53.483870967741936,47.01960784313726,11.585368536853686,30.862143559488693,4.724079825332031,12.899821402163928,2,3,0,4,1,0,0,2,2,5,4,1,0,0,1,TRUE,Aumento de participação igual ou superior a 10 p.p. | Sem alerta principal de composição,70% a menos de 80%,80% a menos de 90%,Variação positiva,Variação negativa,100,40
ESC_017,43108571,EMEF GRANDE ORIENTE DO RGS,EMEF GRANDE ORIENTE DO RGS,EMEF GRANDE ORIENTE DO RGS,EMEF GRANDE ORIENTE DO RGS,andreia,exata_normalizada,consolidado,,rede_municipal_direta_ou_nao_classificada,0,TRUE,FALSE,FALSE,FALSE,rede_municipal_direta,Rede municipal direta em 2024,codigo_inep_consolidado,Municipal,Em atividade,Rede municipal direta em 2024,2024,Censo Escolar/INEP via Base dos Dados,TRUE,3,,1,0,1,0,,,,470,20,25,23.5,18.8,300 a 499 matrículas,3,24.46808510638298,7.762096774193548,0.907258064516129,42.54032258064516,80,2024,RS,4314902,1,1,1,1,1,0,1,1,992,49,780,470,95,86,99,87,103,310,163,77,77,0,508,484,487,221,197,2,4,81,197,115,82,9,57,44,25,25,54,44,34,20,14,0,,28,0,0,1,1,1,1,1,1,0,1,1,1,1,1,0,1,1,1,0,0,0,1,0,1,1,1,1,,,366,0,1,2,0,0,0,4,TRUE,TRUE,TRUE,TRUE,TRUE,4,10,8,TRUE,TRUE,1,3,FALSE,FALSE,FALSE,FALSE,FALSE,FALSE,FALSE,Rede municipal direta em 2024,FALSE,,TRUE,FALSE,Rede municipal direta em 2024,FALSE,,TRUE,TRUE,TRUE,,sem_revisao_necessaria,,,,rede_municipal_direta_ou_nao_classificada,rede_municipal_direta,Rede municipal direta em 2024,FALSE,FALSE,TRUE,TRUE,TRUE,TRUE,Q1 — menor infraestrutura,300 a 499 matrículas,TRUE,andreia,TRUE,TRUE,5,1,5,5,5,5,5,TRUE,496,340,68.54838709677419,49.8235294117647,36.46470588235294,27.94705882352941,35.705882352941174,481,384,79.83367983367984,38.5546875,48.963541666666664,28.3203125,22.994791666666668,11.285292736905646,-11.268841911764703,12.498835784313727,0.3732536764705898,-12.711090686274506,-3.024193548387097,12.941176470588236,68.36734693877551,79.26829268292683,16.76767676767676,15.461980548187455,5.992589520885303,5.912296732085776,50.01315789473684,43.095238095238095,39.65561999447666,28.25894554883319,14.718864870205993,11.200728557202542,1,4,0,5,0,4,0,5,3,5,5,3,0,0,3,TRUE,Aumento de participação igual ou superior a 10 p.p. | Sem alerta principal de composição,Abaixo de 70%,70% a menos de 80%,Variação positiva,Variação negativa,100,20
ESC_018,43105548,EMEF HEITOR VILLA LOBOS,EMEF HEITOR VILLA LOBOS,EMEF HEITOR VILLA LOBOS,EMEF HEITOR VILLA LOBOS,jalize,exata_normalizada,consolidado,,rede_municipal_direta_ou_nao_classificada,0,TRUE,FALSE,FALSE,FALSE,rede_municipal_direta,Rede municipal direta em 2024,codigo_inep_consolidado,Municipal,Em atividade,Rede municipal direta em 2024,2024,Censo Escolar/INEP via Base dos Dados,TRUE,3,,1,0,1,0,,,,501,19,24,26.36842105263158,20.875,500 matrículas ou mais,4,5.788423153692615,7.265388496468214,11.301715438950556,39.05146316851665,100,2024,RS,4314902,1,0,1,1,1,0,1,1,991,0,861,501,96,98,116,107,84,360,130,72,72,0,477,514,552,174,210,1,3,51,50,29,21,112,47,41,24,22,46,37,32,19,13,0,,20,3,1,1,1,1,1,1,1,0,1,1,1,1,1,1,1,1,1,0,0,0,1,1,1,1,1,1,,,527,0,2,3,0,0,0,7,FALSE,TRUE,TRUE,TRUE,TRUE,3,10,10,TRUE,TRUE,1,3,FALSE,FALSE,FALSE,FALSE,FALSE,FALSE,FALSE,Rede municipal direta em 2024,FALSE,,TRUE,FALSE,Rede municipal direta em 2024,FALSE,,TRUE,TRUE,TRUE,,sem_revisao_necessaria,,,,rede_municipal_direta_ou_nao_classificada,rede_municipal_direta,Rede municipal direta em 2024,FALSE,FALSE,TRUE,TRUE,TRUE,TRUE,Q3,500 matrículas ou mais,TRUE,jalize,TRUE,TRUE,5,1,5,5,5,5,5,TRUE,485,385,79.38144329896907,53.140259740259744,33.58441558441559,23.36103896103896,43.140259740259744,461,413,89.587852494577,38.79903147699758,48.40677966101695,28.53268765133172,23.048426150121067,10.206409195607932,-14.341228263262167,14.82236407660136,5.171648690292759,-20.091833590138677,-4.948453608247423,7.2727272727272725,79.04761904761905,89.42307692307692,14.027149321266961,8.667510904741803,5.629667420131702,3.351051992499399,58.47945205479452,41.2463768115942,59.3152610441767,48.39219974485147,21.729497995128735,18.518881913303325,1,4,0,5,0,0,0,3,0,5,3,3,0,1,3,TRUE,Aumento de participação igual ou superior a 10 p.p. | Mudança relevante no público previsto e aumento de participação | Sem alerta principal de composição,70% a menos de 80%,80% a menos de 90%,Variação positiva,Variação negativa,100,20
ESC_019,43172474,EMEF JEAN PIAGET,EMEF JEAN PIAGET,EMEF JEAN PIAGET,EMEF JEAN PIAGET,clarissa,exata_normalizada,consolidado,,rede_municipal_direta_ou_nao_classificada,0,TRUE,FALSE,FALSE,FALSE,rede_municipal_direta,Rede municipal direta em 2024,codigo_inep_consolidado,Municipal,Em atividade,Rede municipal direta em 2024,2024,Censo Escolar/INEP via Base dos Dados,TRUE,3,,1,0,1,0,,,,379,16,26,23.6875,14.576923076923077,300 a 499 matrículas,3,0,8.375634517766498,1.1421319796954317,30.96446700507614,100,2024,RS,4314902,1,1,1,1,1,0,1,1,788,58,675,379,69,67,92,84,67,296,55,66,66,0,393,395,515,132,111,4,1,25,0,0,0,9,55,48,26,25,53,36,29,16,13,0,,16,0,0,1,1,1,1,1,1,0,1,1,1,0,1,1,1,0,1,0,0,0,1,1,1,1,1,1,,,345,0,4,1,1,1,0,6,TRUE,TRUE,TRUE,TRUE,TRUE,4,10,10,TRUE,TRUE,1,3,FALSE,FALSE,FALSE,FALSE,FALSE,FALSE,FALSE,Rede municipal direta em 2024,FALSE,,TRUE,FALSE,Rede municipal direta em 2024,FALSE,,TRUE,TRUE,TRUE,,sem_revisao_necessaria,,,,rede_municipal_direta_ou_nao_classificada,rede_municipal_direta,Rede municipal direta em 2024,FALSE,FALSE,TRUE,TRUE,TRUE,TRUE,Q3,300 a 499 matrículas,TRUE,clarissa,TRUE,TRUE,5,1,5,5,5,5,5,TRUE,397,304,76.57430730478589,67.01315789473684,22.36513157894737,21.69736842105263,55.953947368421055,405,349,86.17283950617283,54.63896848137536,30.05157593123209,29.828080229226362,40.134670487106014,9.598532201386945,-12.374189413361478,7.68644435228472,8.130711808173732,-15.81927688131504,2.0151133501259446,14.802631578947368,75.25773195876289,86.20689655172414,14.576012223071046,9.856350448015931,7.074359843766345,4.162155736647209,67.68493150684931,53.08,22.92592592592593,35.720071684587815,9.090786780716853,13.466243464918067,1,4,0,4,1,0,0,3,0,5,4,3,0,3,4,TRUE,Aumento de participação igual ou superior a 10 p.p. | Mudança relevante no número de estudantes previstos | Mudança relevante no público previsto e aumento de participação | Sem alerta principal de composição,70% a menos de 80%,80% a menos de 90%,Variação positiva,Variação negativa,100,20
ESC_020,43109217,EMEF JOAO ANTONIO SATTE,EMEF JOAO ANTONIO SATTE,EMEF JOAO ANTONIO SATTE,EMEF JOAO ANTONIO SATTE,eliane,exata_normalizada,consolidado,,rede_municipal_direta_ou_nao_classificada,0,TRUE,FALSE,FALSE,FALSE,rede_municipal_direta,Rede municipal direta em 2024,codigo_inep_consolidado,Municipal,Em atividade,Rede municipal direta em 2024,2024,Censo Escolar/INEP via Base dos Dados,TRUE,3,,1,0,1,0,,,,417,20,31,20.85,13.451612903225806,300 a 499 matrículas,3,0,7.159353348729792,4.041570438799076,34.75750577367206,90,2024,RS,4314902,1,0,1,1,1,0,1,1,866,0,788,417,57,63,116,92,89,371,78,62,62,0,403,463,528,150,148,4,3,33,0,0,0,35,58,49,31,25,53,38,34,20,14,0,,21,0,1,1,1,1,1,1,1,1,1,0,1,1,1,1,1,1,0,0,0,0,1,1,1,1,1,1,,,521,0,3,3,0,0,0,7,FALSE,TRUE,TRUE,TRUE,TRUE,3,10,9,TRUE,TRUE,1,3,FALSE,FALSE,FALSE,FALSE,FALSE,FALSE,FALSE,Rede municipal direta em 2024,FALSE,,TRUE,FALSE,Rede municipal direta em 2024,FALSE,,TRUE,TRUE,TRUE,,sem_revisao_necessaria,,,,rede_municipal_direta_ou_nao_classificada,rede_municipal_direta,Rede municipal direta em 2024,FALSE,FALSE,TRUE,TRUE,TRUE,TRUE,Q2,300 a 499 matrículas,TRUE,eliane,TRUE,TRUE,5,1,5,5,5,5,5,TRUE,421,309,73.39667458432304,67.23624595469256,18.796116504854368,24.310679611650485,57.019417475728154,409,343,83.86308068459658,55.067055393586,30.93002915451895,26.580174927113703,42.64431486880466,10.466406100273545,-12.16919056110656,12.133912649664584,2.2694953154632174,-14.375102606923491,-2.8503562945368173,11.003236245954692,73.77049180327869,83.13253012048193,18.035743564518782,7.0760233918128534,6.901315298276543,3.0950057950936505,67.36363636363636,56.608695652173914,12.263349917081257,26.5022014309301,4.96466177083973,10.794214788385307,1,4,0,5,0,1,0,5,0,5,5,3,0,3,5,TRUE,Aumento de participação igual ou superior a 10 p.p. | Mudança relevante no número de estudantes previstos | Mudança relevante no público previsto e aumento de participação,70% a menos de 80%,80% a menos de 90%,Variação positiva,Variação negativa,100,20
ESC_021,43219543,EMEF JOAO CARLOS DAVILA PAIXAO CORTES - LACADOR,EMEF JOAO CARLOS DAVILA PAIXAO CORTES - LACADOR,EMEF JOAO CARLOS DAVILA PAIXAO CORTES - LACADOR,EMEF JOAO CARLOS DAVILA PAIXAO CORTES LACADOR,julia,aceite_manual,consolidado,escola nova,rede_municipal_direta,0,TRUE,FALSE,FALSE,TRUE,rede_municipal_direta,"Escola municipal inaugurada para o ano letivo de 2024, instalada em prédio anteriormente utilizado pela extinta Escola Estadual Dr. João Batista de Lacerda. Desde a inauguração integra a rede municipal direta. Opera em turno integral, com ensino bilíngue em inglês e modelo cívico-militar com monitoria da Brigada Militar. A condição de escola nova refere-se à inauguração em 2024, não à ausência ou ao funcionamento incerto no contexto pré-programa.",codigo_inep_consolidado,Municipal,Em atividade,Rede municipal direta em 2024,2024,Censo Escolar/INEP via Base dos Dados,TRUE,3,,1,0,1,0,,,,70,4,11,17.5,6.363636363636363,Até 149 matrículas,1,0,9.090909090909092,0,24.545454545454547,80,2024,RS,4314902,1,1,1,1,0,0,0,1,110,40,70,70,25,23,22,0,0,0,0,10,10,0,48,62,80,12,15,0,0,3,0,0,0,0,14,11,11,0,14,6,4,4,0,0,,12,0,2,1,1,1,1,1,1,0,1,1,1,0,1,1,1,1,1,1,0,0,1,0,1,1,1,0,,,102,0,0,1,0,0,0,5,TRUE,TRUE,FALSE,FALSE,TRUE,2,10,8,TRUE,TRUE,1,3,FALSE,FALSE,FALSE,FALSE,FALSE,FALSE,FALSE,Rede municipal direta em 2024,FALSE,,TRUE,FALSE,Rede municipal direta em 2024,TRUE,Censo 2024 registra escola municipal em atividade; a hipótese de escola nova precisa ser reinterpretada,TRUE,TRUE,TRUE,,corrigir,rede_municipal_direta,rede_municipal_direta,"Escola municipal inaugurada para o ano letivo de 2024, instalada em prédio anteriormente utilizado pela extinta Escola Estadual Dr. João Batista de Lacerda. Desde a inauguração integra a rede municipal direta. Opera em turno integral, com ensino bilíngue em inglês e modelo cívico-militar com monitoria da Brigada Militar. A condição de escola nova refere-se à inauguração em 2024, não à ausência ou ao funcionamento incerto no contexto pré-programa.",rede_municipal_direta,rede_municipal_direta,"Escola municipal inaugurada para o ano letivo de 2024, instalada em prédio anteriormente utilizado pela extinta Escola Estadual Dr. João Batista de Lacerda. Desde a inauguração integra a rede municipal direta. Opera em turno integral, com ensino bilíngue em inglês e modelo cívico-militar com monitoria da Brigada Militar. A condição de escola nova refere-se à inauguração em 2024, não à ausência ou ao funcionamento incerto no contexto pré-programa.",FALSE,FALSE,TRUE,TRUE,TRUE,TRUE,Q1 — menor infraestrutura,Até 149 matrículas,TRUE,julia,TRUE,TRUE,5,1,4,5,4,5,4,FALSE,90,72,80,83.01388888888889,8.194444444444445,18.01388888888889,73.36111111111111,131,121,92.36641221374046,66.66115702479338,15.71900826446281,32.15702479338843,52.421487603305785,12.36641221374046,-16.352731864095503,7.524563820018365,14.143135904499541,-20.93962350780533,45.55555555555556,68.05555555555556,82.6086956521739,91.66666666666669,24.842105263157897,12.195121951219505,10.923712096258532,4.816398309983712,80.5,77,26,32,11.557825631723873,13.773162309360911,1,3,0,4,0,1,0,1,0,4,1,2,0,2,3,TRUE,Aumento de participação igual ou superior a 10 p.p. | Baixo número de avaliados em pelo menos um ano | Escola-série ausente em um dos anos | Mudança relevante no número de estudantes previstos | Mudança relevante no público previsto e aumento de participação,80% a menos de 90%,90% ou mais,Variação positiva,Variação negativa,80,25
ESC_022,43105491,EMEF JOSE LOUREIRO DA SILVA,EMEF JOSE LOUREIRO DA SILVA,EMEF JOSE LOUREIRO DA SILVA,EMEF JOSE LOUREIRO DA SILVA,jalize,exata_normalizada,consolidado,,rede_municipal_direta_ou_nao_classificada,0,TRUE,FALSE,FALSE,FALSE,rede_municipal_direta,Rede municipal direta em 2024,codigo_inep_consolidado,Municipal,Em atividade,Rede municipal direta em 2024,2024,Censo Escolar/INEP via Base dos Dados,TRUE,3,,1,0,1,0,,,,477,21,26,22.714285714285715,18.346153846153847,300 a 499 matrículas,3,30.39832285115304,9.821428571428571,2.380952380952381,44.04761904761905,100,2024,RS,4314902,1,1,1,1,1,0,1,1,1008,42,816,477,96,87,101,102,91,339,150,99,99,0,508,500,547,241,202,2,1,15,204,145,59,24,57,49,26,24,53,45,35,21,14,0,,24,0,1,1,1,1,1,1,1,0,1,1,1,1,1,1,1,1,1,0,0,0,1,1,1,1,1,1,,,520,2,4,2,0,0,1,6,TRUE,TRUE,TRUE,TRUE,TRUE,4,10,10,TRUE,TRUE,1,3,FALSE,FALSE,FALSE,FALSE,FALSE,FALSE,FALSE,Rede municipal direta em 2024,FALSE,,TRUE,FALSE,Rede municipal direta em 2024,FALSE,,TRUE,TRUE,TRUE,,sem_revisao_necessaria,,,,rede_municipal_direta_ou_nao_classificada,rede_municipal_direta,Rede municipal direta em 2024,FALSE,FALSE,TRUE,TRUE,TRUE,TRUE,Q3,300 a 499 matrículas,TRUE,jalize,TRUE,TRUE,5,1,5,5,5,5,5,TRUE,457,304,66.52078774617068,60.411184210526315,27.539473684210527,24.30263157894737,47.99342105263158,431,320,74.24593967517401,46.796875,35.828125,33.034375,31.21875,7.7251519290033315,-13.614309210526315,8.288651315789473,8.731743421052627,-16.774671052631582,-5.689277899343545,5.2631578947368425,69.89247311827957,72.94117647058823,20.006174745291766,5.421363392377884,8.296592040222334,2.3388423179959634,61.61538461538461,50.88135593220339,38.92460317460317,35.18912080961417,15.09576532596017,14.439343988643412,3,2,0,5,0,3,0,5,5,5,5,2,0,0,2,TRUE,Aumento de participação igual ou superior a 10 p.p. | Sem alerta principal de composição,Abaixo de 70%,70% a menos de 80%,Variação positiva,Variação negativa,100,60
ESC_023,43169490,EMEF JOSE MARIANO BECK,EMEF JOSE MARIANO BECK,EMEF JOSE MARIANO BECK,EMEF JOSE MARIANO BECK,nathalia,exata_normalizada,consolidado,,rede_municipal_direta_ou_nao_classificada,0,TRUE,FALSE,FALSE,FALSE,rede_municipal_direta,Rede municipal direta em 2024,codigo_inep_consolidado,Municipal,Em atividade,Rede municipal direta em 2024,2024,Censo Escolar/INEP via Base dos Dados,TRUE,3,,1,0,1,0,,,,329,15,24,21.933333333333337,13.708333333333334,300 a 499 matrículas,2,0,6.185567010309279,0,45.65537555228277,100,2024,RS,4314902,1,1,1,1,1,0,1,1,679,56,559,329,65,64,72,65,63,230,64,42,42,0,338,341,355,132,177,0,1,14,0,0,0,0,53,45,24,27,45,37,29,15,14,0,,18,1,9,1,1,1,1,1,1,0,1,1,1,1,1,1,1,1,0,0,1,0,1,1,1,1,1,1,,,430,0,2,1,0,0,0,5,TRUE,TRUE,TRUE,TRUE,TRUE,4,10,10,TRUE,TRUE,1,3,FALSE,FALSE,FALSE,FALSE,FALSE,FALSE,FALSE,Rede municipal direta em 2024,FALSE,,TRUE,FALSE,Rede municipal direta em 2024,FALSE,,TRUE,TRUE,TRUE,,sem_revisao_necessaria,,,,rede_municipal_direta_ou_nao_classificada,rede_municipal_direta,Rede municipal direta em 2024,FALSE,FALSE,TRUE,TRUE,TRUE,TRUE,Q3,300 a 499 matrículas,TRUE,nathalia,TRUE,TRUE,5,1,5,5,5,5,5,TRUE,318,229,72.0125786163522,51.799126637554586,31.475982532751093,32.327510917030565,36.3231441048035,334,284,85.02994011976048,37.16197183098591,50.38028169014085,27.823943661971832,21.862676056338028,13.017361503408281,-14.637154806568674,18.904299157389755,-4.503567255058734,-14.460468048465469,5.031446540880503,24.017467248908297,68.25396825396825,83.58208955223881,16.842105263157897,15.182270091135038,7.5707588596889135,6.715891929411629,48.46511627906977,36.089285714285715,28.312289562289557,42.40681818181818,11.816256958596812,16.354031863727577,1,4,0,4,0,3,0,4,1,5,3,2,0,0,2,TRUE,Aumento de participação igual ou superior a 10 p.p. | Sem alerta principal de composição,70% a menos de 80%,80% a menos de 90%,Variação positiva,Variação negativa,100,20
ESC_024,43109209,EMEF LAURO RODRIGUES,EMEF LAURO RODRIGUES,EMEF LAURO RODRIGUES,EMEF LAURO RODRIGUES,clarissa,exata_normalizada,consolidado,,rede_municipal_direta_ou_nao_classificada,0,TRUE,FALSE,FALSE,FALSE,rede_municipal_direta,Rede municipal direta em 2024,codigo_inep_consolidado,Municipal,Em atividade,Rede municipal direta em 2024,2024,Censo Escolar/INEP via Base dos Dados,TRUE,3,,1,0,1,0,,,,339,15,27,22.6,12.555555555555555,300 a 499 matrículas,2,20.64896755162242,7.451564828614009,3.5767511177347244,32.04172876304024,90,2024,RS,4314902,1,1,1,1,1,0,0,1,671,61,610,339,63,66,80,69,61,271,0,50,50,0,350,321,398,105,110,0,0,58,89,70,19,24,51,47,27,27,49,31,27,15,12,0,,17,0,4,1,1,1,1,1,1,0,1,1,1,0,1,0,1,1,1,0,0,0,1,1,1,1,1,1,,,0,0,3,1,2,1,0,7,TRUE,TRUE,TRUE,FALSE,TRUE,3,10,9,TRUE,TRUE,1,3,FALSE,FALSE,FALSE,FALSE,FALSE,FALSE,FALSE,Rede municipal direta em 2024,FALSE,,TRUE,FALSE,Rede municipal direta em 2024,FALSE,,TRUE,TRUE,TRUE,,sem_revisao_necessaria,,,,rede_municipal_direta_ou_nao_classificada,rede_municipal_direta,Rede municipal direta em 2024,FALSE,FALSE,TRUE,TRUE,TRUE,TRUE,Q2,300 a 499 matrículas,TRUE,clarissa,TRUE,TRUE,5,1,5,5,5,5,5,TRUE,374,318,85.02673796791444,65.5125786163522,21.98427672955975,23.57861635220126,54.34591194968554,367,333,90.73569482288828,62.933933933933936,19.489489489489493,32.870870870870874,47.687687687687685,5.7089568549738345,-2.5786446824182647,-2.4947872400702558,9.292254518669615,-6.6582242619978516,-1.8716577540106951,4.716981132075472,86.02150537634408,89.77272727272727,6.718851924331375,14.403567447045731,2.634983657092347,5.23834385480928,63.95,62.109375,14.911372950819683,17.49240210403272,5.543663183754141,7.183358108679205,2,3,0,4,1,0,0,0,0,5,3,1,0,2,3,TRUE,Aumento de participação igual ou superior a 10 p.p. | Mudança relevante no número de estudantes previstos | Sem alerta principal de composição,80% a menos de 90%,90% ou mais,Variação positiva,Variação negativa,100,40
ESC_025,43109063,EMEF LEOCADIA FELIZARDO PRESTES,EMEF LEOCADIA FELIZARDO PRESTES,EMEF LEOCADIA FELIZARDO PRESTES,EMEF LEOCADIA FELIZARDO PRESTES,graziela,exata_normalizada,consolidado,,rede_municipal_direta_ou_nao_classificada,0,TRUE,FALSE,FALSE,FALSE,rede_municipal_direta,Rede municipal direta em 2024,codigo_inep_consolidado,Municipal,Em atividade,Rede municipal direta em 2024,2024,Censo Escolar/INEP via Base dos Dados,TRUE,3,,1,0,1,0,,,,247,11,21,22.454545454545453,11.761904761904765,150 a 299 matrículas,2,10.121457489878544,7.889908256880734,0,31.743119266055047,100,2024,RS,4314902,1,1,1,1,1,0,1,1,545,78,418,247,42,45,51,74,35,171,49,43,43,0,278,267,261,94,79,1,0,110,42,25,17,0,41,31,21,20,37,28,20,11,9,0,,19,2,10,1,1,1,1,1,1,0,1,1,1,1,1,1,1,1,1,1,0,0,1,1,1,1,1,1,,,260,0,2,1,0,0,0,6,TRUE,TRUE,TRUE,TRUE,TRUE,4,10,10,TRUE,TRUE,1,3,FALSE,FALSE,FALSE,FALSE,FALSE,FALSE,FALSE,Rede municipal direta em 2024,FALSE,,TRUE,FALSE,Rede municipal direta em 2024,FALSE,,TRUE,TRUE,TRUE,,sem_revisao_necessaria,,,,rede_municipal_direta_ou_nao_classificada,rede_municipal_direta,Rede municipal direta em 2024,FALSE,FALSE,TRUE,TRUE,TRUE,TRUE,Q3,150 a 299 matrículas,TRUE,graziela,TRUE,TRUE,5,1,5,5,5,5,5,TRUE,296,215,72.63513513513513,56.30232558139535,31.632558139534883,26.558139534883722,41.72558139534884,258,220,85.27131782945736,48.38636363636363,38.71363636363636,26.386363636363637,34.8,12.63618269432223,-7.915961945031718,7.0810782241014785,-0.17177589852008524,-6.925581395348843,-12.837837837837839,2.3255813953488373,72,85.36585365853658,9.348198970840471,2.8649921507064278,3.37427561740587,1.0597863654304283,60.86274509803921,52.05714285714286,27.694444444444443,35.31851851851852,12.282573177410342,13.20367637572499,2,3,0,5,0,1,0,5,0,5,5,4,0,1,4,TRUE,Aumento de participação igual ou superior a 10 p.p. | Mudança relevante no público previsto e aumento de participação | Sem alerta principal de composição,70% a menos de 80%,80% a menos de 90%,Variação positiva,Variação negativa,100,40
ESC_026,43109144,EMEF LIDOVINO FANTON,EMEF LIDOVINO FANTON,EMEF LIDOVINO FANTON,EMEF LIDOVINO FANTON,julia,exata_normalizada,consolidado,,rede_municipal_direta_ou_nao_classificada,0,TRUE,FALSE,FALSE,FALSE,rede_municipal_direta,Rede municipal direta em 2024,codigo_inep_consolidado,Municipal,Em atividade,Rede municipal direta em 2024,2024,Censo Escolar/INEP via Base dos Dados,TRUE,3,,1,0,1,0,,,,563,23,35,24.47826086956522,16.085714285714285,500 matrículas ou mais,4,14.209591474245116,6.009852216748769,0.7881773399014779,36.65024630541872,80,2024,RS,4314902,1,1,1,1,1,0,1,1,1015,63,891,563,94,103,144,120,102,328,61,61,61,0,522,493,543,177,194,4,1,96,116,80,36,8,63,55,35,27,56,45,37,23,14,0,,26,1,3,1,1,1,1,1,1,0,1,0,1,1,1,0,1,1,1,1,0,0,1,1,1,1,1,1,,,250,1,2,3,1,1,0,8,TRUE,TRUE,TRUE,TRUE,TRUE,4,10,8,TRUE,TRUE,1,3,FALSE,FALSE,FALSE,FALSE,FALSE,FALSE,FALSE,Rede municipal direta em 2024,FALSE,,TRUE,FALSE,Rede municipal direta em 2024,FALSE,,TRUE,TRUE,TRUE,,sem_revisao_necessaria,,,,rede_municipal_direta_ou_nao_classificada,rede_municipal_direta,Rede municipal direta em 2024,FALSE,FALSE,TRUE,TRUE,TRUE,TRUE,Q1 — menor infraestrutura,500 matrículas ou mais,TRUE,julia,TRUE,TRUE,5,1,5,5,5,5,5,TRUE,578,442,76.47058823529412,38.28054298642534,51.31221719457014,27.214932126696834,21.52262443438914,535,390,72.89719626168224,40.7,44.94102564102564,31.776923076923076,23.346153846153847,-3.5733919736118764,2.4194570135746645,-6.371191553544499,4.561990950226242,1.8235294117647065,-7.439446366782007,-11.764705882352942,79.38144329896907,69.81132075471699,9.748778187430332,22.04204204204204,4.597511799798234,8.437536674914163,40.47435897435897,45.08695652173913,29.755607633076664,21.5,10.726019054892276,8.42983866106262,3,2,0,2,3,0,3,4,4,5,5,0,1,0,1,TRUE,Queda de participação igual ou superior a 10 p.p. | Sem alerta principal de composição,70% a menos de 80%,70% a menos de 80%,Variação negativa,Variação positiva,100,60
ESC_027,43183018,EMEF MARIO QUINTANA,EMEF MARIO QUINTANA,EMEF MARIO QUINTANA,EMEF MARIO QUINTANA,ruti,exata_normalizada,consolidado,,rede_municipal_direta_ou_nao_classificada,0,TRUE,FALSE,FALSE,FALSE,rede_municipal_direta,Rede municipal direta em 2024,codigo_inep_consolidado,Municipal,Em atividade,Rede municipal direta em 2024,2024,Censo Escolar/INEP via Base dos Dados,TRUE,3,,1,0,1,0,,,,233,10,20,23.3,11.65,150 a 299 matrículas,1,100,7.960199004975125,6.218905472636816,40.298507462686565,70,2024,RS,4314902,1,0,1,1,1,0,0,1,402,0,402,233,49,48,48,45,43,169,0,32,32,0,189,213,215,77,84,0,1,25,365,233,132,25,30,30,20,13,28,18,18,10,8,16,,21,0,0,1,1,1,1,1,1,0,0,0,1,1,1,0,1,0,1,0,0,0,1,1,1,1,1,1,,,434,0,0,0,0,0,0,4,FALSE,TRUE,TRUE,FALSE,TRUE,2,10,7,TRUE,TRUE,1,3,FALSE,FALSE,FALSE,FALSE,FALSE,FALSE,FALSE,Rede municipal direta em 2024,FALSE,,TRUE,FALSE,Rede municipal direta em 2024,FALSE,,TRUE,TRUE,TRUE,,sem_revisao_necessaria,,,,rede_municipal_direta_ou_nao_classificada,rede_municipal_direta,Rede municipal direta em 2024,FALSE,FALSE,TRUE,TRUE,TRUE,TRUE,Q1 — menor infraestrutura,150 a 299 matrículas,TRUE,ruti,TRUE,TRUE,5,1,5,5,5,5,5,TRUE,245,205,83.6734693877551,46.609756097560975,43.05853658536585,25.917073170731708,31.297560975609755,233,199,85.4077253218884,35.60301507537689,52.663316582914575,24.64321608040201,22.78894472361809,1.7342559341333015,-11.006741022184087,9.604779997548725,-1.2738570903296988,-8.508616251991665,-4.8979591836734695,-2.926829268292683,82.3529411764706,86.95652173913044,22.76643990929705,11.857707509881436,8.440806524329261,4.6875991089256654,49,41.51162790697674,43.45454545454545,49.63414634146341,16.971491994763337,19.08062791458148,1,4,0,3,2,0,0,1,1,4,5,1,1,0,2,TRUE,Aumento de participação igual ou superior a 10 p.p. | Queda de participação igual ou superior a 10 p.p. | Sem alerta principal de composição,80% a menos de 90%,80% a menos de 90%,Variação positiva,Variação negativa,100,20
ESC_028,43177018,EMEF MIGRANTES,EMEF MIGRANTES,EMEF MIGRANTES,EMEF MIGRANTES,nathalia,exata_normalizada,consolidado,,rede_municipal_direta_ou_nao_classificada,0,TRUE,FALSE,FALSE,FALSE,rede_municipal_direta,Rede municipal direta em 2024,codigo_inep_consolidado,Municipal,Em atividade,Rede municipal direta em 2024,2024,Censo Escolar/INEP via Base dos Dados,TRUE,3,,1,0,1,0,,,,80,5,10,16,8,Até 149 matrículas,1,0,7.975460122699387,0,26.380368098159508,90,2024,RS,4314902,1,1,1,1,1,0,0,1,163,28,135,80,20,20,13,14,13,55,0,13,13,0,67,96,115,9,34,0,0,5,0,0,0,0,19,17,10,10,15,11,9,5,4,0,,10,0,0,1,1,1,1,1,1,0,0,1,1,1,1,1,1,0,0,0,0,1,1,1,1,1,1,1,,,118,10,2,2,1,1,0,2,TRUE,TRUE,TRUE,FALSE,TRUE,3,10,9,TRUE,FALSE,1,3,FALSE,FALSE,FALSE,FALSE,FALSE,FALSE,FALSE,Rede municipal direta em 2024,FALSE,,TRUE,FALSE,Rede municipal direta em 2024,FALSE,,TRUE,TRUE,TRUE,,sem_revisao_necessaria,,,,rede_municipal_direta_ou_nao_classificada,rede_municipal_direta,Rede municipal direta em 2024,FALSE,FALSE,TRUE,TRUE,TRUE,TRUE,Q2,Até 149 matrículas,TRUE,nathalia,TRUE,TRUE,5,1,5,5,5,5,5,TRUE,87,74,85.05747126436782,58.567567567567565,22.972972972972972,36.32432432432432,40.351351351351354,86,70,81.3953488372093,49.5,29.5,42.75714285714286,27.557142857142857,-3.662122427158522,-9.067567567567565,6.527027027027028,6.432818532818537,-12.794208494208497,-1.1494252873563218,-5.405405405405405,77.77777777777777,84.21052631578948,24.867724867724846,16.666666666666657,11.360270134171364,6.927208801504761,62,55,44,22,17.578530476914466,9.121403400793104,2,3,0,3,2,0,0,3,2,3,5,2,1,4,4,TRUE,Baixo número de avaliados em pelo menos um ano | Mudança relevante no número de estudantes previstos | Mudança relevante no público previsto e aumento de participação | Mudança relevante no público previsto e queda de participação,80% a menos de 90%,80% a menos de 90%,Variação negativa,Variação negativa,100,40
ESC_029,43293069,EMEF MORADAS DA HIPICA,EMEF MORADAS DA HIPICA,EMEF MORADAS DA HIPICA,EMEF MORADAS DA HIPICA,amanda,exata_normalizada,consolidado,,rede_municipal_direta_ou_nao_classificada,0,TRUE,FALSE,FALSE,FALSE,rede_municipal_direta,Rede municipal direta em 2024,codigo_inep_consolidado,Municipal,Em atividade,Rede municipal direta em 2024,2024,Censo Escolar/INEP via Base dos Dados,TRUE,3,,1,0,1,0,,,,488,19,20,25.68421052631579,24.4,300 a 499 matrículas,3,9.221311475409836,7.818930041152264,3.4979423868312756,28.08641975308642,80,2024,RS,4314902,1,1,1,1,1,0,0,1,972,97,875,488,87,78,109,107,107,387,0,76,76,0,483,489,671,88,183,3,2,25,64,45,19,34,40,36,20,17,39,38,33,19,14,0,,32,10,0,1,1,1,1,1,1,0,0,0,1,1,1,1,1,0,1,1,0,0,1,1,1,1,1,1,,,463,0,2,2,0,0,0,6,TRUE,TRUE,TRUE,FALSE,TRUE,3,10,8,TRUE,TRUE,1,3,FALSE,FALSE,FALSE,FALSE,FALSE,FALSE,FALSE,Rede municipal direta em 2024,FALSE,,TRUE,FALSE,Rede municipal direta em 2024,FALSE,,TRUE,TRUE,TRUE,,sem_revisao_necessaria,,,,rede_municipal_direta_ou_nao_classificada,rede_municipal_direta,Rede municipal direta em 2024,FALSE,FALSE,TRUE,TRUE,TRUE,TRUE,Q1 — menor infraestrutura,300 a 499 matrículas,TRUE,amanda,TRUE,TRUE,5,1,5,5,5,5,5,TRUE,478,406,84.93723849372385,73.75369458128078,13.113300492610838,23.261083743842363,63.8128078817734,478,436,91.2133891213389,73.88073394495413,13.747706422018348,23.245412844036696,63.15137614678899,6.276150627615053,0.12703936367334734,0.6344059294075102,-0.015670899805666494,-0.6614317349844114,0,7.389162561576355,87.34177215189874,92.92929292929291,16.428571428571445,6.006493506493527,6.992140041194843,2.822130695781724,71.15189873417721,75.61111111111111,13.596920289855078,38.573000536768646,5.706707150467661,15.016530225930655,3,2,0,5,0,0,0,2,0,4,2,2,0,2,4,TRUE,Aumento de participação igual ou superior a 10 p.p. | Mudança relevante no número de estudantes previstos | Sem alerta principal de composição,80% a menos de 90%,90% ou mais,Variação positiva,Variação positiva,100,60
ESC_030,43177034,EMEF MORRO DA CRUZ,EMEF MORRO DA CRUZ,EMEF MORRO DA CRUZ,EMEF MORRO DA CRUZ,andreia,exata_normalizada,consolidado,,rede_municipal_direta_ou_nao_classificada,0,TRUE,FALSE,FALSE,FALSE,rede_municipal_direta,Rede municipal direta em 2024,codigo_inep_consolidado,Municipal,Em atividade,Rede municipal direta em 2024,2024,Censo Escolar/INEP via Base dos Dados,TRUE,3,,1,0,1,0,,,,538,21,27,25.61904761904762,19.925925925925927,500 matrículas ou mais,4,10.037174721189592,6.2438057482656095,1.189296333002973,36.570862239841425,100,2024,RS,4314902,1,1,1,1,1,0,0,1,1009,130,879,538,95,99,122,113,109,341,0,63,63,0,484,525,536,158,209,3,2,101,89,54,35,12,53,46,27,21,50,41,34,21,13,0,,24,0,4,1,1,1,1,1,1,0,1,1,1,0,1,1,1,0,1,0,0,0,1,1,1,1,1,1,,,570,0,2,1,2,1,0,5,TRUE,TRUE,TRUE,FALSE,TRUE,3,10,10,TRUE,TRUE,1,3,FALSE,FALSE,FALSE,FALSE,FALSE,FALSE,FALSE,Rede municipal direta em 2024,FALSE,,TRUE,FALSE,Rede municipal direta em 2024,FALSE,,TRUE,TRUE,TRUE,,sem_revisao_necessaria,,,,rede_municipal_direta_ou_nao_classificada,rede_municipal_direta,Rede municipal direta em 2024,FALSE,FALSE,TRUE,TRUE,TRUE,TRUE,Q3,500 matrículas ou mais,TRUE,andreia,TRUE,TRUE,5,1,5,5,5,5,5,TRUE,499,397,79.55911823647294,40.53400503778337,47.33249370277078,27.944584382871536,24.71536523929471,470,368,78.29787234042553,40.35054347826087,47.20108695652174,26.230978260869566,26.706521739130434,-1.2612458960474129,-0.18346155952250598,-0.13140674624904136,-1.7136061220019698,1.991156499835725,-5.811623246492986,-7.30478589420655,81.55339805825243,78.57142857142857,10.558522474410324,12.270714737507902,4.327123295277106,4.7361906435504455,41.27906976744186,38.6865671641791,39.822014051522245,20.231435231435235,14.527514024720698,7.784375193611063,1,4,0,1,4,0,0,2,3,5,5,0,0,1,1,TRUE,Mudança relevante no número de estudantes previstos | Sem alerta principal de composição,70% a menos de 80%,70% a menos de 80%,Variação negativa,Variação negativa,100,20
ESC_031,43177042,EMEF NEUSA GOULART BRIZOLA,EMEF NEUSA GOULART BRIZOLA,EMEF NEUSA GOULART BRIZOLA,EMEF NEUSA GOULART BRIZOLA,julia,exata_normalizada,consolidado,,rede_municipal_direta_ou_nao_classificada,0,TRUE,FALSE,FALSE,FALSE,rede_municipal_direta,Rede municipal direta em 2024,codigo_inep_consolidado,Municipal,Em atividade,Rede municipal direta em 2024,2024,Censo Escolar/INEP via Base dos Dados,TRUE,3,,1,0,1,0,,,,218,10,31,21.8,7.032258064516129,150 a 299 matrículas,1,100,14.698162729658792,3.1496062992125986,34.645669291338585,100,2024,RS,4314902,1,1,1,1,1,0,0,1,381,41,340,218,43,41,52,43,39,122,0,56,56,0,188,193,241,58,74,0,0,8,340,218,122,12,48,44,31,26,44,19,17,10,7,17,,27,2,9,1,1,1,1,1,1,0,1,1,1,1,1,1,1,1,1,0,0,0,1,1,1,1,1,1,,,0,0,2,2,0,0,0,5,TRUE,TRUE,TRUE,FALSE,TRUE,3,10,10,TRUE,TRUE,1,3,FALSE,FALSE,FALSE,FALSE,FALSE,FALSE,FALSE,Rede municipal direta em 2024,FALSE,,TRUE,FALSE,Rede municipal direta em 2024,FALSE,,TRUE,TRUE,TRUE,,sem_revisao_necessaria,,,,rede_municipal_direta_ou_nao_classificada,rede_municipal_direta,Rede municipal direta em 2024,FALSE,FALSE,TRUE,TRUE,TRUE,TRUE,Q3,150 a 299 matrículas,TRUE,julia,TRUE,TRUE,5,1,5,5,5,5,5,TRUE,216,164,75.92592592592592,58.926829268292686,27.573170731707318,26.213414634146343,46.41463414634146,241,209,86.72199170124482,62.880382775119614,24.679425837320576,26.48803827751196,49.02392344497608,10.796065775318894,3.9535535068269283,-2.8937448943867423,0.2746236433656186,2.6092892986346143,11.574074074074074,27.4390243902439,75,86.36363636363636,15.53911205073996,12.482202183198865,6.442705386147974,5.2695338877944815,59,66.45652173913044,44.833333333333336,44.97165991902834,16.694823169249457,16.702470551539477,3,2,0,4,1,1,0,3,0,5,3,3,0,2,3,TRUE,Aumento de participação igual ou superior a 10 p.p. | Mudança relevante no público previsto e aumento de participação | Sem alerta principal de composição,70% a menos de 80%,80% a menos de 90%,Variação positiva,Variação positiva,100,60
ESC_032,43105513,EMEF NOSSA SENHORA DE FATIMA,EMEF NOSSA SENHORA DE FATIMA,EMEF NOSSA SENHORA DE FATIMA,EMEF NOSSA SENHORA DE FATIMA,amanda,exata_normalizada,consolidado,,rede_municipal_direta_ou_nao_classificada,0,TRUE,FALSE,FALSE,FALSE,rede_municipal_direta,Rede municipal direta em 2024,codigo_inep_consolidado,Municipal,Em atividade,Rede municipal direta em 2024,2024,Censo Escolar/INEP via Base dos Dados,TRUE,3,,1,0,1,0,,,,377,16,24,23.5625,15.708333333333334,300 a 499 matrículas,2,0,6.575342465753424,0,53.013698630136986,100,2024,RS,4314902,1,1,1,1,1,0,1,1,730,65,611,377,70,71,91,72,73,234,54,48,48,0,339,391,334,191,193,0,3,9,0,0,0,0,48,38,24,19,45,33,26,16,10,0,,22,0,1,1,1,1,1,1,1,0,1,1,1,1,1,1,0,1,1,0,0,0,1,1,1,1,1,1,,,393,2,2,2,0,0,0,6,TRUE,TRUE,TRUE,TRUE,TRUE,4,10,10,TRUE,TRUE,1,3,FALSE,FALSE,FALSE,FALSE,FALSE,FALSE,FALSE,Rede municipal direta em 2024,FALSE,,TRUE,FALSE,Rede municipal direta em 2024,FALSE,,TRUE,TRUE,TRUE,,sem_revisao_necessaria,,,,rede_municipal_direta_ou_nao_classificada,rede_municipal_direta,Rede municipal direta em 2024,FALSE,FALSE,TRUE,TRUE,TRUE,TRUE,Q3,300 a 499 matrículas,TRUE,amanda,TRUE,TRUE,5,1,5,5,5,5,5,TRUE,387,300,77.51937984496124,50.63333333333333,34,34.32,31.71,372,296,79.56989247311827,43.84121621621622,37.314189189189186,37,25.56756756756757,2.050512628157037,-6.792117117117115,3.314189189189186,2.6799999999999997,-6.142432432432432,-3.875968992248062,-1.3333333333333333,78.88888888888889,79.16666666666667,24.155844155844157,17.742616033755283,9.235327921315276,6.939267846447736,49.82142857142857,42.88235294117647,9.286635006784259,9.280107047279216,3.862714196148051,4.4213593483486715,0,5,0,3,2,1,1,3,3,5,5,1,0,3,3,TRUE,Mudança relevante no número de estudantes previstos | Mudança relevante no público previsto e aumento de participação | Sem alerta principal de composição,70% a menos de 80%,70% a menos de 80%,Variação positiva,Variação negativa,100,0
ESC_033,43204643,EMEF NOSSA SENHORA DO CARMO,EMEF NOSSA SENHORA DO CARMO,EMEF NOSSA SENHORA DO CARMO,EMEF NOSSA SENHORA DO CARMO,amanda,exata_normalizada,consolidado,,rede_municipal_direta_ou_nao_classificada,0,TRUE,FALSE,FALSE,FALSE,rede_municipal_direta,Rede municipal direta em 2024,codigo_inep_consolidado,Municipal,Em atividade,Rede municipal direta em 2024,2024,Censo Escolar/INEP via Base dos Dados,TRUE,3,,1,0,1,0,,,,408,16,22,25.5,18.545454545454547,300 a 499 matrículas,3,38.23529411764706,7.363420427553444,7.957244655581948,42.75534441805225,90,2024,RS,4314902,1,1,1,1,1,0,1,1,842,38,703,408,73,91,79,81,84,295,101,62,62,0,428,414,463,174,183,1,3,18,225,156,69,67,42,35,22,17,40,34,28,16,12,0,,22,0,4,1,1,1,1,1,1,0,1,1,1,1,1,0,1,0,1,0,0,0,1,1,1,1,1,1,,,318,0,1,2,2,1,0,5,TRUE,TRUE,TRUE,TRUE,TRUE,4,10,9,TRUE,TRUE,1,3,FALSE,FALSE,FALSE,FALSE,FALSE,FALSE,FALSE,Rede municipal direta em 2024,FALSE,,TRUE,FALSE,Rede municipal direta em 2024,FALSE,,TRUE,TRUE,TRUE,,sem_revisao_necessaria,,,,rede_municipal_direta_ou_nao_classificada,rede_municipal_direta,Rede municipal direta em 2024,FALSE,FALSE,TRUE,TRUE,TRUE,TRUE,Q2,300 a 499 matrículas,TRUE,amanda,TRUE,TRUE,5,1,5,5,5,5,5,TRUE,410,349,85.1219512195122,60.2378223495702,25.154727793696274,27.512893982808023,47.25214899713467,428,370,86.44859813084112,42.74324324324324,44.4,26.572972972972973,29,1.3266469113289219,-17.49457910632696,19.245272206303724,-0.9399210098350501,-18.252148997134668,4.390243902439025,6.017191977077364,85.55555555555556,86.58536585365853,7.80878217607615,10.05802707930367,3.0860484175298994,4.194151159219457,58.68115942028985,47.94285714285714,29.517911353976935,49.12120088954782,11.492968929488976,18.769269448377372,1,4,0,4,1,0,0,0,0,5,3,0,0,2,2,TRUE,Mudança relevante no número de estudantes previstos | Sem alerta principal de composição,80% a menos de 90%,80% a menos de 90%,Variação positiva,Variação negativa,100,20
ESC_034,43105521,EMEF PEPITA DE LEAO,EMEF PEPITA DE LEAO,EMEF PEPITA DE LEAO,EMEF PEPITA DE LEAO,nathalia,exata_normalizada,consolidado,,rede_municipal_direta_ou_nao_classificada,0,TRUE,FALSE,FALSE,FALSE,rede_municipal_direta,Rede municipal direta em 2024,codigo_inep_consolidado,Municipal,Em atividade,Rede municipal direta em 2024,2024,Censo Escolar/INEP via Base dos Dados,TRUE,3,,1,0,1,0,,,,255,12,19,21.25,13.421052631578949,150 a 299 matrículas,2,18.823529411764707,13.174946004319654,3.4557235421166306,34.557235421166304,100,2024,RS,4314902,1,1,1,1,1,0,0,1,463,12,451,255,64,48,48,49,46,196,0,61,61,0,220,243,271,100,60,1,0,31,73,48,25,16,33,32,19,14,33,21,20,12,8,0,,12,0,0,1,1,1,1,1,1,0,1,1,1,0,1,1,1,0,0,0,0,1,1,1,1,1,1,1,,,350,7,3,2,1,1,0,4,TRUE,TRUE,TRUE,FALSE,TRUE,3,10,10,TRUE,FALSE,1,3,FALSE,FALSE,FALSE,FALSE,FALSE,FALSE,FALSE,Rede municipal direta em 2024,FALSE,,TRUE,FALSE,Rede municipal direta em 2024,FALSE,,TRUE,TRUE,TRUE,,sem_revisao_necessaria,,,,rede_municipal_direta_ou_nao_classificada,rede_municipal_direta,Rede municipal direta em 2024,FALSE,FALSE,TRUE,TRUE,TRUE,TRUE,Q3,150 a 299 matrículas,TRUE,nathalia,TRUE,TRUE,5,1,5,5,5,5,5,TRUE,293,219,74.74402730375427,62.24657534246575,25.625570776255703,25.264840182648403,49.22831050228311,292,238,81.5068493150685,55.01260504201681,29.962184873949578,30.449579831932773,39.65546218487395,6.762822011314228,-7.233970300448945,4.336614097693875,5.184739649284371,-9.57284831740916,-0.3412969283276451,8.67579908675799,76.11940298507463,79.06976744186046,11.258503401360542,8.840048840048837,4.909717044842743,3.895656185445118,68.23076923076923,49.83636363636363,50.91356542617047,37.725490196078425,20.469536851657633,15.93044693238072,1,4,0,5,0,1,0,5,3,5,5,1,0,2,3,TRUE,Aumento de participação igual ou superior a 10 p.p. | Mudança relevante no número de estudantes previstos | Sem alerta principal de composição,70% a menos de 80%,80% a menos de 90%,Variação positiva,Variação negativa,100,20
ESC_035,43048200,EMEF PORTO NOVO,EMEF PORTO NOVO,EMEF PORTO NOVO,EMEF PORTO NOVO,marian,exata_normalizada,consolidado,,rede_municipal_direta_ou_nao_classificada,0,TRUE,FALSE,FALSE,FALSE,rede_municipal_direta,Rede municipal direta em 2024,codigo_inep_consolidado,Municipal,Em atividade,Rede municipal direta em 2024,2024,Censo Escolar/INEP via Base dos Dados,TRUE,3,,1,0,1,0,,,,237,10,33,23.7,7.181818181818182,150 a 299 matrículas,1,100,12.368972746331236,0.4192872117400419,37.106918238993714,100,2024,RS,4314902,1,1,1,1,1,0,0,1,477,82,395,237,46,45,53,45,48,158,0,59,59,0,235,242,275,89,87,1,1,24,395,237,158,2,59,49,33,28,59,22,18,10,8,18,,28,1,14,1,1,1,1,1,1,0,1,1,1,1,1,1,1,0,1,1,1,0,1,1,1,1,1,1,,,594,2,1,2,1,1,0,5,TRUE,TRUE,TRUE,FALSE,TRUE,3,10,10,TRUE,TRUE,1,3,FALSE,FALSE,FALSE,FALSE,FALSE,FALSE,FALSE,Rede municipal direta em 2024,FALSE,,TRUE,FALSE,Rede municipal direta em 2024,FALSE,,TRUE,TRUE,TRUE,,sem_revisao_necessaria,,,,rede_municipal_direta_ou_nao_classificada,rede_municipal_direta,Rede municipal direta em 2024,FALSE,FALSE,TRUE,TRUE,TRUE,TRUE,Q3,150 a 299 matrículas,TRUE,marian,TRUE,TRUE,5,1,5,5,5,5,5,TRUE,231,183,79.22077922077922,54.87978142076503,30.08743169398907,30.584699453551913,39.22950819672131,223,210,94.17040358744394,50.357142857142854,32.13809523809524,33.92857142857143,33.833333333333336,14.949624366664722,-4.5226385636221735,2.0506635441061682,3.3438719750195176,-5.3961748633879765,-3.463203463203463,14.754098360655737,82.6086956521739,95.34883720930232,14.569842738205367,4.444444444444443,6.017627868756375,1.954827754061893,54.56410256410256,52.5,40.06315789473683,45.4390243902439,16.346822876154192,17.811425806538143,3,2,0,5,0,0,0,2,0,5,0,5,0,0,5,TRUE,Aumento de participação igual ou superior a 10 p.p.,70% a menos de 80%,90% ou mais,Variação positiva,Variação negativa,100,60
ESC_036,43108563,EMEF PRES JOAO BELCHIOR MARQUES GOULART,EMEF PRES JOAO BELCHIOR MARQUES GOULART,EMEF PRES JOAO BELCHIOR MARQUES GOULART,EMEF PRES JOAO BELCHIOR MARQUES GOULART,marian,exata_normalizada,consolidado,,rede_municipal_direta_ou_nao_classificada,0,TRUE,FALSE,FALSE,FALSE,rede_municipal_direta,Rede municipal direta em 2024,codigo_inep_consolidado,Municipal,Em atividade,Rede municipal direta em 2024,2024,Censo Escolar/INEP via Base dos Dados,TRUE,3,,1,0,1,0,,,,358,18,23,19.88888888888889,15.565217391304348,300 a 499 matrículas,2,4.4692737430167595,9.74124809741248,0.60882800608828,35.31202435312024,100,2024,RS,4314902,1,1,1,1,1,0,0,1,657,67,590,358,72,71,88,59,68,232,0,64,64,0,290,367,416,79,152,0,1,9,17,16,1,4,41,35,23,16,40,33,29,18,11,0,,23,0,8,1,1,1,1,1,1,0,1,1,1,1,1,1,1,1,1,0,0,0,1,1,1,1,1,1,,,443,0,1,1,2,1,0,5,TRUE,TRUE,TRUE,FALSE,TRUE,3,10,10,TRUE,TRUE,1,3,FALSE,FALSE,FALSE,FALSE,FALSE,FALSE,FALSE,Rede municipal direta em 2024,FALSE,,TRUE,FALSE,Rede municipal direta em 2024,FALSE,,TRUE,TRUE,TRUE,,sem_revisao_necessaria,,,,rede_municipal_direta_ou_nao_classificada,rede_municipal_direta,Rede municipal direta em 2024,FALSE,FALSE,TRUE,TRUE,TRUE,TRUE,Q3,300 a 499 matrículas,TRUE,marian,TRUE,TRUE,5,1,5,5,5,5,5,TRUE,312,216,69.23076923076923,74.85185185185185,11.13888888888889,26.328703703703702,62.5,339,304,89.6755162241888,49,35.536184210526315,32.00328947368421,32.786184210526315,20.44474699341957,-25.851851851851848,24.397295321637426,5.67458576998051,-29.713815789473685,8.653846153846153,40.74074074074074,72,90.56603773584904,29.547179357450034,10.232479212625137,11.049149936212363,4.1162439204885315,75.28571428571429,51.301886792452834,38.52688172043009,38.461888980944494,13.815076096904793,15.50588842834303,1,4,0,5,0,2,0,4,0,5,2,4,0,3,5,TRUE,Aumento de participação igual ou superior a 10 p.p. | Mudança relevante no número de estudantes previstos | Mudança relevante no público previsto e aumento de participação,Abaixo de 70%,80% a menos de 90%,Variação positiva,Variação negativa,100,20
ESC_037,43105530,EMEF PRESIDENTE VARGAS,EMEF PRESIDENTE VARGAS,EMEF PRESIDENTE VARGAS,EMEF PRESIDENTE VARGAS,eliane,exata_normalizada,consolidado,,rede_municipal_direta_ou_nao_classificada,0,TRUE,FALSE,FALSE,FALSE,rede_municipal_direta,Rede municipal direta em 2024,codigo_inep_consolidado,Municipal,Em atividade,Rede municipal direta em 2024,2024,Censo Escolar/INEP via Base dos Dados,TRUE,3,,1,0,1,0,,,,239,11,18,21.727272727272727,13.27777777777778,150 a 299 matrículas,1,43.93305439330544,11.009174311926603,3.2110091743119265,38.99082568807339,80,2024,RS,4314902,1,0,1,1,1,0,0,1,436,0,436,239,45,46,52,57,39,197,0,48,48,0,209,227,266,78,92,0,0,0,141,105,36,14,33,33,18,18,31,20,20,11,9,0,,15,0,3,1,1,1,1,1,1,1,1,0,1,0,1,0,1,0,1,0,0,0,1,1,1,0,1,1,,,384,0,1,2,0,0,0,4,FALSE,TRUE,TRUE,FALSE,TRUE,2,10,8,TRUE,TRUE,1,3,FALSE,FALSE,FALSE,FALSE,FALSE,FALSE,FALSE,Rede municipal direta em 2024,FALSE,,TRUE,FALSE,Rede municipal direta em 2024,FALSE,,TRUE,TRUE,TRUE,,sem_revisao_necessaria,,,,rede_municipal_direta_ou_nao_classificada,rede_municipal_direta,Rede municipal direta em 2024,FALSE,FALSE,TRUE,TRUE,TRUE,TRUE,Q1 — menor infraestrutura,150 a 299 matrículas,TRUE,eliane,TRUE,TRUE,5,1,5,5,5,5,5,TRUE,247,184,74.49392712550608,59.95652173913044,28.891304347826086,24.565217391304348,46.51086956521739,236,205,86.86440677966101,49.72195121951219,35.234146341463415,31.809756097560975,33.146341463414636,12.370479654154934,-10.234570519618245,6.342841993637329,7.244538706256627,-13.364528101802755,-4.4534412955465585,11.41304347826087,70,85.1063829787234,14.391416944136154,15.744680851063833,6.927441268939387,6.557409972679689,57.375,50.8,20.321804511278202,39.766366366366356,7.941130177604063,14.311682975275493,1,4,0,5,0,2,0,3,0,5,3,4,0,0,4,TRUE,Aumento de participação igual ou superior a 10 p.p. | Sem alerta principal de composição,70% a menos de 80%,80% a menos de 90%,Variação positiva,Variação negativa,100,20
ESC_038,43109195,EMEF PROF ANA IRIS DO AMARAL,EMEF PROF ANA IRIS DO AMARAL,EMEF PROF ANA IRIS DO AMARAL,EMEF PROF ANA IRIS DO AMARAL,eliane,exata_normalizada,consolidado,,rede_municipal_direta_ou_nao_classificada,0,TRUE,FALSE,FALSE,FALSE,rede_municipal_direta,Rede municipal direta em 2024,codigo_inep_consolidado,Municipal,Em atividade,Rede municipal direta em 2024,2024,Censo Escolar/INEP via Base dos Dados,TRUE,3,,1,0,1,0,,,,224,10,21,22.4,10.666666666666666,150 a 299 matrículas,1,100,11.442786069651742,6.218905472636816,34.32835820895522,70,2024,RS,4314902,1,1,1,1,1,0,0,1,402,34,368,224,46,47,45,43,43,144,0,46,46,0,200,202,251,74,62,0,2,13,231,224,7,25,35,31,21,13,35,20,18,10,8,10,,20,0,0,1,1,1,1,1,1,0,0,0,1,0,1,1,1,0,0,0,0,1,1,0,1,1,1,1,,,340,2,0,1,0,0,0,8,TRUE,TRUE,TRUE,FALSE,TRUE,3,10,7,TRUE,FALSE,1,3,FALSE,FALSE,FALSE,FALSE,FALSE,FALSE,FALSE,Rede municipal direta em 2024,FALSE,,TRUE,FALSE,Rede municipal direta em 2024,FALSE,,TRUE,TRUE,TRUE,,sem_revisao_necessaria,,,,rede_municipal_direta_ou_nao_classificada,rede_municipal_direta,Rede municipal direta em 2024,FALSE,FALSE,TRUE,TRUE,TRUE,TRUE,Q1 — menor infraestrutura,150 a 299 matrículas,TRUE,eliane,TRUE,TRUE,5,1,5,5,5,5,5,TRUE,231,194,83.98268398268398,71.24226804123711,14.448453608247423,25.288659793814432,60.175257731958766,216,202,93.51851851851852,69.83663366336634,12.816831683168317,32.004950495049506,55.07920792079208,9.535834535834539,-1.4056343778707685,-1.6316219250791058,6.716290701235074,-5.0960498111666865,-6.4935064935064934,4.123711340206185,86.04651162790698,92.3076923076923,24.273255813953483,7.826086956521721,9.343691561902842,3.3180005771712846,69.34146341463415,71.35555555555555,27.514770584538027,25.08333333333333,12.18937549067295,9.081104891442598,2,3,0,4,1,1,0,1,0,4,0,2,0,0,2,TRUE,Aumento de participação igual ou superior a 10 p.p. | Sem alerta principal de composição,80% a menos de 90%,90% ou mais,Variação positiva,Variação negativa,100,40
ESC_039,43172490,EMEF PROF ANISIO TEIXEIRA,EMEF PROF ANISIO TEIXEIRA,EMEF PROF ANISIO TEIXEIRA,EMEF PROF ANISIO TEIXEIRA,andreia,exata_normalizada,consolidado,,rede_municipal_direta_ou_nao_classificada,0,TRUE,FALSE,FALSE,FALSE,rede_municipal_direta,Rede municipal direta em 2024,codigo_inep_consolidado,Municipal,Em atividade,Rede municipal direta em 2024,2024,Censo Escolar/INEP via Base dos Dados,TRUE,3,,1,0,1,0,,,,471,19,27,24.789473684210527,17.444444444444443,300 a 499 matrículas,3,11.46496815286624,10.571428571428571,5.714285714285714,18.571428571428573,100,2024,RS,4314902,1,0,1,1,1,0,1,1,1050,0,945,471,59,76,99,132,105,474,105,111,111,0,484,566,631,88,106,1,1,223,100,54,46,60,54,50,27,27,53,40,36,19,17,0,,19,0,0,1,1,1,1,1,1,1,1,1,1,1,1,1,0,0,0,0,0,0,1,1,1,1,1,1,,,636,10,2,1,1,1,0,6,FALSE,TRUE,TRUE,TRUE,TRUE,3,10,10,TRUE,FALSE,1,3,FALSE,FALSE,FALSE,FALSE,FALSE,FALSE,FALSE,Rede municipal direta em 2024,FALSE,,TRUE,FALSE,Rede municipal direta em 2024,FALSE,,TRUE,TRUE,TRUE,,sem_revisao_necessaria,,,,rede_municipal_direta_ou_nao_classificada,rede_municipal_direta,Rede municipal direta em 2024,FALSE,FALSE,TRUE,TRUE,TRUE,TRUE,Q3,300 a 499 matrículas,TRUE,andreia,TRUE,TRUE,5,1,5,5,5,5,5,TRUE,456,354,77.63157894736842,76,10.51129943502825,24.53954802259887,64.96045197740114,407,366,89.92628992628993,65.24043715846994,19.120218579234972,27.950819672131146,52.98907103825137,12.2947109789215,-10.759562841530055,8.608919144206723,3.411271649532278,-11.971380939149768,-10.74561403508772,3.389830508474576,79.20792079207921,88.88888888888889,8.796481407437028,5.681483662054745,3.350702760978844,2.3658844099487584,77.15,65.81159420289855,16.620000000000005,31.18973880597015,7.7353347695038766,12.600058380535705,1,4,0,5,0,0,0,4,0,5,3,3,0,3,5,TRUE,Aumento de participação igual ou superior a 10 p.p. | Mudança relevante no número de estudantes previstos | Mudança relevante no público previsto e aumento de participação,70% a menos de 80%,80% a menos de 90%,Variação positiva,Variação negativa,100,20
ESC_040,43109071,EMEF PROF GILBERTO JORGE GONCALVES DA SILVA,EMEF PROF GILBERTO JORGE GONCALVES DA SILVA,EMEF PROF GILBERTO JORGE GONCALVES DA SILVA,EMEF PROF GILBERTO JORGE GONCALVES DA SILVA,ruti,exata_normalizada,consolidado,,rede_municipal_direta_ou_nao_classificada,0,TRUE,FALSE,FALSE,FALSE,rede_municipal_direta,Rede municipal direta em 2024,codigo_inep_consolidado,Municipal,Em atividade,Rede municipal direta em 2024,2024,Censo Escolar/INEP via Base dos Dados,TRUE,3,,1,0,1,0,,,,109,5,19,21.8,5.7368421052631575,Até 149 matrículas,1,100,18.867924528301888,0,27.83018867924528,80,2024,RS,4314902,1,1,1,1,1,0,0,1,212,36,176,109,23,22,24,19,21,67,0,40,40,0,106,106,150,27,32,0,0,3,176,109,67,0,31,28,19,16,31,11,9,5,4,9,,16,0,6,1,1,1,1,1,1,0,1,0,0,0,1,1,0,1,1,0,0,0,1,1,1,1,1,1,,,217,3,1,2,1,0,0,3,TRUE,TRUE,TRUE,FALSE,TRUE,3,10,8,TRUE,TRUE,1,3,FALSE,FALSE,FALSE,FALSE,FALSE,FALSE,FALSE,Rede municipal direta em 2024,FALSE,,TRUE,FALSE,Rede municipal direta em 2024,FALSE,,TRUE,TRUE,TRUE,,sem_revisao_necessaria,,,,rede_municipal_direta_ou_nao_classificada,rede_municipal_direta,Rede municipal direta em 2024,FALSE,FALSE,TRUE,TRUE,TRUE,TRUE,Q1 — menor infraestrutura,Até 149 matrículas,TRUE,ruti,TRUE,TRUE,5,1,5,5,5,5,5,TRUE,108,74,68.51851851851852,79.63513513513513,12.31081081081081,17.635135135135137,70.10810810810811,106,103,97.16981132075472,57.28155339805825,25.368932038834952,33.398058252427184,41.23300970873787,28.6512928022362,-22.35358173707688,13.058121228024142,15.762923117292047,-28.875098399370245,-1.8518518518518519,39.189189189189186,66.66666666666667,100,26.086956521739125,9.523809523809518,9.901632745455935,4.236014240428771,81,68,35,38,14.67310464761974,17.67201177002777,1,4,0,5,0,3,0,4,0,5,0,5,0,0,5,TRUE,Aumento de participação igual ou superior a 10 p.p.,Abaixo de 70%,90% ou mais,Variação positiva,Variação negativa,100,20
ESC_041,43109055,EMEF PROF JUDITH MACEDO DE ARAUJO,EMEF PROF JUDITH MACEDO DE ARAUJO,EMEF PROF JUDITH MACEDO DE ARAUJO,EMEF PROF JUDITH MACEDO DE ARAUJO,graziela,exata_normalizada,consolidado,,rede_municipal_direta_ou_nao_classificada,0,TRUE,FALSE,FALSE,FALSE,rede_municipal_direta,Rede municipal direta em 2024,codigo_inep_consolidado,Municipal,Em atividade,Rede municipal direta em 2024,2024,Censo Escolar/INEP via Base dos Dados,TRUE,3,,1,0,1,0,,,,367,14,19,26.214285714285715,19.31578947368421,300 a 499 matrículas,2,14.168937329700272,6.004901960784314,0,41.1764705882353,100,2024,RS,4314902,1,0,1,1,1,0,1,1,816,0,714,367,70,76,78,57,86,347,102,49,49,0,388,428,456,171,164,1,1,23,83,52,31,0,46,38,19,23,45,35,27,14,13,0,,13,0,13,1,1,1,1,1,1,0,1,1,1,0,1,1,1,1,1,1,0,0,1,1,1,0,1,1,,,349,0,3,1,0,0,0,7,FALSE,TRUE,TRUE,TRUE,TRUE,3,10,10,TRUE,TRUE,1,3,FALSE,FALSE,FALSE,FALSE,FALSE,FALSE,FALSE,Rede municipal direta em 2024,FALSE,,TRUE,FALSE,Rede municipal direta em 2024,FALSE,,TRUE,TRUE,TRUE,,sem_revisao_necessaria,,,,rede_municipal_direta_ou_nao_classificada,rede_municipal_direta,Rede municipal direta em 2024,FALSE,FALSE,TRUE,TRUE,TRUE,TRUE,Q3,300 a 499 matrículas,TRUE,graziela,TRUE,TRUE,5,1,5,5,5,5,5,TRUE,383,334,87.20626631853786,58.721556886227546,24.547904191616766,31.38622754491018,43.97305389221557,409,355,86.79706601466992,47.6169014084507,38.92394366197183,26.864788732394366,34.4112676056338,-0.4092003038679337,-11.104655477776845,14.376039470355067,-4.5214388125158145,-9.561786286581764,6.788511749347259,6.287425149700598,85.5421686746988,87.34177215189874,12.5,14.443436176648504,4.89904065882885,5.7288010287941,56.74647887323944,60.01449275362319,26.77040427154843,52.83098591549296,10.502638112955218,21.99130254910931,1,4,0,2,3,0,0,0,0,4,4,1,0,1,2,TRUE,Aumento de participação igual ou superior a 10 p.p. | Mudança relevante no número de estudantes previstos | Sem alerta principal de composição,80% a menos de 90%,80% a menos de 90%,Variação negativa,Variação negativa,100,20
ESC_042,43109098,EMEF PROF LARRY JOSE RIBEIRO ALVES,EMEF PROF LARRY JOSE RIBEIRO ALVES,EMEF PROF LARRY JOSE RIBEIRO ALVES,EMEF PROF LARRY JOSE RIBEIRO ALVES,amanda,exata_normalizada,consolidado,,rede_municipal_direta_ou_nao_classificada,0,TRUE,FALSE,FALSE,FALSE,rede_municipal_direta,Rede municipal direta em 2024,codigo_inep_consolidado,Municipal,Em atividade,Rede municipal direta em 2024,2024,Censo Escolar/INEP via Base dos Dados,TRUE,3,,1,0,1,0,,,,420,16,22,26.25,19.09090909090909,300 a 499 matrículas,3,21.19047619047619,6.1946902654867255,4.424778761061947,35.01896333754741,100,2024,RS,4314902,1,0,1,1,1,0,0,1,791,0,791,420,72,80,102,83,83,371,0,49,49,0,359,432,447,155,121,3,1,64,122,89,33,35,38,38,22,21,36,30,30,16,14,0,,20,2,6,1,1,1,1,1,1,0,1,1,1,1,1,1,0,1,1,1,0,0,1,1,1,1,1,1,,,380,2,1,2,2,3,0,3,FALSE,TRUE,TRUE,FALSE,TRUE,2,10,10,TRUE,TRUE,1,3,FALSE,FALSE,FALSE,FALSE,FALSE,FALSE,FALSE,Rede municipal direta em 2024,FALSE,,TRUE,FALSE,Rede municipal direta em 2024,FALSE,,TRUE,TRUE,TRUE,,sem_revisao_necessaria,,,,rede_municipal_direta_ou_nao_classificada,rede_municipal_direta,Rede municipal direta em 2024,FALSE,FALSE,TRUE,TRUE,TRUE,TRUE,Q3,300 a 499 matrículas,TRUE,amanda,TRUE,TRUE,5,1,5,5,5,5,5,TRUE,451,361,80.04434589800444,53.908587257617725,34.75623268698061,25.277008310249307,39.80332409972299,470,396,84.25531914893617,48.33838383838384,35.957070707070706,32.46969696969697,31.717171717171716,4.21097325093173,-5.570203419233884,1.2008380200900959,7.192688659447661,-8.086152382551276,4.212860310421286,9.695290858725762,79.64601769911505,81.44329896907216,16.12859097127223,14.227214227214247,6.024277096482931,5.984763716616388,54.922222222222224,42.45569620253165,35.134127843987,44.243464052287585,14.672330428023734,17.57077726690421,2,3,0,4,1,0,0,3,1,5,4,1,0,0,1,TRUE,Aumento de participação igual ou superior a 10 p.p. | Sem alerta principal de composição,80% a menos de 90%,80% a menos de 90%,Variação positiva,Variação negativa,100,40
ESC_043,43293050,EMEF RINCAO,EMEF RINCAO,EMEF RINCAO,EMEF RINCAO,jalize,exata_normalizada,consolidado,,rede_municipal_direta_ou_nao_classificada,0,TRUE,FALSE,FALSE,FALSE,rede_municipal_direta,Rede municipal direta em 2024,codigo_inep_consolidado,Municipal,Em atividade,Rede municipal direta em 2024,2024,Censo Escolar/INEP via Base dos Dados,TRUE,3,,1,0,1,0,,,,270,10,17,27,15.882352941176473,150 a 299 matrículas,2,0,10.061601642710473,16.427104722792606,22.38193018480493,80,2024,RS,4314902,1,0,1,1,1,0,0,1,487,0,487,270,47,52,57,57,57,217,0,49,49,0,221,266,348,41,68,0,0,30,5,0,5,80,28,28,17,15,28,18,18,10,8,0,,9,1,8,1,1,1,1,1,1,0,0,1,1,0,1,0,1,1,0,0,0,0,1,1,1,1,1,1,,,220,1,2,0,0,5,0,4,FALSE,TRUE,TRUE,FALSE,TRUE,2,10,8,TRUE,TRUE,1,3,FALSE,FALSE,FALSE,FALSE,FALSE,FALSE,FALSE,Rede municipal direta em 2024,FALSE,,TRUE,FALSE,Rede municipal direta em 2024,FALSE,,TRUE,TRUE,TRUE,,sem_revisao_necessaria,,,,rede_municipal_direta_ou_nao_classificada,rede_municipal_direta,Rede municipal direta em 2024,FALSE,FALSE,TRUE,TRUE,TRUE,TRUE,Q1 — menor infraestrutura,150 a 299 matrículas,TRUE,jalize,TRUE,TRUE,5,1,5,5,5,5,5,TRUE,254,216,85.03937007874016,74.78703703703704,14.949074074074074,17.300925925925927,68.04629629629629,252,219,86.9047619047619,57.25114155251141,24.602739726027398,34.42922374429224,41.05936073059361,1.8653918260217353,-17.535895484525625,9.653665651953323,17.12829781836631,-26.98693556570268,-0.7874015748031497,1.3888888888888888,89.0909090909091,86.20689655172414,16.11111111111113,8.687943262411366,7.245492800365628,3.2090865380040863,80.27272727272727,59.54545454545455,31.123649459783913,28.50815850815851,12.270636627549694,11.587331007211516,1,4,0,2,2,0,0,2,0,4,4,0,0,0,0,FALSE,Sem alerta principal de composição,80% a menos de 90%,80% a menos de 90%,Variação positiva,Variação negativa,100,20
ESC_044,43167179,EMEF SAINT HILAIRE,EMEF SAINT HILAIRE,EMEF SAINT HILAIRE,EMEF SAINT HILAIRE,andreia,exata_normalizada,consolidado,,rede_municipal_direta_ou_nao_classificada,0,TRUE,FALSE,FALSE,FALSE,rede_municipal_direta,Rede municipal direta em 2024,codigo_inep_consolidado,Municipal,Em atividade,Rede municipal direta em 2024,2024,Censo Escolar/INEP via Base dos Dados,TRUE,3,,1,0,1,0,,,,494,22,30,22.454545454545453,16.466666666666665,300 a 499 matrículas,4,5.668016194331984,12.261306532663315,3.5175879396984926,33.266331658291456,90,2024,RS,4314902,1,1,1,1,1,0,1,1,995,17,877,494,86,90,124,102,92,383,101,122,122,0,477,518,603,162,169,2,0,59,59,28,31,35,57,53,30,29,56,48,40,22,18,0,,21,0,0,1,1,1,1,1,1,0,1,0,1,1,1,1,0,1,0,0,0,0,1,1,1,1,1,1,,,458,0,2,1,0,0,0,4,TRUE,TRUE,TRUE,TRUE,TRUE,4,10,9,TRUE,TRUE,1,3,FALSE,FALSE,FALSE,FALSE,FALSE,FALSE,FALSE,Rede municipal direta em 2024,FALSE,,TRUE,FALSE,Rede municipal direta em 2024,FALSE,,TRUE,TRUE,TRUE,,sem_revisao_necessaria,,,,rede_municipal_direta_ou_nao_classificada,rede_municipal_direta,Rede municipal direta em 2024,FALSE,FALSE,TRUE,TRUE,TRUE,TRUE,Q2,300 a 499 matrículas,TRUE,andreia,TRUE,TRUE,5,1,5,5,5,5,5,TRUE,482,372,77.17842323651452,51.905913978494624,34.44086021505376,31.580645161290324,34.134408602150536,449,380,84.6325167037862,47.86578947368421,36.87894736842105,31.41315789473684,31.931578947368422,7.454093467271676,-4.040124504810414,2.4380871533672916,-0.16748726655348278,-2.2028296547821142,-6.846473029045643,2.150537634408602,75.22123893805309,83.6734693877551,17.714285714285708,17.032657657657637,6.843044962413038,6.349188668887413,51.09803921568628,44.0609756097561,17.369696969696967,40.5410666244659,7.947126425551508,15.040739410636041,1,4,0,4,1,1,0,3,1,5,4,3,0,0,3,TRUE,Aumento de participação igual ou superior a 10 p.p. | Sem alerta principal de composição,70% a menos de 80%,80% a menos de 90%,Variação positiva,Variação negativa,100,20
ESC_045,43167535,EMEF SAO PEDRO,EMEF SAO PEDRO,EMEF SAO PEDRO,EMEF SAO PEDRO,marian,exata_normalizada,consolidado,,rede_municipal_direta_ou_nao_classificada,0,TRUE,FALSE,FALSE,FALSE,rede_municipal_direta,Rede municipal direta em 2024,codigo_inep_consolidado,Municipal,Em atividade,Rede municipal direta em 2024,2024,Censo Escolar/INEP via Base dos Dados,TRUE,3,,1,0,1,0,,,,477,22,31,21.681818181818183,15.387096774193548,300 a 499 matrículas,3,5.031446540880503,6.70611439842209,5.029585798816568,26.52859960552268,100,2024,RS,4314902,1,1,1,1,1,0,1,1,1014,25,843,477,98,92,95,94,98,366,146,68,68,0,500,514,503,149,117,2,3,240,54,24,30,51,55,49,31,24,53,45,38,22,16,0,,23,0,4,1,1,1,1,1,1,1,1,1,1,1,1,1,0,0,1,0,0,0,1,1,1,1,1,1,,,3,0,3,3,0,0,0,15,TRUE,TRUE,TRUE,TRUE,TRUE,4,10,10,TRUE,TRUE,1,3,FALSE,FALSE,FALSE,FALSE,FALSE,FALSE,FALSE,Rede municipal direta em 2024,FALSE,,TRUE,FALSE,Rede municipal direta em 2024,FALSE,,TRUE,TRUE,TRUE,,sem_revisao_necessaria,,,,rede_municipal_direta_ou_nao_classificada,rede_municipal_direta,Rede municipal direta em 2024,FALSE,FALSE,TRUE,TRUE,TRUE,TRUE,Q3,300 a 499 matrículas,TRUE,marian,TRUE,TRUE,5,1,5,5,5,5,5,TRUE,524,436,83.20610687022901,58.86467889908257,27.630733944954127,27.986238532110093,44.51605504587156,503,419,83.30019880715706,50.67780429594272,35.15513126491647,29.610978520286395,35.24582338902148,0.09409193692805218,-8.186874603139849,7.524397319962343,1.6247399881763016,-9.270231656850079,-4.00763358778626,-3.8990825688073394,84.11214953271028,88.37209302325581,10.941876750700274,17.844129554655865,4.563517092244448,8.081876265365088,65.57777777777778,54.75268817204301,32.2894411855511,16.75879320800486,13.585560793768101,7.844265572743985,2,3,0,3,2,0,0,2,2,5,5,1,2,0,3,TRUE,Aumento de participação igual ou superior a 10 p.p. | Queda de participação igual ou superior a 10 p.p. | Sem alerta principal de composição,80% a menos de 90%,80% a menos de 90%,Variação positiva,Variação negativa,100,40
ESC_046,43107842,EMEF SEN ALBERTO PASQUALINI,EMEF SEN ALBERTO PASQUALINI,EMEF SEN ALBERTO PASQUALINI,EMEF SEN ALBERTO PASQUALINI,julia,exata_normalizada,consolidado,,rede_municipal_direta_ou_nao_classificada,0,TRUE,FALSE,FALSE,FALSE,rede_municipal_direta,Rede municipal direta em 2024,codigo_inep_consolidado,Municipal,Em atividade,Rede municipal direta em 2024,2024,Censo Escolar/INEP via Base dos Dados,TRUE,3,,1,0,1,0,,,,535,21,32,25.47619047619047,16.71875,500 matrículas ou mais,4,17.94392523364486,9.370314842578711,4.72263868065967,31.93403298350825,90,2024,RS,4314902,1,0,1,1,1,0,1,1,1334,0,1006,535,74,100,117,133,111,471,328,125,125,0,653,681,726,220,204,1,2,181,141,96,45,63,65,57,32,31,65,45,38,21,17,0,,26,0,8,1,1,1,1,1,1,0,1,0,1,1,1,1,0,1,1,0,0,0,1,1,1,1,1,1,,,326,0,2,3,0,0,0,4,FALSE,TRUE,TRUE,TRUE,TRUE,3,10,9,TRUE,TRUE,1,3,FALSE,FALSE,FALSE,FALSE,FALSE,FALSE,FALSE,Rede municipal direta em 2024,FALSE,,TRUE,FALSE,Rede municipal direta em 2024,FALSE,,TRUE,TRUE,TRUE,,sem_revisao_necessaria,,,,rede_municipal_direta_ou_nao_classificada,rede_municipal_direta,Rede municipal direta em 2024,FALSE,FALSE,TRUE,TRUE,TRUE,TRUE,Q2,500 matrículas ou mais,TRUE,julia,TRUE,TRUE,5,1,5,5,5,5,5,TRUE,507,373,73.57001972386588,59.65951742627346,27.10723860589812,26.040214477211798,47.01072386058981,487,397,81.51950718685832,53.40302267002519,32.62972292191436,27.607052896725442,39.81108312342569,7.949487462992437,-6.256494756248273,5.522484316016236,1.566838419513644,-7.199640737164124,-3.9447731755424065,6.434316353887399,74.02597402597402,82.3529411764706,17.779565567176185,7.255813953488371,7.345868280235048,2.7545983450237195,54.53260869565217,56.93939393939394,19.843537414965986,14.18619972260749,8.06123629023739,6.050842954320596,2,3,0,5,0,2,0,4,1,5,5,2,0,2,2,TRUE,Mudança relevante no público previsto e aumento de participação | Sem alerta principal de composição,70% a menos de 80%,80% a menos de 90%,Variação positiva,Variação negativa,100,40
ESC_047,43189253,EMEF TIMBAUVA,EMEF TIMBAUVA,EMEF TIMBAUVA,EMEF TIMBAUVA,nathalia,exata_normalizada,consolidado,,rede_municipal_direta_ou_nao_classificada,0,TRUE,FALSE,FALSE,FALSE,rede_municipal_direta,Rede municipal direta em 2024,codigo_inep_consolidado,Municipal,Em atividade,Rede municipal direta em 2024,2024,Censo Escolar/INEP via Base dos Dados,TRUE,3,,1,0,1,0,,,,353,15,22,23.533333333333335,16.045454545454547,300 a 499 matrículas,2,30.878186968838527,9.295774647887324,0.14084507042253522,39.57746478873239,80,2024,RS,4314902,1,1,1,1,1,0,0,1,710,82,628,353,69,63,71,76,74,275,0,66,66,0,333,377,354,99,180,0,2,75,200,109,91,1,48,43,22,23,47,31,27,15,12,0,,27,0,0,1,1,1,1,1,1,0,1,0,1,0,1,1,1,0,0,0,0,1,1,0,1,1,1,1,,,400,2,2,2,0,0,0,6,TRUE,TRUE,TRUE,FALSE,TRUE,3,10,8,TRUE,FALSE,1,3,FALSE,FALSE,FALSE,FALSE,FALSE,FALSE,FALSE,Rede municipal direta em 2024,FALSE,,TRUE,FALSE,Rede municipal direta em 2024,FALSE,,TRUE,TRUE,TRUE,,sem_revisao_necessaria,,,,rede_municipal_direta_ou_nao_classificada,rede_municipal_direta,Rede municipal direta em 2024,FALSE,FALSE,TRUE,TRUE,TRUE,TRUE,Q1 — menor infraestrutura,300 a 499 matrículas,TRUE,nathalia,TRUE,TRUE,5,1,5,5,5,5,5,TRUE,323,241,74.61300309597523,51.41078838174274,38.63900414937759,24.58091286307054,36.96265560165975,325,310,95.38461538461539,63.958064516129035,19.419354838709676,29.532258064516128,51.04838709677419,20.771612288640156,12.547276134386294,-19.219649310667915,4.951345201445587,14.085731495114445,0.6191950464396285,28.630705394190873,75,95.58823529411764,6.6915422885572156,8.206831119544589,2.5158414023098805,3.3521570630612665,50.80769230769231,60.738461538461536,33.58510638297872,30.91524520255863,13.41368953425951,12.354636501328734,3,2,0,5,0,0,0,5,0,5,0,5,0,0,5,TRUE,Aumento de participação igual ou superior a 10 p.p.,70% a menos de 80%,90% ou mais,Variação positiva,Variação positiva,100,60
ESC_048,43172482,EMEF VER ANTONIO GIUDICE,EMEF VER ANTONIO GIUDICE,EMEF VER ANTONIO GIUDICE,EMEF VER ANTONIO GIUDICE,clarissa,exata_normalizada,consolidado,,rede_municipal_direta_ou_nao_classificada,0,TRUE,FALSE,FALSE,FALSE,rede_municipal_direta,Rede municipal direta em 2024,codigo_inep_consolidado,Municipal,Em atividade,Rede municipal direta em 2024,2024,Censo Escolar/INEP via Base dos Dados,TRUE,3,,1,0,1,0,,,,404,18,27,22.444444444444443,14.962962962962964,300 a 499 matrículas,3,0,9.766022380467955,12.817904374364192,30.824008138351985,100,2024,RS,4314902,1,0,1,1,1,0,1,1,983,0,792,404,70,63,98,72,101,388,191,96,96,0,488,495,643,123,176,0,4,37,0,0,0,126,56,49,27,28,56,41,34,18,16,0,,16,0,0,1,1,1,1,1,1,0,1,1,1,1,1,1,0,1,0,0,0,0,1,1,1,1,1,1,,,490,0,0,3,0,0,0,7,FALSE,TRUE,TRUE,TRUE,TRUE,3,10,10,TRUE,TRUE,1,3,FALSE,FALSE,FALSE,FALSE,FALSE,FALSE,FALSE,Rede municipal direta em 2024,FALSE,,TRUE,FALSE,Rede municipal direta em 2024,FALSE,,TRUE,TRUE,TRUE,,sem_revisao_necessaria,,,,rede_municipal_direta_ou_nao_classificada,rede_municipal_direta,Rede municipal direta em 2024,FALSE,FALSE,TRUE,TRUE,TRUE,TRUE,Q3,300 a 499 matrículas,TRUE,clarissa,TRUE,TRUE,5,1,5,5,5,5,5,TRUE,383,306,79.89556135770235,58.928104575163395,27.03267973856209,28.470588235294116,44.428104575163395,400,358,89.5,63.17877094972067,22.35754189944134,25.6731843575419,52.270949720670394,9.604438642297652,4.250666374557277,-4.675137839120751,-2.7974038777522168,7.842845145506999,4.438642297650131,16.99346405228758,81.81818181818181,90.78947368421052,17.44911804613298,7.564488051906949,7.0612836586533385,3.245048746017266,59.851851851851855,68.8169014084507,32.800453514739225,37.578756674294425,11.668342083845282,14.971415009036031,3,2,0,5,0,0,0,2,0,5,2,3,0,3,4,TRUE,Aumento de participação igual ou superior a 10 p.p. | Mudança relevante no número de estudantes previstos | Mudança relevante no público previsto e aumento de participação | Sem alerta principal de composição,70% a menos de 80%,80% a menos de 90%,Variação positiva,Variação positiva,100,60
ESC_049,43109080,EMEF VER CARLOS PESSOA DE BRUM,EMEF VER CARLOS PESSOA DE BRUM,EMEF VER CARLOS PESSOA DE BRUM,EMEF VER CARLOS PESSOA DE BRUM,priscila,exata_normalizada,consolidado,,rede_municipal_direta_ou_nao_classificada,0,TRUE,FALSE,FALSE,FALSE,rede_municipal_direta,Rede municipal direta em 2024,codigo_inep_consolidado,Municipal,Em atividade,Rede municipal direta em 2024,2024,Censo Escolar/INEP via Base dos Dados,TRUE,3,,1,0,1,0,,,,574,22,25,26.09090909090909,22.96,500 matrículas ou mais,4,36.23693379790941,6.63265306122449,3.061224489795918,39.625850340136054,90,2024,RS,4314902,1,1,1,1,1,0,1,1,1176,40,1014,574,95,103,130,122,124,440,122,78,78,0,594,582,558,261,199,3,6,149,294,208,86,36,55,49,25,30,53,51,41,22,19,0,,24,0,7,1,1,1,1,1,1,0,1,1,1,1,1,0,1,1,0,0,0,0,1,1,1,1,1,1,,,489,2,3,3,2,1,0,8,TRUE,TRUE,TRUE,TRUE,TRUE,4,10,9,TRUE,TRUE,1,3,FALSE,FALSE,FALSE,FALSE,FALSE,FALSE,FALSE,Rede municipal direta em 2024,FALSE,,TRUE,FALSE,Rede municipal direta em 2024,FALSE,,TRUE,TRUE,TRUE,,sem_revisao_necessaria,,,,rede_municipal_direta_ou_nao_classificada,rede_municipal_direta,Rede municipal direta em 2024,FALSE,FALSE,TRUE,TRUE,TRUE,TRUE,Q2,500 matrículas ou mais,TRUE,priscila,TRUE,TRUE,5,1,5,5,5,5,5,TRUE,602,435,72.25913621262458,50.04597701149425,34.75632183908046,31.137931034482758,34.282758620689656,623,484,77.68860353130016,36.75,50.49586776859504,28.020661157024794,21.617768595041323,5.429467318675577,-13.295977011494251,15.739545929514584,-3.1172698774579644,-12.664990025648333,3.488372093023256,11.264367816091953,71.02803738317758,78.49462365591398,14.101646385110953,8.279543197616675,5.41885205404536,3.248076648672555,48.2906976744186,37.298701298701296,31.850061199510407,44.44292237442923,12.565110841469929,16.33420018636292,0,5,0,4,1,1,0,4,4,5,5,1,0,4,4,TRUE,Mudança relevante no número de estudantes previstos | Mudança relevante no público previsto e aumento de participação | Sem alerta principal de composição,70% a menos de 80%,70% a menos de 80%,Variação positiva,Variação negativa,100,0
ESC_050,43109101,EMEF VER MARTIM ARANHA,EMEF VER MARTIM ARANHA,EMEF VER MARTIM ARANHA,EMEF VER MARTIM ARANHA,priscila,exata_normalizada,consolidado,,rede_municipal_direta_ou_nao_classificada,0,TRUE,FALSE,FALSE,FALSE,rede_municipal_direta,Rede municipal direta em 2024,codigo_inep_consolidado,Municipal,Em atividade,Rede municipal direta em 2024,2024,Censo Escolar/INEP via Base dos Dados,TRUE,3,,1,0,1,0,,,,333,15,20,22.2,16.65,300 a 499 matrículas,2,21.62162162162162,10.66481994459834,1.8005540166204983,45.15235457063712,90,2024,RS,4314902,1,1,1,1,1,0,1,1,722,39,575,333,65,67,74,64,63,242,108,77,77,0,365,357,373,167,157,1,2,22,100,72,28,13,43,35,20,18,42,33,26,15,11,0,,20,0,0,1,1,1,1,1,1,0,1,1,1,1,1,0,1,1,1,0,1,0,1,1,1,1,1,1,,,351,3,2,1,1,1,0,6,TRUE,TRUE,TRUE,TRUE,TRUE,4,10,9,TRUE,TRUE,1,3,FALSE,FALSE,FALSE,FALSE,FALSE,FALSE,FALSE,Rede municipal direta em 2024,FALSE,,TRUE,FALSE,Rede municipal direta em 2024,FALSE,,TRUE,TRUE,TRUE,,sem_revisao_necessaria,,,,rede_municipal_direta_ou_nao_classificada,rede_municipal_direta,Rede municipal direta em 2024,FALSE,FALSE,TRUE,TRUE,TRUE,TRUE,Q2,300 a 499 matrículas,TRUE,priscila,TRUE,TRUE,5,1,5,5,5,5,5,TRUE,362,275,75.96685082872928,57.85090909090909,25.55272727272727,32.09818181818182,42.66909090909091,337,276,81.89910979228486,38.80797101449275,47.594202898550726,29.746376811594203,22.88405797101449,5.932258963555583,-19.04293807641634,22.041475625823455,-2.351805006587618,-19.785032938076423,-6.906077348066298,0.36363636363636365,76,80.28169014084507,13.803827751196167,19.36868686868685,5.402651196087475,7.597135935349573,58.05263157894737,46.32727272727273,18.627118644067792,47.473684210526315,7.264941943595277,18.44051557779857,2,3,0,4,1,1,0,4,2,5,4,2,0,2,3,TRUE,Aumento de participação igual ou superior a 10 p.p. | Mudança relevante no número de estudantes previstos | Mudança relevante no público previsto e aumento de participação | Sem alerta principal de composição,70% a menos de 80%,80% a menos de 90%,Variação positiva,Variação negativa,100,40
ESC_051,43175120,EMEF VILA MONTE CRISTO,EMEF VILA MONTE CRISTO,EMEF VILA MONTE CRISTO,EMEF VILA MONTE CRISTO,graziela,exata_normalizada,consolidado,,rede_municipal_direta_ou_nao_classificada,0,TRUE,FALSE,FALSE,FALSE,rede_municipal_direta,Rede municipal direta em 2024,codigo_inep_consolidado,Municipal,Em atividade,Rede municipal direta em 2024,2024,Censo Escolar/INEP via Base dos Dados,TRUE,3,,1,0,1,0,,,,454,20,29,22.7,15.655172413793103,300 a 499 matrículas,3,6.387665198237886,11.580882352941176,3.4926470588235294,30.514705882352946,70,2024,RS,4314902,1,1,1,1,1,0,1,1,1088,48,845,454,89,87,89,86,103,391,195,126,126,0,509,579,711,158,171,1,3,44,89,29,60,38,63,52,29,29,61,50,38,20,18,0,,36,1,0,1,1,1,0,1,1,1,0,1,1,0,1,1,1,0,1,0,0,0,1,0,1,1,1,1,,,460,11,3,3,1,2,0,11,TRUE,TRUE,TRUE,TRUE,TRUE,4,10,7,TRUE,TRUE,1,3,FALSE,FALSE,FALSE,FALSE,FALSE,FALSE,FALSE,Rede municipal direta em 2024,FALSE,,TRUE,FALSE,Rede municipal direta em 2024,FALSE,,TRUE,TRUE,TRUE,,sem_revisao_necessaria,,,,rede_municipal_direta_ou_nao_classificada,rede_municipal_direta,Rede municipal direta em 2024,FALSE,FALSE,TRUE,TRUE,TRUE,TRUE,Q1 — menor infraestrutura,300 a 499 matrículas,TRUE,graziela,TRUE,TRUE,5,1,5,5,5,5,5,TRUE,444,326,73.42342342342343,69.03067484662577,19.87730061349693,20.119631901840492,59.782208588957054,437,384,87.87185354691076,54.864583333333336,29.9140625,31.080729166666668,38.947916666666664,14.448430123487327,-14.166091513292436,10.036761886503069,10.961097264826176,-20.83429192229039,-1.5765765765765767,17.791411042944784,70.88607594936708,87.36842105263158,8.597948216902779,11.818703384968444,4.400241025988375,4.588046811456257,69.1470588235294,46.76623376623377,26.10399159663865,36.52994330262225,10.553937002595886,15.88608574275772,1,4,0,5,0,1,0,5,0,5,3,5,0,0,5,TRUE,Aumento de participação igual ou superior a 10 p.p.,70% a menos de 80%,80% a menos de 90%,Variação positiva,Variação negativa,100,20
ESC_052,43173721,EMEF WENCESLAU FONTOURA,EMEF WENCESLAU FONTOURA,EMEF WENCESLAU FONTOURA,EMEF WENCESLAU FONTOURA,eliane,exata_normalizada,consolidado,,rede_municipal_direta_ou_nao_classificada,0,TRUE,FALSE,FALSE,FALSE,rede_municipal_direta,Rede municipal direta em 2024,codigo_inep_consolidado,Municipal,Em atividade,Rede municipal direta em 2024,2024,Censo Escolar/INEP via Base dos Dados,TRUE,3,,1,0,1,0,,,,446,17,25,26.235294117647054,17.84,300 a 499 matrículas,3,34.75336322869955,9.976525821596244,0.5868544600938967,38.14553990610329,90,2024,RS,4314902,1,1,1,1,1,0,0,1,852,80,772,446,98,104,78,81,85,326,0,85,85,0,437,415,503,157,167,0,1,24,261,155,106,5,45,43,25,21,43,33,29,17,12,0,,27,1,0,1,1,1,1,1,1,0,0,1,1,1,1,1,1,1,0,1,0,0,1,1,1,1,1,1,,,400,0,3,2,2,1,0,5,TRUE,TRUE,TRUE,FALSE,TRUE,3,10,9,TRUE,TRUE,1,3,FALSE,FALSE,FALSE,FALSE,FALSE,FALSE,FALSE,Rede municipal direta em 2024,FALSE,,TRUE,FALSE,Rede municipal direta em 2024,FALSE,,TRUE,TRUE,TRUE,,sem_revisao_necessaria,,,,rede_municipal_direta_ou_nao_classificada,rede_municipal_direta,Rede municipal direta em 2024,FALSE,FALSE,TRUE,TRUE,TRUE,TRUE,Q2,300 a 499 matrículas,TRUE,eliane,TRUE,TRUE,5,1,5,5,5,5,5,TRUE,469,355,75.69296375266525,54.47605633802817,31.098591549295776,32.16338028169014,36.88169014084507,478,435,91.00418410041841,46.88275862068966,36.47126436781609,33.211494252873564,30.381609195402298,15.311220347753164,-7.593297717338515,5.372672818520314,1.048113971183426,-6.500080945442775,1.9189765458422174,22.535211267605632,75.26881720430107,90.2439024390244,7.4727481353987315,4.9255441008018295,2.9466514671520874,1.866019093454266,53.829268292682926,51.25,10.341353383458646,32.33131868131868,4.2336098124023005,13.07938925398355,3,2,0,5,0,0,0,5,0,5,1,5,0,1,5,TRUE,Aumento de participação igual ou superior a 10 p.p. | Mudança relevante no público previsto e aumento de participação,70% a menos de 80%,90% ou mais,Variação positiva,Variação negativa,100,60
ESC_053,43105246,EMEM EMILIO MEYER,EMEM EMILIO MEYER,EMEM EMILIO MEYER,EMEM EMILIO MEYER,ruti,exata_normalizada,consolidado,,rede_municipal_direta_ou_nao_classificada,0,TRUE,FALSE,FALSE,FALSE,rede_municipal_direta,Rede municipal direta em 2024,codigo_inep_consolidado,Municipal,Em atividade,Rede municipal direta em 2024,2024,Censo Escolar/INEP via Base dos Dados,TRUE,3,,1,0,1,0,,,,377,18,27,20.944444444444443,13.962962962962964,300 a 499 matrículas,2,0.7957559681697612,9.70873786407767,4.854368932038835,35.19417475728155,90,2024,RS,4314902,1,1,1,1,1,1,0,1,824,102,533,377,81,75,80,71,70,156,0,80,80,0,445,379,487,166,123,0,1,47,3,3,0,40,66,40,27,16,66,43,26,18,8,0,,35,0,2,1,1,1,1,1,1,0,1,1,0,0,1,1,0,1,1,0,0,0,1,1,1,1,1,1,,,480,0,1,3,0,0,0,9,TRUE,TRUE,TRUE,FALSE,TRUE,3,10,9,TRUE,TRUE,1,3,FALSE,FALSE,FALSE,FALSE,FALSE,FALSE,FALSE,Rede municipal direta em 2024,FALSE,,TRUE,FALSE,Rede municipal direta em 2024,FALSE,,TRUE,TRUE,TRUE,,sem_revisao_necessaria,,,,rede_municipal_direta_ou_nao_classificada,rede_municipal_direta,Rede municipal direta em 2024,FALSE,FALSE,TRUE,TRUE,TRUE,TRUE,Q2,300 a 499 matrículas,TRUE,ruti,TRUE,TRUE,5,1,5,5,5,5,5,TRUE,400,314,78.5,58.554140127388536,29.31528662420382,24.20063694267516,46.49044585987261,398,339,85.17587939698493,46.176991150442475,40.607669616519175,26.218289085545724,33.08849557522124,6.675879396984925,-12.37714897694606,11.292382992315353,2.0176521428705634,-13.40195028465137,-0.5,7.961783439490445,81.48148148148148,89.01098901098901,16.939687267311996,26.820512820512803,6.761069101030652,10.508070164981097,58.793103448275865,46.95890410958904,32.72486772486773,41.984848484848484,13.519738661342362,15.166523156670568,2,3,0,5,0,1,0,2,2,5,3,1,0,0,1,TRUE,Aumento de participação igual ou superior a 10 p.p. | Sem alerta principal de composição,70% a menos de 80%,80% a menos de 90%,Variação positiva,Variação negativa,100,40
ESC_054,43106668,ESC EST ENS FUN PROFESSORA LEOPOLDA BARNEWITZ,ESC EST ENS FUN PROFESSORA LEOPOLDA BARNEWITZ,ESC EST ENS FUN PROFESSORA LEOPOLDA BARNEWITZ,ESC EST ENS FUN PROFESSORA LEOPOLDA BARNEWITZ,julia,exata_normalizada,consolidado,,municipalizada_apos_2024,0,TRUE,FALSE,TRUE,FALSE,rede_municipal_direta,"Escola pertencente e em funcionamento normal na rede estadual durante 2024. Foi municipalizada em janeiro de 2025 e passou a operar como escola da rede municipal direta, em regime de tempo integral. Para o contexto pré-programa de 2024 deve permanecer classificada como estadual; para 2025 em diante deve ser tratada como municipalizada recentemente e integrante da rede municipal direta.",codigo_inep_consolidado,Estadual,Em atividade,"Estadual em 2024, municipalizada posteriormente",2024,Censo Escolar/INEP via Base dos Dados,TRUE,2,,1,0,1,0,,,,154,8,17,19.25,9.058823529411764,150 a 299 matrículas,1,100,5.194805194805195,0,32.467532467532465,60,2024,RS,4314902,1,0,1,1,0,0,0,1,154,0,154,154,44,23,24,28,35,0,0,8,8,0,79,75,101,22,28,0,0,3,154,154,0,0,17,17,17,0,16,8,8,8,0,8,,17,0,0,1,1,1,1,0,0,0,0,0,1,1,1,1,0,0,0,0,0,1,1,0,1,1,1,1,,,30,0,0,0,0,0,5,2,FALSE,TRUE,FALSE,FALSE,TRUE,1,10,6,FALSE,FALSE,1,2,FALSE,FALSE,FALSE,FALSE,FALSE,FALSE,FALSE,Situação administrativa a examinar,FALSE,,TRUE,FALSE,Rede estadual em 2024,TRUE,"Censo 2024 registra dependência estadual, mas o cadastro local classifica como rede municipal direta",FALSE,FALSE,TRUE,Dependência estadual no Censo 2024,confirmar_com_ressalva,municipalizada_apos_2024,rede_municipal_direta,"Escola pertencente e em funcionamento normal na rede estadual durante 2024. Foi municipalizada em janeiro de 2025 e passou a operar como escola da rede municipal direta, em regime de tempo integral. Para o contexto pré-programa de 2024 deve permanecer classificada como estadual; para 2025 em diante deve ser tratada como municipalizada recentemente e integrante da rede municipal direta.",municipalizada_apos_2024,rede_municipal_direta,"Escola pertencente e em funcionamento normal na rede estadual durante 2024. Foi municipalizada em janeiro de 2025 e passou a operar como escola da rede municipal direta, em regime de tempo integral. Para o contexto pré-programa de 2024 deve permanecer classificada como estadual; para 2025 em diante deve ser tratada como municipalizada recentemente e integrante da rede municipal direta.",FALSE,TRUE,TRUE,TRUE,TRUE,TRUE,Q1 — menor infraestrutura,150 a 299 matrículas,TRUE,julia,TRUE,TRUE,5,1,5,5,5,5,5,TRUE,128,100,78.125,72.63,19.2,18.02,63.04,124,120,96.7741935483871,76.975,9.8,23.441666666666666,66.91666666666667,18.649193548387103,4.344999999999999,-9.399999999999999,5.421666666666667,3.8766666666666723,-3.125,20,81.81818181818181,95,21.5,9.523809523809518,9.031872861894735,4.0341964176962355,73,82.07692307692308,5.692307692307693,42,2.102126283371816,16.3695669427597,4,1,0,5,0,1,0,2,0,5,0,4,0,4,5,TRUE,Aumento de participação igual ou superior a 10 p.p. | Mudança relevante no número de estudantes previstos | Mudança relevante no público previsto e aumento de participação,70% a menos de 80%,90% ou mais,Variação positiva,Variação positiva,100,80
ESC_055,43105300,ESCOLA DE ENSINO FUNDAMENTAL MADRE RAFFO,ESCOLA DE ENSINO FUNDAMENTAL MADRE RAFFO,7028 ESCOLA DE ENSINO FUNDAMENTAL MADRE RAFFO,ESCOLA DE ENSINO FUNDAMENTAL MADRE RAFFO,outras,exata_normalizada,consolidado,,privada_conveniada_sob_supervisao_municipal,0,TRUE,FALSE,FALSE,FALSE,fora_da_rede_municipal_direta,"Escola da rede privada comunitária, vinculada ao grupo Horto de Ensino, conveniada com a Prefeitura de Porto Alegre para atendimento da demanda por vagas públicas. Não possui docentes cedidos pelo poder público, mas integra a supervisão programática da SMED e o acompanhamento dos resultados das avaliações municipais. Mantém parceria com a Prefeitura ao menos desde 2020, em situação semelhante à Pequena Casa da Criança e à Aldeia Lumiar. Deve ser classificada como instituição privada conveniada ou supervisionada, fora da rede municipal direta, mas incluída no universo municipal ampliado quando pertinente.",codigo_inep_consolidado,Privada,Em atividade,Privada conveniada ou supervisionada,2024,Censo Escolar/INEP via Base dos Dados,TRUE,4,4,1,0,1,1,1,,,159,8,13,19.875,12.23076923076923,150 a 299 matrículas,1,0,4.406779661016949,0,5.762711864406779,80,2024,RS,4314902,,1,1,1,1,0,0,1,295,37,258,159,36,36,20,39,28,99,0,13,13,0,149,146,218,4,13,0,0,60,0,0,0,0,21,19,13,10,18,14,12,8,4,0,,9,9,5,1,1,1,1,1,1,0,0,1,1,1,1,0,1,1,1,1,0,0,1,1,1,0,0,1,,,0,0,1,0,1,1,1,2,TRUE,TRUE,TRUE,FALSE,TRUE,3,10,8,TRUE,TRUE,1,4,FALSE,FALSE,FALSE,FALSE,FALSE,FALSE,FALSE,Situação administrativa a examinar,FALSE,,TRUE,FALSE,Privada sem vínculo municipal classificado,TRUE,"Censo 2024 registra dependência privada, mas o cadastro local classifica como rede municipal direta",FALSE,TRUE,TRUE,Dependência privada no Censo 2024,corrigir,privada_conveniada_sob_supervisao_municipal,fora_da_rede_municipal_direta,"Escola da rede privada comunitária, vinculada ao grupo Horto de Ensino, conveniada com a Prefeitura de Porto Alegre para atendimento da demanda por vagas públicas. Não possui docentes cedidos pelo poder público, mas integra a supervisão programática da SMED e o acompanhamento dos resultados das avaliações municipais. Mantém parceria com a Prefeitura ao menos desde 2020, em situação semelhante à Pequena Casa da Criança e à Aldeia Lumiar. Deve ser classificada como instituição privada conveniada ou supervisionada, fora da rede municipal direta, mas incluída no universo municipal ampliado quando pertinente.",privada_conveniada_sob_supervisao_municipal,fora_da_rede_municipal_direta,"Escola da rede privada comunitária, vinculada ao grupo Horto de Ensino, conveniada com a Prefeitura de Porto Alegre para atendimento da demanda por vagas públicas. Não possui docentes cedidos pelo poder público, mas integra a supervisão programática da SMED e o acompanhamento dos resultados das avaliações municipais. Mantém parceria com a Prefeitura ao menos desde 2020, em situação semelhante à Pequena Casa da Criança e à Aldeia Lumiar. Deve ser classificada como instituição privada conveniada ou supervisionada, fora da rede municipal direta, mas incluída no universo municipal ampliado quando pertinente.",TRUE,FALSE,FALSE,TRUE,TRUE,TRUE,Q1 — menor infraestrutura,150 a 299 matrículas,TRUE,outras,TRUE,TRUE,5,1,5,5,5,5,5,TRUE,42,39,92.85714285714286,88.56410256410257,2.5384615384615383,12.820512820512821,84.64102564102564,38,37,97.36842105263158,69.51351351351352,16.054054054054053,32.5945945945946,51.351351351351354,4.511278195488714,-19.050589050589053,13.515592515592514,19.774081774081775,-33.28967428967428,-9.523809523809524,-5.128205128205129,100,100,40,11.111111111111114,17.327634390771493,4.969039949999534,81,77,32,60,13.935566009315876,24.285798319182344,1,4,0,2,1,1,0,1,0,2,1,2,1,5,5,TRUE,Mudança relevante no número de estudantes previstos | Mudança relevante no público previsto e aumento de participação | Mudança relevante no público previsto e queda de participação,90% ou mais,90% ou mais,Variação positiva,Variação negativa,100,20
