id_escola,codigo_inep,nome_canonico,assessora,ano_escolar,componente,numero_turmas_2025,numero_turmas_2026,previstos_2025,previstos_2026,avaliados_2025,avaliados_2026,taxa_participacao_2025,taxa_participacao_2026,proficiencia_media_2025,proficiencia_media_2026,pct_defasagem_2025,pct_defasagem_2026,pct_intermediario_2025,pct_intermediario_2026,pct_adequado_2025,pct_adequado_2026,presente_2025,presente_2026,painel_balanceado,resultado_disponivel_2025,resultado_disponivel_2026,painel_resultado_balanceado,delta_numero_turmas,delta_previstos,delta_avaliados,delta_participacao,delta_proficiencia,delta_pct_defasagem,delta_pct_intermediario,delta_pct_adequado,variacao_relativa_previstos,variacao_relativa_avaliados,participacao_minima_70_ambos,participacao_minima_80_ambos,participacao_minima_90_ambos,aumento_participacao_10pp,queda_participacao_10pp,mudanca_previstos_20pct,turma_escola_pequena_2025,turma_escola_pequena_2026,observacao_composicao,peso_medio_avaliados,participacao_70_ambos,participacao_80_ambos,participacao_estavel_5pp,previstos_estaveis_20pct,faixa_delta_participacao,ano_escolar_fator,delta_proficiencia_predita_observada,delta_proficiencia_predita_participacao_estavel
ESC_056,,EEF ALDEIA LUMIAR,,1,Língua Portuguesa,3,1,20,23,18,16,90,69.56521739130434,62.166666666666664,48,16.666666666666668,36,22.444444444444443,36,61.333333333333336,29,TRUE,TRUE,TRUE,TRUE,TRUE,TRUE,-2,3,-2,-20.434782608695656,-14.166666666666664,19.333333333333332,13.555555555555555,-32.333333333333336,15,-11.11111111111111,FALSE,FALSE,FALSE,FALSE,TRUE,FALSE,TRUE,TRUE,Queda de participação igual ou superior a 10 p.p.,17,FALSE,FALSE,FALSE,TRUE,Queda de 10 p.p. ou mais,1,-27.207919193507752,-20.38214436780159
ESC_001,,EEF PEQUENA CASA DA CRIANCA,outras,1,Língua Portuguesa,3,3,46,49,36,38,78.26086956521739,77.55102040816327,59.916666666666664,31.210526315789473,19.694444444444443,62.8421052631579,39.05555555555556,18.842105263157897,41.611111111111114,18.31578947368421,TRUE,TRUE,TRUE,TRUE,TRUE,TRUE,0,3,2,-0.7098491570541228,-28.70614035087719,43.147660818713454,-20.213450292397663,-23.295321637426905,6.521739130434782,5.555555555555555,TRUE,FALSE,FALSE,FALSE,FALSE,FALSE,FALSE,FALSE,Sem alerta principal de composição,37,TRUE,FALSE,TRUE,TRUE,Variação entre -5 e 5 p.p.,1,-27.04530278920808,-26.80819380698641
ESC_002,,EMEB DR LIBERATO SALZANO VIEIRA DA CUNHA,clarissa,1,Língua Portuguesa,4,4,90,75,75,57,83.33333333333333,76,38.53333333333333,39.49122807017544,49.266666666666666,48.80701754385965,29.573333333333338,24.31578947368421,21.4,27.05263157894737,TRUE,TRUE,TRUE,TRUE,TRUE,TRUE,0,-15,-18,-7.333333333333329,0.9578947368421068,-0.459649122807015,-5.257543859649125,5.652631578947371,-16.666666666666668,-24,TRUE,FALSE,FALSE,FALSE,FALSE,FALSE,FALSE,FALSE,Sem alerta principal de composição,66,TRUE,FALSE,FALSE,TRUE,Queda entre 5 e 10 p.p.,1,-11.42584942807265,-8.976316050904357
ESC_003,,EMEF AFONSO GUERREIRO LIMA,graziela,1,Língua Portuguesa,4,4,87,94,64,77,73.5632183908046,81.91489361702128,52.9375,14.48051948051948,28,81.6103896103896,30.96875,14.155844155844155,40.828125,4.48051948051948,TRUE,TRUE,TRUE,TRUE,TRUE,TRUE,0,7,13,8.351675226216685,-38.45698051948052,53.6103896103896,-16.812905844155843,-36.34760551948052,8.045977011494253,20.3125,TRUE,FALSE,FALSE,FALSE,FALSE,FALSE,FALSE,FALSE,Sem alerta principal de composição,70.5,TRUE,FALSE,FALSE,TRUE,Aumento entre 5 e 10 p.p.,1,-22.065344120439335,-24.855031468878536
ESC_004,,EMEF AMERICA,nathalia,1,Língua Portuguesa,2,3,47,38,38,35,80.85106382978724,92.10526315789474,26.05263157894737,30.02857142857143,55.473684210526315,55.857142857142854,41.89473684210526,32.22857142857143,2.6315789473684212,11.571428571428571,TRUE,TRUE,TRUE,TRUE,TRUE,TRUE,1,-9,-3,11.254199328107504,3.9759398496240586,0.38345864661653906,-9.666165413533832,8.93984962406015,-19.148936170212767,-7.894736842105263,TRUE,TRUE,FALSE,TRUE,FALSE,FALSE,FALSE,FALSE,Aumento de participação igual ou superior a 10 p.p.,36.5,TRUE,TRUE,FALSE,TRUE,Aumento de 10 p.p. ou mais,1,1.9930035589304813,-1.766206016638308
ESC_005,,EMEF ARAMY SILVA,priscila,1,Língua Portuguesa,4,5,83,83,64,69,77.10843373493977,83.13253012048193,75.3125,25.55072463768116,15.578125,66.52173913043478,15.875,22.07246376811594,68.5625,11.405797101449275,TRUE,TRUE,TRUE,TRUE,TRUE,TRUE,1,0,5,6.024096385542165,-49.76177536231884,50.94361413043478,6.1974637681159415,-57.156702898550726,0,7.8125,TRUE,FALSE,FALSE,FALSE,FALSE,FALSE,FALSE,FALSE,Sem alerta principal de composição,66.5,TRUE,FALSE,FALSE,TRUE,Aumento entre 5 e 10 p.p.,1,-36.80608640835645,-38.81829893067433
ESC_006,,EMEF CAMPOS DO CRISTAL,andreia,1,Língua Portuguesa,2,2,38,45,32,45,84.21052631578948,100,66.125,47.06666666666667,15.46875,23.066666666666663,34.15625,53.266666666666666,50.375,23.133333333333333,TRUE,TRUE,TRUE,TRUE,TRUE,TRUE,0,7,13,15.78947368421052,-19.05833333333333,7.597916666666666,19.110416666666666,-27.241666666666667,18.42105263157895,40.625,TRUE,TRUE,FALSE,TRUE,FALSE,FALSE,FALSE,FALSE,Aumento de participação igual ou superior a 10 p.p.,38.5,TRUE,TRUE,FALSE,TRUE,Aumento de 10 p.p. ou mais,1,-21.636769998042706,-26.910884924960097
ESC_007,,EMEF CHAPEU DO SOL,ruti,1,Língua Portuguesa,5,5,114,95,77,81,67.54385964912281,85.26315789473684,45.285714285714285,13.77777777777778,42.714285714285715,84.18518518518519,24.818181818181817,8.012345679012345,32.467532467532465,7.802469135802469,TRUE,TRUE,TRUE,TRUE,TRUE,TRUE,0,-19,4,17.719298245614027,-31.507936507936503,41.470899470899475,-16.80583613916947,-24.665063331729996,-16.666666666666668,5.194805194805195,FALSE,FALSE,FALSE,TRUE,FALSE,FALSE,FALSE,FALSE,Aumento de participação igual ou superior a 10 p.p.,79,FALSE,FALSE,FALSE,TRUE,Aumento de 10 p.p. ou mais,1,-18.298266108466382,-24.21699508200702
ESC_008,,EMEF CHICO MENDES,eliane,1,Língua Portuguesa,4,4,97,92,72,78,74.22680412371135,84.78260869565217,58.611111111111114,13.884615384615383,19.680555555555557,83.15384615384616,38.97222222222222,11.294871794871796,41.56944444444444,5.82051282051282,TRUE,TRUE,TRUE,TRUE,TRUE,TRUE,0,-5,6,10.555804571940826,-44.72649572649573,63.4732905982906,-27.677350427350422,-35.748931623931625,-5.154639175257732,8.333333333333334,TRUE,FALSE,FALSE,TRUE,FALSE,FALSE,FALSE,FALSE,Aumento de participação igual ou superior a 10 p.p.,75,TRUE,FALSE,FALSE,TRUE,Aumento de 10 p.p. ou mais,1,-25.418545818960002,-28.944472494664755
ESC_009,,EMEF DECIO MARTINS COSTA,nathalia,1,Língua Portuguesa,4,4,98,83,76,71,77.55102040816327,85.5421686746988,35.38157894736842,32.80281690140845,52.55263157894737,53.08450704225352,27.63157894736842,33.29577464788732,19.81578947368421,13.366197183098592,TRUE,TRUE,TRUE,TRUE,TRUE,TRUE,0,-15,-5,7.991148266535532,-2.5787620459599694,0.5318754633061502,5.664195700518899,-6.449592290585617,-15.306122448979592,-6.578947368421052,TRUE,FALSE,FALSE,FALSE,FALSE,FALSE,FALSE,FALSE,Sem alerta principal de composição,73.5,TRUE,FALSE,FALSE,TRUE,Aumento entre 5 e 10 p.p.,1,-7.814290518097575,-10.48355202729476
ESC_010,,EMEF DEP MARCIRIO GOULART LOUREIRO,marian,1,Língua Portuguesa,4,4,95,85,66,66,69.47368421052632,77.6470588235294,24,14.787878787878787,63.45454545454545,75.93939393939394,31.818181818181817,19.21212121212121,4.7272727272727275,4.545454545454546,TRUE,TRUE,TRUE,TRUE,TRUE,TRUE,0,-10,0,8.17337461300309,-9.212121212121213,12.484848484848484,-12.606060606060606,-0.18181818181818168,-10.526315789473683,0,FALSE,FALSE,FALSE,FALSE,FALSE,FALSE,FALSE,FALSE,Sem alerta principal de composição,66,FALSE,FALSE,FALSE,TRUE,Aumento entre 5 e 10 p.p.,1,-4.761786493820629,-7.491916573636693
ESC_011,,EMEF DEP VICTOR ISSLER,clarissa,1,Língua Portuguesa,5,5,116,102,90,86,77.58620689655173,84.31372549019608,51.82222222222222,39.7906976744186,27.933333333333337,40.72093023255814,35.37777777777778,38.18604651162791,36.48888888888889,21.302325581395348,TRUE,TRUE,TRUE,TRUE,TRUE,TRUE,0,-14,-4,6.727518593644348,-12.03152454780362,12.787596899224804,2.8082687338501273,-15.18656330749354,-12.06896551724138,-4.444444444444445,TRUE,FALSE,FALSE,FALSE,FALSE,FALSE,FALSE,FALSE,Sem alerta principal de composição,88,TRUE,FALSE,FALSE,TRUE,Aumento entre 5 e 10 p.p.,1,-19.867359758946865,-22.114534487217615
ESC_012,,EMEF DOLORES ALCARAZ CALDAS,jalize,1,Língua Portuguesa,6,6,142,142,94,106,66.19718309859155,74.64788732394366,40.17021276595744,24.28301886792453,46.97872340425532,62.4811320754717,28.70212765957447,31.433962264150946,24.329787234042552,6.443396226415095,TRUE,TRUE,TRUE,TRUE,TRUE,TRUE,0,0,12,8.450704225352112,-15.887193898032915,15.50240867121638,2.7318346045764734,-17.88639100762746,0,12.76595744680851,FALSE,FALSE,FALSE,FALSE,FALSE,FALSE,FALSE,FALSE,Sem alerta principal de composição,100,FALSE,FALSE,FALSE,TRUE,Aumento entre 5 e 10 p.p.,1,-18.032278000429642,-20.855043735962894
ESC_015,,EMEF GABRIEL OBINO,amanda,1,Língua Portuguesa,3,3,45,57,27,43,60,75.43859649122807,78.48148148148148,39.30232558139535,7.518518518518518,48.30232558139535,22.03703703703704,35.604651162790695,70.44444444444444,16.41860465116279,TRUE,TRUE,TRUE,TRUE,TRUE,TRUE,0,12,16,15.438596491228068,-39.17915590008613,40.78380706287683,13.567614125753655,-54.02583979328165,26.666666666666668,59.25925925925926,FALSE,FALSE,FALSE,TRUE,FALSE,TRUE,FALSE,FALSE,Mudança relevante no público previsto e aumento de participação,35,FALSE,FALSE,FALSE,FALSE,Aumento de 10 p.p. ou mais,1,-46.26582042717414,-51.42273280016004
ESC_016,,EMEF GOV ILDO MENEGHETTI,clarissa,1,Língua Portuguesa,5,5,109,114,79,87,72.4770642201835,76.3157894736842,49.10126582278481,34.632183908045974,31.64556962025317,47.44827586206897,38.037974683544306,37.12643678160919,30.20253164556962,15.839080459770114,TRUE,TRUE,TRUE,TRUE,TRUE,TRUE,0,5,8,3.838725253500712,-14.469081914738837,15.802706241815802,-0.9115379019351124,-14.363451185799509,4.587155963302752,10.126582278481013,TRUE,FALSE,FALSE,FALSE,FALSE,FALSE,FALSE,FALSE,Sem alerta principal de composição,83,TRUE,FALSE,TRUE,TRUE,Variação entre -5 e 5 p.p.,1,-21.6646947705394,-22.94693372066152
ESC_017,,EMEF GRANDE ORIENTE DO RGS,andreia,1,Língua Portuguesa,4,4,85,82,51,65,60,79.26829268292683,74.62745098039215,19.123076923076923,9.941176470588236,77.3076923076923,23.49019607843137,17.246153846153845,66.62745098039215,5.676923076923077,TRUE,TRUE,TRUE,TRUE,TRUE,TRUE,0,-3,14,19.268292682926827,-55.50437405731523,67.36651583710407,-6.2440422322775255,-60.95052790346908,-3.5294117647058822,27.45098039215686,FALSE,FALSE,FALSE,TRUE,FALSE,FALSE,FALSE,FALSE,Aumento de participação igual ou superior a 10 p.p.,58,FALSE,FALSE,FALSE,TRUE,Aumento de 10 p.p. ou mais,1,-43.29291616495434,-49.7290515351194
ESC_018,,EMEF HEITOR VILLA LOBOS,jalize,1,Língua Portuguesa,3,3,68,69,48,59,70.58823529411765,85.5072463768116,78.83333333333333,7.338983050847458,4.354166666666667,88.79661016949153,24.958333333333332,9.3389830508474585,71.08333333333333,1.8644067796610169,TRUE,TRUE,TRUE,TRUE,TRUE,TRUE,0,1,11,14.919011082693942,-71.49435028248587,84.44244350282486,-15.619350282485874,-69.21892655367232,1.4705882352941178,22.916666666666668,TRUE,FALSE,FALSE,TRUE,FALSE,FALSE,FALSE,FALSE,Aumento de participação igual ou superior a 10 p.p.,53.5,TRUE,FALSE,FALSE,TRUE,Aumento de 10 p.p. ou mais,1,-40.600953045402235,-45.58430971832078
ESC_019,,EMEF JEAN PIAGET,clarissa,1,Língua Portuguesa,3,5,61,109,51,90,83.60655737704919,82.56880733944953,72.92156862745098,36.84444444444444,23.62745098039216,45.13333333333333,1.8823529411764703,37.18888888888889,74.49019607843137,17.866666666666667,TRUE,TRUE,TRUE,TRUE,TRUE,TRUE,2,48,39,-1.0377500375996505,-36.07712418300654,21.505882352941175,35.30653594771242,-56.6235294117647,78.68852459016394,76.47058823529412,TRUE,TRUE,FALSE,FALSE,FALSE,TRUE,FALSE,FALSE,Mudança relevante no número de estudantes previstos,70.5,TRUE,TRUE,TRUE,FALSE,Variação entre -5 e 5 p.p.,1,-30.394920140079122,-30.048283319043932
ESC_020,,EMEF JOAO ANTONIO SATTE,eliane,1,Língua Portuguesa,3,5,61,114,45,92,73.77049180327869,80.70175438596492,72.71111111111111,40.28260869565217,9.133333333333333,49.65217391304348,24.35555555555555,22.304347826086957,66.5111111111111,28.217391304347824,TRUE,TRUE,TRUE,TRUE,TRUE,TRUE,2,53,47,6.93126258268623,-32.42850241545894,40.518840579710144,-2.0512077294685973,-38.29371980676328,86.88524590163935,104.44444444444444,TRUE,FALSE,FALSE,FALSE,FALSE,TRUE,FALSE,FALSE,Mudança relevante no número de estudantes previstos,68.5,TRUE,FALSE,FALSE,FALSE,Aumento entre 5 e 10 p.p.,1,-33.77650794250712,-36.09173872098998
ESC_021,,EMEF JOAO CARLOS DAVILA PAIXAO CORTES - LACADOR,julia,1,Língua Portuguesa,1,2,19,41,12,36,63.1578947368421,87.8048780487805,69,46,8,31.5,33,52,58,17,TRUE,TRUE,TRUE,TRUE,TRUE,TRUE,1,22,24,24.646983311938392,-23,23.5,19,-41,115.78947368421052,200,FALSE,FALSE,FALSE,TRUE,FALSE,TRUE,TRUE,FALSE,Mudança relevante no público previsto e aumento de participação,24,FALSE,FALSE,FALSE,FALSE,Aumento de 10 p.p. ou mais,1,-31.178074914848057,-39.41083967881669
ESC_022,,EMEF JOSE LOUREIRO DA SILVA,jalize,1,Língua Portuguesa,4,4,79,70,42,51,53.16455696202531,72.85714285714286,87.45238095238095,26.84313725490196,2.2857142857142856,54.21568627450981,7.214285714285714,39.80392156862745,90.5,6.549019607843137,TRUE,TRUE,TRUE,TRUE,TRUE,TRUE,0,-9,9,19.692585895117546,-60.60924369747899,51.92997198879552,32.589635854341736,-83.95098039215686,-11.39240506329114,21.428571428571427,FALSE,FALSE,FALSE,TRUE,FALSE,FALSE,FALSE,FALSE,Aumento de participação igual ou superior a 10 p.p.,46.5,FALSE,FALSE,FALSE,TRUE,Aumento de 10 p.p. ou mais,1,-57.11415192043836,-63.69201279764438
ESC_023,,EMEF JOSE MARIANO BECK,nathalia,1,Língua Portuguesa,3,3,65,71,44,55,67.6923076923077,77.46478873239437,66.88636363636364,17.21818181818182,9.204545454545457,72.9090909090909,31.727272727272727,21.78181818181818,59.06818181818182,5.963636363636364,TRUE,TRUE,TRUE,TRUE,TRUE,TRUE,0,6,11,9.772481040086674,-49.66818181818182,63.70454545454545,-9.945454545454544,-53.10454545454546,9.23076923076923,25,FALSE,FALSE,FALSE,FALSE,FALSE,FALSE,FALSE,FALSE,Sem alerta principal de composição,49.5,FALSE,FALSE,FALSE,TRUE,Aumento entre 5 e 10 p.p.,1,-35.4033589448109,-38.66763419282501
ESC_024,,EMEF LAURO RODRIGUES,clarissa,1,Língua Portuguesa,3,5,63,88,51,79,80.95238095238095,89.77272727272727,63.35294117647059,57.30379746835443,23.392156862745097,23.64556962025317,25.313725490196077,37.607594936708864,51.03921568627451,39,TRUE,TRUE,TRUE,TRUE,TRUE,TRUE,2,25,28,8.820346320346317,-6.049143708116155,0.2534127575080696,12.293869446512788,-12.03921568627451,39.68253968253968,54.90196078431372,TRUE,TRUE,FALSE,FALSE,FALSE,TRUE,FALSE,FALSE,Mudança relevante no número de estudantes previstos,65,TRUE,TRUE,FALSE,FALSE,Aumento entre 5 e 10 p.p.,1,-23.37798717695219,-26.324223455571087
ESC_025,,EMEF LEOCADIA FELIZARDO PRESTES,graziela,1,Língua Portuguesa,2,2,49,41,36,35,73.46938775510205,85.36585365853658,40,52.05714285714286,41.888888888888886,34.94285714285714,39,32.02857142857143,19.555555555555557,33.02857142857143,TRUE,TRUE,TRUE,TRUE,TRUE,TRUE,0,-8,-1,11.896465903434532,12.057142857142855,-6.946031746031743,-6.971428571428568,13.473015873015877,-16.3265306122449,-2.7777777777777777,TRUE,FALSE,FALSE,TRUE,FALSE,FALSE,FALSE,FALSE,Aumento de participação igual ou superior a 10 p.p.,35.5,TRUE,FALSE,FALSE,TRUE,Aumento de 10 p.p. ou mais,1,-12.542018950193075,-16.51576308212139
ESC_026,,EMEF LIDOVINO FANTON,julia,1,Língua Portuguesa,4,4,97,92,77,64,79.38144329896907,69.56521739130434,39.64935064935065,48.9375,48.20779220779221,34.828125,29.83116883116883,38.296875,22.16883116883117,26.875,TRUE,TRUE,TRUE,TRUE,TRUE,TRUE,0,-5,-13,-9.81622590766473,9.288149350649348,-13.37966720779221,8.465706168831169,4.7061688311688314,-5.154639175257732,-16.883116883116884,FALSE,FALSE,FALSE,FALSE,FALSE,FALSE,FALSE,FALSE,Sem alerta principal de composição,70.5,FALSE,FALSE,FALSE,TRUE,Queda entre 5 e 10 p.p.,1,-15.252806190741506,-11.973918963653016
ESC_027,,EMEF MARIO QUINTANA,ruti,1,Língua Portuguesa,2,2,45,46,32,41,71.11111111111111,89.1304347826087,16.5,3.7560975609756095,81.5,91.92682926829268,6.5,8.073170731707316,12.5,0,TRUE,TRUE,TRUE,TRUE,TRUE,TRUE,0,1,9,18.019323671497588,-12.74390243902439,10.426829268292678,1.5731707317073162,-12.5,2.2222222222222223,28.125,TRUE,FALSE,FALSE,TRUE,FALSE,FALSE,FALSE,FALSE,Aumento de participação igual ou superior a 10 p.p.,36.5,TRUE,FALSE,FALSE,TRUE,Aumento de 10 p.p. ou mais,1,5.424528759796971,-0.594416890293793
ESC_028,,EMEF MIGRANTES,nathalia,1,Língua Portuguesa,1,2,18,23,14,18,77.77777777777777,78.26086956521739,74,35,14,36.666666666666664,14,58,71,5.333333333333333,TRUE,TRUE,TRUE,TRUE,TRUE,TRUE,1,5,4,0.4830917874396192,-39,22.666666666666664,44,-65.66666666666667,27.77777777777778,28.571428571428573,TRUE,FALSE,FALSE,FALSE,FALSE,TRUE,TRUE,TRUE,Mudança relevante no número de estudantes previstos,16,TRUE,FALSE,TRUE,FALSE,Variação entre -5 e 5 p.p.,1,-36.29648202286012,-36.45784785798318
ESC_029,,EMEF MORADAS DA HIPICA,amanda,1,Língua Portuguesa,4,4,88,91,66,81,75,89.01098901098901,68.51515151515152,47.75308641975309,12.257575757575758,38.28395061728395,30.39393939393939,33.27160493827161,57.57575757575758,28.69135802469136,TRUE,TRUE,TRUE,TRUE,TRUE,TRUE,0,3,15,14.010989010989007,-20.762065095398427,26.02637485970819,2.8776655443322134,-28.88439955106622,3.409090909090909,22.727272727272727,TRUE,FALSE,FALSE,TRUE,FALSE,FALSE,FALSE,FALSE,Aumento de participação igual ou superior a 10 p.p.,73.5,TRUE,FALSE,FALSE,TRUE,Aumento de 10 p.p. ou mais,1,-30.542126343511825,-35.222178874814915
ESC_030,,EMEF MORRO DA CRUZ,andreia,1,Língua Portuguesa,4,4,84,93,61,67,72.61904761904762,72.04301075268818,17.60655737704918,38.6865671641791,76.98360655737704,42.61194029850746,14.901639344262296,40.92537313432836,8.114754098360656,16.46268656716418,TRUE,TRUE,TRUE,TRUE,TRUE,TRUE,0,9,6,-0.5760368663594448,21.08000978712992,-34.37166625886958,26.023733790066068,8.347932468803524,10.714285714285714,9.836065573770492,TRUE,FALSE,FALSE,FALSE,FALSE,FALSE,FALSE,FALSE,Sem alerta principal de composição,64,TRUE,FALSE,TRUE,TRUE,Variação entre -5 e 5 p.p.,1,-0.2854612597414103,-0.09304923283774252
ESC_031,,EMEF NEUSA GOULART BRIZOLA,julia,1,Língua Portuguesa,2,3,42,63,30,52,71.42857142857143,82.53968253968254,79.5,38.92307692307692,7,54.65384615384615,20,21.442307692307693,73.5,23.903846153846153,TRUE,TRUE,TRUE,TRUE,TRUE,TRUE,1,21,22,11.111111111111114,-40.57692307692308,47.65384615384615,1.4423076923076934,-49.59615384615385,50,73.33333333333333,TRUE,FALSE,FALSE,TRUE,FALSE,TRUE,FALSE,FALSE,Mudança relevante no público previsto e aumento de participação,41,TRUE,FALSE,FALSE,FALSE,Aumento de 10 p.p. ou mais,1,-40.08449810156291,-43.79591230939368
ESC_032,,EMEF NOSSA SENHORA DE FATIMA,amanda,1,Língua Portuguesa,3,4,70,91,44,71,62.857142857142854,78.02197802197803,46.29545454545455,40.74647887323944,41.15909090909091,43.23943661971831,27.295454545454547,35.04225352112676,31.886363636363637,21.95774647887324,TRUE,TRUE,TRUE,TRUE,TRUE,TRUE,1,21,27,15.164835164835177,-5.548975672215107,2.0803457106274053,7.746798975672213,-9.928617157490397,30,61.36363636363637,FALSE,FALSE,FALSE,TRUE,FALSE,TRUE,FALSE,FALSE,Mudança relevante no público previsto e aumento de participação,57.5,FALSE,FALSE,FALSE,FALSE,Aumento de 10 p.p. ou mais,1,-21.317435351793627,-26.382903973909904
ESC_033,,EMEF NOSSA SENHORA DO CARMO,amanda,1,Língua Portuguesa,3,4,67,94,54,76,80.59701492537313,80.85106382978724,49.629629629629626,14.921052631578949,40.888888888888886,80.07894736842105,16.85185185185185,16.105263157894736,42.592592592592595,4.052631578947368,TRUE,TRUE,TRUE,TRUE,TRUE,TRUE,1,27,22,0.25404890441410544,-34.70857699805068,39.19005847953217,-0.7465886939571149,-38.539961013645225,40.298507462686565,40.74074074074074,TRUE,TRUE,FALSE,FALSE,FALSE,TRUE,FALSE,FALSE,Mudança relevante no número de estudantes previstos,65,TRUE,TRUE,TRUE,FALSE,Variação entre -5 e 5 p.p.,1,-16.62860397863986,-16.71346324283924
ESC_034,,EMEF PEPITA DE LEAO,nathalia,1,Língua Portuguesa,3,2,67,43,51,34,76.11940298507463,79.06976744186046,88.11764705882354,35,1.8823529411764703,43.47058823529411,14.117647058823527,49,84,8,TRUE,TRUE,TRUE,TRUE,TRUE,TRUE,-1,-24,-17,2.9503644567858345,-53.117647058823536,41.588235294117645,34.88235294117647,-76,-35.82089552238806,-33.333333333333336,TRUE,FALSE,FALSE,FALSE,FALSE,TRUE,FALSE,FALSE,Mudança relevante no número de estudantes previstos,42.5,TRUE,FALSE,TRUE,FALSE,Variação entre -5 e 5 p.p.,1,-48.91419267183031,-49.899694882517736
ESC_035,,EMEF PORTO NOVO,marian,1,Língua Portuguesa,2,2,47,45,33,41,70.2127659574468,91.11111111111111,67.96969696969697,22.536585365853657,15.272727272727272,70.90243902439025,30.515151515151516,17.048780487804876,54.21212121212121,12.048780487804878,TRUE,TRUE,TRUE,TRUE,TRUE,TRUE,0,-2,8,20.89834515366431,-45.433111603843315,55.629711751662974,-13.46637102734664,-42.163340724316335,-4.25531914893617,24.242424242424242,TRUE,FALSE,FALSE,TRUE,FALSE,FALSE,FALSE,FALSE,Aumento de participação igual ou superior a 10 p.p.,37,TRUE,FALSE,FALSE,TRUE,Aumento de 10 p.p. ou mais,1,-31.276851787730013,-38.2574691488415
ESC_036,,EMEF PRES JOAO BELCHIOR MARQUES GOULART,marian,1,Língua Portuguesa,3,4,59,83,31,71,52.54237288135593,85.5421686746988,95.19354838709675,24.802816901408452,0,67.52112676056338,3.096774193548387,20.056338028169016,96.90322580645162,12.95774647887324,TRUE,TRUE,TRUE,TRUE,TRUE,TRUE,1,24,40,32.99979579334287,-70.39073148568832,67.52112676056338,16.959563834620628,-83.94547932757837,40.67796610169491,129.03225806451613,FALSE,FALSE,FALSE,TRUE,FALSE,TRUE,FALSE,FALSE,Mudança relevante no público previsto e aumento de participação,51,FALSE,FALSE,FALSE,FALSE,Aumento de 10 p.p. ou mais,1,-56.783863018191454,-67.80669500485484
ESC_037,,EMEF PRESIDENTE VARGAS,eliane,1,Língua Portuguesa,2,2,47,45,38,37,80.85106382978724,82.22222222222223,51.421052631578945,26.18918918918919,31.73684210526316,67.48648648648648,31.63157894736842,21.10810810810811,36.63157894736842,11.945945945945946,TRUE,TRUE,TRUE,TRUE,TRUE,TRUE,0,-2,-1,1.3711583924349924,-25.231863442389756,35.74964438122333,-10.523470839260312,-24.68563300142247,-4.25531914893617,-2.6315789473684212,TRUE,TRUE,FALSE,FALSE,FALSE,FALSE,FALSE,FALSE,Sem alerta principal de composição,37.5,TRUE,TRUE,TRUE,TRUE,Variação entre -5 e 5 p.p.,1,-18.941813979922582,-19.399818286420864
ESC_038,,EMEF PROF ANA IRIS DO AMARAL,eliane,1,Língua Portuguesa,2,2,48,40,33,36,68.75,90,62,55.44444444444444,17.848484848484848,22.555555555555557,27.424242424242426,38.333333333333336,54.21212121212121,38.55555555555556,TRUE,TRUE,TRUE,TRUE,TRUE,TRUE,0,-8,3,21.25,-6.555555555555557,4.707070707070709,10.90909090909091,-15.656565656565654,-16.666666666666668,9.090909090909092,FALSE,FALSE,FALSE,TRUE,FALSE,FALSE,FALSE,FALSE,Aumento de participação igual ou superior a 10 p.p.,34.5,FALSE,FALSE,FALSE,TRUE,Aumento de 10 p.p. ou mais,1,-28.288146393943162,-35.38622606641951
ESC_039,,EMEF PROF ANISIO TEIXEIRA,andreia,1,Língua Portuguesa,4,4,77,73,61,67,79.22077922077922,91.78082191780824,67.73770491803279,48.44776119402985,16.442622950819672,33.02985074626866,27.868852459016395,40.134328358208954,55.75409836065574,27.16417910447761,TRUE,TRUE,TRUE,TRUE,TRUE,TRUE,0,-4,6,12.560042697029004,-19.28994372400294,16.587227795448985,12.26547589919256,-28.589919256178128,-5.194805194805195,9.836065573770492,TRUE,FALSE,FALSE,TRUE,FALSE,FALSE,FALSE,FALSE,Aumento de participação igual ou superior a 10 p.p.,64,TRUE,FALSE,FALSE,TRUE,Aumento de 10 p.p. ou mais,1,-27.991724096385358,-32.18712097888967
ESC_040,,EMEF PROF GILBERTO JORGE GONCALVES DA SILVA,ruti,1,Língua Portuguesa,1,1,23,22,13,21,56.52173913043478,95.45454545454544,94,36,0,44,8,44,92,11,TRUE,TRUE,TRUE,TRUE,TRUE,TRUE,0,-1,8,38.93280632411067,-58,44,36,-81,-4.3478260869565215,61.53846153846154,FALSE,FALSE,FALSE,TRUE,FALSE,FALSE,TRUE,FALSE,Aumento de participação igual ou superior a 10 p.p.,17,FALSE,FALSE,FALSE,TRUE,Aumento de 10 p.p. ou mais,1,-52.91295261942703,-65.91757196820953
ESC_041,,EMEF PROF JUDITH MACEDO DE ARAUJO,graziela,1,Língua Portuguesa,4,4,81,87,69,71,85.18518518518519,81.60919540229885,49.492753623188406,11.112676056338028,34.81159420289855,81.28169014084507,24.753623188405797,17.3943661971831,40.68115942028985,1.5774647887323945,TRUE,TRUE,TRUE,TRUE,TRUE,TRUE,0,6,2,-3.5759897828863387,-38.380077566850375,46.470095937946525,-7.359256991222697,-39.10369463155746,7.407407407407407,2.898550724637681,TRUE,TRUE,FALSE,FALSE,FALSE,FALSE,FALSE,FALSE,Sem alerta principal de composição,70,TRUE,TRUE,TRUE,TRUE,Variação entre -5 e 5 p.p.,1,-15.945903233924803,-14.75142509807123
ESC_042,,EMEF PROF LARRY JOSE RIBEIRO ALVES,amanda,1,Língua Portuguesa,4,4,86,84,61,68,70.93023255813954,80.95238095238095,43.91803278688525,25.86764705882353,40.704918032786885,67.04411764705883,31.114754098360656,18.88235294117647,27.688524590163933,14.338235294117649,TRUE,TRUE,TRUE,TRUE,TRUE,TRUE,0,-2,7,10.022148394241412,-18.05038572806172,26.33919961427194,-12.232401157184183,-13.350289296046286,-2.3255813953488373,11.475409836065573,TRUE,FALSE,FALSE,TRUE,FALSE,FALSE,FALSE,FALSE,Aumento de participação igual ou superior a 10 p.p.,64.5,TRUE,FALSE,FALSE,TRUE,Aumento de 10 p.p. ou mais,1,-17.152441991717545,-20.500112946621364
ESC_043,,EMEF RINCAO,jalize,1,Língua Portuguesa,2,2,45,47,34,39,75.55555555555556,82.97872340425532,87.47058823529412,44.12820512820513,6.117647058823529,44.41025641025641,6.117647058823529,23.94871794871795,88.23529411764706,31.153846153846153,TRUE,TRUE,TRUE,TRUE,TRUE,TRUE,0,2,5,7.423167848699762,-43.342383107088985,38.29260935143288,17.83107088989442,-57.081447963800905,4.444444444444445,14.705882352941176,TRUE,FALSE,FALSE,FALSE,FALSE,FALSE,FALSE,FALSE,Sem alerta principal de composição,36.5,TRUE,FALSE,FALSE,TRUE,Aumento entre 5 e 10 p.p.,1,-45.908403837228114,-48.38794439309802
ESC_044,,EMEF SAINT HILAIRE,andreia,1,Língua Portuguesa,4,4,75,87,51,71,68,81.60919540229885,51.09803921568628,26.380281690140844,33.431372549019606,66.26760563380282,31.45098039215686,28.183098591549296,35.431372549019606,6.126760563380282,TRUE,TRUE,TRUE,TRUE,TRUE,TRUE,0,12,20,13.609195402298852,-24.717757525545434,32.83623308478321,-3.267881800607565,-29.30461198563933,16,39.21568627450981,FALSE,FALSE,FALSE,TRUE,FALSE,FALSE,FALSE,FALSE,Aumento de participação igual ou superior a 10 p.p.,61,FALSE,FALSE,FALSE,TRUE,Aumento de 10 p.p. ou mais,1,-22.37880173969776,-26.924644245289098
ESC_045,,EMEF SAO PEDRO,marian,1,Língua Portuguesa,4,4,95,95,82,68,86.3157894736842,71.57894736842105,38.6219512195122,39.22058823529411,50.08536585365854,51.294117647058826,19.4390243902439,22.808823529411764,30.24390243902439,26.176470588235293,TRUE,TRUE,TRUE,TRUE,TRUE,TRUE,0,0,-14,-14.73684210526315,0.5986370157819181,1.208751793400289,3.369799139167863,-4.067431850789095,0,-17.073170731707318,TRUE,FALSE,FALSE,FALSE,TRUE,FALSE,FALSE,FALSE,Queda de participação igual ou superior a 10 p.p.,75,TRUE,FALSE,FALSE,TRUE,Queda de 10 p.p. ou mais,1,-11.408578067866024,-6.486070802743107
ESC_046,,EMEF SEN ALBERTO PASQUALINI,julia,1,Língua Portuguesa,3,4,66,86,42,66,63.63636363636363,76.74418604651163,48.523809523809526,56.93939393939394,35.95238095238095,27.10606060606061,26.095238095238095,34.803030303030305,38.30952380952381,38.09090909090909,TRUE,TRUE,TRUE,TRUE,TRUE,TRUE,1,20,24,13.107822410147996,8.415584415584412,-8.846320346320343,8.70779220779221,-0.2186147186147167,30.303030303030305,57.142857142857146,FALSE,FALSE,FALSE,TRUE,FALSE,TRUE,FALSE,FALSE,Mudança relevante no público previsto e aumento de participação,54,FALSE,FALSE,FALSE,FALSE,Aumento de 10 p.p. ou mais,1,-23.075315776560384,-27.453686025967496
ESC_047,,EMEF TIMBAUVA,nathalia,1,Língua Portuguesa,3,3,57,62,43,56,75.43859649122807,90.3225806451613,40.58139534883721,83.39285714285714,53.65116279069768,0,16.348837209302324,32.285714285714285,30,67.71428571428571,TRUE,TRUE,TRUE,TRUE,TRUE,TRUE,0,5,13,14.883984153933229,42.81146179401993,-53.65116279069768,15.93687707641196,37.71428571428571,8.771929824561404,30.232558139534884,TRUE,FALSE,FALSE,TRUE,FALSE,FALSE,FALSE,FALSE,Aumento de participação igual ou superior a 10 p.p.,49.5,TRUE,FALSE,FALSE,TRUE,Aumento de 10 p.p. ou mais,1,-9.777050332945954,-14.748707056169174
ESC_048,,EMEF VER ANTONIO GIUDICE,clarissa,1,Língua Portuguesa,4,4,87,89,65,76,74.71264367816092,85.3932584269663,60.44615384615385,37.276315789473685,27.50769230769231,47.6578947368421,21.6,30.17105263157895,50.676923076923075,22.657894736842103,TRUE,TRUE,TRUE,TRUE,TRUE,TRUE,0,2,11,10.680614748805382,-23.169838056680163,20.150202429149793,8.571052631578947,-28.01902834008097,2.2988505747126435,16.923076923076923,TRUE,FALSE,FALSE,TRUE,FALSE,FALSE,FALSE,FALSE,Aumento de participação igual ou superior a 10 p.p.,70.5,TRUE,FALSE,FALSE,TRUE,Aumento de 10 p.p. ou mais,1,-26.107268111596227,-29.67488479103369
ESC_049,,EMEF VER CARLOS PESSOA DE BRUM,priscila,1,Língua Portuguesa,5,5,120,93,86,73,71.66666666666667,78.49462365591398,48.2906976744186,10.89041095890411,31.3953488372093,85,40.84883720930232,15,27.75581395348837,0,TRUE,TRUE,TRUE,TRUE,TRUE,TRUE,0,-27,-13,6.827956989247312,-37.4002867155145,53.6046511627907,-25.848837209302324,-27.75581395348837,-22.5,-15.116279069767442,TRUE,FALSE,FALSE,FALSE,FALSE,TRUE,FALSE,FALSE,Mudança relevante no número de estudantes previstos,79.5,TRUE,FALSE,FALSE,FALSE,Aumento entre 5 e 10 p.p.,1,-21.57556308047308,-23.85628697270456
ESC_050,,EMEF VER MARTIM ARANHA,priscila,1,Língua Portuguesa,3,4,55,71,38,57,69.0909090909091,80.28169014084507,58.05263157894737,10.192982456140353,23.473684210526315,89.7719298245614,31.289473684210527,6.298245614035087,44.94736842105263,4.175438596491228,TRUE,TRUE,TRUE,TRUE,TRUE,TRUE,1,16,19,11.190781049935978,-47.85964912280702,66.29824561403508,-24.99122807017544,-40.77192982456141,29.09090909090909,50,FALSE,FALSE,FALSE,TRUE,FALSE,TRUE,FALSE,FALSE,Mudança relevante no público previsto e aumento de participação,47.5,FALSE,FALSE,FALSE,FALSE,Aumento de 10 p.p. ou mais,1,-26.98398939573867,-30.72201553642969
ESC_051,,EMEF VILA MONTE CRISTO,graziela,1,Língua Portuguesa,5,5,79,84,56,68,70.88607594936708,80.95238095238095,82.58928571428571,36.86764705882353,8.714285714285714,47.661764705882355,8.821428571428571,34.205882352941174,82.23214285714286,18.36764705882353,TRUE,TRUE,TRUE,TRUE,TRUE,TRUE,0,5,12,10.066305003013866,-45.72163865546218,38.94747899159664,25.384453781512605,-63.86449579831933,6.329113924050633,21.428571428571427,TRUE,FALSE,FALSE,TRUE,FALSE,FALSE,FALSE,FALSE,Aumento de participação igual ou superior a 10 p.p.,62,TRUE,FALSE,FALSE,TRUE,Aumento de 10 p.p. ou mais,1,-44.542749240811446,-47.90516970758037
ESC_052,,EMEF WENCESLAU FONTOURA,eliane,1,Língua Portuguesa,4,4,93,90,70,80,75.26881720430107,88.88888888888889,61.15714285714286,31.35,22.928571428571427,56.4375,28.771428571428572,37.0375,48.51428571428571,6.525,TRUE,TRUE,TRUE,TRUE,TRUE,TRUE,0,-3,10,13.620071684587812,-29.807142857142857,33.50892857142857,8.26607142857143,-41.989285714285714,-3.225806451612903,14.285714285714286,TRUE,FALSE,FALSE,TRUE,FALSE,FALSE,FALSE,FALSE,Aumento de participação igual ou superior a 10 p.p.,75,TRUE,FALSE,FALSE,TRUE,Aumento de 10 p.p. ou mais,1,-25.462616560609995,-30.012092041176736
ESC_053,,EMEM EMILIO MEYER,ruti,1,Língua Portuguesa,4,4,79,78,54,55,68.35443037974683,70.51282051282051,79.62962962962963,21.581818181818186,7.388888888888889,65.69090909090909,16.51851851851852,26.09090909090909,76.0925925925926,8.036363636363637,TRUE,TRUE,TRUE,TRUE,TRUE,TRUE,0,-1,1,2.1583901330736808,-58.047811447811455,58.3020202020202,9.572390572390573,-68.05622895622896,-1.2658227848101269,1.8518518518518519,FALSE,FALSE,FALSE,FALSE,FALSE,FALSE,FALSE,FALSE,Sem alerta principal de composição,54.5,FALSE,FALSE,TRUE,TRUE,Variação entre -5 e 5 p.p.,1,-47.00222302819772,-47.72318421073156
ESC_054,,ESC EST ENS FUN PROFESSORA LEOPOLDA BARNEWITZ,julia,1,Língua Portuguesa,1,1,24,19,15,18,62.5,94.73684210526316,69,48,27,31,13,44,60,25,TRUE,TRUE,TRUE,TRUE,TRUE,TRUE,0,-5,3,32.236842105263165,-21,4,31,-35,-20.833333333333332,20,FALSE,FALSE,FALSE,TRUE,FALSE,TRUE,TRUE,TRUE,Mudança relevante no público previsto e aumento de participação,16.5,FALSE,FALSE,FALSE,FALSE,Aumento de 10 p.p. ou mais,1,-33.89541038496077,-44.66339502741714
ESC_055,,ESCOLA DE ENSINO FUNDAMENTAL MADRE RAFFO,outras,1,Língua Portuguesa,1,1,13,6,13,6,100,100,100,31,0,50,0,50,100,0,TRUE,TRUE,TRUE,TRUE,TRUE,TRUE,0,-7,-7,0,-69,50,50,-100,-53.84615384615385,-53.84615384615385,TRUE,TRUE,TRUE,FALSE,FALSE,TRUE,TRUE,TRUE,Mudança relevante no número de estudantes previstos,9.5,TRUE,TRUE,TRUE,FALSE,Variação entre -5 e 5 p.p.,1,-43.300624626091576,-43.300624626091576
ESC_001,,EEF PEQUENA CASA DA CRIANCA,outras,2,Língua Portuguesa,3,3,56,46,37,41,66.07142857142857,89.1304347826087,57.37837837837838,41.90243902439025,18.864864864864863,36.707317073170735,51.67567567567568,52.926829268292686,29.89189189189189,10.365853658536585,TRUE,TRUE,TRUE,TRUE,TRUE,TRUE,0,-10,4,23.059006211180133,-15.475939353988132,17.842452208305872,1.2511535926170083,-19.526038233355308,-17.857142857142858,10.81081081081081,FALSE,FALSE,FALSE,TRUE,FALSE,FALSE,FALSE,FALSE,Aumento de participação igual ou superior a 10 p.p.,39,FALSE,FALSE,FALSE,TRUE,Aumento de 10 p.p. ou mais,2,-8.020790237472678,-15.723127331829541
ESC_002,,EMEB DR LIBERATO SALZANO VIEIRA DA CUNHA,clarissa,2,Língua Portuguesa,4,4,88,81,69,74,78.4090909090909,91.35802469135804,65.71014492753623,38.08108108108108,21.92753623188406,47,30.594202898550726,36.98648648648648,47.98550724637681,16.243243243243242,TRUE,TRUE,TRUE,TRUE,TRUE,TRUE,0,-7,5,12.94893378226712,-27.629063846455153,25.07246376811594,6.392283587935758,-31.74226400313357,-7.954545454545454,7.246376811594203,TRUE,FALSE,FALSE,TRUE,FALSE,FALSE,FALSE,FALSE,Aumento de participação igual ou superior a 10 p.p.,71.5,TRUE,FALSE,FALSE,TRUE,Aumento de 10 p.p. ou mais,2,-8.880414721594928,-13.205711835013854
ESC_003,,EMEF AFONSO GUERREIRO LIMA,graziela,2,Língua Portuguesa,4,4,97,81,74,73,76.28865979381443,90.12345679012346,70.14864864864865,47.83561643835616,18.93243243243243,39.917808219178085,25.58108108108108,27,55.472972972972975,33.082191780821915,TRUE,TRUE,TRUE,TRUE,TRUE,TRUE,0,-16,-1,13.834796996309024,-22.313032210292484,20.985375786745653,1.4189189189189193,-22.39078119215106,-16.49484536082474,-1.3513513513513513,TRUE,FALSE,FALSE,TRUE,FALSE,FALSE,FALSE,FALSE,Aumento de participação igual ou superior a 10 p.p.,73.5,TRUE,FALSE,FALSE,TRUE,Aumento de 10 p.p. ou mais,2,-13.460495694339958,-18.081695286449975
ESC_004,,EMEF AMERICA,nathalia,2,Língua Portuguesa,2,2,52,42,44,37,84.61538461538461,88.0952380952381,53.18181818181818,51.51351351351352,31.90909090909091,30.35135135135135,34.18181818181818,41.945945945945944,33.90909090909091,27.7027027027027,TRUE,TRUE,TRUE,TRUE,TRUE,TRUE,0,-10,-7,3.479853479853489,-1.668304668304664,-1.5577395577395592,7.764127764127764,-6.206388206388205,-19.23076923076923,-15.909090909090908,TRUE,TRUE,FALSE,FALSE,FALSE,FALSE,FALSE,FALSE,Sem alerta principal de composição,40.5,TRUE,TRUE,TRUE,TRUE,Variação entre -5 e 5 p.p.,2,0.6175422259917305,-0.5448237621750529
ESC_005,,EMEF ARAMY SILVA,priscila,2,Língua Portuguesa,4,4,82,78,59,69,71.95121951219512,88.46153846153847,63.016949152542374,49.53623188405797,25.305084745762713,41.2463768115942,25.47457627118644,26.92753623188406,49.25423728813559,31.82608695652174,TRUE,TRUE,TRUE,TRUE,TRUE,TRUE,0,-4,10,16.510318949343343,-13.480717268484405,15.94129206583149,1.4529599606976191,-17.428150331613853,-4.878048780487805,16.949152542372882,TRUE,FALSE,FALSE,TRUE,FALSE,FALSE,FALSE,FALSE,Aumento de participação igual ou superior a 10 p.p.,64,TRUE,FALSE,FALSE,TRUE,Aumento de 10 p.p. ou mais,2,-9.91104529642028,-15.425942205617215
ESC_006,,EMEF CAMPOS DO CRISTAL,andreia,2,Língua Portuguesa,2,2,50,33,43,32,86,96.96969696969695,59.58139534883721,56.375,34.86046511627907,21.75,14.093023255813954,39.1875,51.04651162790697,39.1875,TRUE,TRUE,TRUE,TRUE,TRUE,TRUE,0,-17,-11,10.969696969696969,-3.206395348837212,-13.110465116279071,25.094476744186046,-11.859011627906971,-34,-25.58139534883721,TRUE,TRUE,FALSE,TRUE,FALSE,TRUE,FALSE,FALSE,Mudança relevante no público previsto e aumento de participação,37.5,TRUE,TRUE,FALSE,FALSE,Aumento de 10 p.p. ou mais,2,-1.0698172492768947,-4.733995276280723
ESC_007,,EMEF CHAPEU DO SOL,ruti,2,Língua Portuguesa,4,5,98,111,74,97,75.51020408163265,87.38738738738739,56.48648648648648,58.88659793814433,37.71621621621622,26.804123711340207,20.18918918918919,27,41.891891891891895,46.1958762886598,TRUE,TRUE,TRUE,TRUE,TRUE,TRUE,1,13,23,11.87718330575474,2.4001114516578426,-10.91209250487601,6.8108108108108105,4.303984396767902,13.26530612244898,31.08108108108108,TRUE,FALSE,FALSE,TRUE,FALSE,FALSE,FALSE,FALSE,Aumento de participação igual ou superior a 10 p.p.,85.5,TRUE,FALSE,FALSE,TRUE,Aumento de 10 p.p. ou mais,2,-3.7983078609236145,-7.76561107922258
ESC_008,,EMEF CHICO MENDES,eliane,2,Língua Portuguesa,4,4,90,92,62,75,68.88888888888889,81.52173913043478,62.61290322580645,53.61333333333334,27.596774193548388,29.2,22.693548387096776,35.45333333333333,49.96774193548387,35.38666666666666,TRUE,TRUE,TRUE,TRUE,TRUE,TRUE,0,2,13,12.632850241545896,-8.999569892473112,1.6032258064516114,12.759784946236556,-14.581075268817209,2.2222222222222223,20.967741935483872,FALSE,FALSE,FALSE,TRUE,FALSE,FALSE,FALSE,FALSE,Aumento de participação igual ou superior a 10 p.p.,68.5,FALSE,FALSE,FALSE,TRUE,Aumento de 10 p.p. ou mais,2,-12.685031760663303,-16.90474834913176
ESC_009,,EMEF DECIO MARTINS COSTA,nathalia,2,Língua Portuguesa,4,4,104,96,73,88,70.1923076923077,91.66666666666669,35.31506849315068,39.86363636363637,63.12328767123287,46.11363636363637,19.136986301369863,36.70454545454545,17.73972602739726,17.181818181818183,TRUE,TRUE,TRUE,TRUE,TRUE,TRUE,0,-8,15,21.474358974358974,4.548567870485684,-17.009651307596506,17.56755915317559,-0.5579078455790771,-7.6923076923076925,20.54794520547945,TRUE,FALSE,FALSE,TRUE,FALSE,FALSE,FALSE,FALSE,Aumento de participação igual ou superior a 10 p.p.,80.5,TRUE,FALSE,FALSE,TRUE,Aumento de 10 p.p. ou mais,2,10.31771587048801,3.1446941803535555
ESC_010,,EMEF DEP MARCIRIO GOULART LOUREIRO,marian,2,Língua Portuguesa,4,4,108,92,74,76,68.51851851851852,82.6086956521739,32.486486486486484,44.94736842105263,56.810810810810814,43.48684210526316,28.45945945945946,27.605263157894736,14.95945945945946,28.907894736842103,TRUE,TRUE,TRUE,TRUE,TRUE,TRUE,0,-16,2,14.090177133655388,12.460881934566146,-13.323968705547657,-0.8541963015647234,13.948435277382648,-14.814814814814817,2.7027027027027026,FALSE,FALSE,FALSE,TRUE,FALSE,FALSE,FALSE,FALSE,Aumento de participação igual ou superior a 10 p.p.,75,FALSE,FALSE,FALSE,TRUE,Aumento de 10 p.p. ou mais,2,8.521458833020427,3.814955308597357
ESC_011,,EMEF DEP VICTOR ISSLER,clarissa,2,Língua Portuguesa,5,5,133,119,116,108,87.21804511278195,90.7563025210084,58.37068965517241,56.22222222222222,31.939655172413794,36.342592592592595,21.54310344827586,20.23148148148148,46.51724137931034,43.42592592592592,TRUE,TRUE,TRUE,TRUE,TRUE,TRUE,0,-14,-8,3.538257408226457,-2.1484674329501914,4.402937420178802,-1.3116219667943805,-3.091315453384418,-10.526315789473683,-6.896551724137931,TRUE,TRUE,FALSE,FALSE,FALSE,FALSE,FALSE,FALSE,Sem alerta principal de composição,112,TRUE,TRUE,TRUE,TRUE,Variação entre -5 e 5 p.p.,2,-1.0546840571485667,-2.2365585505754417
ESC_012,,EMEF DOLORES ALCARAZ CALDAS,jalize,2,Língua Portuguesa,6,5,154,132,112,112,72.72727272727273,84.84848484848484,49.625,51.05357142857143,41.089285714285715,36.24107142857143,24.982142857142858,27.151785714285715,34.0625,36.401785714285715,TRUE,TRUE,TRUE,TRUE,TRUE,TRUE,-1,-22,0,12.12121212121211,1.4285714285714306,-4.848214285714285,2.1696428571428577,2.3392857142857153,-14.285714285714286,0,TRUE,FALSE,FALSE,TRUE,FALSE,FALSE,FALSE,FALSE,Aumento de participação igual ou superior a 10 p.p.,112,TRUE,FALSE,FALSE,TRUE,Aumento de 10 p.p. ou mais,2,-1.6113603793230489,-5.6601758787747976
ESC_015,,EMEF GABRIEL OBINO,amanda,2,Língua Portuguesa,3,2,56,44,48,39,85.71428571428571,88.63636363636364,76.875,50.282051282051285,14.8125,32.12820512820513,20.8125,32.30769230769231,64.375,35.56410256410256,TRUE,TRUE,TRUE,TRUE,TRUE,TRUE,-1,-12,-9,2.922077922077932,-26.592948717948715,17.31570512820513,11.495192307692308,-28.81089743589744,-21.428571428571427,-18.75,TRUE,TRUE,FALSE,FALSE,FALSE,TRUE,FALSE,FALSE,Mudança relevante no número de estudantes previstos,43.5,TRUE,TRUE,TRUE,FALSE,Variação entre -5 e 5 p.p.,2,-15.88175979218185,-16.85781352865683
ESC_016,,EMEF GOV ILDO MENEGHETTI,clarissa,2,Língua Portuguesa,5,5,113,114,93,90,82.30088495575221,78.94736842105263,53.483870967741936,33.15555555555556,37.61290322580645,53.62222222222222,25.591397849462364,35.7,36.59139784946237,10.677777777777775,TRUE,TRUE,TRUE,TRUE,TRUE,TRUE,0,1,-3,-3.3535165346995797,-20.328315412186377,16.00931899641577,10.10860215053764,-25.91362007168459,0.8849557522123894,-3.225806451612903,TRUE,FALSE,FALSE,FALSE,FALSE,FALSE,FALSE,FALSE,Sem alerta principal de composição,91.5,TRUE,FALSE,TRUE,TRUE,Variação entre -5 e 5 p.p.,2,-2.6972347607765634,-1.5770687585994203
ESC_017,,EMEF GRANDE ORIENTE DO RGS,andreia,2,Língua Portuguesa,4,4,98,87,67,61,68.36734693877551,70.11494252873563,43.97014925373134,43.34426229508197,38.74626865671642,48.85245901639344,43.507462686567166,26.49180327868853,18.253731343283583,25.50819672131147,TRUE,TRUE,TRUE,TRUE,TRUE,TRUE,0,-11,-6,1.7475955899601132,-0.6258869586493745,10.106190359677022,-17.01565940787864,7.254465378027891,-11.224489795918368,-8.955223880597014,FALSE,FALSE,FALSE,FALSE,FALSE,FALSE,FALSE,FALSE,Sem alerta principal de composição,64,FALSE,FALSE,TRUE,TRUE,Variação entre -5 e 5 p.p.,2,-3.794409736868417,-4.378154336059254
ESC_018,,EMEF HEITOR VILLA LOBOS,jalize,2,Língua Portuguesa,4,3,96,76,73,69,76.04166666666667,90.78947368421052,58.47945205479452,41.2463768115942,27.54794520547945,44.73913043478261,23.28767123287671,38.01449275362319,49.42465753424658,17.579710144927535,TRUE,TRUE,TRUE,TRUE,TRUE,TRUE,-1,-20,-4,14.747807017543847,-17.233075243200318,17.19118522930316,14.726821520746476,-31.84494738931904,-20.833333333333332,-5.47945205479452,TRUE,FALSE,FALSE,TRUE,FALSE,TRUE,FALSE,FALSE,Mudança relevante no público previsto e aumento de participação,71,TRUE,FALSE,FALSE,FALSE,Aumento de 10 p.p. ou mais,2,-5.118439113411231,-10.0446089583445
ESC_019,,EMEF JEAN PIAGET,clarissa,2,Língua Portuguesa,3,3,77,58,54,50,70.12987012987013,86.20689655172414,53.18518518518518,53.08,38.74074074074074,28.84,23.925925925925927,35.14,37.092592592592595,35.3,TRUE,TRUE,TRUE,TRUE,TRUE,TRUE,0,-19,-4,16.077026421854015,-0.10518518518518503,-9.90074074074074,11.214074074074071,-1.792592592592598,-24.67532467532467,-7.407407407407407,TRUE,FALSE,FALSE,TRUE,FALSE,TRUE,FALSE,FALSE,Mudança relevante no público previsto e aumento de participação,52,TRUE,FALSE,FALSE,FALSE,Aumento de 10 p.p. ou mais,2,-4.916898978348215,-10.287064363704772
ESC_020,,EMEF JOAO ANTONIO SATTE,eliane,2,Língua Portuguesa,3,3,57,61,35,50,61.40350877192982,81.9672131147541,64.14285714285714,51.2,19.771428571428572,28.32,31.34285714285714,47.12,48.57142857142857,24.88,TRUE,TRUE,TRUE,TRUE,TRUE,TRUE,0,4,15,20.56370434282428,-12.942857142857136,8.548571428571428,15.777142857142856,-23.69142857142857,7.017543859649122,42.857142857142854,FALSE,FALSE,FALSE,TRUE,FALSE,FALSE,FALSE,FALSE,Aumento de participação igual ou superior a 10 p.p.,42.5,FALSE,FALSE,FALSE,TRUE,Aumento de 10 p.p. ou mais,2,-15.895740361111987,-22.76457856283501
ESC_021,,EMEF JOAO CARLOS DAVILA PAIXAO CORTES - LACADOR,julia,2,Língua Portuguesa,1,1,25,20,22,18,88,90,95,67,0,19,9,19,91,63,TRUE,TRUE,TRUE,TRUE,TRUE,TRUE,0,-5,-4,2,-28,19,10,-28,-20,-18.181818181818183,TRUE,TRUE,FALSE,FALSE,FALSE,TRUE,FALSE,TRUE,Mudança relevante no número de estudantes previstos,20,TRUE,TRUE,TRUE,TRUE,Variação entre -5 e 5 p.p.,2,-27.606827130635192,-28.27488168804474
ESC_022,,EMEF JOSE LOUREIRO DA SILVA,jalize,2,Língua Portuguesa,4,4,93,85,65,62,69.89247311827957,72.94117647058823,61.84615384615385,62.03225806451613,24.476923076923075,23.016129032258064,32,27.5,42.98461538461538,49.483870967741936,TRUE,TRUE,TRUE,TRUE,TRUE,TRUE,0,-8,-3,3.0487033523086637,0.18610421836228144,-1.4607940446650112,-4.5,6.499255583126555,-8.602150537634408,-4.615384615384615,FALSE,FALSE,FALSE,FALSE,FALSE,FALSE,FALSE,FALSE,Sem alerta principal de composição,63.5,FALSE,FALSE,TRUE,TRUE,Variação entre -5 e 5 p.p.,2,-15.057857168134884,-16.076207252484647
ESC_023,,EMEF JOSE MARIANO BECK,nathalia,2,Língua Portuguesa,3,3,65,60,52,48,80,80,60.94230769230769,59.625,24.865384615384617,30.4375,30.692307692307693,22.458333333333332,44.44230769230769,46.75,TRUE,TRUE,TRUE,TRUE,TRUE,TRUE,0,-5,-4,0,-1.3173076923076934,5.572115384615383,-8.233974358974361,2.3076923076923066,-7.6923076923076925,-7.6923076923076925,TRUE,TRUE,FALSE,FALSE,FALSE,FALSE,FALSE,FALSE,Sem alerta principal de composição,50,TRUE,TRUE,TRUE,TRUE,Variação entre -5 e 5 p.p.,2,-8.734992152760967,-8.734992152760967
ESC_024,,EMEF LAURO RODRIGUES,clarissa,2,Língua Portuguesa,3,3,72,66,62,59,86.11111111111111,89.39393939393939,65.91935483870968,73.44067796610169,24.080645161290324,16.440677966101696,22.322580645161292,17.627118644067796,52.91935483870968,66.28813559322033,TRUE,TRUE,TRUE,TRUE,TRUE,TRUE,0,-6,-3,3.2828282828282767,7.521323127392009,-7.639967195188628,-4.695462001093496,13.368780754510652,-8.333333333333334,-4.838709677419355,TRUE,TRUE,FALSE,FALSE,FALSE,FALSE,FALSE,FALSE,Sem alerta principal de composição,60.5,TRUE,TRUE,TRUE,TRUE,Variação entre -5 e 5 p.p.,2,-7.195663983504275,-8.29221818127246
ESC_025,,EMEF LEOCADIA FELIZARDO PRESTES,graziela,2,Língua Portuguesa,2,2,53,49,36,41,67.9245283018868,83.6734693877551,67.69444444444444,44.26829268292683,25.194444444444443,46.21951219512195,11.083333333333334,25.73170731707317,63.72222222222222,28.048780487804876,TRUE,TRUE,TRUE,TRUE,TRUE,TRUE,0,-4,5,15.74894108586831,-23.426151761517616,21.025067750677508,14.648373983739836,-35.673441734417345,-7.547169811320755,13.88888888888889,FALSE,FALSE,FALSE,TRUE,FALSE,FALSE,FALSE,FALSE,Aumento de participação igual ou superior a 10 p.p.,38.5,FALSE,FALSE,FALSE,TRUE,Aumento de 10 p.p. ou mais,2,-16.261802711197785,-21.522378644592106
ESC_026,,EMEF LIDOVINO FANTON,julia,2,Língua Portuguesa,4,4,109,91,78,69,71.55963302752293,75.82417582417582,40.47435897435897,45.08695652173913,51.15384615384615,38.98550724637681,29.487179487179485,38.11594202898551,19.06410256410257,22.652173913043477,TRUE,TRUE,TRUE,TRUE,TRUE,TRUE,0,-18,-9,4.26454279665289,4.612597547380162,-12.16833890746934,8.628762541806022,3.588071348940911,-16.513761467889907,-11.538461538461538,TRUE,FALSE,FALSE,FALSE,FALSE,FALSE,FALSE,FALSE,Sem alerta principal de composição,73.5,TRUE,FALSE,TRUE,TRUE,Variação entre -5 e 5 p.p.,2,1.4661961399091936,0.04172251462320986
ESC_027,,EMEF MARIO QUINTANA,ruti,2,Língua Portuguesa,2,2,49,44,46,34,93.87755102040816,77.27272727272727,49,34.029411764705884,37,48.294117647058826,32.5,35.205882352941174,30.5,17.058823529411764,TRUE,TRUE,TRUE,TRUE,TRUE,TRUE,0,-5,-12,-16.604823747680896,-14.970588235294116,11.294117647058826,2.705882352941174,-13.441176470588236,-10.20408163265306,-26.08695652173913,TRUE,FALSE,FALSE,FALSE,TRUE,FALSE,FALSE,FALSE,Queda de participação igual ou superior a 10 p.p.,40,TRUE,FALSE,FALSE,TRUE,Queda de 10 p.p. ou mais,2,3.325423167682354,8.871887257492526
ESC_028,,EMEF MIGRANTES,nathalia,2,Língua Portuguesa,1,1,21,18,19,16,90.47619047619048,88.88888888888889,62,57,16,40,42,20,42,40,TRUE,TRUE,TRUE,TRUE,TRUE,TRUE,0,-3,-3,-1.587301587301596,-5,24,-22,-2,-14.285714285714286,-15.789473684210526,TRUE,TRUE,FALSE,FALSE,FALSE,FALSE,TRUE,TRUE,Baixo número de avaliados em pelo menos um ano,17.5,TRUE,TRUE,TRUE,TRUE,Variação entre -5 e 5 p.p.,2,-3.3497216212004695,-2.8195195915103675
ESC_029,,EMEF MORADAS DA HIPICA,amanda,2,Língua Portuguesa,4,4,99,99,79,92,79.79797979797979,92.92929292929291,71.15189873417721,86.32608695652173,19.063291139240505,5.173913043478261,19.227848101265824,13.98913043478261,62.21518987341772,81.06521739130434,TRUE,TRUE,TRUE,TRUE,TRUE,TRUE,0,0,13,13.131313131313137,15.174188222344526,-13.889378095762243,-5.238717666483215,18.850027517886623,0,16.455696202531644,TRUE,FALSE,FALSE,TRUE,FALSE,FALSE,FALSE,FALSE,Aumento de participação igual ou superior a 10 p.p.,85.5,TRUE,FALSE,FALSE,TRUE,Aumento de 10 p.p. ou mais,2,-11.518725202402774,-15.9049419934755
ESC_030,,EMEF MORRO DA CRUZ,andreia,2,Língua Portuguesa,4,4,94,74,77,60,81.91489361702128,81.08108108108108,44.75324675324675,35.85,37.62337662337662,53.333333333333336,45.493506493506494,24.416666666666668,16.883116883116884,22.5,TRUE,TRUE,TRUE,TRUE,TRUE,TRUE,0,-20,-17,-0.8338125359401971,-8.903246753246755,15.709956709956714,-21.076839826839823,5.616883116883116,-21.27659574468085,-22.07792207792208,TRUE,TRUE,FALSE,FALSE,FALSE,TRUE,FALSE,FALSE,Mudança relevante no número de estudantes previstos,68.5,TRUE,TRUE,TRUE,FALSE,Variação entre -5 e 5 p.p.,2,3.357778592548893,3.636294724878919
ESC_031,,EMEF NEUSA GOULART BRIZOLA,julia,2,Língua Portuguesa,2,2,43,43,36,35,83.72093023255815,81.3953488372093,59,72.88571428571429,28,9.714285714285714,28,32.6,44.5,57.68571428571428,TRUE,TRUE,TRUE,TRUE,TRUE,TRUE,0,0,-1,-2.3255813953488484,13.885714285714286,-18.285714285714285,4.600000000000001,13.185714285714283,0,-2.7777777777777777,TRUE,TRUE,FALSE,FALSE,FALSE,FALSE,FALSE,FALSE,Sem alerta principal de composição,35.5,TRUE,TRUE,TRUE,TRUE,Variação entre -5 e 5 p.p.,2,-5.397593233480169,-4.620785608585354
ESC_032,,EMEF NOSSA SENHORA DE FATIMA,amanda,2,Língua Portuguesa,3,3,75,60,56,41,74.66666666666667,68.33333333333333,49.82142857142857,48.80487804878049,42.67857142857143,32.21951219512195,26.642857142857142,32.41463414634146,30.285714285714285,35.02439024390244,TRUE,TRUE,TRUE,TRUE,TRUE,TRUE,0,-15,-15,-6.333333333333343,-1.0165505226480818,-10.45905923344948,5.7717770034843205,4.7386759581881535,-20,-26.785714285714285,FALSE,FALSE,FALSE,FALSE,FALSE,TRUE,FALSE,FALSE,Mudança relevante no número de estudantes previstos,48.5,FALSE,FALSE,FALSE,TRUE,Queda entre 5 e 10 p.p.,2,-6.839533202939048,-4.724027104475507
ESC_033,,EMEF NOSSA SENHORA DO CARMO,amanda,2,Língua Portuguesa,3,3,69,66,61,60,88.40579710144928,90.9090909090909,79.14754098360656,33.6,8.081967213114755,58.55,24.40983606557377,21.166666666666668,67.1311475409836,20.283333333333335,TRUE,TRUE,TRUE,TRUE,TRUE,TRUE,0,-3,-1,2.503293807641626,-45.54754098360656,50.468032786885246,-3.243169398907103,-46.84781420765027,-4.3478260869565215,-1.639344262295082,TRUE,TRUE,FALSE,FALSE,FALSE,FALSE,FALSE,FALSE,Sem alerta principal de composição,60.5,TRUE,TRUE,TRUE,TRUE,Variação entre -5 e 5 p.p.,2,-15.27183517386366,-16.10800359222871
ESC_034,,EMEF PEPITA DE LEAO,nathalia,2,Língua Portuguesa,3,3,60,66,41,52,68.33333333333333,78.78787878787878,45.926829268292686,44.63461538461539,43.85365853658536,49.11538461538461,24.463414634146343,16.134615384615383,31.73170731707317,34.75,TRUE,TRUE,TRUE,TRUE,TRUE,TRUE,0,6,11,10.454545454545451,-1.2922138836772987,5.261726078799249,-8.32879924953096,3.0182926829268304,10,26.829268292682926,FALSE,FALSE,FALSE,TRUE,FALSE,FALSE,FALSE,FALSE,Aumento de participação igual ou superior a 10 p.p.,46.5,FALSE,FALSE,FALSE,TRUE,Aumento de 10 p.p. ou mais,2,-1.5604548229010646,-5.052558191178193
ESC_035,,EMEF PORTO NOVO,marian,2,Língua Portuguesa,2,2,46,43,38,41,82.6086956521739,95.34883720930232,73.26315789473684,67.97560975609755,13.263157894736842,14.073170731707316,28.789473684210527,35.926829268292686,57.94736842105263,50,TRUE,TRUE,TRUE,TRUE,TRUE,TRUE,0,-3,3,12.740141557128425,-5.287548138639281,0.8100128369704738,7.137355584082158,-7.94736842105263,-6.521739130434782,7.894736842105263,TRUE,TRUE,FALSE,TRUE,FALSE,FALSE,FALSE,FALSE,Aumento de participação igual ou superior a 10 p.p.,39.5,TRUE,TRUE,FALSE,TRUE,Aumento de 10 p.p. ou mais,2,-11.53805930393889,-15.79361411858002
ESC_036,,EMEF PRES JOAO BELCHIOR MARQUES GOULART,marian,2,Língua Portuguesa,3,3,65,58,42,53,64.61538461538461,91.3793103448276,75.28571428571429,51.301886792452834,12.095238095238097,32.64150943396226,30.80952380952381,29.0188679245283,57.095238095238095,38.33962264150944,TRUE,TRUE,TRUE,TRUE,TRUE,TRUE,0,-7,11,26.763925729442978,-23.983827493261455,20.546271338724168,-1.790655884995509,-18.75561545372866,-10.76923076923077,26.19047619047619,FALSE,FALSE,FALSE,TRUE,FALSE,FALSE,FALSE,FALSE,Aumento de participação igual ou superior a 10 p.p.,47.5,FALSE,FALSE,FALSE,TRUE,Aumento de 10 p.p. ou mais,2,-20.311187150912108,-29.25106842977448
ESC_037,,EMEF PRESIDENTE VARGAS,eliane,2,Língua Portuguesa,2,2,46,47,32,40,69.56521739130434,85.1063829787234,57.375,50.05,34.34375,30.95,22.21875,40.7,43.4375,28.35,TRUE,TRUE,TRUE,TRUE,TRUE,TRUE,0,1,8,15.54116558741906,-7.325000000000003,-3.3937500000000007,18.481250000000003,-15.0875,2.1739130434782608,25,FALSE,FALSE,FALSE,TRUE,FALSE,FALSE,FALSE,FALSE,Aumento de participação igual ou superior a 10 p.p.,36,FALSE,FALSE,FALSE,TRUE,Aumento de 10 p.p. ou mais,2,-7.52015626425672,-12.711329513322504
ESC_038,,EMEF PROF ANA IRIS DO AMARAL,eliane,2,Língua Portuguesa,2,2,49,44,41,40,83.6734693877551,90.9090909090909,69.34146341463415,72.225,14.609756097560975,10.725,24.48780487804878,40.475,60.90243902439025,48.8,TRUE,TRUE,TRUE,TRUE,TRUE,TRUE,0,-5,-1,7.235621521335801,2.883536585365846,-3.884756097560976,15.98719512195122,-12.10243902439025,-10.20408163265306,-2.4390243902439024,TRUE,TRUE,FALSE,FALSE,FALSE,FALSE,FALSE,FALSE,Sem alerta principal de composição,40.5,TRUE,TRUE,FALSE,TRUE,Aumento entre 5 e 10 p.p.,2,-9.997597798135061,-12.414492764644521
ESC_039,,EMEF PROF ANISIO TEIXEIRA,andreia,2,Língua Portuguesa,3,4,61,79,50,69,81.9672131147541,87.34177215189874,65.58,65.81159420289855,20,16.753623188405797,33.98,31.08695652173913,46.02,52.44927536231884,TRUE,TRUE,TRUE,TRUE,TRUE,TRUE,1,18,19,5.3745590371446355,0.23159420289854893,-3.246376811594203,-2.893043478260868,6.42927536231884,29.50819672131147,38,TRUE,TRUE,FALSE,FALSE,FALSE,TRUE,FALSE,FALSE,Mudança relevante no número de estudantes previstos,59.5,TRUE,TRUE,FALSE,FALSE,Aumento entre 5 e 10 p.p.,2,-7.650674946057929,-9.44592427547347
ESC_040,,EMEF PROF GILBERTO JORGE GONCALVES DA SILVA,ruti,2,Língua Portuguesa,1,1,21,21,14,21,66.66666666666667,100,92,41,7,42,7,37,86,21,TRUE,TRUE,TRUE,TRUE,TRUE,TRUE,0,0,7,33.33333333333333,-51,35,30,-65,0,50,FALSE,FALSE,FALSE,TRUE,FALSE,FALSE,TRUE,FALSE,Aumento de participação igual ou superior a 10 p.p.,17.5,FALSE,FALSE,FALSE,TRUE,Aumento de 10 p.p. ou mais,2,-28.349152069326504,-39.483394692818806
ESC_041,,EMEF PROF JUDITH MACEDO DE ARAUJO,graziela,2,Língua Portuguesa,3,3,79,79,71,69,89.87341772151899,87.34177215189874,61.38028169014085,60.01449275362319,22.47887323943662,28.36231884057971,32.28169014084507,25.15942028985507,44.929577464788736,46.84057971014493,TRUE,TRUE,TRUE,TRUE,TRUE,TRUE,0,0,-2,-2.5316455696202524,-1.36578893651766,5.883445601143091,-7.122269850989998,1.911002245356194,0,-2.816901408450704,TRUE,TRUE,FALSE,FALSE,FALSE,FALSE,FALSE,FALSE,Sem alerta principal de composição,70,TRUE,TRUE,TRUE,TRUE,Variação entre -5 e 5 p.p.,2,-3.1149807620748042,-2.2693420818095653
ESC_042,,EMEF PROF LARRY JOSE RIBEIRO ALVES,amanda,2,Língua Portuguesa,3,4,82,97,65,79,79.26829268292683,81.44329896907216,33.246153846153845,42.45569620253165,62.96923076923077,46.88607594936709,20.153846153846153,29.89873417721519,16.876923076923077,23.21518987341772,TRUE,TRUE,TRUE,TRUE,TRUE,TRUE,1,15,14,2.175006286145333,9.209542356377804,-16.08315481986368,9.744888023369036,6.3382667964946435,18.29268292682927,21.53846153846154,TRUE,FALSE,FALSE,FALSE,FALSE,FALSE,FALSE,FALSE,Sem alerta principal de composição,72,TRUE,FALSE,TRUE,TRUE,Variação entre -5 e 5 p.p.,2,12.250913057719394,11.524401626792503
ESC_043,,EMEF RINCAO,jalize,2,Língua Portuguesa,2,2,48,48,44,44,91.66666666666669,91.66666666666669,80.27272727272727,72.63636363636364,11.636363636363637,10.363636363636363,16,24.90909090909091,72.9090909090909,65.18181818181819,TRUE,TRUE,TRUE,TRUE,TRUE,TRUE,0,0,0,0,-7.636363636363626,-1.2727272727272734,8.90909090909091,-7.72727272727272,0,0,TRUE,TRUE,TRUE,FALSE,FALSE,FALSE,FALSE,FALSE,Sem alerta principal de composição,44,TRUE,TRUE,TRUE,TRUE,Variação entre -5 e 5 p.p.,2,-14.610739720781854,-14.610739720781854
ESC_044,,EMEF SAINT HILAIRE,andreia,2,Língua Portuguesa,4,3,90,74,66,56,73.33333333333333,75.67567567567568,42.86363636363637,41.660714285714285,47.10606060606061,40.910714285714285,33.621212121212125,43.625,19.75757575757576,15.464285714285714,TRUE,TRUE,TRUE,TRUE,TRUE,TRUE,-1,-16,-10,2.3423423423423486,-1.2029220779220822,-6.195346320346324,10.003787878787875,-4.293290043290044,-17.77777777777778,-15.151515151515152,TRUE,FALSE,FALSE,FALSE,FALSE,FALSE,FALSE,FALSE,Sem alerta principal de composição,61,TRUE,FALSE,TRUE,TRUE,Variação entre -5 e 5 p.p.,2,0.23837281120438192,-0.5440334272031926
ESC_045,,EMEF SAO PEDRO,marian,2,Língua Portuguesa,5,4,102,86,79,76,77.45098039215686,88.37209302325581,70.9113924050633,43.6578947368421,15.253164556962023,41.38157894736842,29.075949367088608,33.78947368421053,55.89873417721519,24.26315789473684,TRUE,TRUE,TRUE,TRUE,TRUE,TRUE,-1,-16,-3,10.92111263109895,-27.253497668221193,26.12841439040639,4.713524317121919,-31.635576282478347,-15.68627450980392,-3.7974683544303796,TRUE,FALSE,FALSE,TRUE,FALSE,FALSE,FALSE,FALSE,Aumento de participação igual ou superior a 10 p.p.,77.5,TRUE,FALSE,FALSE,TRUE,Aumento de 10 p.p. ou mais,2,-14.18508793968353,-17.833037472277784
ESC_046,,EMEF SEN ALBERTO PASQUALINI,julia,2,Língua Portuguesa,3,3,77,68,57,56,74.02597402597402,82.3529411764706,54.49122807017544,60.535714285714285,28.140350877192983,28.464285714285715,40.26315789473684,20.625,31.614035087719294,50.910714285714285,TRUE,TRUE,TRUE,TRUE,TRUE,TRUE,0,-9,-1,8.326967150496571,6.044486215538846,0.3239348370927324,-19.63815789473684,19.296679197994987,-11.688311688311687,-1.7543859649122806,TRUE,FALSE,FALSE,FALSE,FALSE,FALSE,FALSE,FALSE,Sem alerta principal de composição,56.5,TRUE,FALSE,FALSE,TRUE,Aumento entre 5 e 10 p.p.,2,-5.414406175174619,-8.195840352318982
ESC_047,,EMEF TIMBAUVA,nathalia,2,Língua Portuguesa,3,3,60,57,47,56,78.33333333333333,98.24561403508773,72.08510638297872,70.46428571428571,21.382978723404257,17.357142857142858,17.04255319148936,25.25,61.85106382978723,57.392857142857146,TRUE,TRUE,TRUE,TRUE,TRUE,TRUE,0,-3,9,19.9122807017544,-1.620820668693014,-4.025835866261399,8.207446808510639,-4.45820668693009,-5,19.148936170212767,TRUE,FALSE,FALSE,TRUE,FALSE,FALSE,FALSE,FALSE,Aumento de participação igual ou superior a 10 p.p.,51.5,TRUE,FALSE,FALSE,TRUE,Aumento de 10 p.p. ou mais,2,-11.063441527430523,-17.714686463043034
ESC_048,,EMEF VER ANTONIO GIUDICE,clarissa,2,Língua Portuguesa,3,4,67,87,48,76,71.64179104477611,87.356321839080465,57.291666666666664,69.52631578947368,35.208333333333336,21.51315789473684,16.916666666666668,17.105263157894736,47.875,61.0921052631579,TRUE,TRUE,TRUE,TRUE,TRUE,TRUE,1,20,28,15.714530794304352,12.23464912280702,-13.695175438596491,0.18859649122806843,13.217105263157896,29.850746268656717,58.333333333333336,TRUE,FALSE,FALSE,TRUE,FALSE,TRUE,FALSE,FALSE,Mudança relevante no público previsto e aumento de participação,62,TRUE,FALSE,FALSE,FALSE,Aumento de 10 p.p. ou mais,2,-5.057662277756535,-10.306744235100297
ESC_049,,EMEF VER CARLOS PESSOA DE BRUM,priscila,2,Língua Portuguesa,4,5,107,119,76,90,71.02803738317758,75.63025210084034,66.21052631578948,41.28888888888889,23.76315789473684,47.333333333333336,25.394736842105264,28.344444444444445,51.1578947368421,24.72222222222222,TRUE,TRUE,TRUE,TRUE,TRUE,TRUE,1,12,14,4.602214717662761,-24.92163742690059,23.570175438596493,2.9497076023391813,-26.43567251461988,11.214953271028037,18.42105263157895,TRUE,FALSE,FALSE,FALSE,FALSE,FALSE,FALSE,FALSE,Sem alerta principal de composição,83,TRUE,FALSE,TRUE,TRUE,Variação entre -5 e 5 p.p.,2,-16.215533673496896,-17.752798931652823
ESC_050,,EMEF VER MARTIM ARANHA,priscila,2,Língua Portuguesa,3,3,74,55,58,39,78.37837837837837,70.9090909090909,57.12068965517241,57.666666666666664,27.56896551724138,24.58974358974359,38.10344827586207,38.82051282051282,34.689655172413794,37.35897435897436,TRUE,TRUE,TRUE,TRUE,TRUE,TRUE,0,-19,-19,-7.469287469287465,0.5459770114942515,-2.9792219274977896,0.7170645446507464,2.669319186560564,-25.675675675675677,-32.758620689655174,TRUE,FALSE,FALSE,FALSE,FALSE,TRUE,FALSE,FALSE,Mudança relevante no número de estudantes previstos,48.5,TRUE,FALSE,FALSE,FALSE,Queda entre 5 e 10 p.p.,2,-10.197549037747383,-7.70260327051766
ESC_051,,EMEF VILA MONTE CRISTO,graziela,2,Língua Portuguesa,4,4,87,83,68,77,78.16091954022988,92.7710843373494,56.48529411764706,46.76623376623377,29.352941176470587,39.532467532467535,30.794117647058822,33.935064935064936,39.60294117647059,26.532467532467532,TRUE,TRUE,TRUE,TRUE,TRUE,TRUE,0,-4,9,14.61016479711951,-9.71906035141329,10.179526355996948,3.140947288006114,-13.070473644003055,-4.597701149425287,13.235294117647058,TRUE,FALSE,FALSE,TRUE,FALSE,FALSE,FALSE,FALSE,Aumento de participação igual ou superior a 10 p.p.,72.5,TRUE,FALSE,FALSE,TRUE,Aumento de 10 p.p. ou mais,2,-1.7674649288198268,-6.647658517429868
ESC_052,,EMEF WENCESLAU FONTOURA,eliane,2,Língua Portuguesa,4,4,106,97,82,91,77.35849056603773,93.81443298969072,53.829268292682926,63.68131868131868,34.30487804878049,19.054945054945055,29.341463414634145,33.637362637362635,36.35365853658536,47.30769230769231,TRUE,TRUE,TRUE,TRUE,TRUE,TRUE,0,-9,9,16.455942423652985,9.852050388635751,-15.249932993835433,4.29589922272849,10.954033771106944,-8.49056603773585,10.975609756097562,TRUE,FALSE,FALSE,TRUE,FALSE,FALSE,FALSE,FALSE,Aumento de participação igual ou superior a 10 p.p.,86.5,TRUE,FALSE,FALSE,TRUE,Aumento de 10 p.p. ou mais,2,0.08407096847762574,-5.412662697817531
ESC_053,,EMEM EMILIO MEYER,ruti,2,Língua Portuguesa,4,4,76,75,63,73,82.89473684210526,97.33333333333331,46.904761904761905,46.95890410958904,38.26984126984127,37.32876712328767,36.698412698412696,28.36986301369863,25.50793650793651,34.04109589041096,TRUE,TRUE,TRUE,TRUE,TRUE,TRUE,0,-1,10,14.438596491228068,0.05414220482713716,-0.9410741465536034,-8.328549684714066,8.533159382474448,-1.3157894736842106,15.873015873015873,TRUE,TRUE,FALSE,TRUE,FALSE,FALSE,FALSE,FALSE,Aumento de participação igual ou superior a 10 p.p.,68,TRUE,TRUE,FALSE,TRUE,Aumento de 10 p.p. ou mais,2,8.268999285936179,3.4461141916550453
ESC_054,,ESC EST ENS FUN PROFESSORA LEOPOLDA BARNEWITZ,julia,2,Língua Portuguesa,2,1,31,21,26,19,83.87096774193549,90.47619047619048,74.6923076923077,90,15.76923076923077,0,23.53846153846154,16,61.69230769230769,84,TRUE,TRUE,TRUE,TRUE,TRUE,TRUE,-1,-10,-7,6.605222734254994,15.307692307692308,-15.76923076923077,-7.53846153846154,22.307692307692307,-32.25806451612903,-26.923076923076923,TRUE,TRUE,FALSE,FALSE,FALSE,TRUE,FALSE,TRUE,Mudança relevante no número de estudantes previstos,22.5,TRUE,TRUE,FALSE,FALSE,Aumento entre 5 e 10 p.p.,2,-14.686053964460125,-16.892378539622182
ESC_055,,ESCOLA DE ENSINO FUNDAMENTAL MADRE RAFFO,outras,2,Língua Portuguesa,1,1,5,14,3,14,60,100,68,65,33,21,0,29,67,50,TRUE,TRUE,TRUE,TRUE,TRUE,TRUE,0,9,11,40,-3,-12,29,-17,180,366.6666666666667,FALSE,FALSE,FALSE,TRUE,FALSE,TRUE,TRUE,TRUE,Mudança relevante no público previsto e aumento de participação,8.5,FALSE,FALSE,FALSE,FALSE,Aumento de 10 p.p. ou mais,2,-6.988167967501834,-20.349259115692586
ESC_001,,EEF PEQUENA CASA DA CRIANCA,outras,3,Língua Portuguesa,4,4,70,63,55,60,78.57142857142857,95.23809523809524,56.52727272727272,44.28333333333333,30.963636363636365,40.06666666666667,29.21818181818182,28.566666666666663,39.81818181818182,31.45,TRUE,TRUE,TRUE,TRUE,TRUE,TRUE,0,-7,5,16.66666666666667,-12.243939393939392,9.103030303030303,-0.6515151515151523,-8.36818181818182,-10,9.090909090909092,TRUE,FALSE,FALSE,TRUE,FALSE,FALSE,FALSE,FALSE,Aumento de participação igual ou superior a 10 p.p.,57.5,TRUE,FALSE,FALSE,TRUE,Aumento de 10 p.p. ou mais,3,-2.707814739082739,-8.274936050828888
ESC_002,,EMEB DR LIBERATO SALZANO VIEIRA DA CUNHA,clarissa,3,Língua Portuguesa,4,4,97,98,77,82,79.38144329896907,83.6734693877551,53.11688311688312,43.74390243902439,33.5974025974026,36.48780487804878,33.753246753246756,34.28048780487805,32.4025974025974,28.914634146341463,TRUE,TRUE,TRUE,TRUE,TRUE,TRUE,0,1,5,4.292026088786031,-9.372980677858727,2.890402280646178,0.5272410516312931,-3.487963256255938,1.0309278350515465,6.4935064935064934,TRUE,FALSE,FALSE,FALSE,FALSE,FALSE,FALSE,FALSE,Sem alerta principal de composição,79.5,TRUE,FALSE,TRUE,TRUE,Variação entre -5 e 5 p.p.,3,-3.4771137415400126,-4.910767536107077
ESC_003,,EMEF AFONSO GUERREIRO LIMA,graziela,3,Língua Portuguesa,5,5,121,120,97,94,80.16528925619835,78.33333333333333,53.28865979381443,56.702127659574465,34.75257731958763,23.48936170212766,29.938144329896907,31.606382978723403,34.91752577319588,44.712765957446805,TRUE,TRUE,TRUE,TRUE,TRUE,TRUE,0,-1,-3,-1.8319559228650208,3.4134678657600332,-11.26321561745997,1.6682386488264953,9.795240184250927,-0.8264462809917356,-3.0927835051546393,TRUE,FALSE,FALSE,FALSE,FALSE,FALSE,FALSE,FALSE,Sem alerta principal de composição,95.5,TRUE,FALSE,TRUE,TRUE,Variação entre -5 e 5 p.p.,3,-5.194508844785464,-4.58258559316376
ESC_004,,EMEF AMERICA,nathalia,3,Língua Portuguesa,2,2,57,50,43,40,75.43859649122807,80,75.53488372093024,50.475,11.604651162790695,36.2,23.3953488372093,20.225,65,43.575,TRUE,TRUE,TRUE,TRUE,TRUE,TRUE,0,-7,-3,4.561403508771932,-25.059883720930237,24.595348837209308,-3.1703488372093,-21.424999999999997,-12.280701754385966,-6.976744186046512,TRUE,FALSE,FALSE,FALSE,FALSE,FALSE,FALSE,FALSE,Sem alerta principal de composição,41.5,TRUE,FALSE,TRUE,TRUE,Variação entre -5 e 5 p.p.,3,-22.502493458453912,-24.026126659563374
ESC_005,,EMEF ARAMY SILVA,priscila,3,Língua Portuguesa,4,4,90,99,65,79,72.22222222222223,79.79797979797979,40.01538461538462,52.58227848101266,55.43076923076923,29.253164556962027,16.753846153846155,28.063291139240505,27.815384615384616,42.620253164556956,TRUE,TRUE,TRUE,TRUE,TRUE,TRUE,0,9,14,7.575757575757564,12.56689386562804,-26.177604673807203,11.30944498539435,14.804868549172348,10,21.53846153846154,TRUE,FALSE,FALSE,FALSE,FALSE,FALSE,FALSE,FALSE,Sem alerta principal de composição,72,TRUE,FALSE,FALSE,TRUE,Aumento entre 5 e 10 p.p.,3,2.5954277929403453,0.06491810578301838
ESC_006,,EMEF CAMPOS DO CRISTAL,andreia,3,Língua Portuguesa,2,2,54,52,47,49,87.03703703703704,94.23076923076924,52.53191489361702,70.63265306122449,31.893617021276597,12.346938775510203,27.46808510638298,26.428571428571427,40.191489361702125,61.734693877551024,TRUE,TRUE,TRUE,TRUE,TRUE,TRUE,0,-2,2,7.193732193732188,18.100738167607467,-19.54667824576639,-1.039513677811552,21.5432045158489,-3.703703703703704,4.25531914893617,TRUE,TRUE,FALSE,FALSE,FALSE,FALSE,FALSE,FALSE,Sem alerta principal de composição,48,TRUE,TRUE,FALSE,TRUE,Aumento entre 5 e 10 p.p.,3,2.7898695344392124,0.3869667460359594
ESC_007,,EMEF CHAPEU DO SOL,ruti,3,Língua Portuguesa,5,5,130,119,102,109,78.46153846153847,91.5966386554622,41.11764705882353,25.431192660550455,50.02941176470589,63.99082568807339,23.705882352941178,21.94495412844037,26.441176470588236,13.880733944954128,TRUE,TRUE,TRUE,TRUE,TRUE,TRUE,0,-11,7,13.13510019392372,-15.68645439827307,13.961413923367507,-1.7609282245008089,-12.560442525634109,-8.461538461538462,6.862745098039215,TRUE,FALSE,FALSE,TRUE,FALSE,FALSE,FALSE,FALSE,Aumento de participação igual ou superior a 10 p.p.,105.5,TRUE,FALSE,FALSE,TRUE,Aumento de 10 p.p. ou mais,3,7.124721888248951,2.7372401149581282
ESC_008,,EMEF CHICO MENDES,eliane,3,Língua Portuguesa,4,4,99,100,63,77,63.63636363636363,77,63.857142857142854,45.01298701298701,19.07936507936508,37.935064935064936,33.523809523809526,34.72727272727273,47.63492063492063,27.350649350649352,TRUE,TRUE,TRUE,TRUE,TRUE,TRUE,0,1,14,13.363636363636369,-18.844155844155843,18.855699855699857,1.2034632034632011,-20.28427128427128,1.0101010101010102,22.22222222222222,FALSE,FALSE,FALSE,TRUE,FALSE,FALSE,FALSE,FALSE,Aumento de participação igual ou superior a 10 p.p.,70,FALSE,FALSE,FALSE,TRUE,Aumento de 10 p.p. ou mais,3,-18.513658963079635,-22.97747805122519
ESC_009,,EMEF DECIO MARTINS COSTA,nathalia,3,Língua Portuguesa,4,4,113,93,95,81,84.070796460177,87.09677419354838,61.8421052631579,47.32098765432099,28.32631578947369,39.32098765432099,23.021052631578947,26.123456790123456,48.642105263157895,35.06172839506173,TRUE,TRUE,TRUE,TRUE,TRUE,TRUE,0,-20,-14,3.0259777333713913,-14.52111760883691,10.994671864847302,3.102404158544509,-13.580376868096169,-17.699115044247787,-14.736842105263158,TRUE,TRUE,FALSE,FALSE,FALSE,FALSE,FALSE,FALSE,Sem alerta principal de composição,88,TRUE,TRUE,TRUE,TRUE,Variação entre -5 e 5 p.p.,3,-7.715359912969944,-8.726119020669216
ESC_010,,EMEF DEP MARCIRIO GOULART LOUREIRO,marian,3,Língua Portuguesa,4,4,106,104,74,90,69.81132075471699,86.53846153846153,42,33.111111111111114,43.270270270270274,54.74444444444445,33.75675675675676,24.466666666666665,23.2027027027027,20.788888888888888,TRUE,TRUE,TRUE,TRUE,TRUE,TRUE,0,-2,16,16.727140783744545,-8.888888888888886,11.474174174174172,-9.290090090090091,-2.413813813813814,-1.8867924528301887,21.62162162162162,FALSE,FALSE,FALSE,TRUE,FALSE,FALSE,FALSE,FALSE,Aumento de participação igual ou superior a 10 p.p.,82,FALSE,FALSE,FALSE,TRUE,Aumento de 10 p.p. ou mais,3,2.2232771895096874,-3.364044126996049
ESC_011,,EMEF DEP VICTOR ISSLER,clarissa,3,Língua Portuguesa,6,6,157,163,133,147,84.71337579617834,90.1840490797546,55.50375939849624,47.83673469387755,32.21052631578947,35.51700680272109,28.661654135338345,27.761904761904763,39.12781954887218,36.70068027210884,TRUE,TRUE,TRUE,TRUE,TRUE,TRUE,0,6,14,5.470673283576261,-7.66702470461869,3.306480486931619,-0.8997493734335826,-2.4271392767633415,3.821656050955414,10.526315789473685,TRUE,TRUE,FALSE,FALSE,FALSE,FALSE,FALSE,FALSE,Sem alerta principal de composição,140,TRUE,TRUE,FALSE,TRUE,Aumento entre 5 e 10 p.p.,3,-1.1791064625370566,-3.006460572132916
ESC_012,,EMEF DOLORES ALCARAZ CALDAS,jalize,3,Língua Portuguesa,6,7,163,182,125,150,76.68711656441718,82.41758241758242,45.4,46.153333333333336,44.688,36.36666666666667,25.6,28.74,29.528,34.92,TRUE,TRUE,TRUE,TRUE,TRUE,TRUE,1,19,25,5.730465853165242,0.7533333333333374,-8.321333333333335,3.139999999999997,5.392000000000003,11.656441717791411,20,TRUE,FALSE,FALSE,FALSE,FALSE,FALSE,FALSE,FALSE,Sem alerta principal de composição,137.5,TRUE,FALSE,FALSE,TRUE,Aumento entre 5 e 10 p.p.,3,1.1260530114440641,-0.7880789031993132
ESC_015,,EMEF GABRIEL OBINO,amanda,3,Língua Portuguesa,3,3,73,66,59,49,80.82191780821918,74.24242424242425,40.067796610169495,47.775510204081634,52.50847457627118,35.59183673469388,25.779661016949152,24.632653061224488,22.06779661016949,39.775510204081634,TRUE,TRUE,TRUE,TRUE,TRUE,TRUE,0,-7,-10,-6.579493565794934,7.707713593912139,-16.916637841577305,-1.1470079557246642,17.707713593912143,-9.58904109589041,-16.949152542372882,TRUE,FALSE,FALSE,FALSE,FALSE,FALSE,FALSE,FALSE,Sem alerta principal de composição,54,TRUE,FALSE,FALSE,TRUE,Queda entre 5 e 10 p.p.,3,2.807022323331646,5.004752654369662
ESC_016,,EMEF GOV ILDO MENEGHETTI,clarissa,3,Língua Portuguesa,5,5,128,124,90,102,70.3125,82.25806451612904,44.98888888888889,47.01960784313726,42.37777777777778,34.1078431372549,32.17777777777778,30.941176470588236,25.444444444444443,35.14705882352941,TRUE,TRUE,TRUE,TRUE,TRUE,TRUE,0,-4,12,11.94556451612904,2.0307189542483712,-8.269934640522877,-1.2366013071895416,9.70261437908497,-3.125,13.333333333333334,TRUE,FALSE,FALSE,TRUE,FALSE,FALSE,FALSE,FALSE,Aumento de participação igual ou superior a 10 p.p.,96,TRUE,FALSE,FALSE,TRUE,Aumento de 10 p.p. ou mais,3,-1.2267052617012482,-5.216849669616074
ESC_017,,EMEF GRANDE ORIENTE DO RGS,andreia,3,Língua Portuguesa,4,4,106,106,71,84,66.98113207547169,79.24528301886792,34.971830985915496,43.095238095238095,52.15492957746479,41.333333333333336,30.887323943661972,26.857142857142858,17,32.54761904761905,TRUE,TRUE,TRUE,TRUE,TRUE,TRUE,0,0,13,12.264150943396231,8.1234071093226,-10.821596244131456,-4.030181086519114,15.547619047619053,0,18.309859154929576,FALSE,FALSE,FALSE,TRUE,FALSE,FALSE,FALSE,FALSE,Aumento de participação igual ou superior a 10 p.p.,77.5,FALSE,FALSE,FALSE,TRUE,Aumento de 10 p.p. ou mais,3,3.9644380949217464,-0.1321228703254249
ESC_018,,EMEF HEITOR VILLA LOBOS,jalize,3,Língua Portuguesa,4,4,105,109,83,95,79.04761904761905,87.1559633027523,19.518072289156628,31.778947368421058,72.53012048192771,59.32631578947368,19.228915662650603,19.105263157894736,8.46987951807229,21.57894736842105,TRUE,TRUE,TRUE,TRUE,TRUE,TRUE,0,4,12,8.108344255133247,12.260875079264428,-13.203804692454028,-0.1236525047558672,13.109067850348762,3.8095238095238098,14.457831325301205,TRUE,FALSE,FALSE,FALSE,FALSE,FALSE,FALSE,FALSE,Sem alerta principal de composição,89,TRUE,FALSE,FALSE,TRUE,Aumento entre 5 e 10 p.p.,3,21.725933731229684,19.017525564886082
ESC_019,,EMEF JEAN PIAGET,clarissa,3,Língua Portuguesa,3,3,77,79,54,65,70.12987012987013,82.27848101265823,62.22222222222222,51.92307692307692,16.555555555555557,33.738461538461536,40.81481481481482,23.661538461538463,42.629629629629626,42.92307692307692,TRUE,TRUE,TRUE,TRUE,TRUE,TRUE,0,2,11,12.148610882788104,-10.299145299145302,17.18290598290598,-17.153276353276354,0.2934472934472936,2.5974025974025974,20.37037037037037,TRUE,FALSE,FALSE,TRUE,FALSE,FALSE,FALSE,FALSE,Aumento de participação igual ou superior a 10 p.p.,59.5,TRUE,FALSE,FALSE,TRUE,Aumento de 10 p.p. ou mais,3,-13.413188869082585,-17.47115630230344
ESC_020,,EMEF JOAO ANTONIO SATTE,eliane,3,Língua Portuguesa,4,3,95,61,67,53,70.52631578947368,86.88524590163935,60.44776119402985,64.90566037735849,28.41791044776119,22.58490566037736,24,11.660377358490566,47.82089552238806,65.75471698113208,TRUE,TRUE,TRUE,TRUE,TRUE,TRUE,-1,-34,-14,16.358930112165666,4.457899183328635,-5.833004787383835,-12.339622641509434,17.93382145874402,-35.78947368421053,-20.895522388059703,TRUE,FALSE,FALSE,TRUE,FALSE,TRUE,FALSE,FALSE,Mudança relevante no público previsto e aumento de participação,60,TRUE,FALSE,FALSE,FALSE,Aumento de 10 p.p. ou mais,3,-11.829315386988018,-17.293644294876223
ESC_021,,EMEF JOAO CARLOS DAVILA PAIXAO CORTES - LACADOR,julia,3,Língua Portuguesa,1,1,23,24,19,22,82.6086956521739,91.66666666666669,86,77,0,0,32,33,68,67,TRUE,TRUE,TRUE,TRUE,TRUE,TRUE,0,1,3,9.057971014492765,-9,0,1,-1,4.3478260869565215,15.789473684210526,TRUE,TRUE,FALSE,FALSE,FALSE,FALSE,TRUE,FALSE,Baixo número de avaliados em pelo menos um ano,20.5,TRUE,TRUE,FALSE,TRUE,Aumento entre 5 e 10 p.p.,3,-23.179016645628103,-26.204626054185802
ESC_022,,EMEF JOSE LOUREIRO DA SILVA,jalize,3,Língua Portuguesa,4,4,103,103,65,76,63.10679611650485,73.7864077669903,61.61538461538461,36.26315789473684,23.16923076923077,47.86842105263158,32.323076923076925,27.19736842105263,44.738461538461536,24.93421052631579,TRUE,TRUE,TRUE,TRUE,TRUE,TRUE,0,0,11,10.67961165048544,-25.35222672064777,24.699190283400817,-5.125708502024295,-19.804251012145745,0,16.923076923076923,FALSE,FALSE,FALSE,TRUE,FALSE,FALSE,FALSE,FALSE,Aumento de participação igual ou superior a 10 p.p.,70.5,FALSE,FALSE,FALSE,TRUE,Aumento de 10 p.p. ou mais,3,-18.190206629139524,-21.757488246374933
ESC_023,,EMEF JOSE MARIANO BECK,nathalia,3,Língua Portuguesa,3,3,68,67,54,56,79.41176470588235,83.58208955223881,38.57407407407408,36.089285714285715,48.092592592592595,47.94642857142857,35.333333333333336,28.035714285714285,16.574074074074073,24.017857142857142,TRUE,TRUE,TRUE,TRUE,TRUE,TRUE,0,-1,2,4.170324846356465,-2.484788359788361,-0.14616402116402585,-7.297619047619051,7.44378306878307,-1.4705882352941178,3.7037037037037037,TRUE,FALSE,FALSE,FALSE,FALSE,FALSE,FALSE,FALSE,Sem alerta principal de composição,55,TRUE,FALSE,TRUE,TRUE,Variação entre -5 e 5 p.p.,3,6.823856322078409,5.430854062335083
ESC_024,,EMEF LAURO RODRIGUES,clarissa,3,Língua Portuguesa,3,3,73,65,61,64,83.56164383561644,98.46153846153848,59.55737704918032,62.109375,29.50819672131147,15.03125,26.39344262295082,33.3125,44.09836065573771,51.65625,TRUE,TRUE,TRUE,TRUE,TRUE,TRUE,0,-8,3,14.89989462592203,2.5519979508196755,-14.476946721311474,6.919057377049182,7.557889344262293,-10.95890410958904,4.918032786885246,TRUE,TRUE,FALSE,TRUE,FALSE,FALSE,FALSE,FALSE,Aumento de participação igual ou superior a 10 p.p.,62.5,TRUE,TRUE,FALSE,TRUE,Aumento de 10 p.p. ou mais,3,-2.2115769653069464,-7.1885482201914925
ESC_025,,EMEF LEOCADIA FELIZARDO PRESTES,graziela,3,Língua Portuguesa,3,3,66,63,51,54,77.27272727272727,85.71428571428571,60.86274509803921,29.703703703703702,21.62745098039216,62.31481481481482,41.3921568627451,17.962962962962962,36.98039215686274,19.72222222222222,TRUE,TRUE,TRUE,TRUE,TRUE,TRUE,0,-3,3,8.441558441558442,-31.15904139433551,40.687363834422655,-23.429193899782135,-17.25816993464052,-4.545454545454546,5.882352941176471,TRUE,FALSE,FALSE,FALSE,FALSE,FALSE,FALSE,FALSE,Sem alerta principal de composição,52.5,TRUE,FALSE,FALSE,TRUE,Aumento entre 5 e 10 p.p.,3,-9.222211730992395,-12.041922525253437
ESC_026,,EMEF LIDOVINO FANTON,julia,3,Língua Portuguesa,6,5,143,135,103,87,72.02797202797203,64.44444444444444,21.796116504854368,45.72413793103448,75.54368932038835,39.701149425287355,21.475728155339805,25.885057471264368,2.9805825242718447,34.60919540229885,TRUE,TRUE,TRUE,TRUE,TRUE,TRUE,-1,-8,-16,-7.583527583527584,23.928021426180116,-35.842539895101,4.409329315924563,31.62861287802701,-5.594405594405594,-15.533980582524272,FALSE,FALSE,FALSE,FALSE,FALSE,FALSE,FALSE,FALSE,Sem alerta principal de composição,95,FALSE,FALSE,FALSE,TRUE,Queda entre 5 e 10 p.p.,3,9.895246164797747,12.428351246506018
ESC_027,,EMEF MARIO QUINTANA,ruti,3,Língua Portuguesa,2,2,51,49,42,43,82.3529411764706,87.75510204081633,55,41.51162790697674,36,42.95348837209303,31,31.023255813953487,33.5,26.023255813953487,TRUE,TRUE,TRUE,TRUE,TRUE,TRUE,0,-2,1,5.402160864345731,-13.488372093023258,6.953488372093027,0.02325581395348663,-7.476744186046513,-3.92156862745098,2.380952380952381,TRUE,TRUE,FALSE,FALSE,FALSE,FALSE,FALSE,FALSE,Sem alerta principal de composição,42.5,TRUE,TRUE,FALSE,TRUE,Aumento entre 5 e 10 p.p.,3,-2.670338736191752,-4.474807828834557
ESC_028,,EMEF MIGRANTES,nathalia,3,Língua Portuguesa,2,1,27,18,26,13,96.29629629629628,72.22222222222223,51.15384615384615,55,34.61538461538461,23,34.38461538461539,38,30.53846153846154,38,TRUE,TRUE,TRUE,TRUE,TRUE,TRUE,-1,-9,-13,-24.074074074074066,3.8461538461538463,-11.615384615384611,3.615384615384613,7.46153846153846,-33.333333333333336,-50,TRUE,FALSE,FALSE,FALSE,TRUE,TRUE,FALSE,TRUE,Mudança relevante no público previsto e queda de participação,19.5,TRUE,FALSE,FALSE,FALSE,Queda de 10 p.p. ou mais,3,-1.610058190553172,6.43133925974681
ESC_029,,EMEF MORADAS DA HIPICA,amanda,3,Língua Portuguesa,3,4,79,104,69,91,87.34177215189874,87.5,68.5072463768116,74.42857142857143,16,10.692307692307692,33.30434782608695,22.67032967032967,50.69565217391305,66.63736263736264,TRUE,TRUE,TRUE,TRUE,TRUE,TRUE,1,25,22,0.15822784810126225,5.921325051759837,-5.307692307692308,-10.634018155757282,15.941710463449596,31.64556962025317,31.884057971014492,TRUE,TRUE,FALSE,FALSE,FALSE,TRUE,FALSE,FALSE,Mudança relevante no número de estudantes previstos,80,TRUE,TRUE,TRUE,FALSE,Variação entre -5 e 5 p.p.,3,-9.547773269915957,-9.600625687432533
ESC_030,,EMEF MORRO DA CRUZ,andreia,3,Língua Portuguesa,4,4,103,103,84,78,81.55339805825243,75.72815533980582,57.42857142857143,53.17948717948718,33.57142857142857,31.93589743589743,21.345238095238095,22.32051282051282,45.345238095238095,45.97435897435897,TRUE,TRUE,TRUE,TRUE,TRUE,TRUE,0,0,-6,-5.825242718446603,-4.249084249084248,-1.635531135531135,0.9752747252747264,0.629120879120876,0,-7.142857142857143,TRUE,FALSE,FALSE,FALSE,FALSE,FALSE,FALSE,FALSE,Sem alerta principal de composição,81,TRUE,FALSE,FALSE,TRUE,Queda entre 5 e 10 p.p.,3,-8.547670204431142,-6.601880231393636
ESC_031,,EMEF NEUSA GOULART BRIZOLA,julia,3,Língua Portuguesa,2,2,44,44,30,38,68.18181818181819,86.36363636363636,34.666666666666664,83.89473684210526,50.333333333333336,9.31578947368421,39.93333333333333,9,9.733333333333333,82.15789473684211,TRUE,TRUE,TRUE,TRUE,TRUE,TRUE,0,0,8,18.181818181818173,49.22807017543859,-41.01754385964912,-30.93333333333333,72.42456140350878,0,26.666666666666668,FALSE,FALSE,FALSE,TRUE,FALSE,FALSE,FALSE,FALSE,Aumento de participação igual ou superior a 10 p.p.,34,FALSE,FALSE,FALSE,TRUE,Aumento de 10 p.p. ou mais,3,6.950944108543972,0.877720859366363
ESC_032,,EMEF NOSSA SENHORA DE FATIMA,amanda,3,Língua Portuguesa,3,3,75,79,62,68,82.66666666666667,86.07594936708861,52.88709677419355,42.88235294117647,34,38.161764705882355,28.983870967741936,36.9264705882353,37.016129032258064,24.573529411764707,TRUE,TRUE,TRUE,TRUE,TRUE,TRUE,0,4,6,3.40928270042194,-10.00474383301708,4.161764705882355,7.942599620493361,-12.442599620493358,5.333333333333333,9.67741935483871,TRUE,TRUE,FALSE,FALSE,FALSE,FALSE,FALSE,FALSE,Sem alerta principal de composição,65,TRUE,TRUE,TRUE,TRUE,Variação entre -5 e 5 p.p.,3,-1.2903589116861944,-2.4291523344433834
ESC_033,,EMEF NOSSA SENHORA DO CARMO,amanda,3,Língua Portuguesa,4,3,105,83,88,70,83.80952380952381,84.33734939759036,61.32954545454545,47.94285714285714,24.738636363636363,34.385714285714286,27.352272727272727,29.6,47.90909090909091,36.01428571428571,TRUE,TRUE,TRUE,TRUE,TRUE,TRUE,-1,-22,-18,0.5278255880665483,-13.38668831168831,9.647077922077925,2.247727272727275,-11.894805194805194,-20.952380952380953,-20.454545454545453,TRUE,TRUE,FALSE,FALSE,FALSE,TRUE,FALSE,FALSE,Mudança relevante no número de estudantes previstos,79,TRUE,TRUE,TRUE,FALSE,Variação entre -5 e 5 p.p.,3,-8.469876180999805,-8.646184325812413
ESC_034,,EMEF PEPITA DE LEAO,nathalia,3,Língua Portuguesa,3,3,68,65,49,51,72.05882352941177,78.46153846153847,37.204081632653065,72.72549019607843,49.12244897959184,10.68627450980392,36.673469387755105,23.941176470588236,14.20408163265306,65.37254901960785,TRUE,TRUE,TRUE,TRUE,TRUE,TRUE,0,-3,2,6.402714932126699,35.52140856342536,-38.436174469787915,-12.73229291716687,51.16846738695479,-4.411764705882353,4.081632653061225,TRUE,FALSE,FALSE,FALSE,FALSE,FALSE,FALSE,FALSE,Sem alerta principal de composição,50,TRUE,FALSE,FALSE,TRUE,Aumento entre 5 e 10 p.p.,3,3.599926605428191,1.4612451603275183
ESC_035,,EMEF PORTO NOVO,marian,3,Língua Portuguesa,2,2,46,45,35,43,76.08695652173913,95.55555555555556,33.2,45.48837209302326,57.08571428571429,32.55813953488372,20.085714285714285,34.883720930232556,22.82857142857143,32.55813953488372,TRUE,TRUE,TRUE,TRUE,TRUE,TRUE,0,-1,8,19.46859903381643,12.288372093023256,-24.527574750830567,14.79800664451827,9.729568106312293,-2.1739130434782608,22.857142857142858,TRUE,FALSE,FALSE,TRUE,FALSE,FALSE,FALSE,FALSE,Aumento de participação igual ou superior a 10 p.p.,39,TRUE,FALSE,FALSE,TRUE,Aumento de 10 p.p. ou mais,3,13.564428136100323,7.061384980640325
ESC_036,,EMEF PRES JOAO BELCHIOR MARQUES GOULART,marian,3,Língua Portuguesa,3,4,71,74,52,64,73.2394366197183,86.48648648648648,71.65384615384616,48.90625,11.615384615384617,32.703125,30.76923076923077,34.75,57.61538461538461,32.84375,TRUE,TRUE,TRUE,TRUE,TRUE,TRUE,1,3,12,13.24704986676818,-22.74759615384616,21.087740384615387,3.98076923076923,-24.771634615384613,4.225352112676056,23.076923076923077,TRUE,FALSE,FALSE,TRUE,FALSE,FALSE,FALSE,FALSE,Aumento de participação igual ou superior a 10 p.p.,58,TRUE,FALSE,FALSE,TRUE,Aumento de 10 p.p. ou mais,3,-17.690499029946594,-22.115375047809536
ESC_037,,EMEF PRESIDENTE VARGAS,eliane,3,Língua Portuguesa,2,2,51,50,35,40,68.62745098039215,80,55.34285714285714,50.8,37.457142857142856,27.4,20.11428571428571,39.05,42.885714285714286,34.025,TRUE,TRUE,TRUE,TRUE,TRUE,TRUE,0,-1,5,11.372549019607844,-4.5428571428571445,-10.057142857142855,18.935714285714283,-8.860714285714288,-1.96078431372549,14.285714285714286,FALSE,FALSE,FALSE,TRUE,FALSE,FALSE,FALSE,FALSE,Aumento de participação igual ou superior a 10 p.p.,37.5,FALSE,FALSE,FALSE,TRUE,Aumento de 10 p.p. ou mais,3,-9.89916543171499,-13.697907032671182
ESC_038,,EMEF PROF ANA IRIS DO AMARAL,eliane,3,Língua Portuguesa,2,2,48,47,43,45,89.58333333333333,95.74468085106383,57.674418604651166,71.35555555555555,25.930232558139537,14.11111111111111,39.2093023255814,18.4,34.86046511627907,67.4888888888889,TRUE,TRUE,TRUE,TRUE,TRUE,TRUE,0,-1,2,6.161347517730505,13.681136950904389,-11.819121447028426,-20.8093023255814,32.62842377260982,-2.0833333333333335,4.651162790697675,TRUE,TRUE,FALSE,FALSE,FALSE,FALSE,FALSE,FALSE,Sem alerta principal de composição,44,TRUE,TRUE,FALSE,TRUE,Aumento entre 5 e 10 p.p.,3,0.49946170541674917,-1.55859643908515
ESC_039,,EMEF PROF ANISIO TEIXEIRA,andreia,3,Língua Portuguesa,4,3,101,72,80,64,79.20792079207921,88.88888888888889,77.15,55.03125,7.4625,26.546875,26.1875,30.984375,66.35,42.15625,TRUE,TRUE,TRUE,TRUE,TRUE,TRUE,-1,-29,-16,9.68096809680968,-22.11875000000001,19.084375,4.796875,-24.19374999999999,-28.712871287128714,-20,TRUE,FALSE,FALSE,FALSE,FALSE,TRUE,FALSE,FALSE,Mudança relevante no número de estudantes previstos,72,TRUE,FALSE,FALSE,FALSE,Aumento entre 5 e 10 p.p.,3,-20.043661176710494,-23.27736860531551
ESC_040,,EMEF PROF GILBERTO JORGE GONCALVES DA SILVA,ruti,3,Língua Portuguesa,1,1,22,21,16,21,72.72727272727273,100,71,69,13,22,38,11,50,67,TRUE,TRUE,TRUE,TRUE,TRUE,TRUE,0,-1,5,27.272727272727263,-2,9,-27,17,-4.545454545454546,31.25,TRUE,FALSE,FALSE,TRUE,FALSE,FALSE,TRUE,FALSE,Aumento de participação igual ou superior a 10 p.p.,18.5,TRUE,FALSE,FALSE,TRUE,Aumento de 10 p.p. ou mais,3,-13.184453712614623,-22.294288586381043
ESC_041,,EMEF PROF JUDITH MACEDO DE ARAUJO,graziela,3,Língua Portuguesa,3,3,80,86,66,71,82.5,82.55813953488372,52.48484848484848,42.80281690140845,27.454545454545453,44.859154929577464,45.46969696969697,23,27.075757575757574,32.140845070422536,TRUE,TRUE,TRUE,TRUE,TRUE,TRUE,0,6,5,0.05813953488372192,-9.682031583440036,17.40460947503201,-22.46969696969697,5.0650874946649616,7.5,7.575757575757576,TRUE,TRUE,FALSE,FALSE,FALSE,FALSE,FALSE,FALSE,Sem alerta principal de composição,68.5,TRUE,TRUE,TRUE,TRUE,Variação entre -5 e 5 p.p.,3,-2.1552317852150047,-2.1746519758373744
ESC_042,,EMEF PROF LARRY JOSE RIBEIRO ALVES,amanda,3,Língua Portuguesa,4,4,113,111,90,88,79.64601769911505,79.27927927927928,54.922222222222224,40.40909090909091,29.844444444444445,37.79545454545455,33.43333333333333,37.875,36.71111111111111,24.261363636363637,TRUE,TRUE,TRUE,TRUE,TRUE,TRUE,0,-2,-2,-0.3667384198357695,-14.513131313131318,7.951010101010102,4.44166666666667,-12.449747474747472,-1.7699115044247788,-2.2222222222222223,TRUE,FALSE,FALSE,FALSE,FALSE,FALSE,FALSE,FALSE,Sem alerta principal de composição,89,TRUE,FALSE,TRUE,TRUE,Variação entre -5 e 5 p.p.,3,-6.2499478242603885,-6.127447187886176
ESC_043,,EMEF RINCAO,jalize,3,Língua Portuguesa,2,2,51,50,40,44,78.43137254901961,88,83.35,59.54545454545455,4.95,16.227272727272727,20.3,46.06818181818182,74.75,37.70454545454545,TRUE,TRUE,TRUE,TRUE,TRUE,TRUE,0,-1,4,9.568627450980388,-23.804545454545448,11.277272727272727,25.76818181818182,-37.04545454545455,-1.96078431372549,10,TRUE,FALSE,FALSE,FALSE,FALSE,FALSE,FALSE,FALSE,Sem alerta principal de composição,42,TRUE,FALSE,FALSE,TRUE,Aumento entre 5 e 10 p.p.,3,-24.087451825457833,-27.283634413848546
ESC_044,,EMEF SAINT HILAIRE,andreia,3,Língua Portuguesa,5,4,113,94,85,82,75.22123893805309,87.23404255319149,44.31764705882353,44.0609756097561,44.858823529411765,39.792682926829265,26.08235294117647,26.74390243902439,29.529411764705884,32.951219512195124,TRUE,TRUE,TRUE,TRUE,TRUE,TRUE,-1,-19,-3,12.012803615138395,-0.2566714490674329,-5.0661406025825,0.6615494978479184,3.4218077474892397,-16.8141592920354,-3.5294117647058822,TRUE,FALSE,FALSE,TRUE,FALSE,FALSE,FALSE,FALSE,Aumento de participação igual ou superior a 10 p.p.,83.5,TRUE,FALSE,FALSE,TRUE,Aumento de 10 p.p. ou mais,3,2.0288768659720855,-1.9837272352073967
ESC_045,,EMEF SAO PEDRO,marian,3,Língua Portuguesa,5,4,112,109,99,85,88.39285714285714,77.98165137614679,67.17171717171718,55.61176470588235,19.47474747474747,32.56470588235294,32.484848484848484,17.505882352941178,48.62626262626262,49.92941176470588,TRUE,TRUE,TRUE,TRUE,TRUE,TRUE,-1,-3,-14,-10.411205766710353,-11.559952465834826,13.089958407605463,-14.978966131907306,1.30314913844326,-2.6785714285714284,-14.141414141414142,TRUE,FALSE,FALSE,FALSE,TRUE,FALSE,FALSE,FALSE,Queda de participação igual ou superior a 10 p.p.,92,TRUE,FALSE,FALSE,TRUE,Queda de 10 p.p. ou mais,3,-12.640141646430155,-9.162514916140484
ESC_046,,EMEF SEN ALBERTO PASQUALINI,julia,3,Língua Portuguesa,5,4,125,100,84,84,67.2,84,64.19047619047619,49.54761904761905,24.904761904761905,35.48809523809524,22.797619047619047,23.107142857142858,52.29761904761905,41.404761904761905,TRUE,TRUE,TRUE,TRUE,TRUE,TRUE,-1,-25,0,16.799999999999997,-14.64285714285714,10.583333333333336,0.3095238095238102,-10.892857142857146,-20,0,FALSE,FALSE,FALSE,TRUE,FALSE,TRUE,FALSE,FALSE,Mudança relevante no público previsto e aumento de participação,84,FALSE,FALSE,FALSE,TRUE,Aumento de 10 p.p. ou mais,3,-15.996596269967007,-21.60825455220712
ESC_047,,EMEF TIMBAUVA,nathalia,3,Língua Portuguesa,3,3,67,68,48,65,71.64179104477611,95.58823529411764,38.5,60.738461538461536,56.208333333333336,26.615384615384617,18.8125,15.953846153846154,24.979166666666668,57.76923076923077,TRUE,TRUE,TRUE,TRUE,TRUE,TRUE,0,1,17,23.94644424934154,22.238461538461536,-29.59294871794872,-2.858653846153846,32.7900641025641,1.492537313432836,35.416666666666664,TRUE,FALSE,FALSE,TRUE,FALSE,FALSE,FALSE,FALSE,Aumento de participação igual ou superior a 10 p.p.,56.5,TRUE,FALSE,FALSE,TRUE,Aumento de 10 p.p. ou mais,3,8.465758657020292,0.4669930497572672
ESC_048,,EMEF VER ANTONIO GIUDICE,clarissa,3,Língua Portuguesa,3,3,75,71,63,66,84,92.95774647887325,43.73015873015873,67.42424242424242,36.285714285714285,16.545454545454547,42.857142857142854,26.696969696969695,20.857142857142858,56.75757575757576,TRUE,TRUE,TRUE,TRUE,TRUE,TRUE,0,-4,3,8.957746478873233,23.694083694083695,-19.740259740259734,-16.16017316017316,35.900432900432904,-5.333333333333333,4.761904761904762,TRUE,TRUE,FALSE,FALSE,FALSE,FALSE,FALSE,FALSE,Sem alerta principal de composição,64.5,TRUE,TRUE,FALSE,TRUE,Aumento entre 5 e 10 p.p.,3,7.620199217169638,4.628067537504389
ESC_049,,EMEF VER CARLOS PESSOA DE BRUM,priscila,3,Língua Portuguesa,5,6,127,153,86,121,67.71653543307086,79.08496732026144,34.36046511627907,29.73553719008265,47.7093023255814,55.14876033057851,39.627906976744185,27.669421487603305,13.069767441860463,17.512396694214875,TRUE,TRUE,TRUE,TRUE,TRUE,TRUE,1,26,35,11.368431887190582,-4.624927926196428,7.439458004997114,-11.95848548914088,4.4426292523544095,20.47244094488189,40.69767441860465,FALSE,FALSE,FALSE,TRUE,FALSE,TRUE,FALSE,FALSE,Mudança relevante no público previsto e aumento de participação,103.5,FALSE,FALSE,FALSE,FALSE,Aumento de 10 p.p. ou mais,3,5.3096864732538,1.5123201068350074
ESC_050,,EMEF VER MARTIM ARANHA,priscila,3,Língua Portuguesa,3,3,82,76,59,60,71.95121951219512,78.94736842105263,64.62711864406779,35,17.10169491525424,45.7,33.94915254237288,33.5,49.271186440677965,21.1,TRUE,TRUE,TRUE,TRUE,TRUE,TRUE,0,-6,1,6.996148908857506,-29.627118644067792,28.598305084745764,-0.4491525423728788,-28.171186440677964,-7.317073170731708,1.694915254237288,TRUE,FALSE,FALSE,FALSE,FALSE,FALSE,FALSE,FALSE,Sem alerta principal de composição,59.5,TRUE,FALSE,FALSE,TRUE,Aumento entre 5 e 10 p.p.,3,-16.004897563538044,-18.34180214497706
ESC_051,,EMEF VILA MONTE CRISTO,graziela,3,Língua Portuguesa,4,4,92,91,72,83,78.26086956521739,91.2087912087912,63,46.12048192771084,27.65277777777778,36.30120481927711,20.72222222222222,28.66265060240964,51.19444444444444,34.54216867469879,TRUE,TRUE,TRUE,TRUE,TRUE,TRUE,0,-1,11,12.94792164357382,-16.87951807228916,8.648427041499332,7.940428380187416,-16.65227576974565,-1.0869565217391304,15.277777777777779,TRUE,FALSE,FALSE,TRUE,FALSE,FALSE,FALSE,FALSE,Aumento de participação igual ou superior a 10 p.p.,77.5,TRUE,FALSE,FALSE,TRUE,Aumento de 10 p.p. ou mais,3,-8.473530815918608,-12.798489847404156
ESC_052,,EMEF WENCESLAU FONTOURA,eliane,3,Língua Portuguesa,4,4,103,102,76,92,73.7864077669903,90.19607843137256,50.81578947368421,51.25,39.39473684210526,26.652173913043477,28.86842105263158,33.18478260869565,31.73684210526316,40.16304347826087,TRUE,TRUE,TRUE,TRUE,TRUE,TRUE,0,-1,16,16.40967066438226,0.4342105263157876,-12.742562929061783,4.31636155606407,8.42620137299771,-0.970873786407767,21.05263157894737,TRUE,FALSE,FALSE,TRUE,FALSE,FALSE,FALSE,FALSE,Aumento de participação igual ou superior a 10 p.p.,84,TRUE,FALSE,FALSE,TRUE,Aumento de 10 p.p. ou mais,3,-1.5407923115924334,-7.0220699480575135
ESC_053,,EMEM EMILIO MEYER,ruti,3,Língua Portuguesa,4,4,96,88,73,70,76.04166666666667,79.54545454545455,47.54794520547945,45.457142857142856,40.89041095890411,39.371428571428574,24.616438356164384,28.557142857142857,34.013698630136986,32.07142857142857,TRUE,TRUE,TRUE,TRUE,TRUE,TRUE,0,-8,-3,3.5037878787878753,-2.090802348336595,-1.518982387475539,3.940704500978473,-1.9422700587084163,-8.333333333333334,-4.109589041095891,TRUE,FALSE,FALSE,FALSE,FALSE,FALSE,FALSE,FALSE,Sem alerta principal de composição,71.5,TRUE,FALSE,TRUE,TRUE,Variação entre -5 e 5 p.p.,3,-2.2857427576978573,-3.456103488008136
ESC_054,,ESC EST ENS FUN PROFESSORA LEOPOLDA BARNEWITZ,julia,3,Língua Portuguesa,1,2,26,39,20,39,76.92307692307692,100,73,82.07692307692308,20,2.923076923076923,10,18.53846153846154,70,79.02564102564102,TRUE,TRUE,TRUE,TRUE,TRUE,TRUE,1,13,19,23.07692307692308,9.07692307692308,-17.076923076923077,8.53846153846154,9.025641025641022,50,95,TRUE,FALSE,FALSE,TRUE,FALSE,TRUE,FALSE,FALSE,Mudança relevante no público previsto e aumento de participação,29.5,TRUE,FALSE,FALSE,FALSE,Aumento de 10 p.p. ou mais,3,-11.328105690931288,-19.036427507195192
ESC_055,,ESCOLA DE ENSINO FUNDAMENTAL MADRE RAFFO,outras,3,Língua Portuguesa,1,1,9,4,8,4,88.88888888888889,100,80,77,0,0,25,50,75,50,TRUE,TRUE,TRUE,TRUE,TRUE,TRUE,0,-5,-4,11.111111111111114,-3,0,25,-25,-55.55555555555556,-50,TRUE,TRUE,FALSE,TRUE,FALSE,TRUE,TRUE,TRUE,Mudança relevante no público previsto e aumento de participação,6,TRUE,TRUE,FALSE,FALSE,Aumento de 10 p.p. ou mais,3,-16.171810174453,-19.883224382283757
ESC_001,,EEF PEQUENA CASA DA CRIANCA,outras,4,Língua Portuguesa,3,3,57,72,46,62,80.70175438596492,86.11111111111111,57.71739130434783,44.96774193548387,24.08695652173913,43.854838709677416,35,23.161290322580644,41.58695652173913,32.983870967741936,TRUE,TRUE,TRUE,TRUE,TRUE,TRUE,0,15,16,5.409356725146196,-12.749649368863956,19.767882187938287,-11.838709677419356,-8.603085553997197,26.31578947368421,34.78260869565217,TRUE,TRUE,FALSE,FALSE,FALSE,TRUE,FALSE,FALSE,Mudança relevante no número de estudantes previstos,54,TRUE,TRUE,FALSE,FALSE,Aumento entre 5 e 10 p.p.,4,-4.164777317726795,-5.971650024170721
ESC_002,,EMEB DR LIBERATO SALZANO VIEIRA DA CUNHA,clarissa,4,Língua Portuguesa,4,4,99,92,80,81,80.8080808080808,88.04347826086956,56.5875,57.44444444444444,36.2875,31.061728395061728,16.225,22.506172839506178,47.775,46.13580246913581,TRUE,TRUE,TRUE,TRUE,TRUE,TRUE,0,-7,1,7.23539745278876,0.8569444444444443,-5.225771604938274,6.281172839506173,-1.6391975308641946,-7.070707070707071,1.25,TRUE,TRUE,FALSE,FALSE,FALSE,FALSE,FALSE,FALSE,Sem alerta principal de composição,80.5,TRUE,TRUE,FALSE,TRUE,Aumento entre 5 e 10 p.p.,4,-3.8535599539487997,-6.270380075451239
ESC_003,,EMEF AFONSO GUERREIRO LIMA,graziela,4,Língua Portuguesa,5,5,131,108,109,94,83.20610687022901,87.03703703703704,68.1743119266055,62.07446808510638,19.24770642201835,22.79787234042553,24.71559633027523,28.872340425531913,56.03669724770642,48.53191489361702,TRUE,TRUE,TRUE,TRUE,TRUE,TRUE,0,-23,-15,3.830930166808031,-6.099843841499116,3.550165918407181,4.156744095256684,-7.5047823540894,-17.557251908396946,-13.761467889908257,TRUE,TRUE,FALSE,FALSE,FALSE,FALSE,FALSE,FALSE,Sem alerta principal de composição,101.5,TRUE,TRUE,TRUE,TRUE,Variação entre -5 e 5 p.p.,4,-12.073960150038399,-13.353595328565287
ESC_004,,EMEF AMERICA,nathalia,4,Língua Portuguesa,2,2,53,53,44,48,83.01886792452831,90.56603773584904,61,67.35416666666667,20.636363636363637,14.5625,45.31818181818182,31.208333333333332,34.04545454545455,54.229166666666664,TRUE,TRUE,TRUE,TRUE,TRUE,TRUE,0,0,4,7.547169811320742,6.354166666666671,-6.073863636363637,-14.109848484848488,20.18371212121212,0,9.090909090909092,TRUE,TRUE,FALSE,FALSE,FALSE,FALSE,FALSE,FALSE,Sem alerta principal de composição,46,TRUE,TRUE,FALSE,TRUE,Aumento entre 5 e 10 p.p.,4,-5.2013401356590165,-7.7223007296572845
ESC_005,,EMEF ARAMY SILVA,priscila,4,Língua Portuguesa,4,3,95,62,78,59,82.10526315789474,95.16129032258064,70.14102564102564,58.186440677966104,23.46153846153846,24.694915254237287,15.564102564102564,34.71186440677966,61.73076923076923,40.728813559322035,TRUE,TRUE,TRUE,TRUE,TRUE,TRUE,-1,-33,-19,13.0560271646859,-11.954584963059531,1.2333767926988273,19.1477618426771,-21.0019556714472,-34.73684210526316,-24.358974358974358,TRUE,TRUE,FALSE,TRUE,FALSE,TRUE,FALSE,FALSE,Mudança relevante no público previsto e aumento de participação,68.5,TRUE,TRUE,FALSE,FALSE,Aumento de 10 p.p. ou mais,4,-11.731865904886952,-16.092935129402512
ESC_006,,EMEF CAMPOS DO CRISTAL,andreia,4,Língua Portuguesa,2,2,56,45,51,42,91.07142857142856,93.33333333333331,68.13725490196079,71.5,13.96078431372549,14,35.333333333333336,29.5,51.21568627450981,57,TRUE,TRUE,TRUE,TRUE,TRUE,TRUE,0,-11,-9,2.261904761904759,3.3627450980392126,0.03921568627450966,-5.833333333333336,5.784313725490193,-19.642857142857142,-17.647058823529413,TRUE,TRUE,TRUE,FALSE,FALSE,FALSE,FALSE,FALSE,Sem alerta principal de composição,46.5,TRUE,TRUE,TRUE,TRUE,Variação entre -5 e 5 p.p.,4,-7.460849728989384,-8.216387621297795
ESC_007,,EMEF CHAPEU DO SOL,ruti,4,Língua Portuguesa,4,4,109,112,82,103,75.22935779816514,91.96428571428572,53.76829268292683,44.36893203883495,28.134146341463413,45.077669902912625,39.03658536585366,19.74757281553398,33.08536585365854,34.94174757281554,TRUE,TRUE,TRUE,TRUE,TRUE,TRUE,0,3,21,16.73492791612057,-9.399360644091878,16.94352356144921,-19.28901255031968,1.8563817191569996,2.7522935779816513,25.609756097560975,TRUE,FALSE,FALSE,TRUE,FALSE,FALSE,FALSE,FALSE,Aumento de participação igual ou superior a 10 p.p.,92.5,TRUE,FALSE,FALSE,TRUE,Aumento de 10 p.p. ou mais,4,-1.993056849712957,-7.582979280855184
ESC_008,,EMEF CHICO MENDES,eliane,4,Língua Portuguesa,5,4,128,102,97,93,75.78125,91.17647058823528,45.845360824742265,42.58064516129032,39.06185567010309,46.18279569892473,32.06185567010309,22.268817204301076,28.876288659793815,32.075268817204304,TRUE,TRUE,TRUE,TRUE,TRUE,TRUE,-1,-26,-4,15.39522058823529,-3.2647156634519447,7.120940028821636,-9.793038465802017,3.198980157410489,-20.3125,-4.123711340206185,TRUE,FALSE,FALSE,TRUE,FALSE,TRUE,FALSE,FALSE,Mudança relevante no público previsto e aumento de participação,95,TRUE,FALSE,FALSE,FALSE,Aumento de 10 p.p. ou mais,4,2.7809800043548325,-2.36144363379303
ESC_009,,EMEF DECIO MARTINS COSTA,nathalia,4,Língua Portuguesa,5,5,121,125,100,113,82.64462809917356,90.4,71.15,50.85840707964602,17.04,36,23.23,25.628318584070797,59.94,38.336283185840706,TRUE,TRUE,TRUE,TRUE,TRUE,TRUE,0,4,13,7.755371900826447,-20.291592920353985,18.96,2.398318584070797,-21.60371681415929,3.3057851239669422,13,TRUE,TRUE,FALSE,FALSE,FALSE,FALSE,FALSE,FALSE,Sem alerta principal de composição,106.5,TRUE,TRUE,FALSE,TRUE,Aumento entre 5 e 10 p.p.,4,-12.527323722220167,-15.117829493596652
ESC_010,,EMEF DEP MARCIRIO GOULART LOUREIRO,marian,4,Língua Portuguesa,4,4,112,108,80,95,71.42857142857143,87.96296296296296,44.7625,51.473684210526315,50.075,31.48421052631579,17.525,35.14736842105263,32.3375,33.61052631578947,TRUE,TRUE,TRUE,TRUE,TRUE,TRUE,0,-4,15,16.53439153439153,6.711184210526312,-18.590789473684215,17.622368421052634,1.2730263157894726,-3.5714285714285716,18.75,TRUE,FALSE,FALSE,TRUE,FALSE,FALSE,FALSE,FALSE,Aumento de participação igual ou superior a 10 p.p.,87.5,TRUE,FALSE,FALSE,TRUE,Aumento de 10 p.p. ou mais,4,1.6581340826963782,-3.8648037265756017
ESC_011,,EMEF DEP VICTOR ISSLER,clarissa,4,Língua Portuguesa,4,5,115,136,101,121,87.82608695652173,88.97058823529412,70.74257425742574,55.25619834710744,15.712871287128714,31.40495867768595,26.85148514851485,25.702479338842977,57.43564356435643,43.11570247933884,TRUE,TRUE,TRUE,TRUE,TRUE,TRUE,1,21,20,1.1445012787723812,-15.486375910318309,15.692087390557235,-1.149005809671877,-14.31994108501759,18.26086956521739,19.801980198019802,TRUE,TRUE,FALSE,FALSE,FALSE,FALSE,FALSE,FALSE,Sem alerta principal de composição,111,TRUE,TRUE,TRUE,TRUE,Variação entre -5 e 5 p.p.,4,-10.501165931379667,-10.883460579002126
ESC_012,,EMEF DOLORES ALCARAZ CALDAS,jalize,4,Língua Portuguesa,5,5,136,152,110,140,80.88235294117646,92.10526315789474,66.6,52.035714285714285,24.73636363636364,30.814285714285713,18.3,34.121428571428574,57.38181818181818,34.85,TRUE,TRUE,TRUE,TRUE,TRUE,TRUE,0,16,30,11.222910216718276,-14.56428571428571,6.077922077922075,15.821428571428571,-22.53181818181818,11.764705882352942,27.272727272727273,TRUE,TRUE,FALSE,TRUE,FALSE,FALSE,FALSE,FALSE,Aumento de participação igual ou superior a 10 p.p.,125,TRUE,TRUE,FALSE,TRUE,Aumento de 10 p.p. ou mais,4,-8.975344268151922,-12.724102426990278
ESC_015,,EMEF GABRIEL OBINO,amanda,4,Língua Portuguesa,2,3,41,58,32,49,78.04878048780488,84.48275862068965,39.25,49.81632653061224,56.375,37.61224489795919,18.6875,24.816326530612244,25.40625,37.57142857142857,TRUE,TRUE,TRUE,TRUE,TRUE,TRUE,1,17,17,6.433978132884775,10.566326530612244,-18.762755102040813,6.128826530612244,12.16517857142857,41.46341463414634,53.125,TRUE,FALSE,FALSE,FALSE,FALSE,TRUE,FALSE,FALSE,Mudança relevante no número de estudantes previstos,40.5,TRUE,FALSE,FALSE,FALSE,Aumento entre 5 e 10 p.p.,4,8.182229032406342,6.033104825432845
ESC_016,,EMEF GOV ILDO MENEGHETTI,clarissa,4,Língua Portuguesa,4,5,112,133,93,113,83.03571428571429,84.9624060150376,54.956989247311824,64.01769911504425,29.107526881720432,26.91150442477876,35.516129032258064,17.238938053097346,35.376344086021504,56.230088495575224,TRUE,TRUE,TRUE,TRUE,TRUE,TRUE,1,21,20,1.9266917293233092,9.060709867732427,-2.1960224569416695,-18.27719097916072,20.85374440955372,18.75,21.50537634408602,TRUE,TRUE,FALSE,FALSE,FALSE,FALSE,FALSE,FALSE,Sem alerta principal de composição,103,TRUE,TRUE,TRUE,TRUE,Variação entre -5 e 5 p.p.,4,-2.080645348761095,-2.724212944009949
ESC_017,,EMEF GRANDE ORIENTE DO RGS,andreia,4,Língua Portuguesa,4,4,108,102,75,85,69.44444444444444,83.33333333333333,52.053333333333335,36.247058823529414,34.733333333333334,50.88235294117647,27.866666666666667,28.211764705882352,37.4,21.176470588235293,TRUE,TRUE,TRUE,TRUE,TRUE,TRUE,0,-6,10,13.888888888888886,-15.80627450980392,16.149019607843137,0.34509803921568505,-16.223529411764705,-5.555555555555555,13.333333333333334,FALSE,FALSE,FALSE,TRUE,FALSE,FALSE,FALSE,FALSE,Aumento de participação igual ou superior a 10 p.p.,80,FALSE,FALSE,FALSE,TRUE,Aumento de 10 p.p. ou mais,4,-5.822152553724255,-10.461420313512708
ESC_018,,EMEF HEITOR VILLA LOBOS,jalize,4,Língua Portuguesa,4,4,112,103,93,97,83.03571428571429,94.1747572815534,57.806451612903224,46.83505154639175,26.795698924731184,39.41237113402062,29.096774193548388,26.50515463917526,43.8494623655914,33.78350515463917,TRUE,TRUE,TRUE,TRUE,TRUE,TRUE,0,-9,4,11.139042995839104,-10.971400066511473,12.616672209289431,-2.5916195543731284,-10.065957210952227,-8.035714285714286,4.301075268817204,TRUE,TRUE,FALSE,TRUE,FALSE,FALSE,FALSE,FALSE,Aumento de participação igual ou superior a 10 p.p.,95,TRUE,TRUE,FALSE,TRUE,Aumento de 10 p.p. ou mais,4,-1.9879163622035705,-5.70866058147913
ESC_019,,EMEF JEAN PIAGET,clarissa,4,Língua Portuguesa,4,3,97,70,73,62,75.25773195876289,88.57142857142857,67.68493150684931,72.56451612903226,20.493150684931507,17.112903225806452,27.424657534246577,21.387096774193548,52.082191780821915,61.54838709677419,TRUE,TRUE,TRUE,TRUE,TRUE,TRUE,-1,-27,-11,13.31369661266568,4.879584622182946,-3.380247459125055,-6.037560760053026,9.466195315952277,-27.835051546391753,-15.068493150684931,TRUE,FALSE,FALSE,TRUE,FALSE,TRUE,FALSE,FALSE,Mudança relevante no público previsto e aumento de participação,67.5,TRUE,FALSE,FALSE,FALSE,Aumento de 10 p.p. ou mais,4,-14.157657667379592,-18.60479551640921
ESC_020,,EMEF JOAO ANTONIO SATTE,eliane,4,Língua Portuguesa,5,4,107,83,85,69,79.4392523364486,83.13253012048193,70.84705882352941,56.608695652173914,17.611764705882354,32.84057971014493,20.011764705882353,21.434782608695652,62.576470588235296,45.98550724637681,TRUE,TRUE,TRUE,TRUE,TRUE,TRUE,-1,-24,-16,3.6932777840333273,-14.238363171355497,15.228815004262575,1.4230179028132994,-16.590963341858483,-22.429906542056074,-18.823529411764707,TRUE,FALSE,FALSE,FALSE,FALSE,TRUE,FALSE,FALSE,Mudança relevante no número de estudantes previstos,77,TRUE,FALSE,TRUE,FALSE,Variação entre -5 e 5 p.p.,4,-16.687817026214347,-17.921472553915777
ESC_021,,EMEF JOAO CARLOS DAVILA PAIXAO CORTES - LACADOR,julia,4,Língua Portuguesa,1,1,23,24,19,24,82.6086956521739,100,75,78,26,9,5,23,68,68,TRUE,TRUE,TRUE,TRUE,TRUE,TRUE,0,1,5,17.391304347826093,3,-17,18,0,4.3478260869565215,26.31578947368421,TRUE,TRUE,FALSE,TRUE,FALSE,FALSE,TRUE,FALSE,Aumento de participação igual ou superior a 10 p.p.,21.5,TRUE,TRUE,FALSE,TRUE,Aumento de 10 p.p. ou mais,4,-12.051452257440548,-17.86062232187132
ESC_022,,EMEF JOSE LOUREIRO DA SILVA,jalize,4,Língua Portuguesa,4,4,82,92,60,72,73.17073170731707,78.26086956521739,52.88333333333333,55.583333333333336,39.88333333333333,23.916666666666668,19.85,38.861111111111114,39.766666666666666,36.986111111111114,TRUE,TRUE,TRUE,TRUE,TRUE,TRUE,0,10,12,5.0901378579003165,2.700000000000003,-15.966666666666663,19.011111111111113,-2.7805555555555515,12.195121951219512,20,TRUE,FALSE,FALSE,FALSE,FALSE,FALSE,FALSE,FALSE,Sem alerta principal de composição,66,TRUE,FALSE,FALSE,TRUE,Aumento entre 5 e 10 p.p.,4,-6.273103923004289,-7.973348819910857
ESC_023,,EMEF JOSE MARIANO BECK,nathalia,4,Língua Portuguesa,3,3,63,68,43,62,68.25396825396825,91.17647058823528,48.46511627906977,28.580645161290324,35.27906976744186,63.87096774193548,37.16279069767442,18.70967741935484,27.976744186046513,17.419354838709676,TRUE,TRUE,TRUE,TRUE,TRUE,TRUE,0,5,19,22.922502334267037,-19.884471117779444,28.59189797449362,-18.453113278319577,-10.557389347336835,7.936507936507937,44.18604651162791,FALSE,FALSE,FALSE,TRUE,FALSE,FALSE,FALSE,FALSE,Aumento de participação igual ou superior a 10 p.p.,52.5,FALSE,FALSE,FALSE,TRUE,Aumento de 10 p.p. ou mais,4,-0.5449891523287675,-8.201730228147696
ESC_024,,EMEF LAURO RODRIGUES,clarissa,4,Língua Portuguesa,4,4,93,69,80,58,86.02150537634408,84.05797101449275,63.95,55.94827586206897,22.4375,30.603448275862068,24.9375,29.017241379310345,52.625,40.37931034482759,TRUE,TRUE,TRUE,TRUE,TRUE,TRUE,0,-24,-22,-1.9635343618513303,-8.001724137931035,8.165948275862068,4.079741379310345,-12.245689655172413,-25.806451612903224,-27.5,TRUE,TRUE,FALSE,FALSE,FALSE,TRUE,FALSE,FALSE,Mudança relevante no número de estudantes previstos,69,TRUE,TRUE,TRUE,FALSE,Variação entre -5 e 5 p.p.,4,-9.420928848464804,-8.765054808932298
ESC_025,,EMEF LEOCADIA FELIZARDO PRESTES,graziela,4,Língua Portuguesa,2,2,53,53,38,45,71.69811320754717,84.90566037735849,67,65.02222222222223,23.5,15.533333333333331,16,29.42222222222222,60.5,54.55555555555556,TRUE,TRUE,TRUE,TRUE,TRUE,TRUE,0,0,7,13.20754716981132,-1.9777777777777743,-7.966666666666667,13.42222222222222,-5.944444444444443,0,18.42105263157895,TRUE,FALSE,FALSE,TRUE,FALSE,FALSE,FALSE,FALSE,Aumento de participação igual ou superior a 10 p.p.,41.5,TRUE,FALSE,FALSE,TRUE,Aumento de 10 p.p. ou mais,4,-15.067285204163895,-19.47896624366085
ESC_026,,EMEF LIDOVINO FANTON,julia,4,Língua Portuguesa,5,5,122,111,97,96,79.50819672131148,86.48648648648648,41.03092783505155,27.4375,46.24742268041237,63.541666666666664,26.762886597938145,20.635416666666668,26.917525773195877,15.927083333333334,TRUE,TRUE,TRUE,TRUE,TRUE,TRUE,0,-11,-1,6.978289765175006,-13.59342783505155,17.294243986254294,-6.127469931271477,-10.990442439862544,-9.01639344262295,-1.0309278350515463,TRUE,FALSE,FALSE,FALSE,FALSE,FALSE,FALSE,FALSE,Sem alerta principal de composição,96.5,TRUE,FALSE,FALSE,TRUE,Aumento entre 5 e 10 p.p.,4,6.270671973727993,3.9397328334532418
ESC_027,,EMEF MARIO QUINTANA,ruti,4,Língua Portuguesa,2,2,50,46,41,40,82,86.95652173913044,44.51219512195122,45,46.41463414634146,44,24.609756097560975,23,29.48780487804878,33,TRUE,TRUE,TRUE,TRUE,TRUE,TRUE,0,-4,-1,4.956521739130437,0.48780487804877737,-2.414634146341463,-1.6097560975609753,3.512195121951219,-8,-2.4390243902439024,TRUE,TRUE,FALSE,FALSE,FALSE,FALSE,FALSE,FALSE,Sem alerta principal de composição,40.5,TRUE,TRUE,TRUE,TRUE,Variação entre -5 e 5 p.p.,4,4.781689431028548,3.126075962665775
ESC_028,,EMEF MIGRANTES,nathalia,4,Língua Portuguesa,1,1,7,19,5,16,71.42857142857143,84.21052631578948,82,51,0,23,40,46,60,31,TRUE,TRUE,TRUE,TRUE,TRUE,TRUE,0,12,11,12.781954887218047,-31,23,6,-29,171.42857142857142,220,TRUE,FALSE,FALSE,TRUE,FALSE,TRUE,TRUE,TRUE,Mudança relevante no público previsto e aumento de participação,10.5,TRUE,FALSE,FALSE,FALSE,Aumento de 10 p.p. ou mais,4,-20.077658904483037,-24.347180511987595
ESC_029,,EMEF MORADAS DA HIPICA,amanda,4,Língua Portuguesa,4,3,107,77,96,72,89.7196261682243,93.50649350649353,82.10416666666667,75.61111111111111,8.322916666666666,11.5,17.947916666666668,22.77777777777778,73.94791666666667,66.02777777777777,TRUE,TRUE,TRUE,TRUE,TRUE,TRUE,-1,-30,-24,3.786867338269218,-6.493055555555557,3.177083333333334,4.829861111111111,-7.9201388888889,-28.037383177570092,-25,TRUE,TRUE,FALSE,FALSE,FALSE,TRUE,FALSE,FALSE,Mudança relevante no número de estudantes previstos,84,TRUE,TRUE,TRUE,FALSE,Variação entre -5 e 5 p.p.,4,-18.13620556706777,-19.40112255888581
ESC_030,,EMEF MORRO DA CRUZ,andreia,4,Língua Portuguesa,4,4,107,98,89,77,83.17757009345794,78.57142857142857,35.93258426966292,32.94805194805195,56.258426966292134,65.05194805194805,18.04494382022472,7.935064935064935,25.910112359550563,27.285714285714285,TRUE,TRUE,TRUE,TRUE,TRUE,TRUE,0,-9,-12,-4.606141522029375,-2.9845323216109705,8.793521085655911,-10.109878885159784,1.3756019261637211,-8.411214953271028,-13.48314606741573,TRUE,FALSE,FALSE,FALSE,FALSE,FALSE,FALSE,FALSE,Sem alerta principal de composição,83,TRUE,FALSE,TRUE,TRUE,Variação entre -5 e 5 p.p.,4,8.49052263712206,10.029099555054577
ESC_031,,EMEF NEUSA GOULART BRIZOLA,julia,4,Língua Portuguesa,2,2,47,42,38,38,80.85106382978724,90.47619047619048,66.84210526315789,61.10526315789474,23.526315789473685,25.42105263157895,18.36842105263158,28,58.10526315789474,47.05263157894737,TRUE,TRUE,TRUE,TRUE,TRUE,TRUE,0,-5,0,9.625126646403244,-5.73684210526315,1.8947368421052635,9.63157894736842,-11.05263157894737,-10.638297872340424,0,TRUE,TRUE,FALSE,FALSE,FALSE,FALSE,FALSE,FALSE,Sem alerta principal de composição,38,TRUE,TRUE,FALSE,TRUE,Aumento entre 5 e 10 p.p.,4,-10.493164229026824,-13.708219089913648
ESC_032,,EMEF NOSSA SENHORA DE FATIMA,amanda,4,Língua Portuguesa,4,3,90,70,71,59,78.88888888888889,84.28571428571429,47.32394366197183,39.983050847457626,32.33802816901409,45.83050847457627,42.45070422535211,27.864406779661017,25.43661971830986,26.305084745762713,TRUE,TRUE,TRUE,TRUE,TRUE,TRUE,-1,-20,-12,5.396825396825406,-7.340892814514206,13.492480305562182,-14.586297445691097,0.8684650274528529,-22.22222222222222,-16.901408450704224,TRUE,FALSE,FALSE,FALSE,FALSE,TRUE,FALSE,FALSE,Mudança relevante no número de estudantes previstos,65,TRUE,FALSE,FALSE,FALSE,Aumento entre 5 e 10 p.p.,4,0.3638299795875284,-1.4388569213588411
ESC_033,,EMEF NOSSA SENHORA DO CARMO,amanda,4,Língua Portuguesa,3,4,90,103,77,93,85.55555555555556,90.29126213592232,52.84415584415584,51.204301075268816,31.181818181818183,33.16129032258065,32.51948051948052,30.06451612903226,36,36.774193548387096,TRUE,TRUE,TRUE,TRUE,TRUE,TRUE,1,13,16,4.735706580366767,-1.6398547688870266,1.979472140762464,-2.454964390448257,0.7741935483870961,14.444444444444445,20.77922077922078,TRUE,TRUE,FALSE,FALSE,FALSE,FALSE,FALSE,FALSE,Sem alerta principal de composição,85,TRUE,TRUE,TRUE,TRUE,Variação entre -5 e 5 p.p.,4,1.8790574775511484,0.29720229576696866
ESC_034,,EMEF PEPITA DE LEAO,nathalia,4,Língua Portuguesa,2,3,49,63,39,55,79.59183673469387,87.3015873015873,71.05128205128206,49.83636363636363,17.923076923076923,31.163636363636364,20.615384615384617,33.654545454545456,61.46153846153846,35.18181818181818,TRUE,TRUE,TRUE,TRUE,TRUE,TRUE,1,14,16,7.709750566893433,-21.214918414918422,13.24055944055944,13.03916083916084,-26.27972027972028,28.571428571428573,41.02564102564103,TRUE,FALSE,FALSE,FALSE,FALSE,TRUE,FALSE,FALSE,Mudança relevante no número de estudantes previstos,47,TRUE,FALSE,FALSE,FALSE,Aumento entre 5 e 10 p.p.,4,-13.592913819365272,-16.168180820717232
ESC_035,,EMEF PORTO NOVO,marian,4,Língua Portuguesa,2,2,46,45,38,42,82.6086956521739,93.33333333333331,45.421052631578945,52.5,41.89473684210526,29.5,34.05263157894737,34,23.57894736842105,36,TRUE,TRUE,TRUE,TRUE,TRUE,TRUE,0,-1,4,10.724637681159422,7.078947368421055,-12.39473684210526,-0.05263157894736992,12.421052631578949,-2.1739130434782608,10.526315789473685,TRUE,TRUE,FALSE,TRUE,FALSE,FALSE,FALSE,FALSE,Aumento de participação igual ou superior a 10 p.p.,40,TRUE,TRUE,FALSE,TRUE,Aumento de 10 p.p. ou mais,4,6.664533096945197,3.082211557212892
ESC_036,,EMEF PRES JOAO BELCHIOR MARQUES GOULART,marian,4,Língua Portuguesa,3,3,67,53,55,48,82.08955223880596,90.56603773584904,77.98181818181818,62.166666666666664,12.836363636363636,22.375,16.527272727272727,36.041666666666664,71.16363636363636,41.583333333333336,TRUE,TRUE,TRUE,TRUE,TRUE,TRUE,0,-14,-7,8.476485497043086,-15.81515151515152,9.538636363636364,19.514393939393937,-29.58030303030302,-20.895522388059703,-12.727272727272727,TRUE,TRUE,FALSE,FALSE,FALSE,TRUE,FALSE,FALSE,Mudança relevante no número de estudantes previstos,51.5,TRUE,TRUE,FALSE,FALSE,Aumento entre 5 e 10 p.p.,4,-18.39621351411673,-21.227590897674467
ESC_037,,EMEF PRESIDENTE VARGAS,eliane,4,Língua Portuguesa,2,2,50,47,35,43,70,91.48936170212764,71.74285714285715,51.674418604651166,14.628571428571428,40.93023255813954,34.25714285714286,15.465116279069768,51.114285714285714,43.604651162790695,TRUE,TRUE,TRUE,TRUE,TRUE,TRUE,0,-3,8,21.489361702127653,-20.06843853820598,26.30166112956811,-18.79202657807309,-7.509634551495019,-6,22.857142857142858,TRUE,FALSE,FALSE,TRUE,FALSE,FALSE,FALSE,FALSE,Aumento de participação igual ou superior a 10 p.p.,39,TRUE,FALSE,FALSE,TRUE,Aumento de 10 p.p. ou mais,4,-17.026813715250142,-24.20484672571432
ESC_038,,EMEF PROF ANA IRIS DO AMARAL,eliane,4,Língua Portuguesa,2,2,43,46,37,45,86.04651162790698,97.82608695652172,85.1891891891892,69.15555555555555,0,15.844444444444443,24.62162162162162,33.84444444444444,75.37837837837837,50.31111111111111,TRUE,TRUE,TRUE,TRUE,TRUE,TRUE,0,3,8,11.779575328614754,-16.03363363363364,15.844444444444443,9.22282282282282,-25.067267267267265,6.976744186046512,21.62162162162162,TRUE,TRUE,FALSE,TRUE,FALSE,FALSE,FALSE,FALSE,Aumento de participação igual ou superior a 10 p.p.,41,TRUE,TRUE,FALSE,TRUE,Aumento de 10 p.p. ou mais,4,-18.860749427468633,-22.795448918783663
ESC_039,,EMEF PROF ANISIO TEIXEIRA,andreia,4,Língua Portuguesa,3,4,82,97,60,86,73.17073170731707,88.65979381443299,82.2,72.06976744186046,6.816666666666666,19.732558139534884,23.383333333333333,12.511627906976743,69.8,67.75581395348837,TRUE,TRUE,TRUE,TRUE,TRUE,TRUE,1,15,26,15.489062107115911,-10.13023255813954,12.915891472868218,-10.87170542635659,-2.0441860465116264,18.29268292682927,43.333333333333336,TRUE,FALSE,FALSE,TRUE,FALSE,FALSE,FALSE,FALSE,Aumento de participação igual ou superior a 10 p.p.,73,TRUE,FALSE,FALSE,TRUE,Aumento de 10 p.p. ou mais,4,-23.56963212198776,-28.743401387316844
ESC_040,,EMEF PROF GILBERTO JORGE GONCALVES DA SILVA,ruti,4,Língua Portuguesa,1,1,23,21,19,21,82.6086956521739,100,81,68,11,11,21,32,68,58,TRUE,TRUE,TRUE,TRUE,TRUE,TRUE,0,-2,2,17.391304347826093,-13,0,11,-10,-8.695652173913043,10.526315789473685,TRUE,TRUE,FALSE,TRUE,FALSE,FALSE,TRUE,FALSE,Aumento de participação igual ou superior a 10 p.p.,20,TRUE,TRUE,FALSE,TRUE,Aumento de 10 p.p. ou mais,4,-16.806369936998095,-22.61554000142887
ESC_041,,EMEF PROF JUDITH MACEDO DE ARAUJO,graziela,4,Língua Portuguesa,3,3,83,76,71,73,85.5421686746988,96.05263157894736,56.74647887323944,60.2054794520548,26.760563380281692,28.123287671232877,33.61971830985915,24.068493150684933,39.25352112676056,48.19178082191781,TRUE,TRUE,TRUE,TRUE,TRUE,TRUE,0,-7,2,10.51046290424857,3.459000578815356,1.362724290951185,-9.55122515917422,8.93825969515725,-8.433734939759036,2.816901408450704,TRUE,TRUE,FALSE,TRUE,FALSE,FALSE,FALSE,FALSE,Aumento de participação igual ou superior a 10 p.p.,72,TRUE,TRUE,FALSE,TRUE,Aumento de 10 p.p. ou mais,4,0.19889096046845367,-3.3118903613651085
ESC_042,,EMEF PROF LARRY JOSE RIBEIRO ALVES,amanda,4,Língua Portuguesa,3,4,85,101,74,89,87.05882352941177,88.11881188118812,65.17567567567568,60.95505617977528,24.216216216216218,21.258426966292134,24.25675675675676,33.13483146067416,51.148648648648646,45.60674157303371,TRUE,TRUE,TRUE,TRUE,TRUE,TRUE,1,16,15,1.0599883517763544,-4.220619495900394,-2.957789249924083,8.878074703917399,-5.541907075614937,18.823529411764707,20.27027027027027,TRUE,TRUE,FALSE,FALSE,FALSE,FALSE,FALSE,FALSE,Sem alerta principal de composição,81.5,TRUE,TRUE,TRUE,TRUE,Variação entre -5 e 5 p.p.,4,-7.03043929422417,-7.384504318826789
ESC_043,,EMEF RINCAO,jalize,4,Língua Portuguesa,2,2,55,49,49,42,89.0909090909091,85.71428571428571,56.3469387755102,62.523809523809526,30.755102040816325,16.333333333333332,26.551020408163264,37.095238095238095,42.69387755102041,47.023809523809526,TRUE,TRUE,TRUE,TRUE,TRUE,TRUE,0,-6,-7,-3.3766233766233853,6.176870748299322,-14.421768707482991,10.54421768707483,4.329931972789119,-10.909090909090908,-14.285714285714286,TRUE,TRUE,FALSE,FALSE,FALSE,FALSE,FALSE,FALSE,Sem alerta principal de composição,45.5,TRUE,TRUE,TRUE,TRUE,Variação entre -5 e 5 p.p.,4,-1.902020302185015,-0.7741359844806013
ESC_044,,EMEF SAINT HILAIRE,andreia,4,Língua Portuguesa,5,4,105,98,90,82,85.71428571428571,83.6734693877551,60.233333333333334,53.829268292682926,23.14444444444445,31.951219512195124,35.522222222222226,24.463414634146343,40.78888888888889,44.0609756097561,TRUE,TRUE,TRUE,TRUE,TRUE,TRUE,-1,-7,-8,-2.040816326530603,-6.4040650406504085,8.806775067750678,-11.058807588075885,3.2720867208672075,-6.666666666666667,-8.88888888888889,TRUE,TRUE,FALSE,FALSE,FALSE,FALSE,FALSE,FALSE,Sem alerta principal de composição,86,TRUE,TRUE,TRUE,TRUE,Variação entre -5 e 5 p.p.,4,-6.313724836210788,-5.632036512323516
ESC_045,,EMEF SAO PEDRO,marian,4,Língua Portuguesa,4,4,108,109,86,97,79.62962962962963,88.9908256880734,50.51162790697674,55.97938144329897,34.77906976744186,31.164948453608247,31.337209302325583,27.89690721649485,33.674418604651166,41.21649484536083,TRUE,TRUE,TRUE,TRUE,TRUE,TRUE,0,1,11,9.361196058443769,5.467753536322228,-3.614121313833614,-3.440302085830737,7.542076240709662,0.925925925925926,12.790697674418604,TRUE,FALSE,FALSE,FALSE,FALSE,FALSE,FALSE,FALSE,Sem alerta principal de composição,91.5,TRUE,FALSE,FALSE,TRUE,Aumento entre 5 e 10 p.p.,4,0.7109826878942123,-2.4159121569295543
ESC_046,,EMEF SEN ALBERTO PASQUALINI,julia,4,Língua Portuguesa,4,5,113,125,92,103,81.41592920353982,82.4,54.53260869565217,46.349514563106794,35.82608695652174,41.71844660194175,18.5,24.446601941747577,45.67391304347826,34.019417475728154,TRUE,TRUE,TRUE,TRUE,TRUE,TRUE,1,12,11,0.9840707964601876,-8.183094132545378,5.892359645420008,5.9466019417475735,-11.654495567750104,10.619469026548671,11.956521739130435,TRUE,TRUE,FALSE,FALSE,FALSE,FALSE,FALSE,FALSE,Sem alerta principal de composição,97.5,TRUE,TRUE,TRUE,TRUE,Variação entre -5 e 5 p.p.,4,-3.446152723531469,-3.774859213725904
ESC_047,,EMEF TIMBAUVA,nathalia,4,Língua Portuguesa,3,3,68,68,51,67,75,98.52941176470588,54.25490196078432,52.47761194029851,35.1764705882353,29.895522388059703,27.862745098039216,34.11940298507463,37.25490196078432,35.940298507462686,TRUE,TRUE,TRUE,TRUE,TRUE,TRUE,0,0,16,23.529411764705884,-1.7772900204858075,-5.280948200175594,6.256657887035413,-1.3146034533216309,0,31.372549019607842,TRUE,FALSE,FALSE,TRUE,FALSE,FALSE,FALSE,FALSE,Aumento de participação igual ou superior a 10 p.p.,59,TRUE,FALSE,FALSE,TRUE,Aumento de 10 p.p. ou mais,4,-0.3200870069024617,-8.179552388191148
ESC_048,,EMEF VER ANTONIO GIUDICE,clarissa,4,Língua Portuguesa,4,3,99,77,81,71,81.81818181818181,92.2077922077922,59.851851851851855,68.8169014084507,27.25925925925926,15.80281690140845,29.679012345679013,24.661971830985916,43.25925925925926,60.183098591549296,TRUE,TRUE,TRUE,TRUE,TRUE,TRUE,-1,-22,-10,10.389610389610397,8.96504955659885,-11.45644235785081,-5.017040514693097,16.923839332290036,-22.22222222222222,-12.345679012345679,TRUE,TRUE,FALSE,TRUE,FALSE,TRUE,FALSE,FALSE,Mudança relevante no público previsto e aumento de participação,76,TRUE,TRUE,FALSE,FALSE,Aumento de 10 p.p. ou mais,4,-5.005253173518156,-8.475666458762504
ESC_049,,EMEF VER CARLOS PESSOA DE BRUM,priscila,4,Língua Portuguesa,5,4,138,106,97,77,70.28985507246377,72.64150943396227,44.16494845360825,37.298701298701296,43.28865979381443,55.493506493506494,24.690721649484537,15.402597402597404,31.969072164948457,28.92207792207792,TRUE,TRUE,TRUE,TRUE,TRUE,TRUE,-1,-32,-20,2.351654361498504,-6.866247154906951,12.204846699692062,-9.288124246887136,-3.0469942428705323,-23.18840579710145,-20.61855670103093,TRUE,FALSE,FALSE,FALSE,FALSE,TRUE,FALSE,FALSE,Mudança relevante no número de estudantes previstos,87,TRUE,FALSE,TRUE,FALSE,Variação entre -5 e 5 p.p.,4,-4.09403720724092,-4.8795539140664665
ESC_050,,EMEF VER MARTIM ARANHA,priscila,4,Língua Portuguesa,3,3,75,72,57,65,76,90.27777777777776,46,49.738461538461536,42.333333333333336,38.27692307692307,21.333333333333332,23.076923076923077,37,38.64615384615384,TRUE,TRUE,TRUE,TRUE,TRUE,TRUE,0,-3,8,14.277777777777771,3.738461538461536,-4.05641025641026,1.7435897435897445,1.646153846153844,-4,14.035087719298245,TRUE,FALSE,FALSE,TRUE,FALSE,FALSE,FALSE,FALSE,Aumento de participação igual ou superior a 10 p.p.,61,TRUE,FALSE,FALSE,TRUE,Aumento de 10 p.p. ou mais,4,3.0165852404061173,-1.7525820166564046
ESC_051,,EMEF VILA MONTE CRISTO,graziela,4,Língua Portuguesa,4,4,97,95,68,83,70.10309278350516,87.36842105263158,69.1470588235294,73.39759036144578,20.485294117647054,14.27710843373494,21.86764705882353,23.10843373493976,57.48529411764706,62.65060240963855,TRUE,TRUE,TRUE,TRUE,TRUE,TRUE,0,-2,15,17.265328269126414,4.250531537916373,-6.208185683912118,1.2407866761162296,5.165308291991494,-2.061855670103093,22.058823529411764,TRUE,FALSE,FALSE,TRUE,FALSE,FALSE,FALSE,FALSE,Aumento de participação igual ou superior a 10 p.p.,75.5,TRUE,FALSE,FALSE,TRUE,Aumento de 10 p.p. ou mais,4,-16.372804901335144,-22.13989551901595
ESC_052,,EMEF WENCESLAU FONTOURA,eliane,4,Língua Portuguesa,3,4,84,107,67,98,79.76190476190476,91.58878504672896,55.55223880597015,36.08163265306123,24.05970149253731,46.95918367346939,41.791044776119406,34.08163265306123,34.507462686567166,19.183673469387756,TRUE,TRUE,TRUE,TRUE,TRUE,TRUE,1,23,31,11.826880284824211,-19.47060615290892,22.899482180932075,-7.709412123058179,-15.32378921717941,27.38095238095238,46.26865671641791,TRUE,FALSE,FALSE,TRUE,FALSE,TRUE,FALSE,FALSE,Mudança relevante no público previsto e aumento de participação,82.5,TRUE,FALSE,FALSE,FALSE,Aumento de 10 p.p. ou mais,4,-1.0532244978378777,-5.0037251349447764
ESC_053,,EMEM EMILIO MEYER,ruti,4,Língua Portuguesa,4,4,81,91,66,81,81.48148148148148,89.01098901098901,64.39393939393939,49.91358024691358,24.09090909090909,40.76543209876543,22.727272727272727,19.54320987654321,53.01515151515152,39.69135802469136,TRUE,TRUE,TRUE,TRUE,TRUE,TRUE,0,10,15,7.5295075295075264,-14.480359147025808,16.67452300785634,-3.184062850729518,-13.323793490460154,12.34567901234568,22.727272727272727,TRUE,TRUE,FALSE,FALSE,FALSE,FALSE,FALSE,FALSE,Sem alerta principal de composição,73.5,TRUE,TRUE,FALSE,TRUE,Aumento entre 5 e 10 p.p.,4,-8.214530598872596,-10.729591508941066
ESC_054,,ESC EST ENS FUN PROFESSORA LEOPOLDA BARNEWITZ,julia,4,Língua Portuguesa,1,1,22,25,18,25,81.81818181818181,100,73,83,17,8,22,20,61,72,TRUE,TRUE,TRUE,TRUE,TRUE,TRUE,0,3,7,18.181818181818187,10,-9,-2,11,13.636363636363637,38.888888888888886,TRUE,TRUE,FALSE,TRUE,FALSE,FALSE,TRUE,FALSE,Aumento de participação igual ou superior a 10 p.p.,21.5,TRUE,TRUE,FALSE,TRUE,Aumento de 10 p.p. ou mais,4,-10.549208102474303,-16.62243135165192
ESC_055,,ESCOLA DE ENSINO FUNDAMENTAL MADRE RAFFO,outras,4,Língua Portuguesa,1,1,5,9,5,8,100,88.88888888888889,100,91,0,0,0,25,100,75,TRUE,TRUE,TRUE,TRUE,TRUE,TRUE,0,4,3,-11.111111111111114,-9,0,25,-25,80,60,TRUE,TRUE,FALSE,FALSE,TRUE,TRUE,TRUE,TRUE,Mudança relevante no público previsto e queda de participação,6.5,TRUE,TRUE,FALSE,FALSE,Queda de 10 p.p. ou mais,4,-25.335796086411356,-21.6243818785806
ESC_001,,EEF PEQUENA CASA DA CRIANCA,outras,5,Língua Portuguesa,2,2,29,38,20,36,68.96551724137932,94.73684210526316,74,55.388888888888886,0,19.5,45.2,49.97222222222222,54.8,30.583333333333332,TRUE,TRUE,TRUE,TRUE,TRUE,TRUE,0,9,16,25.771324863883848,-18.61111111111111,19.5,4.772222222222219,-24.216666666666665,31.03448275862069,80,FALSE,FALSE,FALSE,TRUE,FALSE,TRUE,FALSE,FALSE,Mudança relevante no público previsto e aumento de participação,28,FALSE,FALSE,FALSE,FALSE,Aumento de 10 p.p. ou mais,5,-11.928320328886596,-20.53664584178625
ESC_002,,EMEB DR LIBERATO SALZANO VIEIRA DA CUNHA,clarissa,5,Língua Portuguesa,4,4,82,99,62,90,75.60975609756098,90.9090909090909,64.30645161290323,60.71111111111111,19.387096774193548,27.38888888888889,22.532258064516128,23.755555555555556,57.854838709677416,49.08888888888889,TRUE,TRUE,TRUE,TRUE,TRUE,TRUE,0,17,28,15.299334811529931,-3.5953405017921227,8.001792114695341,1.2232974910394283,-8.765949820788528,20.73170731707317,45.16129032258065,TRUE,FALSE,FALSE,TRUE,FALSE,TRUE,FALSE,FALSE,Mudança relevante no público previsto e aumento de participação,76,TRUE,FALSE,FALSE,FALSE,Aumento de 10 p.p. ou mais,5,-4.471524904613748,-9.581920077702225
ESC_003,,EMEF AFONSO GUERREIRO LIMA,graziela,5,Língua Portuguesa,3,5,81,117,69,105,85.18518518518519,89.74358974358974,60.10144927536232,66.44761904761904,23.26086956521739,15.904761904761903,21.884057971014492,33.63809523809524,55.18840579710145,50.00952380952381,TRUE,TRUE,TRUE,TRUE,TRUE,TRUE,2,36,36,4.558404558404547,6.346169772256722,-7.356107660455486,11.754037267080747,-5.17888198757764,44.44444444444444,52.17391304347826,TRUE,TRUE,FALSE,FALSE,FALSE,TRUE,FALSE,FALSE,Mudança relevante no número de estudantes previstos,87,TRUE,TRUE,TRUE,FALSE,Variação entre -5 e 5 p.p.,5,2.0984996774431863,0.5758682075639001
ESC_004,,EMEF AMERICA,nathalia,5,Língua Portuguesa,2,2,54,46,46,44,85.18518518518519,95.65217391304348,53.34782608695652,53.84090909090909,30.47826086956522,20.431818181818183,32.65217391304348,52.11363636363637,36.869565217391305,27.454545454545453,TRUE,TRUE,TRUE,TRUE,TRUE,TRUE,0,-8,-2,10.466988727858292,0.4930830039525702,-10.046442687747035,19.46146245059289,-9.415019762845851,-14.814814814814817,-4.3478260869565215,TRUE,TRUE,FALSE,TRUE,FALSE,FALSE,FALSE,FALSE,Aumento de participação igual ou superior a 10 p.p.,45,TRUE,TRUE,FALSE,TRUE,Aumento de 10 p.p. ou mais,5,6.8162548737025705,3.319995112702582
ESC_005,,EMEF ARAMY SILVA,priscila,5,Língua Portuguesa,4,4,90,91,77,87,85.55555555555556,95.6043956043956,73.32467532467533,64.70114942528735,12.03896103896104,21.379310344827587,23.363636363636363,30.942528735632184,65.05194805194805,47.67816091954023,TRUE,TRUE,TRUE,TRUE,TRUE,TRUE,0,1,10,10.048840048840049,-8.623525899387971,9.340349305866548,7.5788923719958206,-17.373787132407813,1.1111111111111112,12.987012987012987,TRUE,TRUE,FALSE,TRUE,FALSE,FALSE,FALSE,FALSE,Aumento de participação igual ou superior a 10 p.p.,82,TRUE,TRUE,FALSE,TRUE,Aumento de 10 p.p. ou mais,5,-6.817164300728713,-10.173750996382246
ESC_006,,EMEF CAMPOS DO CRISTAL,andreia,5,Língua Portuguesa,2,2,52,55,47,52,90.3846153846154,94.54545454545456,73.68085106382979,73.03846153846153,10.74468085106383,8.26923076923077,23.617021276595743,39.80769230769231,66.2127659574468,51.92307692307692,TRUE,TRUE,TRUE,TRUE,TRUE,TRUE,0,3,5,4.16083916083916,-0.6423895253682588,-2.47545008183306,16.190671031096564,-14.289689034369886,5.769230769230769,10.638297872340425,TRUE,TRUE,TRUE,FALSE,FALSE,FALSE,FALSE,FALSE,Sem alerta principal de composição,49.5,TRUE,TRUE,TRUE,TRUE,Variação entre -5 e 5 p.p.,5,-5.691608017965056,-7.081441799988401
ESC_007,,EMEF CHAPEU DO SOL,ruti,5,Língua Portuguesa,5,4,133,105,101,89,75.93984962406014,84.76190476190476,48.89108910891089,56.48314606741573,36.6039603960396,28.0561797752809,29.613861386138613,32.561797752808985,33.742574257425744,39.38202247191011,TRUE,TRUE,TRUE,TRUE,TRUE,TRUE,-1,-28,-12,8.822055137844615,7.592056958504841,-8.547780620758704,2.9479363666703726,5.639448214484368,-21.05263157894737,-11.881188118811881,TRUE,FALSE,FALSE,FALSE,FALSE,TRUE,FALSE,FALSE,Mudança relevante no número de estudantes previstos,95,TRUE,FALSE,FALSE,FALSE,Aumento entre 5 e 10 p.p.,5,3.1431056610636148,0.19629859078594336
ESC_008,,EMEF CHICO MENDES,eliane,5,Língua Portuguesa,4,5,106,123,79,116,74.52830188679245,94.3089430894309,56.75949367088607,51.87931034482759,22.873417721518987,30.75,36.46835443037975,37.81896551724138,40.379746835443044,31.42241379310345,TRUE,TRUE,TRUE,TRUE,TRUE,TRUE,1,17,37,19.78064120263845,-4.880183326058486,7.876582278481013,1.3506110868616332,-8.957333042339588,16.037735849056602,46.835443037974684,TRUE,FALSE,FALSE,TRUE,FALSE,FALSE,FALSE,FALSE,Aumento de participação igual ou superior a 10 p.p.,97.5,TRUE,FALSE,FALSE,TRUE,Aumento de 10 p.p. ou mais,5,1.549151644261542,-5.058122107691204
ESC_009,,EMEF DECIO MARTINS COSTA,nathalia,5,Língua Portuguesa,4,4,106,106,92,95,86.79245283018868,89.62264150943396,70.23913043478261,62.95789473684211,18.32608695652174,22.147368421052633,19.47826086956522,33.05263157894737,61.91304347826087,44.8,TRUE,TRUE,TRUE,TRUE,TRUE,TRUE,0,0,3,2.830188679245282,-7.281235697940502,3.8212814645308946,13.574370709382151,-17.11304347826087,0,3.260869565217391,TRUE,TRUE,FALSE,FALSE,FALSE,FALSE,FALSE,FALSE,Sem alerta principal de composição,93.5,TRUE,TRUE,TRUE,TRUE,Variação entre -5 e 5 p.p.,5,-6.243649577191771,-7.189009799941115
ESC_010,,EMEF DEP MARCIRIO GOULART LOUREIRO,marian,5,Língua Portuguesa,4,4,116,115,81,101,69.82758620689656,87.82608695652173,40.58024691358025,43.51485148514851,50.34567901234568,43.67326732673267,22.246913580246915,29.316831683168317,27.185185185185187,27.00990099009901,TRUE,TRUE,TRUE,TRUE,TRUE,TRUE,0,-1,20,17.99850074962518,2.934604571568265,-6.672411685613007,7.069918102921402,-0.17528419508617787,-0.8620689655172413,24.691358024691358,FALSE,FALSE,FALSE,TRUE,FALSE,FALSE,FALSE,FALSE,Aumento de participação igual ou superior a 10 p.p.,91,FALSE,FALSE,FALSE,TRUE,Aumento de 10 p.p. ou mais,5,8.840660190274619,2.828669964111583
ESC_011,,EMEF DEP VICTOR ISSLER,clarissa,5,Língua Portuguesa,4,4,113,116,97,104,85.84070796460178,89.65517241379311,67.0721649484536,65.85576923076923,20.711340206185568,14.923076923076923,19.762886597938145,38.94230769230769,59.75257731958763,46.14423076923077,TRUE,TRUE,TRUE,TRUE,TRUE,TRUE,0,3,7,3.814464449191334,-1.216395717684378,-5.788263283108645,19.17942109436955,-13.608346550356863,2.6548672566371683,7.216494845360825,TRUE,TRUE,FALSE,FALSE,FALSE,FALSE,FALSE,FALSE,Sem alerta principal de composição,100.5,TRUE,TRUE,TRUE,TRUE,Variação entre -5 e 5 p.p.,5,-4.181612208190582,-5.455747387870044
ESC_012,,EMEF DOLORES ALCARAZ CALDAS,jalize,5,Língua Portuguesa,3,5,94,135,83,126,88.29787234042553,93.33333333333331,62.21686746987952,64.24603174603175,24.012048192771083,22.30952380952381,25.518072289156628,29.650793650793652,50.46987951807229,48.03968253968254,TRUE,TRUE,TRUE,TRUE,TRUE,TRUE,2,41,43,5.035460992907801,2.0291642761522297,-1.7025243832472725,4.132721361637024,-2.430196978389752,43.61702127659574,51.80722891566265,TRUE,TRUE,FALSE,FALSE,FALSE,TRUE,FALSE,FALSE,Mudança relevante no número de estudantes previstos,104.5,TRUE,TRUE,FALSE,FALSE,Aumento entre 5 e 10 p.p.,5,2.7660859678033702,1.0841046353183614
ESC_015,,EMEF GABRIEL OBINO,amanda,5,Língua Portuguesa,3,2,60,39,48,34,80,87.17948717948718,55.895833333333336,32,29.416666666666668,50,27.1875,34.5,43.875,15.5,TRUE,TRUE,TRUE,TRUE,TRUE,TRUE,-1,-21,-14,7.179487179487182,-23.895833333333336,20.583333333333332,7.3125,-28.375,-35,-29.166666666666668,TRUE,TRUE,FALSE,FALSE,FALSE,TRUE,FALSE,FALSE,Mudança relevante no número de estudantes previstos,41,TRUE,TRUE,FALSE,FALSE,Aumento entre 5 e 10 p.p.,5,-0.23540670841707367,-2.6335512734769537
ESC_016,,EMEF GOV ILDO MENEGHETTI,clarissa,5,Língua Portuguesa,5,4,119,111,101,101,84.87394957983193,90.990990990991,56.57425742574257,52.801980198019805,28.67326732673267,25.128712871287128,25.623762376237625,42.65346534653465,45.7029702970297,32.21782178217822,TRUE,TRUE,TRUE,TRUE,TRUE,TRUE,-1,-8,0,6.1170414111590645,-3.772277227722768,-3.544554455445546,17.029702970297027,-13.48514851485148,-6.722689075630252,0,TRUE,TRUE,FALSE,FALSE,FALSE,FALSE,FALSE,FALSE,Sem alerta principal de composição,101,TRUE,TRUE,FALSE,TRUE,Aumento entre 5 e 10 p.p.,5,3.1340256282783727,1.0907669319845255
ESC_017,,EMEF GRANDE ORIENTE DO RGS,andreia,5,Língua Portuguesa,4,4,99,104,76,89,76.76767676767676,85.57692307692308,50.01315789473684,47.38202247191011,39.30263157894737,33.70786516853933,14.552631578947368,39.146067415730336,46.14473684210526,26.640449438202246,TRUE,TRUE,TRUE,TRUE,TRUE,TRUE,0,5,13,8.80924630924632,-2.6311354228267305,-5.594766410408042,24.59343583678297,-19.504287403903017,5.05050505050505,17.105263157894736,TRUE,FALSE,FALSE,FALSE,FALSE,FALSE,FALSE,FALSE,Sem alerta principal de composição,82.5,TRUE,FALSE,FALSE,TRUE,Aumento entre 5 e 10 p.p.,5,3.8019858325365874,0.8594572604190205
ESC_018,,EMEF HEITOR VILLA LOBOS,jalize,5,Língua Portuguesa,4,4,104,104,88,93,84.61538461538461,89.42307692307692,61.47727272727273,55.73118279569893,24.977272727272727,23.731182795698924,20.386363636363637,45.41935483870968,54.63636363636363,30.849462365591396,TRUE,TRUE,TRUE,TRUE,TRUE,TRUE,0,0,5,4.807692307692307,-5.746089931573799,-1.2460899315738023,25.032991202346043,-23.786901270772237,0,5.681818181818182,TRUE,TRUE,FALSE,FALSE,FALSE,FALSE,FALSE,FALSE,Sem alerta principal de composição,90.5,TRUE,TRUE,TRUE,TRUE,Variação entre -5 e 5 p.p.,5,-0.7462599239146677,-2.3521603023029805
ESC_019,,EMEF JEAN PIAGET,clarissa,5,Língua Portuguesa,4,4,85,89,72,82,84.70588235294117,92.13483146067416,76.11111111111111,63.71951219512195,15.444444444444445,21.097560975609756,13.916666666666666,29.78048780487805,70.88888888888889,49.1219512195122,TRUE,TRUE,TRUE,TRUE,TRUE,TRUE,0,4,10,7.42894910773299,-12.391598915989164,5.6531165311653115,15.863821138211383,-21.766937669376688,4.705882352941177,13.88888888888889,TRUE,TRUE,FALSE,FALSE,FALSE,FALSE,FALSE,FALSE,Sem alerta principal de composição,77,TRUE,TRUE,FALSE,TRUE,Aumento entre 5 e 10 p.p.,5,-10.120082937992326,-12.6015545920846
ESC_020,,EMEF JOAO ANTONIO SATTE,eliane,5,Língua Portuguesa,4,4,101,90,77,79,76.23762376237623,87.77777777777777,67.36363636363636,66.78481012658227,16.935064935064936,14.708860759493673,26.103896103896105,33.063291139240505,57.18181818181818,52.265822784810126,TRUE,TRUE,TRUE,TRUE,TRUE,TRUE,0,-11,2,11.54015401540154,-0.5788262370540878,-2.226204175571265,6.9593950353444,-4.915995397008054,-10.891089108910892,2.5974025974025974,TRUE,FALSE,FALSE,TRUE,FALSE,FALSE,FALSE,FALSE,Aumento de participação igual ou superior a 10 p.p.,78,TRUE,FALSE,FALSE,TRUE,Aumento de 10 p.p. ou mais,5,-8.61709864292817,-12.47182488452665
ESC_022,,EMEF JOSE LOUREIRO DA SILVA,jalize,5,Língua Portuguesa,4,4,100,81,72,59,72,72.8395061728395,48.52777777777778,50.88135593220339,38.69444444444444,32.42372881355932,23.791666666666668,33.40677966101695,37.513888888888886,34.40677966101695,TRUE,TRUE,TRUE,TRUE,TRUE,TRUE,0,-19,-13,0.8395061728395063,2.3535781544256125,-6.270715630885121,9.61511299435028,-3.1071092278719377,-19,-18.055555555555557,TRUE,FALSE,FALSE,FALSE,FALSE,FALSE,FALSE,FALSE,Sem alerta principal de composição,65.5,TRUE,FALSE,TRUE,TRUE,Variação entre -5 e 5 p.p.,5,-1.7876829582430425,-2.068100920612469
ESC_023,,EMEF JOSE MARIANO BECK,nathalia,5,Língua Portuguesa,3,3,57,68,36,63,63.1578947368421,92.6470588235294,43.97222222222222,46.857142857142854,38.77777777777778,34.79365079365079,25.13888888888889,45.96825396825397,36.388888888888886,19.238095238095237,TRUE,TRUE,TRUE,TRUE,TRUE,TRUE,0,11,27,29.489164086687303,2.8849206349206327,-3.984126984126988,20.82936507936508,-17.15079365079365,19.29824561403509,75,FALSE,FALSE,FALSE,TRUE,FALSE,FALSE,FALSE,FALSE,Aumento de participação igual ou superior a 10 p.p.,49.5,FALSE,FALSE,FALSE,TRUE,Aumento de 10 p.p. ou mais,5,6.565765728157867,-3.2844195029966876
ESC_024,,EMEF LAURO RODRIGUES,clarissa,5,Língua Portuguesa,3,3,73,79,64,73,87.67123287671232,92.40506329113924,74.46875,66.8082191780822,11.09375,12.534246575342468,19.03125,42.73972602739726,70.28125,44.38356164383562,TRUE,TRUE,TRUE,TRUE,TRUE,TRUE,0,6,9,4.733830414426919,-7.660530821917803,1.4404965753424666,23.70847602739726,-25.89768835616438,8.219178082191782,14.0625,TRUE,TRUE,FALSE,FALSE,FALSE,FALSE,FALSE,FALSE,Sem alerta principal de composição,68.5,TRUE,TRUE,TRUE,TRUE,Variação entre -5 e 5 p.p.,5,-7.766247675184783,-9.347476166365677
ESC_025,,EMEF LEOCADIA FELIZARDO PRESTES,graziela,5,Língua Portuguesa,3,2,75,52,54,45,72,86.53846153846153,47.74074074074074,55.06666666666667,44.25925925925926,29.666666666666668,22,29.666666666666668,33.111111111111114,40.666666666666664,TRUE,TRUE,TRUE,TRUE,TRUE,TRUE,-1,-23,-9,14.538461538461531,7.3259259259259295,-14.592592592592592,7.666666666666668,7.55555555555555,-30.666666666666668,-16.666666666666668,TRUE,FALSE,FALSE,TRUE,FALSE,TRUE,FALSE,FALSE,Mudança relevante no público previsto e aumento de participação,49.5,TRUE,FALSE,FALSE,FALSE,Aumento de 10 p.p. ou mais,5,2.940006534666427,-1.916236209579818
ESC_026,,EMEF LIDOVINO FANTON,julia,5,Língua Portuguesa,4,5,107,106,87,74,81.30841121495327,69.81132075471699,51.55172413793103,40.78378378378378,31.160919540229884,41.270270270270274,30.160919540229884,41.608108108108105,39.0919540229885,17.324324324324323,TRUE,TRUE,TRUE,TRUE,TRUE,TRUE,1,-1,-13,-11.49709046023628,-10.76794035414725,10.10935073004039,11.44718856787822,-21.76762969866418,-0.9345794392523364,-14.942528735632184,FALSE,FALSE,FALSE,FALSE,TRUE,FALSE,FALSE,FALSE,Queda de participação igual ou superior a 10 p.p.,80.5,FALSE,FALSE,FALSE,TRUE,Queda de 10 p.p. ou mais,5,-1.3003877013648477,2.5399541380904296
ESC_027,,EMEF MARIO QUINTANA,ruti,5,Língua Portuguesa,2,2,50,48,44,41,88,85.41666666666667,59.95454545454545,53.390243902439025,25.045454545454547,35.65853658536585,29.522727272727273,27.365853658536587,45.38636363636363,36.97560975609756,TRUE,TRUE,TRUE,TRUE,TRUE,TRUE,0,-2,-3,-2.5833333333333286,-6.5643015521064285,10.613082039911305,-2.156873614190687,-8.410753880266071,-4,-6.818181818181818,TRUE,TRUE,FALSE,FALSE,FALSE,FALSE,FALSE,FALSE,Sem alerta principal de composição,42.5,TRUE,TRUE,TRUE,TRUE,Variação entre -5 e 5 p.p.,5,-0.0352786307225621,0.8276251725980863
ESC_028,,EMEF MIGRANTES,nathalia,5,Língua Portuguesa,1,1,14,8,10,7,71.42857142857143,87.5,38,56,30,14,60,57,10,29,TRUE,TRUE,TRUE,TRUE,TRUE,TRUE,0,-6,-3,16.07142857142857,18,-16,-3,19,-42.857142857142854,-30,TRUE,FALSE,FALSE,TRUE,FALSE,TRUE,TRUE,TRUE,Mudança relevante no público previsto e aumento de participação,8.5,TRUE,FALSE,FALSE,FALSE,Aumento de 10 p.p. ou mais,5,9.617943142073603,4.249647591461251
ESC_029,,EMEF MORADAS DA HIPICA,amanda,5,Língua Portuguesa,4,4,105,107,96,100,91.42857142857144,93.45794392523364,74.91666666666667,81.85,11.520833333333334,6.16,19.770833333333332,24.5,68.70833333333333,69.34,TRUE,TRUE,TRUE,TRUE,TRUE,TRUE,0,2,4,2.0293724966622193,6.933333333333323,-5.360833333333334,4.729166666666668,0.6316666666666748,1.9047619047619049,4.166666666666667,TRUE,TRUE,TRUE,FALSE,FALSE,FALSE,FALSE,FALSE,Sem alerta principal de composição,98,TRUE,TRUE,TRUE,TRUE,Variação entre -5 e 5 p.p.,5,-6.736390471214698,-7.41425624375308
ESC_030,,EMEF MORRO DA CRUZ,andreia,5,Língua Portuguesa,4,4,111,102,86,86,77.47747747747748,84.31372549019608,41.27906976744186,39.77906976744186,39.19767441860465,44.36046511627907,38.174418604651166,35.97674418604651,22.11627906976744,19.627906976744185,TRUE,TRUE,TRUE,TRUE,TRUE,TRUE,0,-9,0,6.836248012718599,-1.5,5.162790697674424,-2.197674418604656,-2.488372093023255,-8.108108108108109,0,TRUE,FALSE,FALSE,FALSE,FALSE,FALSE,FALSE,FALSE,Sem alerta principal de composição,86,TRUE,FALSE,FALSE,TRUE,Aumento entre 5 e 10 p.p.,5,9.398608517562579,7.1151151973232984
ESC_031,,EMEF NEUSA GOULART BRIZOLA,julia,5,Língua Portuguesa,2,2,40,49,30,46,75,93.87755102040816,52.5,66.45652173913044,30,14.26086956521739,26.5,40.73913043478261,43.5,45.08695652173913,TRUE,TRUE,TRUE,TRUE,TRUE,TRUE,0,9,16,18.877551020408163,13.956521739130435,-15.73913043478261,14.23913043478261,1.5869565217391326,22.5,53.333333333333336,TRUE,FALSE,FALSE,TRUE,FALSE,TRUE,FALSE,FALSE,Mudança relevante no público previsto e aumento de participação,38,TRUE,FALSE,FALSE,FALSE,Aumento de 10 p.p. ou mais,5,4.835321320895854,-1.470295675061525
ESC_032,,EMEF NOSSA SENHORA DE FATIMA,amanda,5,Língua Portuguesa,3,3,77,72,67,57,87.01298701298701,79.16666666666667,55.582089552238806,49.26315789473684,23.80597014925373,23.771929824561404,41.67164179104478,52.280701754385966,34.52238805970149,23.68421052631579,TRUE,TRUE,TRUE,TRUE,TRUE,TRUE,0,-5,-10,-7.84632034632034,-6.318931657501963,-0.03404032469232732,10.609059963341188,-10.8381775333857,-6.4935064935064934,-14.925373134328359,TRUE,FALSE,FALSE,FALSE,FALSE,FALSE,FALSE,FALSE,Sem alerta principal de composição,62,TRUE,FALSE,FALSE,TRUE,Queda entre 5 e 10 p.p.,5,0.5980649500640816,3.218949983191319
ESC_033,,EMEF NOSSA SENHORA DO CARMO,amanda,5,Língua Portuguesa,3,3,79,82,69,71,87.34177215189874,86.58536585365853,58.68115942028985,64.04225352112677,21.73913043478261,18.845070422535212,33.21739130434783,34.7887323943662,45.04347826086956,45.971830985915496,TRUE,TRUE,TRUE,TRUE,TRUE,TRUE,0,3,2,-0.7564062982402078,5.361094100836915,-2.8940600122473974,1.5713410900183715,0.9283527250459328,3.797468354430379,2.898550724637681,TRUE,TRUE,FALSE,FALSE,FALSE,FALSE,FALSE,FALSE,Sem alerta principal de composição,70,TRUE,TRUE,TRUE,TRUE,Variação entre -5 e 5 p.p.,5,1.3276399300597213,1.5803002674560425
ESC_034,,EMEF PEPITA DE LEAO,nathalia,5,Língua Portuguesa,2,2,49,55,39,46,79.59183673469387,83.63636363636364,68.23076923076923,68.08695652173913,15.692307692307692,18.26086956521739,31,36.30434782608695,53.92307692307692,45.43478260869565,TRUE,TRUE,TRUE,TRUE,TRUE,TRUE,0,6,7,4.044526901669769,-0.1438127090301009,2.568561872909699,5.304347826086953,-8.488294314381271,12.244897959183673,17.94871794871795,TRUE,FALSE,FALSE,FALSE,FALSE,FALSE,FALSE,FALSE,Sem alerta principal de composição,42.5,TRUE,FALSE,TRUE,TRUE,Variação entre -5 e 5 p.p.,5,-8.714646217572959,-10.065628532185936
ESC_035,,EMEF PORTO NOVO,marian,5,Língua Portuguesa,2,2,46,45,39,43,84.78260869565217,95.55555555555556,54.56410256410256,62.86046511627907,23.28205128205128,14.55813953488372,38.43589743589744,47.093023255813954,38.282051282051285,38.34883720930232,TRUE,TRUE,TRUE,TRUE,TRUE,TRUE,0,-1,4,10.772946859903383,8.296362552176511,-8.723911747167561,8.657125819916516,0.06678592725103982,-2.1739130434782608,10.256410256410257,TRUE,TRUE,FALSE,TRUE,FALSE,FALSE,FALSE,FALSE,Aumento de participação igual ou superior a 10 p.p.,41,TRUE,TRUE,FALSE,TRUE,Aumento de 10 p.p. ou mais,5,6.228349169604906,2.6298910463603065
ESC_036,,EMEF PRES JOAO BELCHIOR MARQUES GOULART,marian,5,Língua Portuguesa,3,3,50,71,36,68,72,95.77464788732394,56.666666666666664,63.26470588235294,16.333333333333332,16.352941176470587,49.666666666666664,41.36764705882353,33,42.89705882352941,TRUE,TRUE,TRUE,TRUE,TRUE,TRUE,0,21,32,23.774647887323937,6.598039215686278,0.01960784313725483,-8.299019607843135,9.897058823529411,42,88.88888888888889,TRUE,FALSE,FALSE,TRUE,FALSE,TRUE,FALSE,FALSE,Mudança relevante no público previsto e aumento de participação,52,TRUE,FALSE,FALSE,FALSE,Aumento de 10 p.p. ou mais,5,2.198966815637341,-5.742414120329563
ESC_037,,EMEF PRESIDENTE VARGAS,eliane,5,Língua Portuguesa,2,2,53,47,44,45,83.01886792452831,95.74468085106383,63.5,65.95555555555555,27,14.044444444444444,16,41.888888888888886,56.5,44.06666666666667,TRUE,TRUE,TRUE,TRUE,TRUE,TRUE,0,-6,1,12.725812926535523,2.4555555555555486,-12.955555555555556,25.88888888888889,-12.43333333333333,-11.320754716981131,2.272727272727273,TRUE,TRUE,FALSE,TRUE,FALSE,FALSE,FALSE,FALSE,Aumento de participação igual ou superior a 10 p.p.,44.5,TRUE,TRUE,FALSE,TRUE,Aumento de 10 p.p. ou mais,5,-1.000886694801654,-5.251655355958281
ESC_038,,EMEF PROF ANA IRIS DO AMARAL,eliane,5,Língua Portuguesa,2,2,43,39,40,36,93.02325581395348,92.3076923076923,82.5,80.52777777777777,12.5,0,10,30.97222222222222,77.5,69.02777777777777,TRUE,TRUE,TRUE,TRUE,TRUE,TRUE,0,-4,-4,-0.7155635062611765,-1.9722222222222283,-12.5,20.97222222222222,-8.472222222222229,-9.30232558139535,-10,TRUE,TRUE,TRUE,FALSE,FALSE,FALSE,FALSE,FALSE,Sem alerta principal de composição,38,TRUE,TRUE,TRUE,TRUE,Variação entre -5 e 5 p.p.,5,-12.425683419746708,-12.186665689009846
ESC_039,,EMEF PROF ANISIO TEIXEIRA,andreia,5,Língua Portuguesa,5,3,135,86,103,80,76.29629629629629,93.02325581395348,81.44660194174757,79.6375,6.912621359223301,2.9125,17.37864077669903,29.2125,75.70873786407768,67.875,TRUE,TRUE,TRUE,TRUE,TRUE,TRUE,-2,-49,-23,16.726959517657193,-1.8091019417475709,-4.0001213592233,11.83385922330097,-7.833737864077676,-36.2962962962963,-22.33009708737864,TRUE,FALSE,FALSE,TRUE,FALSE,TRUE,FALSE,FALSE,Mudança relevante no público previsto e aumento de participação,91.5,TRUE,FALSE,FALSE,FALSE,Aumento de 10 p.p. ou mais,5,-17.822685173833595,-23.40994594252145
ESC_040,,EMEF PROF GILBERTO JORGE GONCALVES DA SILVA,ruti,5,Língua Portuguesa,1,1,19,21,12,19,63.1578947368421,90.47619047619048,59,74,33,6,8,44,58,50,TRUE,TRUE,TRUE,TRUE,TRUE,TRUE,0,2,7,27.31829573934838,15,-27,36,-8,10.526315789473683,58.333333333333336,FALSE,FALSE,FALSE,TRUE,FALSE,FALSE,TRUE,TRUE,Aumento de participação igual ou superior a 10 p.p.,15.5,FALSE,FALSE,FALSE,TRUE,Aumento de 10 p.p. ou mais,5,-5.2257779345897895,-14.350833919256406
ESC_041,,EMEF PROF JUDITH MACEDO DE ARAUJO,graziela,5,Língua Portuguesa,2,3,60,81,57,71,95,87.65432098765432,76.26315789473684,63.943661971830984,8.578947368421053,12,19.210526315789473,44.732394366197184,72.21052631578948,43.267605633802816,TRUE,TRUE,TRUE,TRUE,TRUE,TRUE,1,21,14,-7.345679012345684,-12.319495922905851,3.421052631578947,25.52186805040771,-28.942920681986664,35,24.56140350877193,TRUE,TRUE,FALSE,FALSE,FALSE,TRUE,FALSE,FALSE,Mudança relevante no número de estudantes previstos,64,TRUE,TRUE,FALSE,FALSE,Queda entre 5 e 10 p.p.,5,-7.310393534954116,-4.856736364221561
ESC_042,,EMEF PROF LARRY JOSE RIBEIRO ALVES,amanda,5,Língua Portuguesa,3,3,85,77,71,72,83.52941176470588,93.50649350649353,68.38028169014085,70.11111111111111,21.028169014084508,10.52777777777778,15.67605633802817,40.69444444444444,63.29577464788732,49.40277777777778,TRUE,TRUE,TRUE,TRUE,TRUE,TRUE,0,-8,1,9.977081741787629,1.7308294209702666,-10.50039123630673,25.018388106416275,-13.892996870109542,-9.411764705882351,1.408450704225352,TRUE,TRUE,FALSE,FALSE,FALSE,FALSE,FALSE,FALSE,Sem alerta principal de composição,71.5,TRUE,TRUE,FALSE,TRUE,Aumento entre 5 e 10 p.p.,5,-5.008539307154205,-8.341156770778564
ESC_043,,EMEF RINCAO,jalize,5,Língua Portuguesa,2,2,55,58,49,50,89.0909090909091,86.20689655172414,72.51020408163265,47.5,16.408163265306122,36,14.53061224489796,38.5,69.55102040816327,25.5,TRUE,TRUE,TRUE,TRUE,TRUE,TRUE,0,3,1,-2.884012539184951,-25.01020408163265,19.59183673469388,23.96938775510204,-44.05102040816327,5.454545454545454,2.0408163265306123,TRUE,TRUE,FALSE,FALSE,FALSE,FALSE,FALSE,FALSE,Sem alerta principal de composição,49.5,TRUE,TRUE,TRUE,TRUE,Variação entre -5 e 5 p.p.,5,-8.070637468793553,-7.107298608579175
ESC_044,,EMEF SAINT HILAIRE,andreia,5,Língua Portuguesa,4,4,99,96,80,89,80.8080808080808,92.70833333333331,58.575,66.92134831460675,26.275,12.752808988764045,31.3875,37.01123595505618,42.575,50.764044943820224,TRUE,TRUE,TRUE,TRUE,TRUE,TRUE,0,-3,9,11.900252525252526,8.346348314606743,-13.522191011235954,5.62373595505618,8.189044943820221,-3.0303030303030303,11.25,TRUE,TRUE,FALSE,TRUE,FALSE,FALSE,FALSE,FALSE,Aumento de participação igual ou superior a 10 p.p.,84.5,TRUE,TRUE,FALSE,TRUE,Aumento de 10 p.p. ou mais,5,1.0839404542662443,-2.891068512643411
ESC_045,,EMEF SAO PEDRO,marian,5,Língua Portuguesa,4,4,107,104,90,93,84.11214953271028,89.42307692307692,65.57777777777778,54.75268817204301,20.177777777777777,24.795698924731184,26.666666666666668,44.02150537634409,53.36666666666667,31.204301075268816,TRUE,TRUE,TRUE,TRUE,TRUE,TRUE,0,-3,3,5.310927390366643,-10.825089605734776,4.617921146953407,17.35483870967742,-22.16236559139785,-2.803738317757009,3.3333333333333335,TRUE,TRUE,FALSE,FALSE,FALSE,FALSE,FALSE,FALSE,Sem alerta principal de composição,91.5,TRUE,TRUE,FALSE,TRUE,Aumento entre 5 e 10 p.p.,5,-3.9439311019949876,-5.717925725597777
ESC_046,,EMEF SEN ALBERTO PASQUALINI,julia,5,Língua Portuguesa,5,4,126,108,98,88,77.77777777777777,81.48148148148148,68.36734693877551,58.14772727272727,16.418367346938776,26.056818181818183,27.602040816326532,34.64772727272727,56.41836734693877,39.29545454545455,TRUE,TRUE,TRUE,TRUE,TRUE,TRUE,-1,-18,-10,3.7037037037037095,-10.21961966604824,9.638450834879407,7.045686456400741,-17.122912801484226,-14.285714285714286,-10.204081632653061,TRUE,FALSE,FALSE,FALSE,FALSE,FALSE,FALSE,FALSE,Sem alerta principal de composição,93,TRUE,FALSE,TRUE,TRUE,Variação entre -5 e 5 p.p.,5,-11.05772886976889,-12.294866939045829
ESC_047,,EMEF TIMBAUVA,nathalia,5,Língua Portuguesa,3,3,71,70,52,66,73.2394366197183,94.28571428571428,50.80769230769231,56.77272727272727,29,19.924242424242426,40.30769230769231,39.54545454545455,31,40.24242424242424,TRUE,TRUE,TRUE,TRUE,TRUE,TRUE,0,-1,14,21.046277665995987,5.965034965034967,-9.075757575757574,-0.7622377622377599,9.242424242424242,-1.408450704225352,26.923076923076923,TRUE,FALSE,FALSE,TRUE,FALSE,FALSE,FALSE,FALSE,Aumento de participação igual ou superior a 10 p.p.,59,TRUE,FALSE,FALSE,TRUE,Aumento de 10 p.p. ou mais,5,4.767377262904308,-2.262653592733283
ESC_048,,EMEF VER ANTONIO GIUDICE,clarissa,5,Língua Portuguesa,2,3,55,76,49,69,89.0909090909091,90.78947368421052,76.53061224489795,74.85507246376811,6.122448979591836,7.72463768115942,28.40816326530612,30.217391304347824,65,62.73913043478261,TRUE,TRUE,TRUE,TRUE,TRUE,TRUE,1,21,20,1.6985645933014268,-1.6755397811298425,1.6021887015675835,1.8092280390417024,-2.2608695652173907,38.18181818181818,40.816326530612244,TRUE,TRUE,FALSE,FALSE,FALSE,TRUE,FALSE,FALSE,Mudança relevante no número de estudantes previstos,59,TRUE,TRUE,TRUE,FALSE,Variação entre -5 e 5 p.p.,5,-8.263427999712452,-8.830794908517209
ESC_049,,EMEF VER CARLOS PESSOA DE BRUM,priscila,5,Língua Portuguesa,4,6,110,152,90,123,81.81818181818181,80.92105263157895,59.4,55.333333333333336,25.677777777777777,24.6260162601626,25.544444444444444,43.75609756097561,49.03333333333333,31.642276422764223,TRUE,TRUE,TRUE,TRUE,TRUE,TRUE,2,42,33,-0.8971291866028679,-4.066666666666663,-1.0517615176151764,18.211653116531167,-17.391056910569105,38.18181818181818,36.666666666666664,TRUE,TRUE,FALSE,FALSE,FALSE,TRUE,FALSE,FALSE,Mudança relevante no número de estudantes previstos,106.5,TRUE,TRUE,TRUE,FALSE,Variação entre -5 e 5 p.p.,5,-1.6618698149909186,-1.3622041941433416
ESC_050,,EMEF VER MARTIM ARANHA,priscila,5,Língua Portuguesa,3,3,76,63,63,55,82.89473684210526,87.3015873015873,62.77777777777778,46.32727272727273,17.682539682539684,33.27272727272727,35.06349206349206,51.4,47.58730158730159,15.327272727272728,TRUE,TRUE,TRUE,TRUE,TRUE,TRUE,0,-13,-8,4.406850459482044,-16.45050505050505,15.59018759018759,16.336507936507935,-32.26002886002886,-17.105263157894736,-12.698412698412698,TRUE,TRUE,FALSE,FALSE,FALSE,FALSE,FALSE,FALSE,Sem alerta principal de composição,59,TRUE,TRUE,TRUE,TRUE,Variação entre -5 e 5 p.p.,5,-3.548521769309353,-5.020530035949001
ESC_051,,EMEF VILA MONTE CRISTO,graziela,5,Língua Portuguesa,4,4,89,84,62,73,69.66292134831461,86.9047619047619,77.41935483870968,69.04109589041096,9.870967741935484,13.753424657534246,16,36.97260273972603,74.12903225806451,49.273972602739725,TRUE,TRUE,TRUE,TRUE,TRUE,TRUE,0,-5,11,17.241840556447286,-8.378258948298722,3.8824569155987625,20.972602739726028,-24.855059655324787,-5.617977528089888,17.741935483870968,FALSE,FALSE,FALSE,TRUE,FALSE,FALSE,FALSE,FALSE,Aumento de participação igual ou superior a 10 p.p.,67.5,FALSE,FALSE,FALSE,TRUE,Aumento de 10 p.p. ou mais,5,-18.058121533342476,-23.817366614274082
ESC_052,,EMEF WENCESLAU FONTOURA,eliane,5,Língua Portuguesa,3,3,83,82,60,74,72.28915662650603,90.2439024390244,51,51.891891891891895,33.6,34.62162162162162,33.4,27.43243243243243,33.2,38.027027027027025,TRUE,TRUE,TRUE,TRUE,TRUE,TRUE,0,-1,14,17.954745812518368,0.8918918918918948,1.0216216216216196,-5.967567567567567,4.827027027027022,-1.2048192771084338,23.333333333333332,TRUE,FALSE,FALSE,TRUE,FALSE,FALSE,FALSE,FALSE,Aumento de participação igual ou superior a 10 p.p.,67,TRUE,FALSE,FALSE,TRUE,Aumento de 10 p.p. ou mais,5,2.9778931355846296,-3.0194817480067186
ESC_053,,EMEM EMILIO MEYER,ruti,5,Língua Portuguesa,3,3,68,66,58,60,85.29411764705883,90.9090909090909,58.793103448275865,63.56666666666667,31.379310344827587,22.833333333333332,18.93103448275862,30,50,47.166666666666664,TRUE,TRUE,TRUE,TRUE,TRUE,TRUE,0,-2,2,5.6149732620320805,4.773563218390805,-8.545977011494255,11.06896551724138,-2.8333333333333357,-2.9411764705882355,3.4482758620689653,TRUE,TRUE,FALSE,FALSE,FALSE,FALSE,FALSE,FALSE,Sem alerta principal de composição,59,TRUE,TRUE,FALSE,TRUE,Aumento entre 5 e 10 p.p.,5,1.788376423175631,-0.08717781554097215
ESC_054,,ESC EST ENS FUN PROFESSORA LEOPOLDA BARNEWITZ,julia,5,Língua Portuguesa,1,1,25,20,21,19,84,95,72,73,19,16,19,26,62,58,TRUE,TRUE,TRUE,TRUE,TRUE,TRUE,0,-5,-2,11,1,-3,7,-4,-20,-9.523809523809524,TRUE,TRUE,FALSE,TRUE,FALSE,TRUE,FALSE,TRUE,Mudança relevante no público previsto e aumento de participação,20,TRUE,TRUE,FALSE,TRUE,Aumento de 10 p.p. ou mais,5,-7.321170181962568,-10.99547024771503
ESC_055,,ESCOLA DE ENSINO FUNDAMENTAL MADRE RAFFO,outras,5,Língua Portuguesa,1,1,10,5,10,5,100,100,81,88,0,0,30,20,70,80,TRUE,TRUE,TRUE,TRUE,TRUE,TRUE,0,-5,-5,0,7,0,-10,10,-50,-50,TRUE,TRUE,TRUE,FALSE,FALSE,TRUE,TRUE,TRUE,Mudança relevante no número de estudantes previstos,7.5,TRUE,TRUE,TRUE,FALSE,Variação entre -5 e 5 p.p.,5,-7.949869526354643,-7.949869526354643
