ano,periodo_programa,exposicao_programa,id_escola,codigo_inep,nome_canonico,nome_escola_caed,assessora,ano_escolar,componente,avaliacao,codigo_turma,turma,Estado,Regional,Município,arquivo_origem,previstos,avaliados,taxa_participacao_caed,proficiencia_media,pct_defasagem,pct_intermediario,pct_adequado,nome_sem_codigo,chave_nome_caed,taxa_participacao_calculada,possivel_municipalizacao_recente,status_rede_2025
2025,linha_base_pre_programa,0,ESC_035,,EMEF PORTO NOVO,EMEF PORTO NOVO,marian,1,Língua Portuguesa,1ª Avaliação Formativa, 21192411500000001,11,RIO GRANDE DO SUL,PORTO ALEGRE,PORTO ALEGRE,2025_1av_form_HABILIDADES_DESEMPENHO_TURMA_01anos_LP.csv,23,17,74,51,24,47,29,EMEF PORTO NOVO,EMEF PORTO NOVO,73.91304347826087,FALSE,
2025,linha_base_pre_programa,0,ESC_035,,EMEF PORTO NOVO,EMEF PORTO NOVO,marian,1,Língua Portuguesa,1ª Avaliação Formativa, 21192411500000002,12,RIO GRANDE DO SUL,PORTO ALEGRE,PORTO ALEGRE,2025_1av_form_HABILIDADES_DESEMPENHO_TURMA_01anos_LP.csv,24,16,67,86,6,13,81,EMEF PORTO NOVO,EMEF PORTO NOVO,66.66666666666667,FALSE,
2025,linha_base_pre_programa,0,ESC_053,,EMEM EMILIO MEYER,EMEM EMILIO MEYER,ruti,1,Língua Portuguesa,1ª Avaliação Formativa, 21192411500000019,11,RIO GRANDE DO SUL,PORTO ALEGRE,PORTO ALEGRE,2025_1av_form_HABILIDADES_DESEMPENHO_TURMA_01anos_LP.csv,19,12,63,70,25,8,67,EMEM EMILIO MEYER,EMEM EMILIO MEYER,63.1578947368421,FALSE,
2025,linha_base_pre_programa,0,ESC_053,,EMEM EMILIO MEYER,EMEM EMILIO MEYER,ruti,1,Língua Portuguesa,1ª Avaliação Formativa, 21192411500000020,12,RIO GRANDE DO SUL,PORTO ALEGRE,PORTO ALEGRE,2025_1av_form_HABILIDADES_DESEMPENHO_TURMA_01anos_LP.csv,21,15,71,85,0,13,87,EMEM EMILIO MEYER,EMEM EMILIO MEYER,71.42857142857143,FALSE,
2025,linha_base_pre_programa,0,ESC_053,,EMEM EMILIO MEYER,EMEM EMILIO MEYER,ruti,1,Língua Portuguesa,1ª Avaliação Formativa, 21192411500000021,13,RIO GRANDE DO SUL,PORTO ALEGRE,PORTO ALEGRE,2025_1av_form_HABILIDADES_DESEMPENHO_TURMA_01anos_LP.csv,18,16,89,85,0,19,81,EMEM EMILIO MEYER,EMEM EMILIO MEYER,88.88888888888889,FALSE,
2025,linha_base_pre_programa,0,ESC_053,,EMEM EMILIO MEYER,EMEM EMILIO MEYER,ruti,1,Língua Portuguesa,1ª Avaliação Formativa, 21192411500000022,14,RIO GRANDE DO SUL,PORTO ALEGRE,PORTO ALEGRE,2025_1av_form_HABILIDADES_DESEMPENHO_TURMA_01anos_LP.csv,21,11,52,75,9,27,64,EMEM EMILIO MEYER,EMEM EMILIO MEYER,52.38095238095238,FALSE,
2025,linha_base_pre_programa,0,ESC_055,,ESCOLA DE ENSINO FUNDAMENTAL MADRE RAFFO,ESCOLA DE ENSINO FUNDAMENTAL MADRE RAFFO,outras,1,Língua Portuguesa,1ª Avaliação Formativa, 21192411500000052,1A,RIO GRANDE DO SUL,PORTO ALEGRE,PORTO ALEGRE,2025_1av_form_HABILIDADES_DESEMPENHO_TURMA_01anos_LP.csv,13,13,100,100,0,0,100,ESCOLA DE ENSINO FUNDAMENTAL MADRE RAFFO,ESCOLA DE ENSINO FUNDAMENTAL MADRE RAFFO,100,FALSE,
2025,linha_base_pre_programa,0,ESC_001,,EEF PEQUENA CASA DA CRIANCA,6001 EEF PEQUENA CASA DA CRIANCA,outras,1,Língua Portuguesa,1ª Avaliação Formativa, 21192411500000061,10,RIO GRANDE DO SUL,PORTO ALEGRE,PORTO ALEGRE,2025_1av_form_HABILIDADES_DESEMPENHO_TURMA_01anos_LP.csv,16,11,69,26,55,36,9,EEF PEQUENA CASA DA CRIANCA,EEF PEQUENA CASA DA CRIANCA,68.75,FALSE,
2025,linha_base_pre_programa,0,ESC_001,,EEF PEQUENA CASA DA CRIANCA,6001 EEF PEQUENA CASA DA CRIANCA,outras,1,Língua Portuguesa,1ª Avaliação Formativa, 21192411500000062,11,RIO GRANDE DO SUL,PORTO ALEGRE,PORTO ALEGRE,2025_1av_form_HABILIDADES_DESEMPENHO_TURMA_01anos_LP.csv,16,13,81,59,8,62,31,EEF PEQUENA CASA DA CRIANCA,EEF PEQUENA CASA DA CRIANCA,81.25,FALSE,
2025,linha_base_pre_programa,0,ESC_001,,EEF PEQUENA CASA DA CRIANCA,6001 EEF PEQUENA CASA DA CRIANCA,outras,1,Língua Portuguesa,1ª Avaliação Formativa, 21192411500000063,12,RIO GRANDE DO SUL,PORTO ALEGRE,PORTO ALEGRE,2025_1av_form_HABILIDADES_DESEMPENHO_TURMA_01anos_LP.csv,14,12,86,92,0,17,83,EEF PEQUENA CASA DA CRIANCA,EEF PEQUENA CASA DA CRIANCA,85.71428571428571,FALSE,
2025,linha_base_pre_programa,0,ESC_003,,EMEF AFONSO GUERREIRO LIMA,EMEF AFONSO GUERREIRO LIMA,graziela,1,Língua Portuguesa,1ª Avaliação Formativa, 21192411500000076,11,RIO GRANDE DO SUL,PORTO ALEGRE,PORTO ALEGRE,2025_1av_form_HABILIDADES_DESEMPENHO_TURMA_01anos_LP.csv,22,15,68,35,60,13,27,EMEF AFONSO GUERREIRO LIMA,EMEF AFONSO GUERREIRO LIMA,68.18181818181819,FALSE,
2025,linha_base_pre_programa,0,ESC_003,,EMEF AFONSO GUERREIRO LIMA,EMEF AFONSO GUERREIRO LIMA,graziela,1,Língua Portuguesa,1ª Avaliação Formativa, 21192411500000077,12,RIO GRANDE DO SUL,PORTO ALEGRE,PORTO ALEGRE,2025_1av_form_HABILIDADES_DESEMPENHO_TURMA_01anos_LP.csv,21,17,81,35,41,47,12,EMEF AFONSO GUERREIRO LIMA,EMEF AFONSO GUERREIRO LIMA,80.95238095238095,FALSE,
2025,linha_base_pre_programa,0,ESC_003,,EMEF AFONSO GUERREIRO LIMA,EMEF AFONSO GUERREIRO LIMA,graziela,1,Língua Portuguesa,1ª Avaliação Formativa, 21192411500000078,13,RIO GRANDE DO SUL,PORTO ALEGRE,PORTO ALEGRE,2025_1av_form_HABILIDADES_DESEMPENHO_TURMA_01anos_LP.csv,22,13,59,59,15,38,46,EMEF AFONSO GUERREIRO LIMA,EMEF AFONSO GUERREIRO LIMA,59.09090909090909,FALSE,
2025,linha_base_pre_programa,0,ESC_003,,EMEF AFONSO GUERREIRO LIMA,EMEF AFONSO GUERREIRO LIMA,graziela,1,Língua Portuguesa,1ª Avaliação Formativa, 21192411500000079,14,RIO GRANDE DO SUL,PORTO ALEGRE,PORTO ALEGRE,2025_1av_form_HABILIDADES_DESEMPENHO_TURMA_01anos_LP.csv,22,19,86,79,0,26,74,EMEF AFONSO GUERREIRO LIMA,EMEF AFONSO GUERREIRO LIMA,86.36363636363636,FALSE,
2025,linha_base_pre_programa,0,ESC_004,,EMEF AMERICA,EMEF AMERICA,nathalia,1,Língua Portuguesa,1ª Avaliação Formativa, 21192411500000109,11,RIO GRANDE DO SUL,PORTO ALEGRE,PORTO ALEGRE,2025_1av_form_HABILIDADES_DESEMPENHO_TURMA_01anos_LP.csv,23,18,78,25,56,44,0,EMEF AMERICA,EMEF AMERICA,78.26086956521739,FALSE,
2025,linha_base_pre_programa,0,ESC_004,,EMEF AMERICA,EMEF AMERICA,nathalia,1,Língua Portuguesa,1ª Avaliação Formativa, 21192411500000110,12,RIO GRANDE DO SUL,PORTO ALEGRE,PORTO ALEGRE,2025_1av_form_HABILIDADES_DESEMPENHO_TURMA_01anos_LP.csv,24,20,83,27,55,40,5,EMEF AMERICA,EMEF AMERICA,83.33333333333333,FALSE,
2025,linha_base_pre_programa,0,ESC_005,,EMEF ARAMY SILVA,EMEF ARAMY SILVA,priscila,1,Língua Portuguesa,1ª Avaliação Formativa, 21192411500000127,11,RIO GRANDE DO SUL,PORTO ALEGRE,PORTO ALEGRE,2025_1av_form_HABILIDADES_DESEMPENHO_TURMA_01anos_LP.csv,22,15,68,57,33,13,53,EMEF ARAMY SILVA,EMEF ARAMY SILVA,68.18181818181819,FALSE,
2025,linha_base_pre_programa,0,ESC_005,,EMEF ARAMY SILVA,EMEF ARAMY SILVA,priscila,1,Língua Portuguesa,1ª Avaliação Formativa, 21192411500000128,12,RIO GRANDE DO SUL,PORTO ALEGRE,PORTO ALEGRE,2025_1av_form_HABILIDADES_DESEMPENHO_TURMA_01anos_LP.csv,20,18,90,86,11,6,83,EMEF ARAMY SILVA,EMEF ARAMY SILVA,90,FALSE,
2025,linha_base_pre_programa,0,ESC_005,,EMEF ARAMY SILVA,EMEF ARAMY SILVA,priscila,1,Língua Portuguesa,1ª Avaliação Formativa, 21192411500000129,13,RIO GRANDE DO SUL,PORTO ALEGRE,PORTO ALEGRE,2025_1av_form_HABILIDADES_DESEMPENHO_TURMA_01anos_LP.csv,21,16,76,62,19,38,44,EMEF ARAMY SILVA,EMEF ARAMY SILVA,76.19047619047619,FALSE,
2025,linha_base_pre_programa,0,ESC_005,,EMEF ARAMY SILVA,EMEF ARAMY SILVA,priscila,1,Língua Portuguesa,1ª Avaliação Formativa, 21192411500000130,14,RIO GRANDE DO SUL,PORTO ALEGRE,PORTO ALEGRE,2025_1av_form_HABILIDADES_DESEMPENHO_TURMA_01anos_LP.csv,20,15,75,95,0,7,93,EMEF ARAMY SILVA,EMEF ARAMY SILVA,75,FALSE,
2025,linha_base_pre_programa,0,ESC_009,,EMEF DECIO MARTINS COSTA,EMEF DECIO MARTINS COSTA,nathalia,1,Língua Portuguesa,1ª Avaliação Formativa, 21192411500000161,11,RIO GRANDE DO SUL,PORTO ALEGRE,PORTO ALEGRE,2025_1av_form_HABILIDADES_DESEMPENHO_TURMA_01anos_LP.csv,23,16,70,35,50,31,19,EMEF DECIO MARTINS COSTA,EMEF DECIO MARTINS COSTA,69.56521739130434,FALSE,
2025,linha_base_pre_programa,0,ESC_009,,EMEF DECIO MARTINS COSTA,EMEF DECIO MARTINS COSTA,nathalia,1,Língua Portuguesa,1ª Avaliação Formativa, 21192411500000162,12,RIO GRANDE DO SUL,PORTO ALEGRE,PORTO ALEGRE,2025_1av_form_HABILIDADES_DESEMPENHO_TURMA_01anos_LP.csv,23,19,83,36,47,32,21,EMEF DECIO MARTINS COSTA,EMEF DECIO MARTINS COSTA,82.6086956521739,FALSE,
2025,linha_base_pre_programa,0,ESC_009,,EMEF DECIO MARTINS COSTA,EMEF DECIO MARTINS COSTA,nathalia,1,Língua Portuguesa,1ª Avaliação Formativa, 21192411500000163,13,RIO GRANDE DO SUL,PORTO ALEGRE,PORTO ALEGRE,2025_1av_form_HABILIDADES_DESEMPENHO_TURMA_01anos_LP.csv,27,22,81,32,64,9,27,EMEF DECIO MARTINS COSTA,EMEF DECIO MARTINS COSTA,81.48148148148148,FALSE,
2025,linha_base_pre_programa,0,ESC_009,,EMEF DECIO MARTINS COSTA,EMEF DECIO MARTINS COSTA,nathalia,1,Língua Portuguesa,1ª Avaliação Formativa, 21192411500000164,14,RIO GRANDE DO SUL,PORTO ALEGRE,PORTO ALEGRE,2025_1av_form_HABILIDADES_DESEMPENHO_TURMA_01anos_LP.csv,25,19,76,39,47,42,11,EMEF DECIO MARTINS COSTA,EMEF DECIO MARTINS COSTA,76,FALSE,
2025,linha_base_pre_programa,0,ESC_012,,EMEF DOLORES ALCARAZ CALDAS,EMEF DOLORES ALCARAZ CALDAS,jalize,1,Língua Portuguesa,1ª Avaliação Formativa, 21192411500000196,11,RIO GRANDE DO SUL,PORTO ALEGRE,PORTO ALEGRE,2025_1av_form_HABILIDADES_DESEMPENHO_TURMA_01anos_LP.csv,24,15,63,33,53,33,13,EMEF DOLORES ALCARAZ CALDAS,EMEF DOLORES ALCARAZ CALDAS,62.5,FALSE,
2025,linha_base_pre_programa,0,ESC_012,,EMEF DOLORES ALCARAZ CALDAS,EMEF DOLORES ALCARAZ CALDAS,jalize,1,Língua Portuguesa,1ª Avaliação Formativa, 21192411500000197,12,RIO GRANDE DO SUL,PORTO ALEGRE,PORTO ALEGRE,2025_1av_form_HABILIDADES_DESEMPENHO_TURMA_01anos_LP.csv,26,17,65,24,59,35,6,EMEF DOLORES ALCARAZ CALDAS,EMEF DOLORES ALCARAZ CALDAS,65.38461538461539,FALSE,
2025,linha_base_pre_programa,0,ESC_012,,EMEF DOLORES ALCARAZ CALDAS,EMEF DOLORES ALCARAZ CALDAS,jalize,1,Língua Portuguesa,1ª Avaliação Formativa, 21192411500000198,13,RIO GRANDE DO SUL,PORTO ALEGRE,PORTO ALEGRE,2025_1av_form_HABILIDADES_DESEMPENHO_TURMA_01anos_LP.csv,25,19,76,56,32,21,47,EMEF DOLORES ALCARAZ CALDAS,EMEF DOLORES ALCARAZ CALDAS,76,FALSE,
2025,linha_base_pre_programa,0,ESC_012,,EMEF DOLORES ALCARAZ CALDAS,EMEF DOLORES ALCARAZ CALDAS,jalize,1,Língua Portuguesa,1ª Avaliação Formativa, 21192411500000199,14,RIO GRANDE DO SUL,PORTO ALEGRE,PORTO ALEGRE,2025_1av_form_HABILIDADES_DESEMPENHO_TURMA_01anos_LP.csv,22,13,59,33,54,31,15,EMEF DOLORES ALCARAZ CALDAS,EMEF DOLORES ALCARAZ CALDAS,59.09090909090909,FALSE,
2025,linha_base_pre_programa,0,ESC_012,,EMEF DOLORES ALCARAZ CALDAS,EMEF DOLORES ALCARAZ CALDAS,jalize,1,Língua Portuguesa,1ª Avaliação Formativa, 21192411500000200,15,RIO GRANDE DO SUL,PORTO ALEGRE,PORTO ALEGRE,2025_1av_form_HABILIDADES_DESEMPENHO_TURMA_01anos_LP.csv,22,14,64,38,50,29,21,EMEF DOLORES ALCARAZ CALDAS,EMEF DOLORES ALCARAZ CALDAS,63.63636363636363,FALSE,
2025,linha_base_pre_programa,0,ESC_012,,EMEF DOLORES ALCARAZ CALDAS,EMEF DOLORES ALCARAZ CALDAS,jalize,1,Língua Portuguesa,1ª Avaliação Formativa, 21192411500000201,16,RIO GRANDE DO SUL,PORTO ALEGRE,PORTO ALEGRE,2025_1av_form_HABILIDADES_DESEMPENHO_TURMA_01anos_LP.csv,23,16,70,53,38,25,38,EMEF DOLORES ALCARAZ CALDAS,EMEF DOLORES ALCARAZ CALDAS,69.56521739130434,FALSE,
2025,linha_base_pre_programa,0,ESC_022,,EMEF JOSE LOUREIRO DA SILVA,EMEF JOSE LOUREIRO DA SILVA,jalize,1,Língua Portuguesa,1ª Avaliação Formativa, 21192411500000238,11,RIO GRANDE DO SUL,PORTO ALEGRE,PORTO ALEGRE,2025_1av_form_HABILIDADES_DESEMPENHO_TURMA_01anos_LP.csv,19,11,58,99,0,0,100,EMEF JOSE LOUREIRO DA SILVA,EMEF JOSE LOUREIRO DA SILVA,57.89473684210526,FALSE,
2025,linha_base_pre_programa,0,ESC_022,,EMEF JOSE LOUREIRO DA SILVA,EMEF JOSE LOUREIRO DA SILVA,jalize,1,Língua Portuguesa,1ª Avaliação Formativa, 21192411500000239,12,RIO GRANDE DO SUL,PORTO ALEGRE,PORTO ALEGRE,2025_1av_form_HABILIDADES_DESEMPENHO_TURMA_01anos_LP.csv,20,11,55,92,0,9,91,EMEF JOSE LOUREIRO DA SILVA,EMEF JOSE LOUREIRO DA SILVA,55,FALSE,
2025,linha_base_pre_programa,0,ESC_022,,EMEF JOSE LOUREIRO DA SILVA,EMEF JOSE LOUREIRO DA SILVA,jalize,1,Língua Portuguesa,1ª Avaliação Formativa, 21192411500000240,13,RIO GRANDE DO SUL,PORTO ALEGRE,PORTO ALEGRE,2025_1av_form_HABILIDADES_DESEMPENHO_TURMA_01anos_LP.csv,20,8,40,90,0,0,100,EMEF JOSE LOUREIRO DA SILVA,EMEF JOSE LOUREIRO DA SILVA,40,FALSE,
2025,linha_base_pre_programa,0,ESC_022,,EMEF JOSE LOUREIRO DA SILVA,EMEF JOSE LOUREIRO DA SILVA,jalize,1,Língua Portuguesa,1ª Avaliação Formativa, 21192411500000241,14,RIO GRANDE DO SUL,PORTO ALEGRE,PORTO ALEGRE,2025_1av_form_HABILIDADES_DESEMPENHO_TURMA_01anos_LP.csv,20,12,60,71,8,17,75,EMEF JOSE LOUREIRO DA SILVA,EMEF JOSE LOUREIRO DA SILVA,60,FALSE,
2025,linha_base_pre_programa,0,ESC_002,,EMEB DR LIBERATO SALZANO VIEIRA DA CUNHA,EMEB DR LIBERATO SALZANO VIEIRA DA CUNHA,clarissa,1,Língua Portuguesa,1ª Avaliação Formativa, 21192411500000273,11,RIO GRANDE DO SUL,PORTO ALEGRE,PORTO ALEGRE,2025_1av_form_HABILIDADES_DESEMPENHO_TURMA_01anos_LP.csv,22,18,82,50,33,28,39,EMEB DR LIBERATO SALZANO VIEIRA DA CUNHA,EMEB DR LIBERATO SALZANO VIEIRA DA CUNHA,81.81818181818181,FALSE,
2025,linha_base_pre_programa,0,ESC_002,,EMEB DR LIBERATO SALZANO VIEIRA DA CUNHA,EMEB DR LIBERATO SALZANO VIEIRA DA CUNHA,clarissa,1,Língua Portuguesa,1ª Avaliação Formativa, 21192411500000274,12,RIO GRANDE DO SUL,PORTO ALEGRE,PORTO ALEGRE,2025_1av_form_HABILIDADES_DESEMPENHO_TURMA_01anos_LP.csv,23,18,78,21,78,17,6,EMEB DR LIBERATO SALZANO VIEIRA DA CUNHA,EMEB DR LIBERATO SALZANO VIEIRA DA CUNHA,78.26086956521739,FALSE,
2025,linha_base_pre_programa,0,ESC_002,,EMEB DR LIBERATO SALZANO VIEIRA DA CUNHA,EMEB DR LIBERATO SALZANO VIEIRA DA CUNHA,clarissa,1,Língua Portuguesa,1ª Avaliação Formativa, 21192411500000275,13,RIO GRANDE DO SUL,PORTO ALEGRE,PORTO ALEGRE,2025_1av_form_HABILIDADES_DESEMPENHO_TURMA_01anos_LP.csv,23,20,87,54,25,40,35,EMEB DR LIBERATO SALZANO VIEIRA DA CUNHA,EMEB DR LIBERATO SALZANO VIEIRA DA CUNHA,86.95652173913044,FALSE,
2025,linha_base_pre_programa,0,ESC_002,,EMEB DR LIBERATO SALZANO VIEIRA DA CUNHA,EMEB DR LIBERATO SALZANO VIEIRA DA CUNHA,clarissa,1,Língua Portuguesa,1ª Avaliação Formativa, 21192411500000276,14,RIO GRANDE DO SUL,PORTO ALEGRE,PORTO ALEGRE,2025_1av_form_HABILIDADES_DESEMPENHO_TURMA_01anos_LP.csv,22,19,86,28,63,32,5,EMEB DR LIBERATO SALZANO VIEIRA DA CUNHA,EMEB DR LIBERATO SALZANO VIEIRA DA CUNHA,86.36363636363636,FALSE,
2025,linha_base_pre_programa,0,ESC_032,,EMEF NOSSA SENHORA DE FATIMA,EMEF NOSSA SENHORA DE FATIMA,amanda,1,Língua Portuguesa,1ª Avaliação Formativa, 21192411500000314,11,RIO GRANDE DO SUL,PORTO ALEGRE,PORTO ALEGRE,2025_1av_form_HABILIDADES_DESEMPENHO_TURMA_01anos_LP.csv,21,15,71,47,47,27,27,EMEF NOSSA SENHORA DE FATIMA,EMEF NOSSA SENHORA DE FATIMA,71.42857142857143,FALSE,
2025,linha_base_pre_programa,0,ESC_032,,EMEF NOSSA SENHORA DE FATIMA,EMEF NOSSA SENHORA DE FATIMA,amanda,1,Língua Portuguesa,1ª Avaliação Formativa, 21192411500000315,12,RIO GRANDE DO SUL,PORTO ALEGRE,PORTO ALEGRE,2025_1av_form_HABILIDADES_DESEMPENHO_TURMA_01anos_LP.csv,24,14,58,18,79,14,7,EMEF NOSSA SENHORA DE FATIMA,EMEF NOSSA SENHORA DE FATIMA,58.333333333333336,FALSE,
2025,linha_base_pre_programa,0,ESC_032,,EMEF NOSSA SENHORA DE FATIMA,EMEF NOSSA SENHORA DE FATIMA,amanda,1,Língua Portuguesa,1ª Avaliação Formativa, 21192411500000316,13,RIO GRANDE DO SUL,PORTO ALEGRE,PORTO ALEGRE,2025_1av_form_HABILIDADES_DESEMPENHO_TURMA_01anos_LP.csv,25,15,60,72,0,40,60,EMEF NOSSA SENHORA DE FATIMA,EMEF NOSSA SENHORA DE FATIMA,60,FALSE,
2025,linha_base_pre_programa,0,ESC_034,,EMEF PEPITA DE LEAO,EMEF PEPITA DE LEAO,nathalia,1,Língua Portuguesa,1ª Avaliação Formativa, 21192411500000341,11,RIO GRANDE DO SUL,PORTO ALEGRE,PORTO ALEGRE,2025_1av_form_HABILIDADES_DESEMPENHO_TURMA_01anos_LP.csv,21,12,57,83,8,17,75,EMEF PEPITA DE LEAO,EMEF PEPITA DE LEAO,57.142857142857146,FALSE,
2025,linha_base_pre_programa,0,ESC_034,,EMEF PEPITA DE LEAO,EMEF PEPITA DE LEAO,nathalia,1,Língua Portuguesa,1ª Avaliação Formativa, 21192411500000342,12,RIO GRANDE DO SUL,PORTO ALEGRE,PORTO ALEGRE,2025_1av_form_HABILIDADES_DESEMPENHO_TURMA_01anos_LP.csv,23,18,78,87,0,17,83,EMEF PEPITA DE LEAO,EMEF PEPITA DE LEAO,78.26086956521739,FALSE,
2025,linha_base_pre_programa,0,ESC_034,,EMEF PEPITA DE LEAO,EMEF PEPITA DE LEAO,nathalia,1,Língua Portuguesa,1ª Avaliação Formativa, 21192411500000343,13,RIO GRANDE DO SUL,PORTO ALEGRE,PORTO ALEGRE,2025_1av_form_HABILIDADES_DESEMPENHO_TURMA_01anos_LP.csv,23,21,91,92,0,10,90,EMEF PEPITA DE LEAO,EMEF PEPITA DE LEAO,91.30434782608695,FALSE,
2025,linha_base_pre_programa,0,ESC_037,,EMEF PRESIDENTE VARGAS,EMEF PRESIDENTE VARGAS,eliane,1,Língua Portuguesa,1ª Avaliação Formativa, 21192411500000362,11,RIO GRANDE DO SUL,PORTO ALEGRE,PORTO ALEGRE,2025_1av_form_HABILIDADES_DESEMPENHO_TURMA_01anos_LP.csv,23,18,78,63,17,39,44,EMEF PRESIDENTE VARGAS,EMEF PRESIDENTE VARGAS,78.26086956521739,FALSE,
2025,linha_base_pre_programa,0,ESC_037,,EMEF PRESIDENTE VARGAS,EMEF PRESIDENTE VARGAS,eliane,1,Língua Portuguesa,1ª Avaliação Formativa, 21192411500000363,12,RIO GRANDE DO SUL,PORTO ALEGRE,PORTO ALEGRE,2025_1av_form_HABILIDADES_DESEMPENHO_TURMA_01anos_LP.csv,24,20,83,41,45,25,30,EMEF PRESIDENTE VARGAS,EMEF PRESIDENTE VARGAS,83.33333333333333,FALSE,
2025,linha_base_pre_programa,0,ESC_018,,EMEF HEITOR VILLA LOBOS,EMEF HEITOR VILLA LOBOS,jalize,1,Língua Portuguesa,1ª Avaliação Formativa, 21192411500000380,11,RIO GRANDE DO SUL,PORTO ALEGRE,PORTO ALEGRE,2025_1av_form_HABILIDADES_DESEMPENHO_TURMA_01anos_LP.csv,23,17,74,99,0,0,100,EMEF HEITOR VILLA LOBOS,EMEF HEITOR VILLA LOBOS,73.91304347826087,FALSE,
2025,linha_base_pre_programa,0,ESC_018,,EMEF HEITOR VILLA LOBOS,EMEF HEITOR VILLA LOBOS,jalize,1,Língua Portuguesa,1ª Avaliação Formativa, 21192411500000381,12,RIO GRANDE DO SUL,PORTO ALEGRE,PORTO ALEGRE,2025_1av_form_HABILIDADES_DESEMPENHO_TURMA_01anos_LP.csv,25,19,76,55,11,58,32,EMEF HEITOR VILLA LOBOS,EMEF HEITOR VILLA LOBOS,76,FALSE,
2025,linha_base_pre_programa,0,ESC_018,,EMEF HEITOR VILLA LOBOS,EMEF HEITOR VILLA LOBOS,jalize,1,Língua Portuguesa,1ª Avaliação Formativa, 21192411500000382,13,RIO GRANDE DO SUL,PORTO ALEGRE,PORTO ALEGRE,2025_1av_form_HABILIDADES_DESEMPENHO_TURMA_01anos_LP.csv,20,12,60,88,0,8,92,EMEF HEITOR VILLA LOBOS,EMEF HEITOR VILLA LOBOS,60,FALSE,
2025,linha_base_pre_programa,0,ESC_054,,ESC EST ENS FUN PROFESSORA LEOPOLDA BARNEWITZ,EMEB PROFESSORA LEOPOLDA BARNEWITZ,julia,1,Língua Portuguesa,1ª Avaliação Formativa, 21192411500000411,11,RIO GRANDE DO SUL,PORTO ALEGRE,PORTO ALEGRE,2025_1av_form_HABILIDADES_DESEMPENHO_TURMA_01anos_LP.csv,24,15,63,69,27,13,60,EMEB PROFESSORA LEOPOLDA BARNEWITZ,EMEB PROFESSORA LEOPOLDA BARNEWITZ,62.5,FALSE,
2025,linha_base_pre_programa,0,ESC_016,,EMEF GOV ILDO MENEGHETTI,EMEF GOV ILDO MENEGHETTI,clarissa,1,Língua Portuguesa,1ª Avaliação Formativa, 21192411500000417,11,RIO GRANDE DO SUL,PORTO ALEGRE,PORTO ALEGRE,2025_1av_form_HABILIDADES_DESEMPENHO_TURMA_01anos_LP.csv,19,9,47,51,33,44,22,EMEF GOV ILDO MENEGHETTI,EMEF GOV ILDO MENEGHETTI,47.36842105263158,FALSE,
2025,linha_base_pre_programa,0,ESC_016,,EMEF GOV ILDO MENEGHETTI,EMEF GOV ILDO MENEGHETTI,clarissa,1,Língua Portuguesa,1ª Avaliação Formativa, 21192411500000418,12,RIO GRANDE DO SUL,PORTO ALEGRE,PORTO ALEGRE,2025_1av_form_HABILIDADES_DESEMPENHO_TURMA_01anos_LP.csv,22,15,68,28,60,27,13,EMEF GOV ILDO MENEGHETTI,EMEF GOV ILDO MENEGHETTI,68.18181818181819,FALSE,
2025,linha_base_pre_programa,0,ESC_016,,EMEF GOV ILDO MENEGHETTI,EMEF GOV ILDO MENEGHETTI,clarissa,1,Língua Portuguesa,1ª Avaliação Formativa, 21192411500000419,13,RIO GRANDE DO SUL,PORTO ALEGRE,PORTO ALEGRE,2025_1av_form_HABILIDADES_DESEMPENHO_TURMA_01anos_LP.csv,22,18,82,53,17,50,33,EMEF GOV ILDO MENEGHETTI,EMEF GOV ILDO MENEGHETTI,81.81818181818181,FALSE,
2025,linha_base_pre_programa,0,ESC_016,,EMEF GOV ILDO MENEGHETTI,EMEF GOV ILDO MENEGHETTI,clarissa,1,Língua Portuguesa,1ª Avaliação Formativa, 21192411500000420,14,RIO GRANDE DO SUL,PORTO ALEGRE,PORTO ALEGRE,2025_1av_form_HABILIDADES_DESEMPENHO_TURMA_01anos_LP.csv,23,21,91,54,33,24,43,EMEF GOV ILDO MENEGHETTI,EMEF GOV ILDO MENEGHETTI,91.30434782608695,FALSE,
2025,linha_base_pre_programa,0,ESC_016,,EMEF GOV ILDO MENEGHETTI,EMEF GOV ILDO MENEGHETTI,clarissa,1,Língua Portuguesa,1ª Avaliação Formativa, 21192411500000421,15,RIO GRANDE DO SUL,PORTO ALEGRE,PORTO ALEGRE,2025_1av_form_HABILIDADES_DESEMPENHO_TURMA_01anos_LP.csv,23,16,70,57,19,50,31,EMEF GOV ILDO MENEGHETTI,EMEF GOV ILDO MENEGHETTI,69.56521739130434,FALSE,
2025,linha_base_pre_programa,0,ESC_046,,EMEF SEN ALBERTO PASQUALINI,EMEF SEN ALBERTO PASQUALINI,julia,1,Língua Portuguesa,1ª Avaliação Formativa, 21192411500000458,11,RIO GRANDE DO SUL,PORTO ALEGRE,PORTO ALEGRE,2025_1av_form_HABILIDADES_DESEMPENHO_TURMA_01anos_LP.csv,22,13,59,9,85,15,0,EMEF SEN ALBERTO PASQUALINI,EMEF SEN ALBERTO PASQUALINI,59.09090909090909,FALSE,
2025,linha_base_pre_programa,0,ESC_046,,EMEF SEN ALBERTO PASQUALINI,EMEF SEN ALBERTO PASQUALINI,julia,1,Língua Portuguesa,1ª Avaliação Formativa, 21192411500000459,12,RIO GRANDE DO SUL,PORTO ALEGRE,PORTO ALEGRE,2025_1av_form_HABILIDADES_DESEMPENHO_TURMA_01anos_LP.csv,22,14,64,89,0,14,86,EMEF SEN ALBERTO PASQUALINI,EMEF SEN ALBERTO PASQUALINI,63.63636363636363,FALSE,
2025,linha_base_pre_programa,0,ESC_046,,EMEF SEN ALBERTO PASQUALINI,EMEF SEN ALBERTO PASQUALINI,julia,1,Língua Portuguesa,1ª Avaliação Formativa, 21192411500000460,13,RIO GRANDE DO SUL,PORTO ALEGRE,PORTO ALEGRE,2025_1av_form_HABILIDADES_DESEMPENHO_TURMA_01anos_LP.csv,22,15,68,45,27,47,27,EMEF SEN ALBERTO PASQUALINI,EMEF SEN ALBERTO PASQUALINI,68.18181818181819,FALSE,
2025,linha_base_pre_programa,0,ESC_036,,EMEF PRES JOAO BELCHIOR MARQUES GOULART,EMEF PRES JOAO BELCHIOR MARQUES GOULART,marian,1,Língua Portuguesa,1ª Avaliação Formativa, 21192411500000494,11,RIO GRANDE DO SUL,PORTO ALEGRE,PORTO ALEGRE,2025_1av_form_HABILIDADES_DESEMPENHO_TURMA_01anos_LP.csv,7,5,71,87,0,0,100,EMEF PRES JOAO BELCHIOR MARQUES GOULART,EMEF PRES JOAO BELCHIOR MARQUES GOULART,71.42857142857143,FALSE,
2025,linha_base_pre_programa,0,ESC_036,,EMEF PRES JOAO BELCHIOR MARQUES GOULART,EMEF PRES JOAO BELCHIOR MARQUES GOULART,marian,1,Língua Portuguesa,1ª Avaliação Formativa, 21192411500000496,13,RIO GRANDE DO SUL,PORTO ALEGRE,PORTO ALEGRE,2025_1av_form_HABILIDADES_DESEMPENHO_TURMA_01anos_LP.csv,16,10,63,98,0,0,100,EMEF PRES JOAO BELCHIOR MARQUES GOULART,EMEF PRES JOAO BELCHIOR MARQUES GOULART,62.5,FALSE,
2025,linha_base_pre_programa,0,ESC_036,,EMEF PRES JOAO BELCHIOR MARQUES GOULART,EMEF PRES JOAO BELCHIOR MARQUES GOULART,marian,1,Língua Portuguesa,1ª Avaliação Formativa, 21192411500001847,15,RIO GRANDE DO SUL,PORTO ALEGRE,PORTO ALEGRE,2025_1av_form_HABILIDADES_DESEMPENHO_TURMA_01anos_LP.csv,36,16,44,96,0,6,94,EMEF PRES JOAO BELCHIOR MARQUES GOULART,EMEF PRES JOAO BELCHIOR MARQUES GOULART,44.44444444444444,FALSE,
2025,linha_base_pre_programa,0,ESC_017,,EMEF GRANDE ORIENTE DO RGS,EMEF GRANDE ORIENTE DO RGS,andreia,1,Língua Portuguesa,1ª Avaliação Formativa, 21192411500000522,11,RIO GRANDE DO SUL,PORTO ALEGRE,PORTO ALEGRE,2025_1av_form_HABILIDADES_DESEMPENHO_TURMA_01anos_LP.csv,21,16,76,69,13,25,63,EMEF GRANDE ORIENTE DO RGS,EMEF GRANDE ORIENTE DO RGS,76.19047619047619,FALSE,
2025,linha_base_pre_programa,0,ESC_017,,EMEF GRANDE ORIENTE DO RGS,EMEF GRANDE ORIENTE DO RGS,andreia,1,Língua Portuguesa,1ª Avaliação Formativa, 21192411500000523,12,RIO GRANDE DO SUL,PORTO ALEGRE,PORTO ALEGRE,2025_1av_form_HABILIDADES_DESEMPENHO_TURMA_01anos_LP.csv,21,10,48,93,0,10,90,EMEF GRANDE ORIENTE DO RGS,EMEF GRANDE ORIENTE DO RGS,47.61904761904762,FALSE,
2025,linha_base_pre_programa,0,ESC_017,,EMEF GRANDE ORIENTE DO RGS,EMEF GRANDE ORIENTE DO RGS,andreia,1,Língua Portuguesa,1ª Avaliação Formativa, 21192411500000524,13,RIO GRANDE DO SUL,PORTO ALEGRE,PORTO ALEGRE,2025_1av_form_HABILIDADES_DESEMPENHO_TURMA_01anos_LP.csv,21,13,62,56,23,38,38,EMEF GRANDE ORIENTE DO RGS,EMEF GRANDE ORIENTE DO RGS,61.904761904761905,FALSE,
2025,linha_base_pre_programa,0,ESC_017,,EMEF GRANDE ORIENTE DO RGS,EMEF GRANDE ORIENTE DO RGS,andreia,1,Língua Portuguesa,1ª Avaliação Formativa, 21192411500000525,14,RIO GRANDE DO SUL,PORTO ALEGRE,PORTO ALEGRE,2025_1av_form_HABILIDADES_DESEMPENHO_TURMA_01anos_LP.csv,22,12,55,87,0,17,83,EMEF GRANDE ORIENTE DO RGS,EMEF GRANDE ORIENTE DO RGS,54.54545454545455,FALSE,
2025,linha_base_pre_programa,0,ESC_041,,EMEF PROF JUDITH MACEDO DE ARAUJO,EMEF PROF JUDITH MACEDO DE ARAUJO,graziela,1,Língua Portuguesa,1ª Avaliação Formativa, 21192411500000555,11,RIO GRANDE DO SUL,PORTO ALEGRE,PORTO ALEGRE,2025_1av_form_HABILIDADES_DESEMPENHO_TURMA_01anos_LP.csv,18,16,89,65,6,50,44,EMEF PROF JUDITH MACEDO DE ARAUJO,EMEF PROF JUDITH MACEDO DE ARAUJO,88.88888888888889,FALSE,
2025,linha_base_pre_programa,0,ESC_041,,EMEF PROF JUDITH MACEDO DE ARAUJO,EMEF PROF JUDITH MACEDO DE ARAUJO,graziela,1,Língua Portuguesa,1ª Avaliação Formativa, 21192411500000556,12,RIO GRANDE DO SUL,PORTO ALEGRE,PORTO ALEGRE,2025_1av_form_HABILIDADES_DESEMPENHO_TURMA_01anos_LP.csv,20,16,80,18,75,19,6,EMEF PROF JUDITH MACEDO DE ARAUJO,EMEF PROF JUDITH MACEDO DE ARAUJO,80,FALSE,
2025,linha_base_pre_programa,0,ESC_041,,EMEF PROF JUDITH MACEDO DE ARAUJO,EMEF PROF JUDITH MACEDO DE ARAUJO,graziela,1,Língua Portuguesa,1ª Avaliação Formativa, 21192411500000557,13,RIO GRANDE DO SUL,PORTO ALEGRE,PORTO ALEGRE,2025_1av_form_HABILIDADES_DESEMPENHO_TURMA_01anos_LP.csv,23,20,87,44,40,20,40,EMEF PROF JUDITH MACEDO DE ARAUJO,EMEF PROF JUDITH MACEDO DE ARAUJO,86.95652173913044,FALSE,
2025,linha_base_pre_programa,0,ESC_041,,EMEF PROF JUDITH MACEDO DE ARAUJO,EMEF PROF JUDITH MACEDO DE ARAUJO,graziela,1,Língua Portuguesa,1ª Avaliação Formativa, 21192411500000558,14,RIO GRANDE DO SUL,PORTO ALEGRE,PORTO ALEGRE,2025_1av_form_HABILIDADES_DESEMPENHO_TURMA_01anos_LP.csv,20,17,85,71,18,12,71,EMEF PROF JUDITH MACEDO DE ARAUJO,EMEF PROF JUDITH MACEDO DE ARAUJO,85,FALSE,
2025,linha_base_pre_programa,0,ESC_025,,EMEF LEOCADIA FELIZARDO PRESTES,EMEF LEOCADIA FELIZARDO PRESTES,graziela,1,Língua Portuguesa,1ª Avaliação Formativa, 21192411500000582,11,RIO GRANDE DO SUL,PORTO ALEGRE,PORTO ALEGRE,2025_1av_form_HABILIDADES_DESEMPENHO_TURMA_01anos_LP.csv,25,20,80,40,45,35,20,EMEF LEOCADIA FELIZARDO PRESTES,EMEF LEOCADIA FELIZARDO PRESTES,80,FALSE,
2025,linha_base_pre_programa,0,ESC_025,,EMEF LEOCADIA FELIZARDO PRESTES,EMEF LEOCADIA FELIZARDO PRESTES,graziela,1,Língua Portuguesa,1ª Avaliação Formativa, 21192411500000583,12,RIO GRANDE DO SUL,PORTO ALEGRE,PORTO ALEGRE,2025_1av_form_HABILIDADES_DESEMPENHO_TURMA_01anos_LP.csv,24,16,67,40,38,44,19,EMEF LEOCADIA FELIZARDO PRESTES,EMEF LEOCADIA FELIZARDO PRESTES,66.66666666666667,FALSE,
2025,linha_base_pre_programa,0,ESC_040,,EMEF PROF GILBERTO JORGE GONCALVES DA SILVA,EMEF PROF GILBERTO JORGE GONCALVES DA SILVA,ruti,1,Língua Portuguesa,1ª Avaliação Formativa, 21192411500000600,11,RIO GRANDE DO SUL,PORTO ALEGRE,PORTO ALEGRE,2025_1av_form_HABILIDADES_DESEMPENHO_TURMA_01anos_LP.csv,23,13,57,94,0,8,92,EMEF PROF GILBERTO JORGE GONCALVES DA SILVA,EMEF PROF GILBERTO JORGE GONCALVES DA SILVA,56.52173913043478,FALSE,
2025,linha_base_pre_programa,0,ESC_049,,EMEF VER CARLOS PESSOA DE BRUM,EMEF VER CARLOS PESSOA DE BRUM,priscila,1,Língua Portuguesa,1ª Avaliação Formativa, 21192411500000609,11,RIO GRANDE DO SUL,PORTO ALEGRE,PORTO ALEGRE,2025_1av_form_HABILIDADES_DESEMPENHO_TURMA_01anos_LP.csv,25,19,76,53,16,63,21,EMEF VER CARLOS PESSOA DE BRUM,EMEF VER CARLOS PESSOA DE BRUM,76,FALSE,
2025,linha_base_pre_programa,0,ESC_049,,EMEF VER CARLOS PESSOA DE BRUM,EMEF VER CARLOS PESSOA DE BRUM,priscila,1,Língua Portuguesa,1ª Avaliação Formativa, 21192411500000610,12,RIO GRANDE DO SUL,PORTO ALEGRE,PORTO ALEGRE,2025_1av_form_HABILIDADES_DESEMPENHO_TURMA_01anos_LP.csv,24,16,67,90,0,19,81,EMEF VER CARLOS PESSOA DE BRUM,EMEF VER CARLOS PESSOA DE BRUM,66.66666666666667,FALSE,
2025,linha_base_pre_programa,0,ESC_049,,EMEF VER CARLOS PESSOA DE BRUM,EMEF VER CARLOS PESSOA DE BRUM,priscila,1,Língua Portuguesa,1ª Avaliação Formativa, 21192411500000611,13,RIO GRANDE DO SUL,PORTO ALEGRE,PORTO ALEGRE,2025_1av_form_HABILIDADES_DESEMPENHO_TURMA_01anos_LP.csv,24,15,63,49,20,47,33,EMEF VER CARLOS PESSOA DE BRUM,EMEF VER CARLOS PESSOA DE BRUM,62.5,FALSE,
2025,linha_base_pre_programa,0,ESC_049,,EMEF VER CARLOS PESSOA DE BRUM,EMEF VER CARLOS PESSOA DE BRUM,priscila,1,Língua Portuguesa,1ª Avaliação Formativa, 21192411500000612,14,RIO GRANDE DO SUL,PORTO ALEGRE,PORTO ALEGRE,2025_1av_form_HABILIDADES_DESEMPENHO_TURMA_01anos_LP.csv,23,19,83,18,79,16,5,EMEF VER CARLOS PESSOA DE BRUM,EMEF VER CARLOS PESSOA DE BRUM,82.6086956521739,FALSE,
2025,linha_base_pre_programa,0,ESC_049,,EMEF VER CARLOS PESSOA DE BRUM,EMEF VER CARLOS PESSOA DE BRUM,priscila,1,Língua Portuguesa,1ª Avaliação Formativa, 21192411500000613,15,RIO GRANDE DO SUL,PORTO ALEGRE,PORTO ALEGRE,2025_1av_form_HABILIDADES_DESEMPENHO_TURMA_01anos_LP.csv,24,17,71,37,35,59,6,EMEF VER CARLOS PESSOA DE BRUM,EMEF VER CARLOS PESSOA DE BRUM,70.83333333333333,FALSE,
2025,linha_base_pre_programa,0,ESC_042,,EMEF PROF LARRY JOSE RIBEIRO ALVES,EMEF PROF LARRY JOSE RIBEIRO ALVES,amanda,1,Língua Portuguesa,1ª Avaliação Formativa, 21192411500000646,11,RIO GRANDE DO SUL,PORTO ALEGRE,PORTO ALEGRE,2025_1av_form_HABILIDADES_DESEMPENHO_TURMA_01anos_LP.csv,23,18,78,35,44,39,17,EMEF PROF LARRY JOSE RIBEIRO ALVES,EMEF PROF LARRY JOSE RIBEIRO ALVES,78.26086956521739,FALSE,
2025,linha_base_pre_programa,0,ESC_042,,EMEF PROF LARRY JOSE RIBEIRO ALVES,EMEF PROF LARRY JOSE RIBEIRO ALVES,amanda,1,Língua Portuguesa,1ª Avaliação Formativa, 21192411500000647,12,RIO GRANDE DO SUL,PORTO ALEGRE,PORTO ALEGRE,2025_1av_form_HABILIDADES_DESEMPENHO_TURMA_01anos_LP.csv,20,12,60,61,8,58,33,EMEF PROF LARRY JOSE RIBEIRO ALVES,EMEF PROF LARRY JOSE RIBEIRO ALVES,60,FALSE,
2025,linha_base_pre_programa,0,ESC_042,,EMEF PROF LARRY JOSE RIBEIRO ALVES,EMEF PROF LARRY JOSE RIBEIRO ALVES,amanda,1,Língua Portuguesa,1ª Avaliação Formativa, 21192411500000648,13,RIO GRANDE DO SUL,PORTO ALEGRE,PORTO ALEGRE,2025_1av_form_HABILIDADES_DESEMPENHO_TURMA_01anos_LP.csv,22,18,82,58,33,22,44,EMEF PROF LARRY JOSE RIBEIRO ALVES,EMEF PROF LARRY JOSE RIBEIRO ALVES,81.81818181818181,FALSE,
2025,linha_base_pre_programa,0,ESC_042,,EMEF PROF LARRY JOSE RIBEIRO ALVES,EMEF PROF LARRY JOSE RIBEIRO ALVES,amanda,1,Língua Portuguesa,1ª Avaliação Formativa, 21192411500000649,14,RIO GRANDE DO SUL,PORTO ALEGRE,PORTO ALEGRE,2025_1av_form_HABILIDADES_DESEMPENHO_TURMA_01anos_LP.csv,21,13,62,21,77,8,15,EMEF PROF LARRY JOSE RIBEIRO ALVES,EMEF PROF LARRY JOSE RIBEIRO ALVES,61.904761904761905,FALSE,
2025,linha_base_pre_programa,0,ESC_050,,EMEF VER MARTIM ARANHA,EMEF VER MARTIM ARANHA,priscila,1,Língua Portuguesa,1ª Avaliação Formativa, 21192411500000675,11,RIO GRANDE DO SUL,PORTO ALEGRE,PORTO ALEGRE,2025_1av_form_HABILIDADES_DESEMPENHO_TURMA_01anos_LP.csv,19,16,84,54,31,31,38,EMEF VER MARTIM ARANHA,EMEF VER MARTIM ARANHA,84.21052631578948,FALSE,
2025,linha_base_pre_programa,0,ESC_050,,EMEF VER MARTIM ARANHA,EMEF VER MARTIM ARANHA,priscila,1,Língua Portuguesa,1ª Avaliação Formativa, 21192411500000676,12,RIO GRANDE DO SUL,PORTO ALEGRE,PORTO ALEGRE,2025_1av_form_HABILIDADES_DESEMPENHO_TURMA_01anos_LP.csv,18,11,61,68,9,27,64,EMEF VER MARTIM ARANHA,EMEF VER MARTIM ARANHA,61.111111111111114,FALSE,
2025,linha_base_pre_programa,0,ESC_050,,EMEF VER MARTIM ARANHA,EMEF VER MARTIM ARANHA,priscila,1,Língua Portuguesa,1ª Avaliação Formativa, 21192411500000677,13,RIO GRANDE DO SUL,PORTO ALEGRE,PORTO ALEGRE,2025_1av_form_HABILIDADES_DESEMPENHO_TURMA_01anos_LP.csv,18,11,61,54,27,36,36,EMEF VER MARTIM ARANHA,EMEF VER MARTIM ARANHA,61.111111111111114,FALSE,
2025,linha_base_pre_programa,0,ESC_010,,EMEF DEP MARCIRIO GOULART LOUREIRO,EMEF DEP MARCIRIO GOULART LOUREIRO,marian,1,Língua Portuguesa,1ª Avaliação Formativa, 21192411500000702,11,RIO GRANDE DO SUL,PORTO ALEGRE,PORTO ALEGRE,2025_1av_form_HABILIDADES_DESEMPENHO_TURMA_01anos_LP.csv,21,14,67,20,71,29,0,EMEF DEP MARCIRIO GOULART LOUREIRO,EMEF DEP MARCIRIO GOULART LOUREIRO,66.66666666666667,FALSE,
2025,linha_base_pre_programa,0,ESC_010,,EMEF DEP MARCIRIO GOULART LOUREIRO,EMEF DEP MARCIRIO GOULART LOUREIRO,marian,1,Língua Portuguesa,1ª Avaliação Formativa, 21192411500000703,12,RIO GRANDE DO SUL,PORTO ALEGRE,PORTO ALEGRE,2025_1av_form_HABILIDADES_DESEMPENHO_TURMA_01anos_LP.csv,24,17,71,36,41,53,6,EMEF DEP MARCIRIO GOULART LOUREIRO,EMEF DEP MARCIRIO GOULART LOUREIRO,70.83333333333333,FALSE,
2025,linha_base_pre_programa,0,ESC_010,,EMEF DEP MARCIRIO GOULART LOUREIRO,EMEF DEP MARCIRIO GOULART LOUREIRO,marian,1,Língua Portuguesa,1ª Avaliação Formativa, 21192411500000704,13,RIO GRANDE DO SUL,PORTO ALEGRE,PORTO ALEGRE,2025_1av_form_HABILIDADES_DESEMPENHO_TURMA_01anos_LP.csv,24,17,71,28,59,35,6,EMEF DEP MARCIRIO GOULART LOUREIRO,EMEF DEP MARCIRIO GOULART LOUREIRO,70.83333333333333,FALSE,
2025,linha_base_pre_programa,0,ESC_010,,EMEF DEP MARCIRIO GOULART LOUREIRO,EMEF DEP MARCIRIO GOULART LOUREIRO,marian,1,Língua Portuguesa,1ª Avaliação Formativa, 21192411500000705,14,RIO GRANDE DO SUL,PORTO ALEGRE,PORTO ALEGRE,2025_1av_form_HABILIDADES_DESEMPENHO_TURMA_01anos_LP.csv,26,18,69,12,83,11,6,EMEF DEP MARCIRIO GOULART LOUREIRO,EMEF DEP MARCIRIO GOULART LOUREIRO,69.23076923076923,FALSE,
2025,linha_base_pre_programa,0,ESC_026,,EMEF LIDOVINO FANTON,EMEF LIDOVINO FANTON,julia,1,Língua Portuguesa,1ª Avaliação Formativa, 21192411500000734,11,RIO GRANDE DO SUL,PORTO ALEGRE,PORTO ALEGRE,2025_1av_form_HABILIDADES_DESEMPENHO_TURMA_01anos_LP.csv,24,21,88,37,48,33,19,EMEF LIDOVINO FANTON,EMEF LIDOVINO FANTON,87.5,FALSE,
2025,linha_base_pre_programa,0,ESC_026,,EMEF LIDOVINO FANTON,EMEF LIDOVINO FANTON,julia,1,Língua Portuguesa,1ª Avaliação Formativa, 21192411500000735,12,RIO GRANDE DO SUL,PORTO ALEGRE,PORTO ALEGRE,2025_1av_form_HABILIDADES_DESEMPENHO_TURMA_01anos_LP.csv,26,20,77,32,65,20,15,EMEF LIDOVINO FANTON,EMEF LIDOVINO FANTON,76.92307692307692,FALSE,
2025,linha_base_pre_programa,0,ESC_026,,EMEF LIDOVINO FANTON,EMEF LIDOVINO FANTON,julia,1,Língua Portuguesa,1ª Avaliação Formativa, 21192411500000736,13,RIO GRANDE DO SUL,PORTO ALEGRE,PORTO ALEGRE,2025_1av_form_HABILIDADES_DESEMPENHO_TURMA_01anos_LP.csv,22,16,73,26,69,19,13,EMEF LIDOVINO FANTON,EMEF LIDOVINO FANTON,72.72727272727273,FALSE,
2025,linha_base_pre_programa,0,ESC_026,,EMEF LIDOVINO FANTON,EMEF LIDOVINO FANTON,julia,1,Língua Portuguesa,1ª Avaliação Formativa, 21192411500000737,14,RIO GRANDE DO SUL,PORTO ALEGRE,PORTO ALEGRE,2025_1av_form_HABILIDADES_DESEMPENHO_TURMA_01anos_LP.csv,25,20,80,61,15,45,40,EMEF LIDOVINO FANTON,EMEF LIDOVINO FANTON,80,FALSE,
2025,linha_base_pre_programa,0,ESC_038,,EMEF PROF ANA IRIS DO AMARAL,EMEF PROF ANA IRIS DO AMARAL,eliane,1,Língua Portuguesa,1ª Avaliação Formativa, 21192411500000770,11,RIO GRANDE DO SUL,PORTO ALEGRE,PORTO ALEGRE,2025_1av_form_HABILIDADES_DESEMPENHO_TURMA_01anos_LP.csv,23,16,70,79,6,13,81,EMEF PROF ANA IRIS DO AMARAL,EMEF PROF ANA IRIS DO AMARAL,69.56521739130434,FALSE,
2025,linha_base_pre_programa,0,ESC_038,,EMEF PROF ANA IRIS DO AMARAL,EMEF PROF ANA IRIS DO AMARAL,eliane,1,Língua Portuguesa,1ª Avaliação Formativa, 21192411500000771,12,RIO GRANDE DO SUL,PORTO ALEGRE,PORTO ALEGRE,2025_1av_form_HABILIDADES_DESEMPENHO_TURMA_01anos_LP.csv,25,17,68,46,29,41,29,EMEF PROF ANA IRIS DO AMARAL,EMEF PROF ANA IRIS DO AMARAL,68,FALSE,
2025,linha_base_pre_programa,0,ESC_024,,EMEF LAURO RODRIGUES,EMEF LAURO RODRIGUES,clarissa,1,Língua Portuguesa,1ª Avaliação Formativa, 21192411500000788,11,RIO GRANDE DO SUL,PORTO ALEGRE,PORTO ALEGRE,2025_1av_form_HABILIDADES_DESEMPENHO_TURMA_01anos_LP.csv,23,22,96,40,41,36,23,EMEF LAURO RODRIGUES,EMEF LAURO RODRIGUES,95.65217391304348,FALSE,
2025,linha_base_pre_programa,0,ESC_024,,EMEF LAURO RODRIGUES,EMEF LAURO RODRIGUES,clarissa,1,Língua Portuguesa,1ª Avaliação Formativa, 21192411500000789,12,RIO GRANDE DO SUL,PORTO ALEGRE,PORTO ALEGRE,2025_1av_form_HABILIDADES_DESEMPENHO_TURMA_01anos_LP.csv,20,16,80,86,6,19,75,EMEF LAURO RODRIGUES,EMEF LAURO RODRIGUES,80,FALSE,
2025,linha_base_pre_programa,0,ESC_024,,EMEF LAURO RODRIGUES,EMEF LAURO RODRIGUES,clarissa,1,Língua Portuguesa,1ª Avaliação Formativa, 21192411500000790,13,RIO GRANDE DO SUL,PORTO ALEGRE,PORTO ALEGRE,2025_1av_form_HABILIDADES_DESEMPENHO_TURMA_01anos_LP.csv,20,13,65,75,15,15,69,EMEF LAURO RODRIGUES,EMEF LAURO RODRIGUES,65,FALSE,
2025,linha_base_pre_programa,0,ESC_020,,EMEF JOAO ANTONIO SATTE,EMEF JOAO ANTONIO SATTE,eliane,1,Língua Portuguesa,1ª Avaliação Formativa, 21192411500000814,11,RIO GRANDE DO SUL,PORTO ALEGRE,PORTO ALEGRE,2025_1av_form_HABILIDADES_DESEMPENHO_TURMA_01anos_LP.csv,20,15,75,72,7,13,80,EMEF JOAO ANTONIO SATTE,EMEF JOAO ANTONIO SATTE,75,FALSE,
2025,linha_base_pre_programa,0,ESC_020,,EMEF JOAO ANTONIO SATTE,EMEF JOAO ANTONIO SATTE,eliane,1,Língua Portuguesa,1ª Avaliação Formativa, 21192411500000815,13,RIO GRANDE DO SUL,PORTO ALEGRE,PORTO ALEGRE,2025_1av_form_HABILIDADES_DESEMPENHO_TURMA_01anos_LP.csv,23,17,74,54,18,53,29,EMEF JOAO ANTONIO SATTE,EMEF JOAO ANTONIO SATTE,73.91304347826087,FALSE,
2025,linha_base_pre_programa,0,ESC_020,,EMEF JOAO ANTONIO SATTE,EMEF JOAO ANTONIO SATTE,eliane,1,Língua Portuguesa,1ª Avaliação Formativa, 21192411500000816,14,RIO GRANDE DO SUL,PORTO ALEGRE,PORTO ALEGRE,2025_1av_form_HABILIDADES_DESEMPENHO_TURMA_01anos_LP.csv,18,13,72,98,0,0,100,EMEF JOAO ANTONIO SATTE,EMEF JOAO ANTONIO SATTE,72.22222222222223,FALSE,
2025,linha_base_pre_programa,0,ESC_011,,EMEF DEP VICTOR ISSLER,EMEF DEP VICTOR ISSLER,clarissa,1,Língua Portuguesa,1ª Avaliação Formativa, 21192411500000847,11,RIO GRANDE DO SUL,PORTO ALEGRE,PORTO ALEGRE,2025_1av_form_HABILIDADES_DESEMPENHO_TURMA_01anos_LP.csv,25,18,72,64,11,44,44,EMEF DEP VICTOR ISSLER,EMEF DEP VICTOR ISSLER,72,FALSE,
2025,linha_base_pre_programa,0,ESC_011,,EMEF DEP VICTOR ISSLER,EMEF DEP VICTOR ISSLER,clarissa,1,Língua Portuguesa,1ª Avaliação Formativa, 21192411500000848,12,RIO GRANDE DO SUL,PORTO ALEGRE,PORTO ALEGRE,2025_1av_form_HABILIDADES_DESEMPENHO_TURMA_01anos_LP.csv,23,20,87,46,40,20,40,EMEF DEP VICTOR ISSLER,EMEF DEP VICTOR ISSLER,86.95652173913044,FALSE,
2025,linha_base_pre_programa,0,ESC_011,,EMEF DEP VICTOR ISSLER,EMEF DEP VICTOR ISSLER,clarissa,1,Língua Portuguesa,1ª Avaliação Formativa, 21192411500000849,13,RIO GRANDE DO SUL,PORTO ALEGRE,PORTO ALEGRE,2025_1av_form_HABILIDADES_DESEMPENHO_TURMA_01anos_LP.csv,24,20,83,56,15,50,35,EMEF DEP VICTOR ISSLER,EMEF DEP VICTOR ISSLER,83.33333333333333,FALSE,
2025,linha_base_pre_programa,0,ESC_011,,EMEF DEP VICTOR ISSLER,EMEF DEP VICTOR ISSLER,clarissa,1,Língua Portuguesa,1ª Avaliação Formativa, 21192411500000850,14,RIO GRANDE DO SUL,PORTO ALEGRE,PORTO ALEGRE,2025_1av_form_HABILIDADES_DESEMPENHO_TURMA_01anos_LP.csv,21,16,76,69,13,31,56,EMEF DEP VICTOR ISSLER,EMEF DEP VICTOR ISSLER,76.19047619047619,FALSE,
2025,linha_base_pre_programa,0,ESC_011,,EMEF DEP VICTOR ISSLER,EMEF DEP VICTOR ISSLER,clarissa,1,Língua Portuguesa,1ª Avaliação Formativa, 21192411500000851,15,RIO GRANDE DO SUL,PORTO ALEGRE,PORTO ALEGRE,2025_1av_form_HABILIDADES_DESEMPENHO_TURMA_01anos_LP.csv,23,16,70,23,63,31,6,EMEF DEP VICTOR ISSLER,EMEF DEP VICTOR ISSLER,69.56521739130434,FALSE,
2025,linha_base_pre_programa,0,ESC_015,,EMEF GABRIEL OBINO,EMEF GABRIEL OBINO,amanda,1,Língua Portuguesa,1ª Avaliação Formativa, 21192411500000886,11,RIO GRANDE DO SUL,PORTO ALEGRE,PORTO ALEGRE,2025_1av_form_HABILIDADES_DESEMPENHO_TURMA_01anos_LP.csv,19,14,74,84,0,14,86,EMEF GABRIEL OBINO,EMEF GABRIEL OBINO,73.6842105263158,FALSE,
2025,linha_base_pre_programa,0,ESC_015,,EMEF GABRIEL OBINO,EMEF GABRIEL OBINO,amanda,1,Língua Portuguesa,1ª Avaliação Formativa, 21192411500000887,12,RIO GRANDE DO SUL,PORTO ALEGRE,PORTO ALEGRE,2025_1av_form_HABILIDADES_DESEMPENHO_TURMA_01anos_LP.csv,12,7,58,49,29,57,14,EMEF GABRIEL OBINO,EMEF GABRIEL OBINO,58.333333333333336,FALSE,
2025,linha_base_pre_programa,0,ESC_015,,EMEF GABRIEL OBINO,EMEF GABRIEL OBINO,amanda,1,Língua Portuguesa,1ª Avaliação Formativa, 21192411500000888,13,RIO GRANDE DO SUL,PORTO ALEGRE,PORTO ALEGRE,2025_1av_form_HABILIDADES_DESEMPENHO_TURMA_01anos_LP.csv,14,6,43,100,0,0,100,EMEF GABRIEL OBINO,EMEF GABRIEL OBINO,42.857142857142854,FALSE,
2025,linha_base_pre_programa,0,ESC_044,,EMEF SAINT HILAIRE,EMEF SAINT HILAIRE,andreia,1,Língua Portuguesa,1ª Avaliação Formativa, 21192411500000908,11,RIO GRANDE DO SUL,PORTO ALEGRE,PORTO ALEGRE,2025_1av_form_HABILIDADES_DESEMPENHO_TURMA_01anos_LP.csv,21,10,48,50,30,50,20,EMEF SAINT HILAIRE,EMEF SAINT HILAIRE,47.61904761904762,FALSE,
2025,linha_base_pre_programa,0,ESC_044,,EMEF SAINT HILAIRE,EMEF SAINT HILAIRE,andreia,1,Língua Portuguesa,1ª Avaliação Formativa, 21192411500000909,12,RIO GRANDE DO SUL,PORTO ALEGRE,PORTO ALEGRE,2025_1av_form_HABILIDADES_DESEMPENHO_TURMA_01anos_LP.csv,20,14,70,35,43,43,14,EMEF SAINT HILAIRE,EMEF SAINT HILAIRE,70,FALSE,
2025,linha_base_pre_programa,0,ESC_044,,EMEF SAINT HILAIRE,EMEF SAINT HILAIRE,andreia,1,Língua Portuguesa,1ª Avaliação Formativa, 21192411500000910,13,RIO GRANDE DO SUL,PORTO ALEGRE,PORTO ALEGRE,2025_1av_form_HABILIDADES_DESEMPENHO_TURMA_01anos_LP.csv,17,11,65,80,9,18,73,EMEF SAINT HILAIRE,EMEF SAINT HILAIRE,64.70588235294117,FALSE,
2025,linha_base_pre_programa,0,ESC_044,,EMEF SAINT HILAIRE,EMEF SAINT HILAIRE,andreia,1,Língua Portuguesa,1ª Avaliação Formativa, 21192411500000911,14,RIO GRANDE DO SUL,PORTO ALEGRE,PORTO ALEGRE,2025_1av_form_HABILIDADES_DESEMPENHO_TURMA_01anos_LP.csv,17,16,94,46,44,19,38,EMEF SAINT HILAIRE,EMEF SAINT HILAIRE,94.11764705882354,FALSE,
2025,linha_base_pre_programa,0,ESC_045,,EMEF SAO PEDRO,EMEF SAO PEDRO,marian,1,Língua Portuguesa,1ª Avaliação Formativa, 21192411500000946,11,RIO GRANDE DO SUL,PORTO ALEGRE,PORTO ALEGRE,2025_1av_form_HABILIDADES_DESEMPENHO_TURMA_01anos_LP.csv,24,19,79,49,47,5,47,EMEF SAO PEDRO,EMEF SAO PEDRO,79.16666666666667,FALSE,
2025,linha_base_pre_programa,0,ESC_045,,EMEF SAO PEDRO,EMEF SAO PEDRO,marian,1,Língua Portuguesa,1ª Avaliação Formativa, 21192411500000947,12,RIO GRANDE DO SUL,PORTO ALEGRE,PORTO ALEGRE,2025_1av_form_HABILIDADES_DESEMPENHO_TURMA_01anos_LP.csv,23,22,96,28,64,18,18,EMEF SAO PEDRO,EMEF SAO PEDRO,95.65217391304348,FALSE,
2025,linha_base_pre_programa,0,ESC_045,,EMEF SAO PEDRO,EMEF SAO PEDRO,marian,1,Língua Portuguesa,1ª Avaliação Formativa, 21192411500000948,13,RIO GRANDE DO SUL,PORTO ALEGRE,PORTO ALEGRE,2025_1av_form_HABILIDADES_DESEMPENHO_TURMA_01anos_LP.csv,24,22,92,46,32,32,36,EMEF SAO PEDRO,EMEF SAO PEDRO,91.66666666666667,FALSE,
2025,linha_base_pre_programa,0,ESC_045,,EMEF SAO PEDRO,EMEF SAO PEDRO,marian,1,Língua Portuguesa,1ª Avaliação Formativa, 21192411500000949,14,RIO GRANDE DO SUL,PORTO ALEGRE,PORTO ALEGRE,2025_1av_form_HABILIDADES_DESEMPENHO_TURMA_01anos_LP.csv,24,19,79,32,58,21,21,EMEF SAO PEDRO,EMEF SAO PEDRO,79.16666666666667,FALSE,
2025,linha_base_pre_programa,0,ESC_023,,EMEF JOSE MARIANO BECK,EMEF JOSE MARIANO BECK,nathalia,1,Língua Portuguesa,1ª Avaliação Formativa, 21192411500000984,11,RIO GRANDE DO SUL,PORTO ALEGRE,PORTO ALEGRE,2025_1av_form_HABILIDADES_DESEMPENHO_TURMA_01anos_LP.csv,22,15,68,54,27,33,40,EMEF JOSE MARIANO BECK,EMEF JOSE MARIANO BECK,68.18181818181819,FALSE,
2025,linha_base_pre_programa,0,ESC_023,,EMEF JOSE MARIANO BECK,EMEF JOSE MARIANO BECK,nathalia,1,Língua Portuguesa,1ª Avaliação Formativa, 21192411500000985,12,RIO GRANDE DO SUL,PORTO ALEGRE,PORTO ALEGRE,2025_1av_form_HABILIDADES_DESEMPENHO_TURMA_01anos_LP.csv,22,14,64,87,0,14,86,EMEF JOSE MARIANO BECK,EMEF JOSE MARIANO BECK,63.63636363636363,FALSE,
2025,linha_base_pre_programa,0,ESC_023,,EMEF JOSE MARIANO BECK,EMEF JOSE MARIANO BECK,nathalia,1,Língua Portuguesa,1ª Avaliação Formativa, 21192411500000986,13,RIO GRANDE DO SUL,PORTO ALEGRE,PORTO ALEGRE,2025_1av_form_HABILIDADES_DESEMPENHO_TURMA_01anos_LP.csv,21,15,71,61,0,47,53,EMEF JOSE MARIANO BECK,EMEF JOSE MARIANO BECK,71.42857142857143,FALSE,
2025,linha_base_pre_programa,0,ESC_019,,EMEF JEAN PIAGET,EMEF JEAN PIAGET,clarissa,1,Língua Portuguesa,1ª Avaliação Formativa, 21192411500001011,11,RIO GRANDE DO SUL,PORTO ALEGRE,PORTO ALEGRE,2025_1av_form_HABILIDADES_DESEMPENHO_TURMA_01anos_LP.csv,21,16,76,94,0,6,94,EMEF JEAN PIAGET,EMEF JEAN PIAGET,76.19047619047619,FALSE,
2025,linha_base_pre_programa,0,ESC_019,,EMEF JEAN PIAGET,EMEF JEAN PIAGET,clarissa,1,Língua Portuguesa,1ª Avaliação Formativa, 21192411500001012,12,RIO GRANDE DO SUL,PORTO ALEGRE,PORTO ALEGRE,2025_1av_form_HABILIDADES_DESEMPENHO_TURMA_01anos_LP.csv,17,15,88,33,67,0,33,EMEF JEAN PIAGET,EMEF JEAN PIAGET,88.23529411764706,FALSE,
2025,linha_base_pre_programa,0,ESC_019,,EMEF JEAN PIAGET,EMEF JEAN PIAGET,clarissa,1,Língua Portuguesa,1ª Avaliação Formativa, 21192411500001013,13,RIO GRANDE DO SUL,PORTO ALEGRE,PORTO ALEGRE,2025_1av_form_HABILIDADES_DESEMPENHO_TURMA_01anos_LP.csv,23,20,87,86,10,0,90,EMEF JEAN PIAGET,EMEF JEAN PIAGET,86.95652173913044,FALSE,
2025,linha_base_pre_programa,0,ESC_048,,EMEF VER ANTONIO GIUDICE,EMEF VER ANTONIO GIUDICE,clarissa,1,Língua Portuguesa,1ª Avaliação Formativa, 21192411500001040,11,RIO GRANDE DO SUL,PORTO ALEGRE,PORTO ALEGRE,2025_1av_form_HABILIDADES_DESEMPENHO_TURMA_01anos_LP.csv,21,15,71,81,0,20,80,EMEF VER ANTONIO GIUDICE,EMEF VER ANTONIO GIUDICE,71.42857142857143,FALSE,
2025,linha_base_pre_programa,0,ESC_048,,EMEF VER ANTONIO GIUDICE,EMEF VER ANTONIO GIUDICE,clarissa,1,Língua Portuguesa,1ª Avaliação Formativa, 21192411500001041,12,RIO GRANDE DO SUL,PORTO ALEGRE,PORTO ALEGRE,2025_1av_form_HABILIDADES_DESEMPENHO_TURMA_01anos_LP.csv,20,14,70,64,21,21,57,EMEF VER ANTONIO GIUDICE,EMEF VER ANTONIO GIUDICE,70,FALSE,
2025,linha_base_pre_programa,0,ESC_048,,EMEF VER ANTONIO GIUDICE,EMEF VER ANTONIO GIUDICE,clarissa,1,Língua Portuguesa,1ª Avaliação Formativa, 21192411500001042,13,RIO GRANDE DO SUL,PORTO ALEGRE,PORTO ALEGRE,2025_1av_form_HABILIDADES_DESEMPENHO_TURMA_01anos_LP.csv,22,18,82,70,22,17,61,EMEF VER ANTONIO GIUDICE,EMEF VER ANTONIO GIUDICE,81.81818181818181,FALSE,
2025,linha_base_pre_programa,0,ESC_048,,EMEF VER ANTONIO GIUDICE,EMEF VER ANTONIO GIUDICE,clarissa,1,Língua Portuguesa,1ª Avaliação Formativa, 21192411500001043,14,RIO GRANDE DO SUL,PORTO ALEGRE,PORTO ALEGRE,2025_1av_form_HABILIDADES_DESEMPENHO_TURMA_01anos_LP.csv,24,18,75,31,61,28,11,EMEF VER ANTONIO GIUDICE,EMEF VER ANTONIO GIUDICE,75,FALSE,
2025,linha_base_pre_programa,0,ESC_039,,EMEF PROF ANISIO TEIXEIRA,EMEF PROF ANISIO TEIXEIRA,andreia,1,Língua Portuguesa,1ª Avaliação Formativa, 21192411500001069,11,RIO GRANDE DO SUL,PORTO ALEGRE,PORTO ALEGRE,2025_1av_form_HABILIDADES_DESEMPENHO_TURMA_01anos_LP.csv,18,15,83,62,27,20,53,EMEF PROF ANISIO TEIXEIRA,EMEF PROF ANISIO TEIXEIRA,83.33333333333333,FALSE,
2025,linha_base_pre_programa,0,ESC_039,,EMEF PROF ANISIO TEIXEIRA,EMEF PROF ANISIO TEIXEIRA,andreia,1,Língua Portuguesa,1ª Avaliação Formativa, 21192411500001070,12,RIO GRANDE DO SUL,PORTO ALEGRE,PORTO ALEGRE,2025_1av_form_HABILIDADES_DESEMPENHO_TURMA_01anos_LP.csv,22,18,82,77,11,22,67,EMEF PROF ANISIO TEIXEIRA,EMEF PROF ANISIO TEIXEIRA,81.81818181818181,FALSE,
2025,linha_base_pre_programa,0,ESC_039,,EMEF PROF ANISIO TEIXEIRA,EMEF PROF ANISIO TEIXEIRA,andreia,1,Língua Portuguesa,1ª Avaliação Formativa, 21192411500001071,13,RIO GRANDE DO SUL,PORTO ALEGRE,PORTO ALEGRE,2025_1av_form_HABILIDADES_DESEMPENHO_TURMA_01anos_LP.csv,16,12,75,70,8,33,58,EMEF PROF ANISIO TEIXEIRA,EMEF PROF ANISIO TEIXEIRA,75,FALSE,
2025,linha_base_pre_programa,0,ESC_039,,EMEF PROF ANISIO TEIXEIRA,EMEF PROF ANISIO TEIXEIRA,andreia,1,Língua Portuguesa,1ª Avaliação Formativa, 21192411500001072,14,RIO GRANDE DO SUL,PORTO ALEGRE,PORTO ALEGRE,2025_1av_form_HABILIDADES_DESEMPENHO_TURMA_01anos_LP.csv,21,16,76,61,19,38,44,EMEF PROF ANISIO TEIXEIRA,EMEF PROF ANISIO TEIXEIRA,76.19047619047619,FALSE,
2025,linha_base_pre_programa,0,ESC_006,,EMEF CAMPOS DO CRISTAL,EMEF CAMPOS DO CRISTAL,andreia,1,Língua Portuguesa,1ª Avaliação Formativa, 21192411500001105,11,RIO GRANDE DO SUL,PORTO ALEGRE,PORTO ALEGRE,2025_1av_form_HABILIDADES_DESEMPENHO_TURMA_01anos_LP.csv,20,17,85,83,0,29,71,EMEF CAMPOS DO CRISTAL,EMEF CAMPOS DO CRISTAL,85,FALSE,
2025,linha_base_pre_programa,0,ESC_006,,EMEF CAMPOS DO CRISTAL,EMEF CAMPOS DO CRISTAL,andreia,1,Língua Portuguesa,1ª Avaliação Formativa, 21192411500001106,12,RIO GRANDE DO SUL,PORTO ALEGRE,PORTO ALEGRE,2025_1av_form_HABILIDADES_DESEMPENHO_TURMA_01anos_LP.csv,18,15,83,47,33,40,27,EMEF CAMPOS DO CRISTAL,EMEF CAMPOS DO CRISTAL,83.33333333333333,FALSE,
2025,linha_base_pre_programa,0,ESC_052,,EMEF WENCESLAU FONTOURA,EMEF WENCESLAU FONTOURA,eliane,1,Língua Portuguesa,1ª Avaliação Formativa, 21192411500001123,11,RIO GRANDE DO SUL,PORTO ALEGRE,PORTO ALEGRE,2025_1av_form_HABILIDADES_DESEMPENHO_TURMA_01anos_LP.csv,23,17,74,63,6,47,47,EMEF WENCESLAU FONTOURA,EMEF WENCESLAU FONTOURA,73.91304347826087,FALSE,
2025,linha_base_pre_programa,0,ESC_052,,EMEF WENCESLAU FONTOURA,EMEF WENCESLAU FONTOURA,eliane,1,Língua Portuguesa,1ª Avaliação Formativa, 21192411500001124,12,RIO GRANDE DO SUL,PORTO ALEGRE,PORTO ALEGRE,2025_1av_form_HABILIDADES_DESEMPENHO_TURMA_01anos_LP.csv,26,21,81,50,38,24,38,EMEF WENCESLAU FONTOURA,EMEF WENCESLAU FONTOURA,80.76923076923077,FALSE,
2025,linha_base_pre_programa,0,ESC_052,,EMEF WENCESLAU FONTOURA,EMEF WENCESLAU FONTOURA,eliane,1,Língua Portuguesa,1ª Avaliação Formativa, 21192411500001125,13,RIO GRANDE DO SUL,PORTO ALEGRE,PORTO ALEGRE,2025_1av_form_HABILIDADES_DESEMPENHO_TURMA_01anos_LP.csv,23,17,74,90,0,18,82,EMEF WENCESLAU FONTOURA,EMEF WENCESLAU FONTOURA,73.91304347826087,FALSE,
2025,linha_base_pre_programa,0,ESC_052,,EMEF WENCESLAU FONTOURA,EMEF WENCESLAU FONTOURA,eliane,1,Língua Portuguesa,1ª Avaliação Formativa, 21192411500001126,14,RIO GRANDE DO SUL,PORTO ALEGRE,PORTO ALEGRE,2025_1av_form_HABILIDADES_DESEMPENHO_TURMA_01anos_LP.csv,21,15,71,42,47,27,27,EMEF WENCESLAU FONTOURA,EMEF WENCESLAU FONTOURA,71.42857142857143,FALSE,
2025,linha_base_pre_programa,0,ESC_051,,EMEF VILA MONTE CRISTO,EMEF VILA MONTE CRISTO,graziela,1,Língua Portuguesa,1ª Avaliação Formativa, 21192411500001153,11,RIO GRANDE DO SUL,PORTO ALEGRE,PORTO ALEGRE,2025_1av_form_HABILIDADES_DESEMPENHO_TURMA_01anos_LP.csv,12,7,58,81,14,0,86,EMEF VILA MONTE CRISTO,EMEF VILA MONTE CRISTO,58.333333333333336,FALSE,
2025,linha_base_pre_programa,0,ESC_051,,EMEF VILA MONTE CRISTO,EMEF VILA MONTE CRISTO,graziela,1,Língua Portuguesa,1ª Avaliação Formativa, 21192411500001154,12,RIO GRANDE DO SUL,PORTO ALEGRE,PORTO ALEGRE,2025_1av_form_HABILIDADES_DESEMPENHO_TURMA_01anos_LP.csv,12,12,100,96,0,8,92,EMEF VILA MONTE CRISTO,EMEF VILA MONTE CRISTO,100,FALSE,
2025,linha_base_pre_programa,0,ESC_051,,EMEF VILA MONTE CRISTO,EMEF VILA MONTE CRISTO,graziela,1,Língua Portuguesa,1ª Avaliação Formativa, 21192411500001155,13,RIO GRANDE DO SUL,PORTO ALEGRE,PORTO ALEGRE,2025_1av_form_HABILIDADES_DESEMPENHO_TURMA_01anos_LP.csv,15,13,87,72,15,8,77,EMEF VILA MONTE CRISTO,EMEF VILA MONTE CRISTO,86.66666666666667,FALSE,
2025,linha_base_pre_programa,0,ESC_051,,EMEF VILA MONTE CRISTO,EMEF VILA MONTE CRISTO,graziela,1,Língua Portuguesa,1ª Avaliação Formativa, 21192411500001156,14,RIO GRANDE DO SUL,PORTO ALEGRE,PORTO ALEGRE,2025_1av_form_HABILIDADES_DESEMPENHO_TURMA_01anos_LP.csv,21,11,52,94,0,9,91,EMEF VILA MONTE CRISTO,EMEF VILA MONTE CRISTO,52.38095238095238,FALSE,
2025,linha_base_pre_programa,0,ESC_051,,EMEF VILA MONTE CRISTO,EMEF VILA MONTE CRISTO,graziela,1,Língua Portuguesa,1ª Avaliação Formativa, 21192411500001157,15,RIO GRANDE DO SUL,PORTO ALEGRE,PORTO ALEGRE,2025_1av_form_HABILIDADES_DESEMPENHO_TURMA_01anos_LP.csv,19,13,68,72,15,15,69,EMEF VILA MONTE CRISTO,EMEF VILA MONTE CRISTO,68.42105263157895,FALSE,
2025,linha_base_pre_programa,0,ESC_028,,EMEF MIGRANTES,EMEF MIGRANTES,nathalia,1,Língua Portuguesa,1ª Avaliação Formativa, 21192411500001190,11,RIO GRANDE DO SUL,PORTO ALEGRE,PORTO ALEGRE,2025_1av_form_HABILIDADES_DESEMPENHO_TURMA_01anos_LP.csv,18,14,78,74,14,14,71,EMEF MIGRANTES,EMEF MIGRANTES,77.77777777777777,FALSE,
2025,linha_base_pre_programa,0,ESC_030,,EMEF MORRO DA CRUZ,EMEF MORRO DA CRUZ,andreia,1,Língua Portuguesa,1ª Avaliação Formativa, 21192411500001200,11,RIO GRANDE DO SUL,PORTO ALEGRE,PORTO ALEGRE,2025_1av_form_HABILIDADES_DESEMPENHO_TURMA_01anos_LP.csv,18,15,83,52,27,40,33,EMEF MORRO DA CRUZ,EMEF MORRO DA CRUZ,83.33333333333333,FALSE,
2025,linha_base_pre_programa,0,ESC_030,,EMEF MORRO DA CRUZ,EMEF MORRO DA CRUZ,andreia,1,Língua Portuguesa,1ª Avaliação Formativa, 21192411500001201,12,RIO GRANDE DO SUL,PORTO ALEGRE,PORTO ALEGRE,2025_1av_form_HABILIDADES_DESEMPENHO_TURMA_01anos_LP.csv,21,8,38,5,100,0,0,EMEF MORRO DA CRUZ,EMEF MORRO DA CRUZ,38.095238095238095,FALSE,
2025,linha_base_pre_programa,0,ESC_030,,EMEF MORRO DA CRUZ,EMEF MORRO DA CRUZ,andreia,1,Língua Portuguesa,1ª Avaliação Formativa, 21192411500001202,13,RIO GRANDE DO SUL,PORTO ALEGRE,PORTO ALEGRE,2025_1av_form_HABILIDADES_DESEMPENHO_TURMA_01anos_LP.csv,23,17,74,10,88,12,0,EMEF MORRO DA CRUZ,EMEF MORRO DA CRUZ,73.91304347826087,FALSE,
2025,linha_base_pre_programa,0,ESC_030,,EMEF MORRO DA CRUZ,EMEF MORRO DA CRUZ,andreia,1,Língua Portuguesa,1ª Avaliação Formativa, 21192411500001203,14,RIO GRANDE DO SUL,PORTO ALEGRE,PORTO ALEGRE,2025_1av_form_HABILIDADES_DESEMPENHO_TURMA_01anos_LP.csv,22,21,95,4,95,5,0,EMEF MORRO DA CRUZ,EMEF MORRO DA CRUZ,95.45454545454545,FALSE,
2025,linha_base_pre_programa,0,ESC_031,,EMEF NEUSA GOULART BRIZOLA,EMEF NEUSA GOULART BRIZOLA,julia,1,Língua Portuguesa,1ª Avaliação Formativa, 21192411500001232,11,RIO GRANDE DO SUL,PORTO ALEGRE,PORTO ALEGRE,2025_1av_form_HABILIDADES_DESEMPENHO_TURMA_01anos_LP.csv,21,15,71,81,7,13,80,EMEF NEUSA GOULART BRIZOLA,EMEF NEUSA GOULART BRIZOLA,71.42857142857143,FALSE,
2025,linha_base_pre_programa,0,ESC_031,,EMEF NEUSA GOULART BRIZOLA,EMEF NEUSA GOULART BRIZOLA,julia,1,Língua Portuguesa,1ª Avaliação Formativa, 21192411500001233,12,RIO GRANDE DO SUL,PORTO ALEGRE,PORTO ALEGRE,2025_1av_form_HABILIDADES_DESEMPENHO_TURMA_01anos_LP.csv,21,15,71,78,7,27,67,EMEF NEUSA GOULART BRIZOLA,EMEF NEUSA GOULART BRIZOLA,71.42857142857143,FALSE,
2025,linha_base_pre_programa,0,ESC_008,,EMEF CHICO MENDES,EMEF CHICO MENDES,eliane,1,Língua Portuguesa,1ª Avaliação Formativa, 21192411500001249,11,RIO GRANDE DO SUL,PORTO ALEGRE,PORTO ALEGRE,2025_1av_form_HABILIDADES_DESEMPENHO_TURMA_01anos_LP.csv,23,15,65,38,40,60,0,EMEF CHICO MENDES,EMEF CHICO MENDES,65.21739130434783,FALSE,
2025,linha_base_pre_programa,0,ESC_008,,EMEF CHICO MENDES,EMEF CHICO MENDES,eliane,1,Língua Portuguesa,1ª Avaliação Formativa, 21192411500001250,12,RIO GRANDE DO SUL,PORTO ALEGRE,PORTO ALEGRE,2025_1av_form_HABILIDADES_DESEMPENHO_TURMA_01anos_LP.csv,23,16,70,65,13,38,50,EMEF CHICO MENDES,EMEF CHICO MENDES,69.56521739130434,FALSE,
2025,linha_base_pre_programa,0,ESC_008,,EMEF CHICO MENDES,EMEF CHICO MENDES,eliane,1,Língua Portuguesa,1ª Avaliação Formativa, 21192411500001251,13,RIO GRANDE DO SUL,PORTO ALEGRE,PORTO ALEGRE,2025_1av_form_HABILIDADES_DESEMPENHO_TURMA_01anos_LP.csv,27,20,74,78,0,25,75,EMEF CHICO MENDES,EMEF CHICO MENDES,74.07407407407408,FALSE,
2025,linha_base_pre_programa,0,ESC_008,,EMEF CHICO MENDES,EMEF CHICO MENDES,eliane,1,Língua Portuguesa,1ª Avaliação Formativa, 21192411500001252,14,RIO GRANDE DO SUL,PORTO ALEGRE,PORTO ALEGRE,2025_1av_form_HABILIDADES_DESEMPENHO_TURMA_01anos_LP.csv,24,21,88,50,29,38,33,EMEF CHICO MENDES,EMEF CHICO MENDES,87.5,FALSE,
2025,linha_base_pre_programa,0,ESC_027,,EMEF MARIO QUINTANA,EMEF MARIO QUINTANA,ruti,1,Língua Portuguesa,1ª Avaliação Formativa, 21192411500001287,11,RIO GRANDE DO SUL,PORTO ALEGRE,PORTO ALEGRE,2025_1av_form_HABILIDADES_DESEMPENHO_TURMA_01anos_LP.csv,22,16,73,31,63,13,25,EMEF MARIO QUINTANA,EMEF MARIO QUINTANA,72.72727272727273,FALSE,
2025,linha_base_pre_programa,0,ESC_027,,EMEF MARIO QUINTANA,EMEF MARIO QUINTANA,ruti,1,Língua Portuguesa,1ª Avaliação Formativa, 21192411500001288,12,RIO GRANDE DO SUL,PORTO ALEGRE,PORTO ALEGRE,2025_1av_form_HABILIDADES_DESEMPENHO_TURMA_01anos_LP.csv,23,16,70,2,100,0,0,EMEF MARIO QUINTANA,EMEF MARIO QUINTANA,69.56521739130434,FALSE,
2025,linha_base_pre_programa,0,ESC_007,,EMEF CHAPEU DO SOL,EMEF CHAPEU DO SOL,ruti,1,Língua Portuguesa,1ª Avaliação Formativa, 21192411500001305,11,RIO GRANDE DO SUL,PORTO ALEGRE,PORTO ALEGRE,2025_1av_form_HABILIDADES_DESEMPENHO_TURMA_01anos_LP.csv,21,15,71,69,13,27,60,EMEF CHAPEU DO SOL,EMEF CHAPEU DO SOL,71.42857142857143,FALSE,
2025,linha_base_pre_programa,0,ESC_007,,EMEF CHAPEU DO SOL,EMEF CHAPEU DO SOL,ruti,1,Língua Portuguesa,1ª Avaliação Formativa, 21192411500001306,12,RIO GRANDE DO SUL,PORTO ALEGRE,PORTO ALEGRE,2025_1av_form_HABILIDADES_DESEMPENHO_TURMA_01anos_LP.csv,21,10,48,92,0,10,90,EMEF CHAPEU DO SOL,EMEF CHAPEU DO SOL,47.61904761904762,FALSE,
2025,linha_base_pre_programa,0,ESC_007,,EMEF CHAPEU DO SOL,EMEF CHAPEU DO SOL,ruti,1,Língua Portuguesa,1ª Avaliação Formativa, 21192411500001307,13,RIO GRANDE DO SUL,PORTO ALEGRE,PORTO ALEGRE,2025_1av_form_HABILIDADES_DESEMPENHO_TURMA_01anos_LP.csv,24,18,75,16,72,28,0,EMEF CHAPEU DO SOL,EMEF CHAPEU DO SOL,75,FALSE,
2025,linha_base_pre_programa,0,ESC_007,,EMEF CHAPEU DO SOL,EMEF CHAPEU DO SOL,ruti,1,Língua Portuguesa,1ª Avaliação Formativa, 21192411500001308,14,RIO GRANDE DO SUL,PORTO ALEGRE,PORTO ALEGRE,2025_1av_form_HABILIDADES_DESEMPENHO_TURMA_01anos_LP.csv,25,20,80,16,85,15,0,EMEF CHAPEU DO SOL,EMEF CHAPEU DO SOL,80,FALSE,
2025,linha_base_pre_programa,0,ESC_007,,EMEF CHAPEU DO SOL,EMEF CHAPEU DO SOL,ruti,1,Língua Portuguesa,1ª Avaliação Formativa, 21192411500001309,15,RIO GRANDE DO SUL,PORTO ALEGRE,PORTO ALEGRE,2025_1av_form_HABILIDADES_DESEMPENHO_TURMA_01anos_LP.csv,23,14,61,66,7,43,50,EMEF CHAPEU DO SOL,EMEF CHAPEU DO SOL,60.869565217391305,FALSE,
2025,linha_base_pre_programa,0,ESC_047,,EMEF TIMBAUVA,EMEF TIMBAUVA,nathalia,1,Língua Portuguesa,1ª Avaliação Formativa, 21192411500001344,11,RIO GRANDE DO SUL,PORTO ALEGRE,PORTO ALEGRE,2025_1av_form_HABILIDADES_DESEMPENHO_TURMA_01anos_LP.csv,19,15,79,19,80,7,13,EMEF TIMBAUVA,EMEF TIMBAUVA,78.94736842105263,FALSE,
2025,linha_base_pre_programa,0,ESC_047,,EMEF TIMBAUVA,EMEF TIMBAUVA,nathalia,1,Língua Portuguesa,1ª Avaliação Formativa, 21192411500001345,12,RIO GRANDE DO SUL,PORTO ALEGRE,PORTO ALEGRE,2025_1av_form_HABILIDADES_DESEMPENHO_TURMA_01anos_LP.csv,20,13,65,35,54,31,15,EMEF TIMBAUVA,EMEF TIMBAUVA,65,FALSE,
2025,linha_base_pre_programa,0,ESC_047,,EMEF TIMBAUVA,EMEF TIMBAUVA,nathalia,1,Língua Portuguesa,1ª Avaliação Formativa, 21192411500001346,13,RIO GRANDE DO SUL,PORTO ALEGRE,PORTO ALEGRE,2025_1av_form_HABILIDADES_DESEMPENHO_TURMA_01anos_LP.csv,18,15,83,67,27,13,60,EMEF TIMBAUVA,EMEF TIMBAUVA,83.33333333333333,FALSE,
2025,linha_base_pre_programa,0,ESC_056,,EEF ALDEIA LUMIAR,6002 EEF ALDEIA LUMIAR,,1,Língua Portuguesa,1ª Avaliação Formativa, 21192411500001371,11 - F1A,RIO GRANDE DO SUL,PORTO ALEGRE,PORTO ALEGRE,2025_1av_form_HABILIDADES_DESEMPENHO_TURMA_01anos_LP.csv,6,5,83,67,0,20,80,EEF ALDEIA LUMIAR,EEF ALDEIA LUMIAR,83.33333333333333,TRUE,a_confirmar
2025,linha_base_pre_programa,0,ESC_056,,EEF ALDEIA LUMIAR,6002 EEF ALDEIA LUMIAR,,1,Língua Portuguesa,1ª Avaliação Formativa, 21192411500001372,11 - F1B,RIO GRANDE DO SUL,PORTO ALEGRE,PORTO ALEGRE,2025_1av_form_HABILIDADES_DESEMPENHO_TURMA_01anos_LP.csv,6,5,83,64,20,0,80,EEF ALDEIA LUMIAR,EEF ALDEIA LUMIAR,83.33333333333333,TRUE,a_confirmar
2025,linha_base_pre_programa,0,ESC_056,,EEF ALDEIA LUMIAR,6002 EEF ALDEIA LUMIAR,,1,Língua Portuguesa,1ª Avaliação Formativa, 21192411500001373,11 - F1C,RIO GRANDE DO SUL,PORTO ALEGRE,PORTO ALEGRE,2025_1av_form_HABILIDADES_DESEMPENHO_TURMA_01anos_LP.csv,8,8,100,58,25,38,38,EEF ALDEIA LUMIAR,EEF ALDEIA LUMIAR,100,TRUE,a_confirmar
2025,linha_base_pre_programa,0,ESC_033,,EMEF NOSSA SENHORA DO CARMO,EMEF NOSSA SENHORA DO CARMO,amanda,1,Língua Portuguesa,1ª Avaliação Formativa, 21192411500001391,11,RIO GRANDE DO SUL,PORTO ALEGRE,PORTO ALEGRE,2025_1av_form_HABILIDADES_DESEMPENHO_TURMA_01anos_LP.csv,23,20,87,12,85,15,0,EMEF NOSSA SENHORA DO CARMO,EMEF NOSSA SENHORA DO CARMO,86.95652173913044,FALSE,
2025,linha_base_pre_programa,0,ESC_033,,EMEF NOSSA SENHORA DO CARMO,EMEF NOSSA SENHORA DO CARMO,amanda,1,Língua Portuguesa,1ª Avaliação Formativa, 21192411500001392,12,RIO GRANDE DO SUL,PORTO ALEGRE,PORTO ALEGRE,2025_1av_form_HABILIDADES_DESEMPENHO_TURMA_01anos_LP.csv,22,18,82,84,6,17,78,EMEF NOSSA SENHORA DO CARMO,EMEF NOSSA SENHORA DO CARMO,81.81818181818181,FALSE,
2025,linha_base_pre_programa,0,ESC_033,,EMEF NOSSA SENHORA DO CARMO,EMEF NOSSA SENHORA DO CARMO,amanda,1,Língua Portuguesa,1ª Avaliação Formativa, 21192411500001393,13,RIO GRANDE DO SUL,PORTO ALEGRE,PORTO ALEGRE,2025_1av_form_HABILIDADES_DESEMPENHO_TURMA_01anos_LP.csv,22,16,73,58,25,19,56,EMEF NOSSA SENHORA DO CARMO,EMEF NOSSA SENHORA DO CARMO,72.72727272727273,FALSE,
2025,linha_base_pre_programa,0,ESC_021,,EMEF JOAO CARLOS DAVILA PAIXAO CORTES - LACADOR,EMEF JOAO CARLOS D AVILA PAIXAO CORTES (LACADOR),julia,1,Língua Portuguesa,1ª Avaliação Formativa, 21192411500001420,11,RIO GRANDE DO SUL,PORTO ALEGRE,PORTO ALEGRE,2025_1av_form_HABILIDADES_DESEMPENHO_TURMA_01anos_LP.csv,19,12,63,69,8,33,58,EMEF JOAO CARLOS D AVILA PAIXAO CORTES (LACADOR),EMEF JOAO CARLOS D AVILA PAIXAO CORTES LACADOR,63.1578947368421,FALSE,
2025,linha_base_pre_programa,0,ESC_043,,EMEF RINCAO,EMEF RINCAO,jalize,1,Língua Portuguesa,1ª Avaliação Formativa, 21192411500001424,11,RIO GRANDE DO SUL,PORTO ALEGRE,PORTO ALEGRE,2025_1av_form_HABILIDADES_DESEMPENHO_TURMA_01anos_LP.csv,22,18,82,95,0,0,100,EMEF RINCAO,EMEF RINCAO,81.81818181818181,FALSE,
2025,linha_base_pre_programa,0,ESC_043,,EMEF RINCAO,EMEF RINCAO,jalize,1,Língua Portuguesa,1ª Avaliação Formativa, 21192411500001425,12,RIO GRANDE DO SUL,PORTO ALEGRE,PORTO ALEGRE,2025_1av_form_HABILIDADES_DESEMPENHO_TURMA_01anos_LP.csv,23,16,70,79,13,13,75,EMEF RINCAO,EMEF RINCAO,69.56521739130434,FALSE,
2025,linha_base_pre_programa,0,ESC_029,,EMEF MORADAS DA HIPICA,EMEF MORADAS DA HIPICA,amanda,1,Língua Portuguesa,1ª Avaliação Formativa, 21192411500001442,11,RIO GRANDE DO SUL,PORTO ALEGRE,PORTO ALEGRE,2025_1av_form_HABILIDADES_DESEMPENHO_TURMA_01anos_LP.csv,22,15,68,65,20,27,53,EMEF MORADAS DA HIPICA,EMEF MORADAS DA HIPICA,68.18181818181819,FALSE,
2025,linha_base_pre_programa,0,ESC_029,,EMEF MORADAS DA HIPICA,EMEF MORADAS DA HIPICA,amanda,1,Língua Portuguesa,1ª Avaliação Formativa, 21192411500001443,12,RIO GRANDE DO SUL,PORTO ALEGRE,PORTO ALEGRE,2025_1av_form_HABILIDADES_DESEMPENHO_TURMA_01anos_LP.csv,21,15,71,65,7,47,47,EMEF MORADAS DA HIPICA,EMEF MORADAS DA HIPICA,71.42857142857143,FALSE,
2025,linha_base_pre_programa,0,ESC_029,,EMEF MORADAS DA HIPICA,EMEF MORADAS DA HIPICA,amanda,1,Língua Portuguesa,1ª Avaliação Formativa, 21192411500001444,13,RIO GRANDE DO SUL,PORTO ALEGRE,PORTO ALEGRE,2025_1av_form_HABILIDADES_DESEMPENHO_TURMA_01anos_LP.csv,21,16,76,67,19,31,50,EMEF MORADAS DA HIPICA,EMEF MORADAS DA HIPICA,76.19047619047619,FALSE,
2025,linha_base_pre_programa,0,ESC_029,,EMEF MORADAS DA HIPICA,EMEF MORADAS DA HIPICA,amanda,1,Língua Portuguesa,1ª Avaliação Formativa, 21192411500001445,14,RIO GRANDE DO SUL,PORTO ALEGRE,PORTO ALEGRE,2025_1av_form_HABILIDADES_DESEMPENHO_TURMA_01anos_LP.csv,24,20,83,75,5,20,75,EMEF MORADAS DA HIPICA,EMEF MORADAS DA HIPICA,83.33333333333333,FALSE,
2025,linha_base_pre_programa,0,ESC_035,,EMEF PORTO NOVO,EMEF PORTO NOVO,marian,2,Língua Portuguesa,1ª Avaliação Formativa, 21192411500000003,21,RIO GRANDE DO SUL,PORTO ALEGRE,PORTO ALEGRE,2025_1av_form_HABILIDADES_DESEMPENHO_TURMA_02anos_LP.csv,23,20,87,87,0,25,75,EMEF PORTO NOVO,EMEF PORTO NOVO,86.95652173913044,FALSE,
2025,linha_base_pre_programa,0,ESC_035,,EMEF PORTO NOVO,EMEF PORTO NOVO,marian,2,Língua Portuguesa,1ª Avaliação Formativa, 21192411500000004,22,RIO GRANDE DO SUL,PORTO ALEGRE,PORTO ALEGRE,2025_1av_form_HABILIDADES_DESEMPENHO_TURMA_02anos_LP.csv,23,18,78,58,28,33,39,EMEF PORTO NOVO,EMEF PORTO NOVO,78.26086956521739,FALSE,
2025,linha_base_pre_programa,0,ESC_053,,EMEM EMILIO MEYER,EMEM EMILIO MEYER,ruti,2,Língua Portuguesa,1ª Avaliação Formativa, 21192411500000024,21,RIO GRANDE DO SUL,PORTO ALEGRE,PORTO ALEGRE,2025_1av_form_HABILIDADES_DESEMPENHO_TURMA_02anos_LP.csv,17,14,82,54,36,29,36,EMEM EMILIO MEYER,EMEM EMILIO MEYER,82.3529411764706,FALSE,
2025,linha_base_pre_programa,0,ESC_053,,EMEM EMILIO MEYER,EMEM EMILIO MEYER,ruti,2,Língua Portuguesa,1ª Avaliação Formativa, 21192411500000025,22,RIO GRANDE DO SUL,PORTO ALEGRE,PORTO ALEGRE,2025_1av_form_HABILIDADES_DESEMPENHO_TURMA_02anos_LP.csv,20,17,85,55,35,18,47,EMEM EMILIO MEYER,EMEM EMILIO MEYER,85,FALSE,
2025,linha_base_pre_programa,0,ESC_053,,EMEM EMILIO MEYER,EMEM EMILIO MEYER,ruti,2,Língua Portuguesa,1ª Avaliação Formativa, 21192411500000026,23,RIO GRANDE DO SUL,PORTO ALEGRE,PORTO ALEGRE,2025_1av_form_HABILIDADES_DESEMPENHO_TURMA_02anos_LP.csv,18,16,89,40,38,56,6,EMEM EMILIO MEYER,EMEM EMILIO MEYER,88.88888888888889,FALSE,
2025,linha_base_pre_programa,0,ESC_053,,EMEM EMILIO MEYER,EMEM EMILIO MEYER,ruti,2,Língua Portuguesa,1ª Avaliação Formativa, 21192411500000027,24,RIO GRANDE DO SUL,PORTO ALEGRE,PORTO ALEGRE,2025_1av_form_HABILIDADES_DESEMPENHO_TURMA_02anos_LP.csv,21,16,76,39,44,44,13,EMEM EMILIO MEYER,EMEM EMILIO MEYER,76.19047619047619,FALSE,
2025,linha_base_pre_programa,0,ESC_055,,ESCOLA DE ENSINO FUNDAMENTAL MADRE RAFFO,ESCOLA DE ENSINO FUNDAMENTAL MADRE RAFFO,outras,2,Língua Portuguesa,1ª Avaliação Formativa, 21192411500000053,2A,RIO GRANDE DO SUL,PORTO ALEGRE,PORTO ALEGRE,2025_1av_form_HABILIDADES_DESEMPENHO_TURMA_02anos_LP.csv,5,3,60,68,33,0,67,ESCOLA DE ENSINO FUNDAMENTAL MADRE RAFFO,ESCOLA DE ENSINO FUNDAMENTAL MADRE RAFFO,60,FALSE,
2025,linha_base_pre_programa,0,ESC_001,,EEF PEQUENA CASA DA CRIANCA,6001 EEF PEQUENA CASA DA CRIANCA,outras,2,Língua Portuguesa,1ª Avaliação Formativa, 21192411500000064,20,RIO GRANDE DO SUL,PORTO ALEGRE,PORTO ALEGRE,2025_1av_form_HABILIDADES_DESEMPENHO_TURMA_02anos_LP.csv,17,10,59,56,10,60,30,EEF PEQUENA CASA DA CRIANCA,EEF PEQUENA CASA DA CRIANCA,58.8235294117647,FALSE,
2025,linha_base_pre_programa,0,ESC_001,,EEF PEQUENA CASA DA CRIANCA,6001 EEF PEQUENA CASA DA CRIANCA,outras,2,Língua Portuguesa,1ª Avaliação Formativa, 21192411500000065,21,RIO GRANDE DO SUL,PORTO ALEGRE,PORTO ALEGRE,2025_1av_form_HABILIDADES_DESEMPENHO_TURMA_02anos_LP.csv,20,16,80,64,25,38,38,EEF PEQUENA CASA DA CRIANCA,EEF PEQUENA CASA DA CRIANCA,80,FALSE,
2025,linha_base_pre_programa,0,ESC_001,,EEF PEQUENA CASA DA CRIANCA,6001 EEF PEQUENA CASA DA CRIANCA,outras,2,Língua Portuguesa,1ª Avaliação Formativa, 21192411500000066,22,RIO GRANDE DO SUL,PORTO ALEGRE,PORTO ALEGRE,2025_1av_form_HABILIDADES_DESEMPENHO_TURMA_02anos_LP.csv,19,11,58,49,18,64,18,EEF PEQUENA CASA DA CRIANCA,EEF PEQUENA CASA DA CRIANCA,57.89473684210526,FALSE,
2025,linha_base_pre_programa,0,ESC_003,,EMEF AFONSO GUERREIRO LIMA,EMEF AFONSO GUERREIRO LIMA,graziela,2,Língua Portuguesa,1ª Avaliação Formativa, 21192411500000080,21,RIO GRANDE DO SUL,PORTO ALEGRE,PORTO ALEGRE,2025_1av_form_HABILIDADES_DESEMPENHO_TURMA_02anos_LP.csv,25,18,72,62,22,33,44,EMEF AFONSO GUERREIRO LIMA,EMEF AFONSO GUERREIRO LIMA,72,FALSE,
2025,linha_base_pre_programa,0,ESC_003,,EMEF AFONSO GUERREIRO LIMA,EMEF AFONSO GUERREIRO LIMA,graziela,2,Língua Portuguesa,1ª Avaliação Formativa, 21192411500000081,22,RIO GRANDE DO SUL,PORTO ALEGRE,PORTO ALEGRE,2025_1av_form_HABILIDADES_DESEMPENHO_TURMA_02anos_LP.csv,24,17,71,71,24,18,59,EMEF AFONSO GUERREIRO LIMA,EMEF AFONSO GUERREIRO LIMA,70.83333333333333,FALSE,
2025,linha_base_pre_programa,0,ESC_003,,EMEF AFONSO GUERREIRO LIMA,EMEF AFONSO GUERREIRO LIMA,graziela,2,Língua Portuguesa,1ª Avaliação Formativa, 21192411500000082,23,RIO GRANDE DO SUL,PORTO ALEGRE,PORTO ALEGRE,2025_1av_form_HABILIDADES_DESEMPENHO_TURMA_02anos_LP.csv,25,21,84,74,19,19,62,EMEF AFONSO GUERREIRO LIMA,EMEF AFONSO GUERREIRO LIMA,84,FALSE,
2025,linha_base_pre_programa,0,ESC_003,,EMEF AFONSO GUERREIRO LIMA,EMEF AFONSO GUERREIRO LIMA,graziela,2,Língua Portuguesa,1ª Avaliação Formativa, 21192411500000083,24,RIO GRANDE DO SUL,PORTO ALEGRE,PORTO ALEGRE,2025_1av_form_HABILIDADES_DESEMPENHO_TURMA_02anos_LP.csv,23,18,78,73,11,33,56,EMEF AFONSO GUERREIRO LIMA,EMEF AFONSO GUERREIRO LIMA,78.26086956521739,FALSE,
2025,linha_base_pre_programa,0,ESC_004,,EMEF AMERICA,EMEF AMERICA,nathalia,2,Língua Portuguesa,1ª Avaliação Formativa, 21192411500000111,21,RIO GRANDE DO SUL,PORTO ALEGRE,PORTO ALEGRE,2025_1av_form_HABILIDADES_DESEMPENHO_TURMA_02anos_LP.csv,26,24,92,55,21,46,33,EMEF AMERICA,EMEF AMERICA,92.3076923076923,FALSE,
2025,linha_base_pre_programa,0,ESC_004,,EMEF AMERICA,EMEF AMERICA,nathalia,2,Língua Portuguesa,1ª Avaliação Formativa, 21192411500000112,22,RIO GRANDE DO SUL,PORTO ALEGRE,PORTO ALEGRE,2025_1av_form_HABILIDADES_DESEMPENHO_TURMA_02anos_LP.csv,26,20,77,51,45,20,35,EMEF AMERICA,EMEF AMERICA,76.92307692307692,FALSE,
2025,linha_base_pre_programa,0,ESC_005,,EMEF ARAMY SILVA,EMEF ARAMY SILVA,priscila,2,Língua Portuguesa,1ª Avaliação Formativa, 21192411500000131,21,RIO GRANDE DO SUL,PORTO ALEGRE,PORTO ALEGRE,2025_1av_form_HABILIDADES_DESEMPENHO_TURMA_02anos_LP.csv,20,13,65,79,15,15,69,EMEF ARAMY SILVA,EMEF ARAMY SILVA,65,FALSE,
2025,linha_base_pre_programa,0,ESC_005,,EMEF ARAMY SILVA,EMEF ARAMY SILVA,priscila,2,Língua Portuguesa,1ª Avaliação Formativa, 21192411500000132,22,RIO GRANDE DO SUL,PORTO ALEGRE,PORTO ALEGRE,2025_1av_form_HABILIDADES_DESEMPENHO_TURMA_02anos_LP.csv,18,13,72,75,23,15,62,EMEF ARAMY SILVA,EMEF ARAMY SILVA,72.22222222222223,FALSE,
2025,linha_base_pre_programa,0,ESC_005,,EMEF ARAMY SILVA,EMEF ARAMY SILVA,priscila,2,Língua Portuguesa,1ª Avaliação Formativa, 21192411500000133,23,RIO GRANDE DO SUL,PORTO ALEGRE,PORTO ALEGRE,2025_1av_form_HABILIDADES_DESEMPENHO_TURMA_02anos_LP.csv,21,15,71,64,27,7,67,EMEF ARAMY SILVA,EMEF ARAMY SILVA,71.42857142857143,FALSE,
2025,linha_base_pre_programa,0,ESC_005,,EMEF ARAMY SILVA,EMEF ARAMY SILVA,priscila,2,Língua Portuguesa,1ª Avaliação Formativa, 21192411500000134,24,RIO GRANDE DO SUL,PORTO ALEGRE,PORTO ALEGRE,2025_1av_form_HABILIDADES_DESEMPENHO_TURMA_02anos_LP.csv,23,18,78,42,33,56,11,EMEF ARAMY SILVA,EMEF ARAMY SILVA,78.26086956521739,FALSE,
2025,linha_base_pre_programa,0,ESC_009,,EMEF DECIO MARTINS COSTA,EMEF DECIO MARTINS COSTA,nathalia,2,Língua Portuguesa,1ª Avaliação Formativa, 21192411500000165,21,RIO GRANDE DO SUL,PORTO ALEGRE,PORTO ALEGRE,2025_1av_form_HABILIDADES_DESEMPENHO_TURMA_02anos_LP.csv,28,20,71,38,60,15,25,EMEF DECIO MARTINS COSTA,EMEF DECIO MARTINS COSTA,71.42857142857143,FALSE,
2025,linha_base_pre_programa,0,ESC_009,,EMEF DECIO MARTINS COSTA,EMEF DECIO MARTINS COSTA,nathalia,2,Língua Portuguesa,1ª Avaliação Formativa, 21192411500000166,22,RIO GRANDE DO SUL,PORTO ALEGRE,PORTO ALEGRE,2025_1av_form_HABILIDADES_DESEMPENHO_TURMA_02anos_LP.csv,22,14,64,45,43,43,14,EMEF DECIO MARTINS COSTA,EMEF DECIO MARTINS COSTA,63.63636363636363,FALSE,
2025,linha_base_pre_programa,0,ESC_009,,EMEF DECIO MARTINS COSTA,EMEF DECIO MARTINS COSTA,nathalia,2,Língua Portuguesa,1ª Avaliação Formativa, 21192411500000167,23,RIO GRANDE DO SUL,PORTO ALEGRE,PORTO ALEGRE,2025_1av_form_HABILIDADES_DESEMPENHO_TURMA_02anos_LP.csv,26,19,73,32,74,5,21,EMEF DECIO MARTINS COSTA,EMEF DECIO MARTINS COSTA,73.07692307692308,FALSE,
2025,linha_base_pre_programa,0,ESC_009,,EMEF DECIO MARTINS COSTA,EMEF DECIO MARTINS COSTA,nathalia,2,Língua Portuguesa,1ª Avaliação Formativa, 21192411500000168,24,RIO GRANDE DO SUL,PORTO ALEGRE,PORTO ALEGRE,2025_1av_form_HABILIDADES_DESEMPENHO_TURMA_02anos_LP.csv,28,20,71,29,70,20,10,EMEF DECIO MARTINS COSTA,EMEF DECIO MARTINS COSTA,71.42857142857143,FALSE,
2025,linha_base_pre_programa,0,ESC_012,,EMEF DOLORES ALCARAZ CALDAS,EMEF DOLORES ALCARAZ CALDAS,jalize,2,Língua Portuguesa,1ª Avaliação Formativa, 21192411500000202,21,RIO GRANDE DO SUL,PORTO ALEGRE,PORTO ALEGRE,2025_1av_form_HABILIDADES_DESEMPENHO_TURMA_02anos_LP.csv,24,19,79,17,79,21,0,EMEF DOLORES ALCARAZ CALDAS,EMEF DOLORES ALCARAZ CALDAS,79.16666666666667,FALSE,
2025,linha_base_pre_programa,0,ESC_012,,EMEF DOLORES ALCARAZ CALDAS,EMEF DOLORES ALCARAZ CALDAS,jalize,2,Língua Portuguesa,1ª Avaliação Formativa, 21192411500000203,22,RIO GRANDE DO SUL,PORTO ALEGRE,PORTO ALEGRE,2025_1av_form_HABILIDADES_DESEMPENHO_TURMA_02anos_LP.csv,24,18,75,64,28,22,50,EMEF DOLORES ALCARAZ CALDAS,EMEF DOLORES ALCARAZ CALDAS,75,FALSE,
2025,linha_base_pre_programa,0,ESC_012,,EMEF DOLORES ALCARAZ CALDAS,EMEF DOLORES ALCARAZ CALDAS,jalize,2,Língua Portuguesa,1ª Avaliação Formativa, 21192411500000204,23,RIO GRANDE DO SUL,PORTO ALEGRE,PORTO ALEGRE,2025_1av_form_HABILIDADES_DESEMPENHO_TURMA_02anos_LP.csv,26,15,58,67,7,47,47,EMEF DOLORES ALCARAZ CALDAS,EMEF DOLORES ALCARAZ CALDAS,57.69230769230769,FALSE,
2025,linha_base_pre_programa,0,ESC_012,,EMEF DOLORES ALCARAZ CALDAS,EMEF DOLORES ALCARAZ CALDAS,jalize,2,Língua Portuguesa,1ª Avaliação Formativa, 21192411500000205,24,RIO GRANDE DO SUL,PORTO ALEGRE,PORTO ALEGRE,2025_1av_form_HABILIDADES_DESEMPENHO_TURMA_02anos_LP.csv,25,19,76,61,26,21,53,EMEF DOLORES ALCARAZ CALDAS,EMEF DOLORES ALCARAZ CALDAS,76,FALSE,
2025,linha_base_pre_programa,0,ESC_012,,EMEF DOLORES ALCARAZ CALDAS,EMEF DOLORES ALCARAZ CALDAS,jalize,2,Língua Portuguesa,1ª Avaliação Formativa, 21192411500000206,25,RIO GRANDE DO SUL,PORTO ALEGRE,PORTO ALEGRE,2025_1av_form_HABILIDADES_DESEMPENHO_TURMA_02anos_LP.csv,28,21,75,59,38,19,43,EMEF DOLORES ALCARAZ CALDAS,EMEF DOLORES ALCARAZ CALDAS,75,FALSE,
2025,linha_base_pre_programa,0,ESC_012,,EMEF DOLORES ALCARAZ CALDAS,EMEF DOLORES ALCARAZ CALDAS,jalize,2,Língua Portuguesa,1ª Avaliação Formativa, 21192411500000207,26,RIO GRANDE DO SUL,PORTO ALEGRE,PORTO ALEGRE,2025_1av_form_HABILIDADES_DESEMPENHO_TURMA_02anos_LP.csv,27,20,74,34,60,25,15,EMEF DOLORES ALCARAZ CALDAS,EMEF DOLORES ALCARAZ CALDAS,74.07407407407408,FALSE,
2025,linha_base_pre_programa,0,ESC_022,,EMEF JOSE LOUREIRO DA SILVA,EMEF JOSE LOUREIRO DA SILVA,jalize,2,Língua Portuguesa,1ª Avaliação Formativa, 21192411500000242,21,RIO GRANDE DO SUL,PORTO ALEGRE,PORTO ALEGRE,2025_1av_form_HABILIDADES_DESEMPENHO_TURMA_02anos_LP.csv,26,15,58,60,33,20,47,EMEF JOSE LOUREIRO DA SILVA,EMEF JOSE LOUREIRO DA SILVA,57.69230769230769,FALSE,
2025,linha_base_pre_programa,0,ESC_022,,EMEF JOSE LOUREIRO DA SILVA,EMEF JOSE LOUREIRO DA SILVA,jalize,2,Língua Portuguesa,1ª Avaliação Formativa, 21192411500000243,22,RIO GRANDE DO SUL,PORTO ALEGRE,PORTO ALEGRE,2025_1av_form_HABILIDADES_DESEMPENHO_TURMA_02anos_LP.csv,22,15,68,76,7,33,60,EMEF JOSE LOUREIRO DA SILVA,EMEF JOSE LOUREIRO DA SILVA,68.18181818181819,FALSE,
2025,linha_base_pre_programa,0,ESC_022,,EMEF JOSE LOUREIRO DA SILVA,EMEF JOSE LOUREIRO DA SILVA,jalize,2,Língua Portuguesa,1ª Avaliação Formativa, 21192411500000244,23,RIO GRANDE DO SUL,PORTO ALEGRE,PORTO ALEGRE,2025_1av_form_HABILIDADES_DESEMPENHO_TURMA_02anos_LP.csv,22,17,77,54,35,29,35,EMEF JOSE LOUREIRO DA SILVA,EMEF JOSE LOUREIRO DA SILVA,77.27272727272727,FALSE,
2025,linha_base_pre_programa,0,ESC_022,,EMEF JOSE LOUREIRO DA SILVA,EMEF JOSE LOUREIRO DA SILVA,jalize,2,Língua Portuguesa,1ª Avaliação Formativa, 21192411500000245,24,RIO GRANDE DO SUL,PORTO ALEGRE,PORTO ALEGRE,2025_1av_form_HABILIDADES_DESEMPENHO_TURMA_02anos_LP.csv,23,18,78,59,22,44,33,EMEF JOSE LOUREIRO DA SILVA,EMEF JOSE LOUREIRO DA SILVA,78.26086956521739,FALSE,
2025,linha_base_pre_programa,0,ESC_002,,EMEB DR LIBERATO SALZANO VIEIRA DA CUNHA,EMEB DR LIBERATO SALZANO VIEIRA DA CUNHA,clarissa,2,Língua Portuguesa,1ª Avaliação Formativa, 21192411500000280,21,RIO GRANDE DO SUL,PORTO ALEGRE,PORTO ALEGRE,2025_1av_form_HABILIDADES_DESEMPENHO_TURMA_02anos_LP.csv,25,19,76,82,11,11,79,EMEB DR LIBERATO SALZANO VIEIRA DA CUNHA,EMEB DR LIBERATO SALZANO VIEIRA DA CUNHA,76,FALSE,
2025,linha_base_pre_programa,0,ESC_002,,EMEB DR LIBERATO SALZANO VIEIRA DA CUNHA,EMEB DR LIBERATO SALZANO VIEIRA DA CUNHA,clarissa,2,Língua Portuguesa,1ª Avaliação Formativa, 21192411500000281,22,RIO GRANDE DO SUL,PORTO ALEGRE,PORTO ALEGRE,2025_1av_form_HABILIDADES_DESEMPENHO_TURMA_02anos_LP.csv,19,16,84,48,38,44,19,EMEB DR LIBERATO SALZANO VIEIRA DA CUNHA,EMEB DR LIBERATO SALZANO VIEIRA DA CUNHA,84.21052631578948,FALSE,
2025,linha_base_pre_programa,0,ESC_002,,EMEB DR LIBERATO SALZANO VIEIRA DA CUNHA,EMEB DR LIBERATO SALZANO VIEIRA DA CUNHA,clarissa,2,Língua Portuguesa,1ª Avaliação Formativa, 21192411500000282,23,RIO GRANDE DO SUL,PORTO ALEGRE,PORTO ALEGRE,2025_1av_form_HABILIDADES_DESEMPENHO_TURMA_02anos_LP.csv,22,14,64,82,14,7,79,EMEB DR LIBERATO SALZANO VIEIRA DA CUNHA,EMEB DR LIBERATO SALZANO VIEIRA DA CUNHA,63.63636363636363,FALSE,
2025,linha_base_pre_programa,0,ESC_002,,EMEB DR LIBERATO SALZANO VIEIRA DA CUNHA,EMEB DR LIBERATO SALZANO VIEIRA DA CUNHA,clarissa,2,Língua Portuguesa,1ª Avaliação Formativa, 21192411500000283,24,RIO GRANDE DO SUL,PORTO ALEGRE,PORTO ALEGRE,2025_1av_form_HABILIDADES_DESEMPENHO_TURMA_02anos_LP.csv,22,20,91,53,25,55,20,EMEB DR LIBERATO SALZANO VIEIRA DA CUNHA,EMEB DR LIBERATO SALZANO VIEIRA DA CUNHA,90.9090909090909,FALSE,
2025,linha_base_pre_programa,0,ESC_032,,EMEF NOSSA SENHORA DE FATIMA,EMEF NOSSA SENHORA DE FATIMA,amanda,2,Língua Portuguesa,1ª Avaliação Formativa, 21192411500000317,21,RIO GRANDE DO SUL,PORTO ALEGRE,PORTO ALEGRE,2025_1av_form_HABILIDADES_DESEMPENHO_TURMA_02anos_LP.csv,26,22,85,55,36,27,36,EMEF NOSSA SENHORA DE FATIMA,EMEF NOSSA SENHORA DE FATIMA,84.61538461538461,FALSE,
2025,linha_base_pre_programa,0,ESC_032,,EMEF NOSSA SENHORA DE FATIMA,EMEF NOSSA SENHORA DE FATIMA,amanda,2,Língua Portuguesa,1ª Avaliação Formativa, 21192411500000318,22,RIO GRANDE DO SUL,PORTO ALEGRE,PORTO ALEGRE,2025_1av_form_HABILIDADES_DESEMPENHO_TURMA_02anos_LP.csv,26,18,69,54,39,33,28,EMEF NOSSA SENHORA DE FATIMA,EMEF NOSSA SENHORA DE FATIMA,69.23076923076923,FALSE,
2025,linha_base_pre_programa,0,ESC_032,,EMEF NOSSA SENHORA DE FATIMA,EMEF NOSSA SENHORA DE FATIMA,amanda,2,Língua Portuguesa,1ª Avaliação Formativa, 21192411500000319,23,RIO GRANDE DO SUL,PORTO ALEGRE,PORTO ALEGRE,2025_1av_form_HABILIDADES_DESEMPENHO_TURMA_02anos_LP.csv,23,16,70,38,56,19,25,EMEF NOSSA SENHORA DE FATIMA,EMEF NOSSA SENHORA DE FATIMA,69.56521739130434,FALSE,
2025,linha_base_pre_programa,0,ESC_034,,EMEF PEPITA DE LEAO,EMEF PEPITA DE LEAO,nathalia,2,Língua Portuguesa,1ª Avaliação Formativa, 21192411500000344,21,RIO GRANDE DO SUL,PORTO ALEGRE,PORTO ALEGRE,2025_1av_form_HABILIDADES_DESEMPENHO_TURMA_02anos_LP.csv,19,13,68,68,23,23,54,EMEF PEPITA DE LEAO,EMEF PEPITA DE LEAO,68.42105263157895,FALSE,
2025,linha_base_pre_programa,0,ESC_034,,EMEF PEPITA DE LEAO,EMEF PEPITA DE LEAO,nathalia,2,Língua Portuguesa,1ª Avaliação Formativa, 21192411500000345,22,RIO GRANDE DO SUL,PORTO ALEGRE,PORTO ALEGRE,2025_1av_form_HABILIDADES_DESEMPENHO_TURMA_02anos_LP.csv,22,13,59,48,38,23,38,EMEF PEPITA DE LEAO,EMEF PEPITA DE LEAO,59.09090909090909,FALSE,
2025,linha_base_pre_programa,0,ESC_034,,EMEF PEPITA DE LEAO,EMEF PEPITA DE LEAO,nathalia,2,Língua Portuguesa,1ª Avaliação Formativa, 21192411500000346,23,RIO GRANDE DO SUL,PORTO ALEGRE,PORTO ALEGRE,2025_1av_form_HABILIDADES_DESEMPENHO_TURMA_02anos_LP.csv,19,15,79,25,67,27,7,EMEF PEPITA DE LEAO,EMEF PEPITA DE LEAO,78.94736842105263,FALSE,
2025,linha_base_pre_programa,0,ESC_037,,EMEF PRESIDENTE VARGAS,EMEF PRESIDENTE VARGAS,eliane,2,Língua Portuguesa,1ª Avaliação Formativa, 21192411500000364,21,RIO GRANDE DO SUL,PORTO ALEGRE,PORTO ALEGRE,2025_1av_form_HABILIDADES_DESEMPENHO_TURMA_02anos_LP.csv,21,17,81,48,47,18,35,EMEF PRESIDENTE VARGAS,EMEF PRESIDENTE VARGAS,80.95238095238095,FALSE,
2025,linha_base_pre_programa,0,ESC_037,,EMEF PRESIDENTE VARGAS,EMEF PRESIDENTE VARGAS,eliane,2,Língua Portuguesa,1ª Avaliação Formativa, 21192411500000365,22,RIO GRANDE DO SUL,PORTO ALEGRE,PORTO ALEGRE,2025_1av_form_HABILIDADES_DESEMPENHO_TURMA_02anos_LP.csv,25,15,60,68,20,27,53,EMEF PRESIDENTE VARGAS,EMEF PRESIDENTE VARGAS,60,FALSE,
2025,linha_base_pre_programa,0,ESC_018,,EMEF HEITOR VILLA LOBOS,EMEF HEITOR VILLA LOBOS,jalize,2,Língua Portuguesa,1ª Avaliação Formativa, 21192411500000383,21,RIO GRANDE DO SUL,PORTO ALEGRE,PORTO ALEGRE,2025_1av_form_HABILIDADES_DESEMPENHO_TURMA_02anos_LP.csv,23,12,52,6,92,8,0,EMEF HEITOR VILLA LOBOS,EMEF HEITOR VILLA LOBOS,52.17391304347826,FALSE,
2025,linha_base_pre_programa,0,ESC_018,,EMEF HEITOR VILLA LOBOS,EMEF HEITOR VILLA LOBOS,jalize,2,Língua Portuguesa,1ª Avaliação Formativa, 21192411500000384,22,RIO GRANDE DO SUL,PORTO ALEGRE,PORTO ALEGRE,2025_1av_form_HABILIDADES_DESEMPENHO_TURMA_02anos_LP.csv,23,19,83,71,11,32,58,EMEF HEITOR VILLA LOBOS,EMEF HEITOR VILLA LOBOS,82.6086956521739,FALSE,
2025,linha_base_pre_programa,0,ESC_018,,EMEF HEITOR VILLA LOBOS,EMEF HEITOR VILLA LOBOS,jalize,2,Língua Portuguesa,1ª Avaliação Formativa, 21192411500000385,23,RIO GRANDE DO SUL,PORTO ALEGRE,PORTO ALEGRE,2025_1av_form_HABILIDADES_DESEMPENHO_TURMA_02anos_LP.csv,26,22,85,74,9,18,73,EMEF HEITOR VILLA LOBOS,EMEF HEITOR VILLA LOBOS,84.61538461538461,FALSE,
2025,linha_base_pre_programa,0,ESC_018,,EMEF HEITOR VILLA LOBOS,EMEF HEITOR VILLA LOBOS,jalize,2,Língua Portuguesa,1ª Avaliação Formativa, 21192411500000386,24,RIO GRANDE DO SUL,PORTO ALEGRE,PORTO ALEGRE,2025_1av_form_HABILIDADES_DESEMPENHO_TURMA_02anos_LP.csv,24,20,83,61,25,30,45,EMEF HEITOR VILLA LOBOS,EMEF HEITOR VILLA LOBOS,83.33333333333333,FALSE,
2025,linha_base_pre_programa,0,ESC_054,,ESC EST ENS FUN PROFESSORA LEOPOLDA BARNEWITZ,EMEB PROFESSORA LEOPOLDA BARNEWITZ,julia,2,Língua Portuguesa,1ª Avaliação Formativa, 21192411500000412,21,RIO GRANDE DO SUL,PORTO ALEGRE,PORTO ALEGRE,2025_1av_form_HABILIDADES_DESEMPENHO_TURMA_02anos_LP.csv,19,18,95,83,17,6,78,EMEB PROFESSORA LEOPOLDA BARNEWITZ,EMEB PROFESSORA LEOPOLDA BARNEWITZ,94.73684210526316,FALSE,
2025,linha_base_pre_programa,0,ESC_054,,ESC EST ENS FUN PROFESSORA LEOPOLDA BARNEWITZ,EMEB PROFESSORA LEOPOLDA BARNEWITZ,julia,2,Língua Portuguesa,1ª Avaliação Formativa, 21192411500000413,22,RIO GRANDE DO SUL,PORTO ALEGRE,PORTO ALEGRE,2025_1av_form_HABILIDADES_DESEMPENHO_TURMA_02anos_LP.csv,12,8,67,56,13,63,25,EMEB PROFESSORA LEOPOLDA BARNEWITZ,EMEB PROFESSORA LEOPOLDA BARNEWITZ,66.66666666666667,FALSE,
2025,linha_base_pre_programa,0,ESC_016,,EMEF GOV ILDO MENEGHETTI,EMEF GOV ILDO MENEGHETTI,clarissa,2,Língua Portuguesa,1ª Avaliação Formativa, 21192411500000422,21,RIO GRANDE DO SUL,PORTO ALEGRE,PORTO ALEGRE,2025_1av_form_HABILIDADES_DESEMPENHO_TURMA_02anos_LP.csv,21,15,71,50,47,13,40,EMEF GOV ILDO MENEGHETTI,EMEF GOV ILDO MENEGHETTI,71.42857142857143,FALSE,
2025,linha_base_pre_programa,0,ESC_016,,EMEF GOV ILDO MENEGHETTI,EMEF GOV ILDO MENEGHETTI,clarissa,2,Língua Portuguesa,1ª Avaliação Formativa, 21192411500000423,22,RIO GRANDE DO SUL,PORTO ALEGRE,PORTO ALEGRE,2025_1av_form_HABILIDADES_DESEMPENHO_TURMA_02anos_LP.csv,22,21,95,60,38,19,43,EMEF GOV ILDO MENEGHETTI,EMEF GOV ILDO MENEGHETTI,95.45454545454545,FALSE,
2025,linha_base_pre_programa,0,ESC_016,,EMEF GOV ILDO MENEGHETTI,EMEF GOV ILDO MENEGHETTI,clarissa,2,Língua Portuguesa,1ª Avaliação Formativa, 21192411500000424,23,RIO GRANDE DO SUL,PORTO ALEGRE,PORTO ALEGRE,2025_1av_form_HABILIDADES_DESEMPENHO_TURMA_02anos_LP.csv,22,19,86,54,26,47,26,EMEF GOV ILDO MENEGHETTI,EMEF GOV ILDO MENEGHETTI,86.36363636363636,FALSE,
2025,linha_base_pre_programa,0,ESC_016,,EMEF GOV ILDO MENEGHETTI,EMEF GOV ILDO MENEGHETTI,clarissa,2,Língua Portuguesa,1ª Avaliação Formativa, 21192411500000425,24,RIO GRANDE DO SUL,PORTO ALEGRE,PORTO ALEGRE,2025_1av_form_HABILIDADES_DESEMPENHO_TURMA_02anos_LP.csv,25,19,76,45,42,26,32,EMEF GOV ILDO MENEGHETTI,EMEF GOV ILDO MENEGHETTI,76,FALSE,
2025,linha_base_pre_programa,0,ESC_016,,EMEF GOV ILDO MENEGHETTI,EMEF GOV ILDO MENEGHETTI,clarissa,2,Língua Portuguesa,1ª Avaliação Formativa, 21192411500000426,25,RIO GRANDE DO SUL,PORTO ALEGRE,PORTO ALEGRE,2025_1av_form_HABILIDADES_DESEMPENHO_TURMA_02anos_LP.csv,23,19,83,57,37,21,42,EMEF GOV ILDO MENEGHETTI,EMEF GOV ILDO MENEGHETTI,82.6086956521739,FALSE,
2025,linha_base_pre_programa,0,ESC_046,,EMEF SEN ALBERTO PASQUALINI,EMEF SEN ALBERTO PASQUALINI,julia,2,Língua Portuguesa,1ª Avaliação Formativa, 21192411500000461,21,RIO GRANDE DO SUL,PORTO ALEGRE,PORTO ALEGRE,2025_1av_form_HABILIDADES_DESEMPENHO_TURMA_02anos_LP.csv,25,19,76,52,32,37,32,EMEF SEN ALBERTO PASQUALINI,EMEF SEN ALBERTO PASQUALINI,76,FALSE,
2025,linha_base_pre_programa,0,ESC_046,,EMEF SEN ALBERTO PASQUALINI,EMEF SEN ALBERTO PASQUALINI,julia,2,Língua Portuguesa,1ª Avaliação Formativa, 21192411500000462,22,RIO GRANDE DO SUL,PORTO ALEGRE,PORTO ALEGRE,2025_1av_form_HABILIDADES_DESEMPENHO_TURMA_02anos_LP.csv,24,18,75,61,22,44,33,EMEF SEN ALBERTO PASQUALINI,EMEF SEN ALBERTO PASQUALINI,75,FALSE,
2025,linha_base_pre_programa,0,ESC_046,,EMEF SEN ALBERTO PASQUALINI,EMEF SEN ALBERTO PASQUALINI,julia,2,Língua Portuguesa,1ª Avaliação Formativa, 21192411500000463,23,RIO GRANDE DO SUL,PORTO ALEGRE,PORTO ALEGRE,2025_1av_form_HABILIDADES_DESEMPENHO_TURMA_02anos_LP.csv,28,20,71,51,30,40,30,EMEF SEN ALBERTO PASQUALINI,EMEF SEN ALBERTO PASQUALINI,71.42857142857143,FALSE,
2025,linha_base_pre_programa,0,ESC_036,,EMEF PRES JOAO BELCHIOR MARQUES GOULART,EMEF PRES JOAO BELCHIOR MARQUES GOULART,marian,2,Língua Portuguesa,1ª Avaliação Formativa, 21192411500000498,21,RIO GRANDE DO SUL,PORTO ALEGRE,PORTO ALEGRE,2025_1av_form_HABILIDADES_DESEMPENHO_TURMA_02anos_LP.csv,13,10,77,65,20,40,40,EMEF PRES JOAO BELCHIOR MARQUES GOULART,EMEF PRES JOAO BELCHIOR MARQUES GOULART,76.92307692307692,FALSE,
2025,linha_base_pre_programa,0,ESC_036,,EMEF PRES JOAO BELCHIOR MARQUES GOULART,EMEF PRES JOAO BELCHIOR MARQUES GOULART,marian,2,Língua Portuguesa,1ª Avaliação Formativa, 21192411500000500,23,RIO GRANDE DO SUL,PORTO ALEGRE,PORTO ALEGRE,2025_1av_form_HABILIDADES_DESEMPENHO_TURMA_02anos_LP.csv,12,10,83,84,0,30,70,EMEF PRES JOAO BELCHIOR MARQUES GOULART,EMEF PRES JOAO BELCHIOR MARQUES GOULART,83.33333333333333,FALSE,
2025,linha_base_pre_programa,0,ESC_036,,EMEF PRES JOAO BELCHIOR MARQUES GOULART,EMEF PRES JOAO BELCHIOR MARQUES GOULART,marian,2,Língua Portuguesa,1ª Avaliação Formativa, 21192411500001845,25,RIO GRANDE DO SUL,PORTO ALEGRE,PORTO ALEGRE,2025_1av_form_HABILIDADES_DESEMPENHO_TURMA_02anos_LP.csv,40,22,55,76,14,27,59,EMEF PRES JOAO BELCHIOR MARQUES GOULART,EMEF PRES JOAO BELCHIOR MARQUES GOULART,55,FALSE,
2025,linha_base_pre_programa,0,ESC_017,,EMEF GRANDE ORIENTE DO RGS,EMEF GRANDE ORIENTE DO RGS,andreia,2,Língua Portuguesa,1ª Avaliação Formativa, 21192411500000526,21,RIO GRANDE DO SUL,PORTO ALEGRE,PORTO ALEGRE,2025_1av_form_HABILIDADES_DESEMPENHO_TURMA_02anos_LP.csv,25,19,76,48,16,74,11,EMEF GRANDE ORIENTE DO RGS,EMEF GRANDE ORIENTE DO RGS,76,FALSE,
2025,linha_base_pre_programa,0,ESC_017,,EMEF GRANDE ORIENTE DO RGS,EMEF GRANDE ORIENTE DO RGS,andreia,2,Língua Portuguesa,1ª Avaliação Formativa, 21192411500000527,22,RIO GRANDE DO SUL,PORTO ALEGRE,PORTO ALEGRE,2025_1av_form_HABILIDADES_DESEMPENHO_TURMA_02anos_LP.csv,23,15,65,36,53,40,7,EMEF GRANDE ORIENTE DO RGS,EMEF GRANDE ORIENTE DO RGS,65.21739130434783,FALSE,
2025,linha_base_pre_programa,0,ESC_017,,EMEF GRANDE ORIENTE DO RGS,EMEF GRANDE ORIENTE DO RGS,andreia,2,Língua Portuguesa,1ª Avaliação Formativa, 21192411500000528,23,RIO GRANDE DO SUL,PORTO ALEGRE,PORTO ALEGRE,2025_1av_form_HABILIDADES_DESEMPENHO_TURMA_02anos_LP.csv,24,15,63,42,47,27,27,EMEF GRANDE ORIENTE DO RGS,EMEF GRANDE ORIENTE DO RGS,62.5,FALSE,
2025,linha_base_pre_programa,0,ESC_017,,EMEF GRANDE ORIENTE DO RGS,EMEF GRANDE ORIENTE DO RGS,andreia,2,Língua Portuguesa,1ª Avaliação Formativa, 21192411500000529,24,RIO GRANDE DO SUL,PORTO ALEGRE,PORTO ALEGRE,2025_1av_form_HABILIDADES_DESEMPENHO_TURMA_02anos_LP.csv,26,18,69,48,44,28,28,EMEF GRANDE ORIENTE DO RGS,EMEF GRANDE ORIENTE DO RGS,69.23076923076923,FALSE,
2025,linha_base_pre_programa,0,ESC_041,,EMEF PROF JUDITH MACEDO DE ARAUJO,EMEF PROF JUDITH MACEDO DE ARAUJO,graziela,2,Língua Portuguesa,1ª Avaliação Formativa, 21192411500000559,21,RIO GRANDE DO SUL,PORTO ALEGRE,PORTO ALEGRE,2025_1av_form_HABILIDADES_DESEMPENHO_TURMA_02anos_LP.csv,26,22,85,50,36,36,27,EMEF PROF JUDITH MACEDO DE ARAUJO,EMEF PROF JUDITH MACEDO DE ARAUJO,84.61538461538461,FALSE,
2025,linha_base_pre_programa,0,ESC_041,,EMEF PROF JUDITH MACEDO DE ARAUJO,EMEF PROF JUDITH MACEDO DE ARAUJO,graziela,2,Língua Portuguesa,1ª Avaliação Formativa, 21192411500000560,22,RIO GRANDE DO SUL,PORTO ALEGRE,PORTO ALEGRE,2025_1av_form_HABILIDADES_DESEMPENHO_TURMA_02anos_LP.csv,27,25,93,66,12,36,52,EMEF PROF JUDITH MACEDO DE ARAUJO,EMEF PROF JUDITH MACEDO DE ARAUJO,92.5925925925926,FALSE,
2025,linha_base_pre_programa,0,ESC_041,,EMEF PROF JUDITH MACEDO DE ARAUJO,EMEF PROF JUDITH MACEDO DE ARAUJO,graziela,2,Língua Portuguesa,1ª Avaliação Formativa, 21192411500000561,23,RIO GRANDE DO SUL,PORTO ALEGRE,PORTO ALEGRE,2025_1av_form_HABILIDADES_DESEMPENHO_TURMA_02anos_LP.csv,26,24,92,67,21,25,54,EMEF PROF JUDITH MACEDO DE ARAUJO,EMEF PROF JUDITH MACEDO DE ARAUJO,92.3076923076923,FALSE,
2025,linha_base_pre_programa,0,ESC_025,,EMEF LEOCADIA FELIZARDO PRESTES,EMEF LEOCADIA FELIZARDO PRESTES,graziela,2,Língua Portuguesa,1ª Avaliação Formativa, 21192411500000584,21,RIO GRANDE DO SUL,PORTO ALEGRE,PORTO ALEGRE,2025_1av_form_HABILIDADES_DESEMPENHO_TURMA_02anos_LP.csv,27,19,70,54,37,21,42,EMEF LEOCADIA FELIZARDO PRESTES,EMEF LEOCADIA FELIZARDO PRESTES,70.37037037037037,FALSE,
2025,linha_base_pre_programa,0,ESC_025,,EMEF LEOCADIA FELIZARDO PRESTES,EMEF LEOCADIA FELIZARDO PRESTES,graziela,2,Língua Portuguesa,1ª Avaliação Formativa, 21192411500000585,22,RIO GRANDE DO SUL,PORTO ALEGRE,PORTO ALEGRE,2025_1av_form_HABILIDADES_DESEMPENHO_TURMA_02anos_LP.csv,26,17,65,83,12,0,88,EMEF LEOCADIA FELIZARDO PRESTES,EMEF LEOCADIA FELIZARDO PRESTES,65.38461538461539,FALSE,
2025,linha_base_pre_programa,0,ESC_040,,EMEF PROF GILBERTO JORGE GONCALVES DA SILVA,EMEF PROF GILBERTO JORGE GONCALVES DA SILVA,ruti,2,Língua Portuguesa,1ª Avaliação Formativa, 21192411500000601,21,RIO GRANDE DO SUL,PORTO ALEGRE,PORTO ALEGRE,2025_1av_form_HABILIDADES_DESEMPENHO_TURMA_02anos_LP.csv,21,14,67,92,7,7,86,EMEF PROF GILBERTO JORGE GONCALVES DA SILVA,EMEF PROF GILBERTO JORGE GONCALVES DA SILVA,66.66666666666667,FALSE,
2025,linha_base_pre_programa,0,ESC_049,,EMEF VER CARLOS PESSOA DE BRUM,EMEF VER CARLOS PESSOA DE BRUM,priscila,2,Língua Portuguesa,1ª Avaliação Formativa, 21192411500000614,21,RIO GRANDE DO SUL,PORTO ALEGRE,PORTO ALEGRE,2025_1av_form_HABILIDADES_DESEMPENHO_TURMA_02anos_LP.csv,25,16,64,91,6,13,81,EMEF VER CARLOS PESSOA DE BRUM,EMEF VER CARLOS PESSOA DE BRUM,64,FALSE,
2025,linha_base_pre_programa,0,ESC_049,,EMEF VER CARLOS PESSOA DE BRUM,EMEF VER CARLOS PESSOA DE BRUM,priscila,2,Língua Portuguesa,1ª Avaliação Formativa, 21192411500000615,22,RIO GRANDE DO SUL,PORTO ALEGRE,PORTO ALEGRE,2025_1av_form_HABILIDADES_DESEMPENHO_TURMA_02anos_LP.csv,28,18,64,55,28,39,33,EMEF VER CARLOS PESSOA DE BRUM,EMEF VER CARLOS PESSOA DE BRUM,64.28571428571429,FALSE,
2025,linha_base_pre_programa,0,ESC_049,,EMEF VER CARLOS PESSOA DE BRUM,EMEF VER CARLOS PESSOA DE BRUM,priscila,2,Língua Portuguesa,1ª Avaliação Formativa, 21192411500000616,23,RIO GRANDE DO SUL,PORTO ALEGRE,PORTO ALEGRE,2025_1av_form_HABILIDADES_DESEMPENHO_TURMA_02anos_LP.csv,28,24,86,41,42,38,21,EMEF VER CARLOS PESSOA DE BRUM,EMEF VER CARLOS PESSOA DE BRUM,85.71428571428571,FALSE,
2025,linha_base_pre_programa,0,ESC_049,,EMEF VER CARLOS PESSOA DE BRUM,EMEF VER CARLOS PESSOA DE BRUM,priscila,2,Língua Portuguesa,1ª Avaliação Formativa, 21192411500000617,24,RIO GRANDE DO SUL,PORTO ALEGRE,PORTO ALEGRE,2025_1av_form_HABILIDADES_DESEMPENHO_TURMA_02anos_LP.csv,26,18,69,89,11,6,83,EMEF VER CARLOS PESSOA DE BRUM,EMEF VER CARLOS PESSOA DE BRUM,69.23076923076923,FALSE,
2025,linha_base_pre_programa,0,ESC_042,,EMEF PROF LARRY JOSE RIBEIRO ALVES,EMEF PROF LARRY JOSE RIBEIRO ALVES,amanda,2,Língua Portuguesa,1ª Avaliação Formativa, 21192411500000650,21,RIO GRANDE DO SUL,PORTO ALEGRE,PORTO ALEGRE,2025_1av_form_HABILIDADES_DESEMPENHO_TURMA_02anos_LP.csv,27,21,78,29,57,38,5,EMEF PROF LARRY JOSE RIBEIRO ALVES,EMEF PROF LARRY JOSE RIBEIRO ALVES,77.77777777777777,FALSE,
2025,linha_base_pre_programa,0,ESC_042,,EMEF PROF LARRY JOSE RIBEIRO ALVES,EMEF PROF LARRY JOSE RIBEIRO ALVES,amanda,2,Língua Portuguesa,1ª Avaliação Formativa, 21192411500000651,22,RIO GRANDE DO SUL,PORTO ALEGRE,PORTO ALEGRE,2025_1av_form_HABILIDADES_DESEMPENHO_TURMA_02anos_LP.csv,27,24,89,28,79,13,8,EMEF PROF LARRY JOSE RIBEIRO ALVES,EMEF PROF LARRY JOSE RIBEIRO ALVES,88.88888888888889,FALSE,
2025,linha_base_pre_programa,0,ESC_042,,EMEF PROF LARRY JOSE RIBEIRO ALVES,EMEF PROF LARRY JOSE RIBEIRO ALVES,amanda,2,Língua Portuguesa,1ª Avaliação Formativa, 21192411500000652,23,RIO GRANDE DO SUL,PORTO ALEGRE,PORTO ALEGRE,2025_1av_form_HABILIDADES_DESEMPENHO_TURMA_02anos_LP.csv,28,20,71,44,50,10,40,EMEF PROF LARRY JOSE RIBEIRO ALVES,EMEF PROF LARRY JOSE RIBEIRO ALVES,71.42857142857143,FALSE,
2025,linha_base_pre_programa,0,ESC_050,,EMEF VER MARTIM ARANHA,EMEF VER MARTIM ARANHA,priscila,2,Língua Portuguesa,1ª Avaliação Formativa, 21192411500000678,21,RIO GRANDE DO SUL,PORTO ALEGRE,PORTO ALEGRE,2025_1av_form_HABILIDADES_DESEMPENHO_TURMA_02anos_LP.csv,23,17,74,61,35,6,59,EMEF VER MARTIM ARANHA,EMEF VER MARTIM ARANHA,73.91304347826087,FALSE,
2025,linha_base_pre_programa,0,ESC_050,,EMEF VER MARTIM ARANHA,EMEF VER MARTIM ARANHA,priscila,2,Língua Portuguesa,1ª Avaliação Formativa, 21192411500000679,22,RIO GRANDE DO SUL,PORTO ALEGRE,PORTO ALEGRE,2025_1av_form_HABILIDADES_DESEMPENHO_TURMA_02anos_LP.csv,26,20,77,55,25,55,20,EMEF VER MARTIM ARANHA,EMEF VER MARTIM ARANHA,76.92307692307692,FALSE,
2025,linha_base_pre_programa,0,ESC_050,,EMEF VER MARTIM ARANHA,EMEF VER MARTIM ARANHA,priscila,2,Língua Portuguesa,1ª Avaliação Formativa, 21192411500000680,23,RIO GRANDE DO SUL,PORTO ALEGRE,PORTO ALEGRE,2025_1av_form_HABILIDADES_DESEMPENHO_TURMA_02anos_LP.csv,25,21,84,56,24,48,29,EMEF VER MARTIM ARANHA,EMEF VER MARTIM ARANHA,84,FALSE,
2025,linha_base_pre_programa,0,ESC_010,,EMEF DEP MARCIRIO GOULART LOUREIRO,EMEF DEP MARCIRIO GOULART LOUREIRO,marian,2,Língua Portuguesa,1ª Avaliação Formativa, 21192411500000706,21,RIO GRANDE DO SUL,PORTO ALEGRE,PORTO ALEGRE,2025_1av_form_HABILIDADES_DESEMPENHO_TURMA_02anos_LP.csv,27,15,56,23,73,27,0,EMEF DEP MARCIRIO GOULART LOUREIRO,EMEF DEP MARCIRIO GOULART LOUREIRO,55.55555555555556,FALSE,
2025,linha_base_pre_programa,0,ESC_010,,EMEF DEP MARCIRIO GOULART LOUREIRO,EMEF DEP MARCIRIO GOULART LOUREIRO,marian,2,Língua Portuguesa,1ª Avaliação Formativa, 21192411500000707,22,RIO GRANDE DO SUL,PORTO ALEGRE,PORTO ALEGRE,2025_1av_form_HABILIDADES_DESEMPENHO_TURMA_02anos_LP.csv,26,17,65,19,71,24,6,EMEF DEP MARCIRIO GOULART LOUREIRO,EMEF DEP MARCIRIO GOULART LOUREIRO,65.38461538461539,FALSE,
2025,linha_base_pre_programa,0,ESC_010,,EMEF DEP MARCIRIO GOULART LOUREIRO,EMEF DEP MARCIRIO GOULART LOUREIRO,marian,2,Língua Portuguesa,1ª Avaliação Formativa, 21192411500000708,23,RIO GRANDE DO SUL,PORTO ALEGRE,PORTO ALEGRE,2025_1av_form_HABILIDADES_DESEMPENHO_TURMA_02anos_LP.csv,28,19,68,49,42,16,42,EMEF DEP MARCIRIO GOULART LOUREIRO,EMEF DEP MARCIRIO GOULART LOUREIRO,67.85714285714286,FALSE,
2025,linha_base_pre_programa,0,ESC_010,,EMEF DEP MARCIRIO GOULART LOUREIRO,EMEF DEP MARCIRIO GOULART LOUREIRO,marian,2,Língua Portuguesa,1ª Avaliação Formativa, 21192411500000709,24,RIO GRANDE DO SUL,PORTO ALEGRE,PORTO ALEGRE,2025_1av_form_HABILIDADES_DESEMPENHO_TURMA_02anos_LP.csv,27,23,85,35,48,43,9,EMEF DEP MARCIRIO GOULART LOUREIRO,EMEF DEP MARCIRIO GOULART LOUREIRO,85.18518518518519,FALSE,
2025,linha_base_pre_programa,0,ESC_026,,EMEF LIDOVINO FANTON,EMEF LIDOVINO FANTON,julia,2,Língua Portuguesa,1ª Avaliação Formativa, 21192411500000738,21,RIO GRANDE DO SUL,PORTO ALEGRE,PORTO ALEGRE,2025_1av_form_HABILIDADES_DESEMPENHO_TURMA_02anos_LP.csv,28,21,75,51,33,48,19,EMEF LIDOVINO FANTON,EMEF LIDOVINO FANTON,75,FALSE,
2025,linha_base_pre_programa,0,ESC_026,,EMEF LIDOVINO FANTON,EMEF LIDOVINO FANTON,julia,2,Língua Portuguesa,1ª Avaliação Formativa, 21192411500000739,22,RIO GRANDE DO SUL,PORTO ALEGRE,PORTO ALEGRE,2025_1av_form_HABILIDADES_DESEMPENHO_TURMA_02anos_LP.csv,28,17,61,17,82,18,0,EMEF LIDOVINO FANTON,EMEF LIDOVINO FANTON,60.714285714285715,FALSE,
2025,linha_base_pre_programa,0,ESC_026,,EMEF LIDOVINO FANTON,EMEF LIDOVINO FANTON,julia,2,Língua Portuguesa,1ª Avaliação Formativa, 21192411500000740,23,RIO GRANDE DO SUL,PORTO ALEGRE,PORTO ALEGRE,2025_1av_form_HABILIDADES_DESEMPENHO_TURMA_02anos_LP.csv,26,17,65,57,24,35,41,EMEF LIDOVINO FANTON,EMEF LIDOVINO FANTON,65.38461538461539,FALSE,
2025,linha_base_pre_programa,0,ESC_026,,EMEF LIDOVINO FANTON,EMEF LIDOVINO FANTON,julia,2,Língua Portuguesa,1ª Avaliação Formativa, 21192411500000741,24,RIO GRANDE DO SUL,PORTO ALEGRE,PORTO ALEGRE,2025_1av_form_HABILIDADES_DESEMPENHO_TURMA_02anos_LP.csv,27,23,85,36,65,17,17,EMEF LIDOVINO FANTON,EMEF LIDOVINO FANTON,85.18518518518519,FALSE,
2025,linha_base_pre_programa,0,ESC_038,,EMEF PROF ANA IRIS DO AMARAL,EMEF PROF ANA IRIS DO AMARAL,eliane,2,Língua Portuguesa,1ª Avaliação Formativa, 21192411500000772,21,RIO GRANDE DO SUL,PORTO ALEGRE,PORTO ALEGRE,2025_1av_form_HABILIDADES_DESEMPENHO_TURMA_02anos_LP.csv,24,21,88,63,19,24,57,EMEF PROF ANA IRIS DO AMARAL,EMEF PROF ANA IRIS DO AMARAL,87.5,FALSE,
2025,linha_base_pre_programa,0,ESC_038,,EMEF PROF ANA IRIS DO AMARAL,EMEF PROF ANA IRIS DO AMARAL,eliane,2,Língua Portuguesa,1ª Avaliação Formativa, 21192411500000773,22,RIO GRANDE DO SUL,PORTO ALEGRE,PORTO ALEGRE,2025_1av_form_HABILIDADES_DESEMPENHO_TURMA_02anos_LP.csv,25,20,80,76,10,25,65,EMEF PROF ANA IRIS DO AMARAL,EMEF PROF ANA IRIS DO AMARAL,80,FALSE,
2025,linha_base_pre_programa,0,ESC_024,,EMEF LAURO RODRIGUES,EMEF LAURO RODRIGUES,clarissa,2,Língua Portuguesa,1ª Avaliação Formativa, 21192411500000791,21,RIO GRANDE DO SUL,PORTO ALEGRE,PORTO ALEGRE,2025_1av_form_HABILIDADES_DESEMPENHO_TURMA_02anos_LP.csv,23,23,100,62,26,30,43,EMEF LAURO RODRIGUES,EMEF LAURO RODRIGUES,100,FALSE,
2025,linha_base_pre_programa,0,ESC_024,,EMEF LAURO RODRIGUES,EMEF LAURO RODRIGUES,clarissa,2,Língua Portuguesa,1ª Avaliação Formativa, 21192411500000792,22,RIO GRANDE DO SUL,PORTO ALEGRE,PORTO ALEGRE,2025_1av_form_HABILIDADES_DESEMPENHO_TURMA_02anos_LP.csv,24,20,83,58,40,10,50,EMEF LAURO RODRIGUES,EMEF LAURO RODRIGUES,83.33333333333333,FALSE,
2025,linha_base_pre_programa,0,ESC_024,,EMEF LAURO RODRIGUES,EMEF LAURO RODRIGUES,clarissa,2,Língua Portuguesa,1ª Avaliação Formativa, 21192411500000793,23,RIO GRANDE DO SUL,PORTO ALEGRE,PORTO ALEGRE,2025_1av_form_HABILIDADES_DESEMPENHO_TURMA_02anos_LP.csv,25,19,76,79,5,26,68,EMEF LAURO RODRIGUES,EMEF LAURO RODRIGUES,76,FALSE,
2025,linha_base_pre_programa,0,ESC_020,,EMEF JOAO ANTONIO SATTE,EMEF JOAO ANTONIO SATTE,eliane,2,Língua Portuguesa,1ª Avaliação Formativa, 21192411500000817,21,RIO GRANDE DO SUL,PORTO ALEGRE,PORTO ALEGRE,2025_1av_form_HABILIDADES_DESEMPENHO_TURMA_02anos_LP.csv,18,8,44,49,25,50,25,EMEF JOAO ANTONIO SATTE,EMEF JOAO ANTONIO SATTE,44.44444444444444,FALSE,
2025,linha_base_pre_programa,0,ESC_020,,EMEF JOAO ANTONIO SATTE,EMEF JOAO ANTONIO SATTE,eliane,2,Língua Portuguesa,1ª Avaliação Formativa, 21192411500000818,22,RIO GRANDE DO SUL,PORTO ALEGRE,PORTO ALEGRE,2025_1av_form_HABILIDADES_DESEMPENHO_TURMA_02anos_LP.csv,18,11,61,55,36,27,36,EMEF JOAO ANTONIO SATTE,EMEF JOAO ANTONIO SATTE,61.111111111111114,FALSE,
2025,linha_base_pre_programa,0,ESC_020,,EMEF JOAO ANTONIO SATTE,EMEF JOAO ANTONIO SATTE,eliane,2,Língua Portuguesa,1ª Avaliação Formativa, 21192411500000819,23,RIO GRANDE DO SUL,PORTO ALEGRE,PORTO ALEGRE,2025_1av_form_HABILIDADES_DESEMPENHO_TURMA_02anos_LP.csv,21,16,76,78,6,25,69,EMEF JOAO ANTONIO SATTE,EMEF JOAO ANTONIO SATTE,76.19047619047619,FALSE,
2025,linha_base_pre_programa,0,ESC_011,,EMEF DEP VICTOR ISSLER,EMEF DEP VICTOR ISSLER,clarissa,2,Língua Portuguesa,1ª Avaliação Formativa, 21192411500000852,21,RIO GRANDE DO SUL,PORTO ALEGRE,PORTO ALEGRE,2025_1av_form_HABILIDADES_DESEMPENHO_TURMA_02anos_LP.csv,27,21,78,62,29,19,52,EMEF DEP VICTOR ISSLER,EMEF DEP VICTOR ISSLER,77.77777777777777,FALSE,
2025,linha_base_pre_programa,0,ESC_011,,EMEF DEP VICTOR ISSLER,EMEF DEP VICTOR ISSLER,clarissa,2,Língua Portuguesa,1ª Avaliação Formativa, 21192411500000853,22,RIO GRANDE DO SUL,PORTO ALEGRE,PORTO ALEGRE,2025_1av_form_HABILIDADES_DESEMPENHO_TURMA_02anos_LP.csv,27,25,93,83,4,24,72,EMEF DEP VICTOR ISSLER,EMEF DEP VICTOR ISSLER,92.5925925925926,FALSE,
2025,linha_base_pre_programa,0,ESC_011,,EMEF DEP VICTOR ISSLER,EMEF DEP VICTOR ISSLER,clarissa,2,Língua Portuguesa,1ª Avaliação Formativa, 21192411500000854,23,RIO GRANDE DO SUL,PORTO ALEGRE,PORTO ALEGRE,2025_1av_form_HABILIDADES_DESEMPENHO_TURMA_02anos_LP.csv,26,22,85,43,50,18,32,EMEF DEP VICTOR ISSLER,EMEF DEP VICTOR ISSLER,84.61538461538461,FALSE,
2025,linha_base_pre_programa,0,ESC_011,,EMEF DEP VICTOR ISSLER,EMEF DEP VICTOR ISSLER,clarissa,2,Língua Portuguesa,1ª Avaliação Formativa, 21192411500000855,24,RIO GRANDE DO SUL,PORTO ALEGRE,PORTO ALEGRE,2025_1av_form_HABILIDADES_DESEMPENHO_TURMA_02anos_LP.csv,26,24,92,33,58,25,17,EMEF DEP VICTOR ISSLER,EMEF DEP VICTOR ISSLER,92.3076923076923,FALSE,
2025,linha_base_pre_programa,0,ESC_011,,EMEF DEP VICTOR ISSLER,EMEF DEP VICTOR ISSLER,clarissa,2,Língua Portuguesa,1ª Avaliação Formativa, 21192411500000856,25,RIO GRANDE DO SUL,PORTO ALEGRE,PORTO ALEGRE,2025_1av_form_HABILIDADES_DESEMPENHO_TURMA_02anos_LP.csv,27,24,89,69,21,21,58,EMEF DEP VICTOR ISSLER,EMEF DEP VICTOR ISSLER,88.88888888888889,FALSE,
2025,linha_base_pre_programa,0,ESC_015,,EMEF GABRIEL OBINO,EMEF GABRIEL OBINO,amanda,2,Língua Portuguesa,1ª Avaliação Formativa, 21192411500000889,21,RIO GRANDE DO SUL,PORTO ALEGRE,PORTO ALEGRE,2025_1av_form_HABILIDADES_DESEMPENHO_TURMA_02anos_LP.csv,27,24,89,72,17,25,58,EMEF GABRIEL OBINO,EMEF GABRIEL OBINO,88.88888888888889,FALSE,
2025,linha_base_pre_programa,0,ESC_015,,EMEF GABRIEL OBINO,EMEF GABRIEL OBINO,amanda,2,Língua Portuguesa,1ª Avaliação Formativa, 21192411500000890,22,RIO GRANDE DO SUL,PORTO ALEGRE,PORTO ALEGRE,2025_1av_form_HABILIDADES_DESEMPENHO_TURMA_02anos_LP.csv,17,15,88,84,7,20,73,EMEF GABRIEL OBINO,EMEF GABRIEL OBINO,88.23529411764706,FALSE,
2025,linha_base_pre_programa,0,ESC_015,,EMEF GABRIEL OBINO,EMEF GABRIEL OBINO,amanda,2,Língua Portuguesa,1ª Avaliação Formativa, 21192411500000891,23,RIO GRANDE DO SUL,PORTO ALEGRE,PORTO ALEGRE,2025_1av_form_HABILIDADES_DESEMPENHO_TURMA_02anos_LP.csv,12,9,75,78,22,11,67,EMEF GABRIEL OBINO,EMEF GABRIEL OBINO,75,FALSE,
2025,linha_base_pre_programa,0,ESC_044,,EMEF SAINT HILAIRE,EMEF SAINT HILAIRE,andreia,2,Língua Portuguesa,1ª Avaliação Formativa, 21192411500000912,21,RIO GRANDE DO SUL,PORTO ALEGRE,PORTO ALEGRE,2025_1av_form_HABILIDADES_DESEMPENHO_TURMA_02anos_LP.csv,24,19,79,40,47,37,16,EMEF SAINT HILAIRE,EMEF SAINT HILAIRE,79.16666666666667,FALSE,
2025,linha_base_pre_programa,0,ESC_044,,EMEF SAINT HILAIRE,EMEF SAINT HILAIRE,andreia,2,Língua Portuguesa,1ª Avaliação Formativa, 21192411500000913,22,RIO GRANDE DO SUL,PORTO ALEGRE,PORTO ALEGRE,2025_1av_form_HABILIDADES_DESEMPENHO_TURMA_02anos_LP.csv,22,15,68,59,40,20,40,EMEF SAINT HILAIRE,EMEF SAINT HILAIRE,68.18181818181819,FALSE,
2025,linha_base_pre_programa,0,ESC_044,,EMEF SAINT HILAIRE,EMEF SAINT HILAIRE,andreia,2,Língua Portuguesa,1ª Avaliação Formativa, 21192411500000914,23,RIO GRANDE DO SUL,PORTO ALEGRE,PORTO ALEGRE,2025_1av_form_HABILIDADES_DESEMPENHO_TURMA_02anos_LP.csv,23,16,70,48,38,38,25,EMEF SAINT HILAIRE,EMEF SAINT HILAIRE,69.56521739130434,FALSE,
2025,linha_base_pre_programa,0,ESC_044,,EMEF SAINT HILAIRE,EMEF SAINT HILAIRE,andreia,2,Língua Portuguesa,1ª Avaliação Formativa, 21192411500000915,24,RIO GRANDE DO SUL,PORTO ALEGRE,PORTO ALEGRE,2025_1av_form_HABILIDADES_DESEMPENHO_TURMA_02anos_LP.csv,21,16,76,26,63,38,0,EMEF SAINT HILAIRE,EMEF SAINT HILAIRE,76.19047619047619,FALSE,
2025,linha_base_pre_programa,0,ESC_045,,EMEF SAO PEDRO,EMEF SAO PEDRO,marian,2,Língua Portuguesa,1ª Avaliação Formativa, 21192411500000950,21,RIO GRANDE DO SUL,PORTO ALEGRE,PORTO ALEGRE,2025_1av_form_HABILIDADES_DESEMPENHO_TURMA_02anos_LP.csv,20,15,75,72,7,33,60,EMEF SAO PEDRO,EMEF SAO PEDRO,75,FALSE,
2025,linha_base_pre_programa,0,ESC_045,,EMEF SAO PEDRO,EMEF SAO PEDRO,marian,2,Língua Portuguesa,1ª Avaliação Formativa, 21192411500000951,22,RIO GRANDE DO SUL,PORTO ALEGRE,PORTO ALEGRE,2025_1av_form_HABILIDADES_DESEMPENHO_TURMA_02anos_LP.csv,21,16,76,70,19,31,50,EMEF SAO PEDRO,EMEF SAO PEDRO,76.19047619047619,FALSE,
2025,linha_base_pre_programa,0,ESC_045,,EMEF SAO PEDRO,EMEF SAO PEDRO,marian,2,Língua Portuguesa,1ª Avaliação Formativa, 21192411500000952,23,RIO GRANDE DO SUL,PORTO ALEGRE,PORTO ALEGRE,2025_1av_form_HABILIDADES_DESEMPENHO_TURMA_02anos_LP.csv,20,16,80,81,6,31,63,EMEF SAO PEDRO,EMEF SAO PEDRO,80,FALSE,
2025,linha_base_pre_programa,0,ESC_045,,EMEF SAO PEDRO,EMEF SAO PEDRO,marian,2,Língua Portuguesa,1ª Avaliação Formativa, 21192411500000953,24,RIO GRANDE DO SUL,PORTO ALEGRE,PORTO ALEGRE,2025_1av_form_HABILIDADES_DESEMPENHO_TURMA_02anos_LP.csv,22,18,82,61,28,17,56,EMEF SAO PEDRO,EMEF SAO PEDRO,81.81818181818181,FALSE,
2025,linha_base_pre_programa,0,ESC_045,,EMEF SAO PEDRO,EMEF SAO PEDRO,marian,2,Língua Portuguesa,1ª Avaliação Formativa, 21192411500000954,25,RIO GRANDE DO SUL,PORTO ALEGRE,PORTO ALEGRE,2025_1av_form_HABILIDADES_DESEMPENHO_TURMA_02anos_LP.csv,19,14,74,72,14,36,50,EMEF SAO PEDRO,EMEF SAO PEDRO,73.6842105263158,FALSE,
2025,linha_base_pre_programa,0,ESC_023,,EMEF JOSE MARIANO BECK,EMEF JOSE MARIANO BECK,nathalia,2,Língua Portuguesa,1ª Avaliação Formativa, 21192411500000987,21,RIO GRANDE DO SUL,PORTO ALEGRE,PORTO ALEGRE,2025_1av_form_HABILIDADES_DESEMPENHO_TURMA_02anos_LP.csv,23,22,96,82,9,18,73,EMEF JOSE MARIANO BECK,EMEF JOSE MARIANO BECK,95.65217391304348,FALSE,
2025,linha_base_pre_programa,0,ESC_023,,EMEF JOSE MARIANO BECK,EMEF JOSE MARIANO BECK,nathalia,2,Língua Portuguesa,1ª Avaliação Formativa, 21192411500000988,22,RIO GRANDE DO SUL,PORTO ALEGRE,PORTO ALEGRE,2025_1av_form_HABILIDADES_DESEMPENHO_TURMA_02anos_LP.csv,21,15,71,71,0,53,47,EMEF JOSE MARIANO BECK,EMEF JOSE MARIANO BECK,71.42857142857143,FALSE,
2025,linha_base_pre_programa,0,ESC_023,,EMEF JOSE MARIANO BECK,EMEF JOSE MARIANO BECK,nathalia,2,Língua Portuguesa,1ª Avaliação Formativa, 21192411500000989,23,RIO GRANDE DO SUL,PORTO ALEGRE,PORTO ALEGRE,2025_1av_form_HABILIDADES_DESEMPENHO_TURMA_02anos_LP.csv,21,15,71,20,73,27,0,EMEF JOSE MARIANO BECK,EMEF JOSE MARIANO BECK,71.42857142857143,FALSE,
2025,linha_base_pre_programa,0,ESC_019,,EMEF JEAN PIAGET,EMEF JEAN PIAGET,clarissa,2,Língua Portuguesa,1ª Avaliação Formativa, 21192411500001014,21,RIO GRANDE DO SUL,PORTO ALEGRE,PORTO ALEGRE,2025_1av_form_HABILIDADES_DESEMPENHO_TURMA_02anos_LP.csv,27,21,78,55,38,14,48,EMEF JEAN PIAGET,EMEF JEAN PIAGET,77.77777777777777,FALSE,
2025,linha_base_pre_programa,0,ESC_019,,EMEF JEAN PIAGET,EMEF JEAN PIAGET,clarissa,2,Língua Portuguesa,1ª Avaliação Formativa, 21192411500001015,22,RIO GRANDE DO SUL,PORTO ALEGRE,PORTO ALEGRE,2025_1av_form_HABILIDADES_DESEMPENHO_TURMA_02anos_LP.csv,26,13,50,49,38,46,15,EMEF JEAN PIAGET,EMEF JEAN PIAGET,50,FALSE,
2025,linha_base_pre_programa,0,ESC_019,,EMEF JEAN PIAGET,EMEF JEAN PIAGET,clarissa,2,Língua Portuguesa,1ª Avaliação Formativa, 21192411500001016,23,RIO GRANDE DO SUL,PORTO ALEGRE,PORTO ALEGRE,2025_1av_form_HABILIDADES_DESEMPENHO_TURMA_02anos_LP.csv,24,20,83,54,40,20,40,EMEF JEAN PIAGET,EMEF JEAN PIAGET,83.33333333333333,FALSE,
2025,linha_base_pre_programa,0,ESC_048,,EMEF VER ANTONIO GIUDICE,EMEF VER ANTONIO GIUDICE,clarissa,2,Língua Portuguesa,1ª Avaliação Formativa, 21192411500001044,21,RIO GRANDE DO SUL,PORTO ALEGRE,PORTO ALEGRE,2025_1av_form_HABILIDADES_DESEMPENHO_TURMA_02anos_LP.csv,21,14,67,75,14,29,57,EMEF VER ANTONIO GIUDICE,EMEF VER ANTONIO GIUDICE,66.66666666666667,FALSE,
2025,linha_base_pre_programa,0,ESC_048,,EMEF VER ANTONIO GIUDICE,EMEF VER ANTONIO GIUDICE,clarissa,2,Língua Portuguesa,1ª Avaliação Formativa, 21192411500001045,22,RIO GRANDE DO SUL,PORTO ALEGRE,PORTO ALEGRE,2025_1av_form_HABILIDADES_DESEMPENHO_TURMA_02anos_LP.csv,23,16,70,14,81,13,6,EMEF VER ANTONIO GIUDICE,EMEF VER ANTONIO GIUDICE,69.56521739130434,FALSE,
2025,linha_base_pre_programa,0,ESC_048,,EMEF VER ANTONIO GIUDICE,EMEF VER ANTONIO GIUDICE,clarissa,2,Língua Portuguesa,1ª Avaliação Formativa, 21192411500001046,23,RIO GRANDE DO SUL,PORTO ALEGRE,PORTO ALEGRE,2025_1av_form_HABILIDADES_DESEMPENHO_TURMA_02anos_LP.csv,23,18,78,82,11,11,78,EMEF VER ANTONIO GIUDICE,EMEF VER ANTONIO GIUDICE,78.26086956521739,FALSE,
2025,linha_base_pre_programa,0,ESC_039,,EMEF PROF ANISIO TEIXEIRA,EMEF PROF ANISIO TEIXEIRA,andreia,2,Língua Portuguesa,1ª Avaliação Formativa, 21192411500001073,21,RIO GRANDE DO SUL,PORTO ALEGRE,PORTO ALEGRE,2025_1av_form_HABILIDADES_DESEMPENHO_TURMA_02anos_LP.csv,17,14,82,72,14,29,57,EMEF PROF ANISIO TEIXEIRA,EMEF PROF ANISIO TEIXEIRA,82.3529411764706,FALSE,
2025,linha_base_pre_programa,0,ESC_039,,EMEF PROF ANISIO TEIXEIRA,EMEF PROF ANISIO TEIXEIRA,andreia,2,Língua Portuguesa,1ª Avaliação Formativa, 21192411500001074,22,RIO GRANDE DO SUL,PORTO ALEGRE,PORTO ALEGRE,2025_1av_form_HABILIDADES_DESEMPENHO_TURMA_02anos_LP.csv,26,21,81,61,29,33,38,EMEF PROF ANISIO TEIXEIRA,EMEF PROF ANISIO TEIXEIRA,80.76923076923077,FALSE,
2025,linha_base_pre_programa,0,ESC_039,,EMEF PROF ANISIO TEIXEIRA,EMEF PROF ANISIO TEIXEIRA,andreia,2,Língua Portuguesa,1ª Avaliação Formativa, 21192411500001075,23,RIO GRANDE DO SUL,PORTO ALEGRE,PORTO ALEGRE,2025_1av_form_HABILIDADES_DESEMPENHO_TURMA_02anos_LP.csv,18,15,83,66,13,40,47,EMEF PROF ANISIO TEIXEIRA,EMEF PROF ANISIO TEIXEIRA,83.33333333333333,FALSE,
2025,linha_base_pre_programa,0,ESC_006,,EMEF CAMPOS DO CRISTAL,EMEF CAMPOS DO CRISTAL,andreia,2,Língua Portuguesa,1ª Avaliação Formativa, 21192411500001107,21,RIO GRANDE DO SUL,PORTO ALEGRE,PORTO ALEGRE,2025_1av_form_HABILIDADES_DESEMPENHO_TURMA_02anos_LP.csv,25,21,84,78,19,10,71,EMEF CAMPOS DO CRISTAL,EMEF CAMPOS DO CRISTAL,84,FALSE,
2025,linha_base_pre_programa,0,ESC_006,,EMEF CAMPOS DO CRISTAL,EMEF CAMPOS DO CRISTAL,andreia,2,Língua Portuguesa,1ª Avaliação Formativa, 21192411500001108,22,RIO GRANDE DO SUL,PORTO ALEGRE,PORTO ALEGRE,2025_1av_form_HABILIDADES_DESEMPENHO_TURMA_02anos_LP.csv,25,22,88,42,50,18,32,EMEF CAMPOS DO CRISTAL,EMEF CAMPOS DO CRISTAL,88,FALSE,
2025,linha_base_pre_programa,0,ESC_052,,EMEF WENCESLAU FONTOURA,EMEF WENCESLAU FONTOURA,eliane,2,Língua Portuguesa,1ª Avaliação Formativa, 21192411500001127,21,RIO GRANDE DO SUL,PORTO ALEGRE,PORTO ALEGRE,2025_1av_form_HABILIDADES_DESEMPENHO_TURMA_02anos_LP.csv,25,17,68,45,53,12,35,EMEF WENCESLAU FONTOURA,EMEF WENCESLAU FONTOURA,68,FALSE,
2025,linha_base_pre_programa,0,ESC_052,,EMEF WENCESLAU FONTOURA,EMEF WENCESLAU FONTOURA,eliane,2,Língua Portuguesa,1ª Avaliação Formativa, 21192411500001128,22,RIO GRANDE DO SUL,PORTO ALEGRE,PORTO ALEGRE,2025_1av_form_HABILIDADES_DESEMPENHO_TURMA_02anos_LP.csv,25,21,84,57,24,43,33,EMEF WENCESLAU FONTOURA,EMEF WENCESLAU FONTOURA,84,FALSE,
2025,linha_base_pre_programa,0,ESC_052,,EMEF WENCESLAU FONTOURA,EMEF WENCESLAU FONTOURA,eliane,2,Língua Portuguesa,1ª Avaliação Formativa, 21192411500001129,23,RIO GRANDE DO SUL,PORTO ALEGRE,PORTO ALEGRE,2025_1av_form_HABILIDADES_DESEMPENHO_TURMA_02anos_LP.csv,29,25,86,54,32,36,32,EMEF WENCESLAU FONTOURA,EMEF WENCESLAU FONTOURA,86.20689655172414,FALSE,
2025,linha_base_pre_programa,0,ESC_052,,EMEF WENCESLAU FONTOURA,EMEF WENCESLAU FONTOURA,eliane,2,Língua Portuguesa,1ª Avaliação Formativa, 21192411500001130,24,RIO GRANDE DO SUL,PORTO ALEGRE,PORTO ALEGRE,2025_1av_form_HABILIDADES_DESEMPENHO_TURMA_02anos_LP.csv,27,19,70,58,32,21,47,EMEF WENCESLAU FONTOURA,EMEF WENCESLAU FONTOURA,70.37037037037037,FALSE,
2025,linha_base_pre_programa,0,ESC_051,,EMEF VILA MONTE CRISTO,EMEF VILA MONTE CRISTO,graziela,2,Língua Portuguesa,1ª Avaliação Formativa, 21192411500001158,21,RIO GRANDE DO SUL,PORTO ALEGRE,PORTO ALEGRE,2025_1av_form_HABILIDADES_DESEMPENHO_TURMA_02anos_LP.csv,21,14,67,46,50,14,36,EMEF VILA MONTE CRISTO,EMEF VILA MONTE CRISTO,66.66666666666667,FALSE,
2025,linha_base_pre_programa,0,ESC_051,,EMEF VILA MONTE CRISTO,EMEF VILA MONTE CRISTO,graziela,2,Língua Portuguesa,1ª Avaliação Formativa, 21192411500001159,22,RIO GRANDE DO SUL,PORTO ALEGRE,PORTO ALEGRE,2025_1av_form_HABILIDADES_DESEMPENHO_TURMA_02anos_LP.csv,19,18,95,53,28,39,33,EMEF VILA MONTE CRISTO,EMEF VILA MONTE CRISTO,94.73684210526316,FALSE,
2025,linha_base_pre_programa,0,ESC_051,,EMEF VILA MONTE CRISTO,EMEF VILA MONTE CRISTO,graziela,2,Língua Portuguesa,1ª Avaliação Formativa, 21192411500001160,23,RIO GRANDE DO SUL,PORTO ALEGRE,PORTO ALEGRE,2025_1av_form_HABILIDADES_DESEMPENHO_TURMA_02anos_LP.csv,24,19,79,76,5,37,58,EMEF VILA MONTE CRISTO,EMEF VILA MONTE CRISTO,79.16666666666667,FALSE,
2025,linha_base_pre_programa,0,ESC_051,,EMEF VILA MONTE CRISTO,EMEF VILA MONTE CRISTO,graziela,2,Língua Portuguesa,1ª Avaliação Formativa, 21192411500001161,24,RIO GRANDE DO SUL,PORTO ALEGRE,PORTO ALEGRE,2025_1av_form_HABILIDADES_DESEMPENHO_TURMA_02anos_LP.csv,23,17,74,47,41,29,29,EMEF VILA MONTE CRISTO,EMEF VILA MONTE CRISTO,73.91304347826087,FALSE,
2025,linha_base_pre_programa,0,ESC_028,,EMEF MIGRANTES,EMEF MIGRANTES,nathalia,2,Língua Portuguesa,1ª Avaliação Formativa, 21192411500001191,21,RIO GRANDE DO SUL,PORTO ALEGRE,PORTO ALEGRE,2025_1av_form_HABILIDADES_DESEMPENHO_TURMA_02anos_LP.csv,21,19,90,62,16,42,42,EMEF MIGRANTES,EMEF MIGRANTES,90.47619047619048,FALSE,
2025,linha_base_pre_programa,0,ESC_030,,EMEF MORRO DA CRUZ,EMEF MORRO DA CRUZ,andreia,2,Língua Portuguesa,1ª Avaliação Formativa, 21192411500001204,21,RIO GRANDE DO SUL,PORTO ALEGRE,PORTO ALEGRE,2025_1av_form_HABILIDADES_DESEMPENHO_TURMA_02anos_LP.csv,24,20,83,38,45,45,10,EMEF MORRO DA CRUZ,EMEF MORRO DA CRUZ,83.33333333333333,FALSE,
2025,linha_base_pre_programa,0,ESC_030,,EMEF MORRO DA CRUZ,EMEF MORRO DA CRUZ,andreia,2,Língua Portuguesa,1ª Avaliação Formativa, 21192411500001205,22,RIO GRANDE DO SUL,PORTO ALEGRE,PORTO ALEGRE,2025_1av_form_HABILIDADES_DESEMPENHO_TURMA_02anos_LP.csv,20,17,85,38,41,59,0,EMEF MORRO DA CRUZ,EMEF MORRO DA CRUZ,85,FALSE,
2025,linha_base_pre_programa,0,ESC_030,,EMEF MORRO DA CRUZ,EMEF MORRO DA CRUZ,andreia,2,Língua Portuguesa,1ª Avaliação Formativa, 21192411500001206,23,RIO GRANDE DO SUL,PORTO ALEGRE,PORTO ALEGRE,2025_1av_form_HABILIDADES_DESEMPENHO_TURMA_02anos_LP.csv,24,20,83,52,25,60,15,EMEF MORRO DA CRUZ,EMEF MORRO DA CRUZ,83.33333333333333,FALSE,
2025,linha_base_pre_programa,0,ESC_030,,EMEF MORRO DA CRUZ,EMEF MORRO DA CRUZ,andreia,2,Língua Portuguesa,1ª Avaliação Formativa, 21192411500001207,24,RIO GRANDE DO SUL,PORTO ALEGRE,PORTO ALEGRE,2025_1av_form_HABILIDADES_DESEMPENHO_TURMA_02anos_LP.csv,26,20,77,50,40,20,40,EMEF MORRO DA CRUZ,EMEF MORRO DA CRUZ,76.92307692307692,FALSE,
2025,linha_base_pre_programa,0,ESC_031,,EMEF NEUSA GOULART BRIZOLA,EMEF NEUSA GOULART BRIZOLA,julia,2,Língua Portuguesa,1ª Avaliação Formativa, 21192411500001234,21,RIO GRANDE DO SUL,PORTO ALEGRE,PORTO ALEGRE,2025_1av_form_HABILIDADES_DESEMPENHO_TURMA_02anos_LP.csv,21,18,86,67,17,28,56,EMEF NEUSA GOULART BRIZOLA,EMEF NEUSA GOULART BRIZOLA,85.71428571428571,FALSE,
2025,linha_base_pre_programa,0,ESC_031,,EMEF NEUSA GOULART BRIZOLA,EMEF NEUSA GOULART BRIZOLA,julia,2,Língua Portuguesa,1ª Avaliação Formativa, 21192411500001235,22,RIO GRANDE DO SUL,PORTO ALEGRE,PORTO ALEGRE,2025_1av_form_HABILIDADES_DESEMPENHO_TURMA_02anos_LP.csv,22,18,82,51,39,28,33,EMEF NEUSA GOULART BRIZOLA,EMEF NEUSA GOULART BRIZOLA,81.81818181818181,FALSE,
2025,linha_base_pre_programa,0,ESC_008,,EMEF CHICO MENDES,EMEF CHICO MENDES,eliane,2,Língua Portuguesa,1ª Avaliação Formativa, 21192411500001253,21,RIO GRANDE DO SUL,PORTO ALEGRE,PORTO ALEGRE,2025_1av_form_HABILIDADES_DESEMPENHO_TURMA_02anos_LP.csv,22,14,64,86,7,14,79,EMEF CHICO MENDES,EMEF CHICO MENDES,63.63636363636363,FALSE,
2025,linha_base_pre_programa,0,ESC_008,,EMEF CHICO MENDES,EMEF CHICO MENDES,eliane,2,Língua Portuguesa,1ª Avaliação Formativa, 21192411500001254,22,RIO GRANDE DO SUL,PORTO ALEGRE,PORTO ALEGRE,2025_1av_form_HABILIDADES_DESEMPENHO_TURMA_02anos_LP.csv,20,16,80,44,38,38,25,EMEF CHICO MENDES,EMEF CHICO MENDES,80,FALSE,
2025,linha_base_pre_programa,0,ESC_008,,EMEF CHICO MENDES,EMEF CHICO MENDES,eliane,2,Língua Portuguesa,1ª Avaliação Formativa, 21192411500001255,23,RIO GRANDE DO SUL,PORTO ALEGRE,PORTO ALEGRE,2025_1av_form_HABILIDADES_DESEMPENHO_TURMA_02anos_LP.csv,27,17,63,87,0,24,76,EMEF CHICO MENDES,EMEF CHICO MENDES,62.96296296296296,FALSE,
2025,linha_base_pre_programa,0,ESC_008,,EMEF CHICO MENDES,EMEF CHICO MENDES,eliane,2,Língua Portuguesa,1ª Avaliação Formativa, 21192411500001256,24,RIO GRANDE DO SUL,PORTO ALEGRE,PORTO ALEGRE,2025_1av_form_HABILIDADES_DESEMPENHO_TURMA_02anos_LP.csv,21,15,71,33,67,13,20,EMEF CHICO MENDES,EMEF CHICO MENDES,71.42857142857143,FALSE,
2025,linha_base_pre_programa,0,ESC_027,,EMEF MARIO QUINTANA,EMEF MARIO QUINTANA,ruti,2,Língua Portuguesa,1ª Avaliação Formativa, 21192411500001289,21,RIO GRANDE DO SUL,PORTO ALEGRE,PORTO ALEGRE,2025_1av_form_HABILIDADES_DESEMPENHO_TURMA_02anos_LP.csv,25,23,92,57,22,39,39,EMEF MARIO QUINTANA,EMEF MARIO QUINTANA,92,FALSE,
2025,linha_base_pre_programa,0,ESC_027,,EMEF MARIO QUINTANA,EMEF MARIO QUINTANA,ruti,2,Língua Portuguesa,1ª Avaliação Formativa, 21192411500001290,22,RIO GRANDE DO SUL,PORTO ALEGRE,PORTO ALEGRE,2025_1av_form_HABILIDADES_DESEMPENHO_TURMA_02anos_LP.csv,24,23,96,41,52,26,22,EMEF MARIO QUINTANA,EMEF MARIO QUINTANA,95.83333333333333,FALSE,
2025,linha_base_pre_programa,0,ESC_007,,EMEF CHAPEU DO SOL,EMEF CHAPEU DO SOL,ruti,2,Língua Portuguesa,1ª Avaliação Formativa, 21192411500001310,21,RIO GRANDE DO SUL,PORTO ALEGRE,PORTO ALEGRE,2025_1av_form_HABILIDADES_DESEMPENHO_TURMA_02anos_LP.csv,24,15,63,47,53,13,33,EMEF CHAPEU DO SOL,EMEF CHAPEU DO SOL,62.5,FALSE,
2025,linha_base_pre_programa,0,ESC_007,,EMEF CHAPEU DO SOL,EMEF CHAPEU DO SOL,ruti,2,Língua Portuguesa,1ª Avaliação Formativa, 21192411500001311,22,RIO GRANDE DO SUL,PORTO ALEGRE,PORTO ALEGRE,2025_1av_form_HABILIDADES_DESEMPENHO_TURMA_02anos_LP.csv,24,22,92,67,27,18,55,EMEF CHAPEU DO SOL,EMEF CHAPEU DO SOL,91.66666666666667,FALSE,
2025,linha_base_pre_programa,0,ESC_007,,EMEF CHAPEU DO SOL,EMEF CHAPEU DO SOL,ruti,2,Língua Portuguesa,1ª Avaliação Formativa, 21192411500001312,23,RIO GRANDE DO SUL,PORTO ALEGRE,PORTO ALEGRE,2025_1av_form_HABILIDADES_DESEMPENHO_TURMA_02anos_LP.csv,26,18,69,32,61,28,11,EMEF CHAPEU DO SOL,EMEF CHAPEU DO SOL,69.23076923076923,FALSE,
2025,linha_base_pre_programa,0,ESC_007,,EMEF CHAPEU DO SOL,EMEF CHAPEU DO SOL,ruti,2,Língua Portuguesa,1ª Avaliação Formativa, 21192411500001313,24,RIO GRANDE DO SUL,PORTO ALEGRE,PORTO ALEGRE,2025_1av_form_HABILIDADES_DESEMPENHO_TURMA_02anos_LP.csv,24,19,79,75,16,21,63,EMEF CHAPEU DO SOL,EMEF CHAPEU DO SOL,79.16666666666667,FALSE,
2025,linha_base_pre_programa,0,ESC_047,,EMEF TIMBAUVA,EMEF TIMBAUVA,nathalia,2,Língua Portuguesa,1ª Avaliação Formativa, 21192411500001347,21,RIO GRANDE DO SUL,PORTO ALEGRE,PORTO ALEGRE,2025_1av_form_HABILIDADES_DESEMPENHO_TURMA_02anos_LP.csv,20,17,85,65,24,29,47,EMEF TIMBAUVA,EMEF TIMBAUVA,85,FALSE,
2025,linha_base_pre_programa,0,ESC_047,,EMEF TIMBAUVA,EMEF TIMBAUVA,nathalia,2,Língua Portuguesa,1ª Avaliação Formativa, 21192411500001348,22,RIO GRANDE DO SUL,PORTO ALEGRE,PORTO ALEGRE,2025_1av_form_HABILIDADES_DESEMPENHO_TURMA_02anos_LP.csv,21,17,81,67,29,12,59,EMEF TIMBAUVA,EMEF TIMBAUVA,80.95238095238095,FALSE,
2025,linha_base_pre_programa,0,ESC_047,,EMEF TIMBAUVA,EMEF TIMBAUVA,nathalia,2,Língua Portuguesa,1ª Avaliação Formativa, 21192411500001349,23,RIO GRANDE DO SUL,PORTO ALEGRE,PORTO ALEGRE,2025_1av_form_HABILIDADES_DESEMPENHO_TURMA_02anos_LP.csv,19,13,68,88,8,8,85,EMEF TIMBAUVA,EMEF TIMBAUVA,68.42105263157895,FALSE,
2025,linha_base_pre_programa,0,ESC_056,,EEF ALDEIA LUMIAR,6002 EEF ALDEIA LUMIAR,,2,Língua Portuguesa,1ª Avaliação Formativa, 21192411500001374,21 - F1A,RIO GRANDE DO SUL,PORTO ALEGRE,PORTO ALEGRE,2025_1av_form_HABILIDADES_DESEMPENHO_TURMA_02anos_LP.csv,7,6,86,63,33,17,50,EEF ALDEIA LUMIAR,EEF ALDEIA LUMIAR,85.71428571428571,TRUE,a_confirmar
2025,linha_base_pre_programa,0,ESC_056,,EEF ALDEIA LUMIAR,6002 EEF ALDEIA LUMIAR,,2,Língua Portuguesa,1ª Avaliação Formativa, 21192411500001375,21 - F1B,RIO GRANDE DO SUL,PORTO ALEGRE,PORTO ALEGRE,2025_1av_form_HABILIDADES_DESEMPENHO_TURMA_02anos_LP.csv,6,5,83,62,40,20,40,EEF ALDEIA LUMIAR,EEF ALDEIA LUMIAR,83.33333333333333,TRUE,a_confirmar
2025,linha_base_pre_programa,0,ESC_056,,EEF ALDEIA LUMIAR,6002 EEF ALDEIA LUMIAR,,2,Língua Portuguesa,1ª Avaliação Formativa, 21192411500001376,21 - F1C,RIO GRANDE DO SUL,PORTO ALEGRE,PORTO ALEGRE,2025_1av_form_HABILIDADES_DESEMPENHO_TURMA_02anos_LP.csv,9,6,67,70,0,50,50,EEF ALDEIA LUMIAR,EEF ALDEIA LUMIAR,66.66666666666667,TRUE,a_confirmar
2025,linha_base_pre_programa,0,ESC_033,,EMEF NOSSA SENHORA DO CARMO,EMEF NOSSA SENHORA DO CARMO,amanda,2,Língua Portuguesa,1ª Avaliação Formativa, 21192411500001394,21,RIO GRANDE DO SUL,PORTO ALEGRE,PORTO ALEGRE,2025_1av_form_HABILIDADES_DESEMPENHO_TURMA_02anos_LP.csv,24,21,88,99,0,0,100,EMEF NOSSA SENHORA DO CARMO,EMEF NOSSA SENHORA DO CARMO,87.5,FALSE,
2025,linha_base_pre_programa,0,ESC_033,,EMEF NOSSA SENHORA DO CARMO,EMEF NOSSA SENHORA DO CARMO,amanda,2,Língua Portuguesa,1ª Avaliação Formativa, 21192411500001395,22,RIO GRANDE DO SUL,PORTO ALEGRE,PORTO ALEGRE,2025_1av_form_HABILIDADES_DESEMPENHO_TURMA_02anos_LP.csv,23,23,100,70,17,30,52,EMEF NOSSA SENHORA DO CARMO,EMEF NOSSA SENHORA DO CARMO,100,FALSE,
2025,linha_base_pre_programa,0,ESC_033,,EMEF NOSSA SENHORA DO CARMO,EMEF NOSSA SENHORA DO CARMO,amanda,2,Língua Portuguesa,1ª Avaliação Formativa, 21192411500001396,23,RIO GRANDE DO SUL,PORTO ALEGRE,PORTO ALEGRE,2025_1av_form_HABILIDADES_DESEMPENHO_TURMA_02anos_LP.csv,22,17,77,67,6,47,47,EMEF NOSSA SENHORA DO CARMO,EMEF NOSSA SENHORA DO CARMO,77.27272727272727,FALSE,
2025,linha_base_pre_programa,0,ESC_021,,EMEF JOAO CARLOS DAVILA PAIXAO CORTES - LACADOR,EMEF JOAO CARLOS D AVILA PAIXAO CORTES (LACADOR),julia,2,Língua Portuguesa,1ª Avaliação Formativa, 21192411500001421,21,RIO GRANDE DO SUL,PORTO ALEGRE,PORTO ALEGRE,2025_1av_form_HABILIDADES_DESEMPENHO_TURMA_02anos_LP.csv,25,22,88,95,0,9,91,EMEF JOAO CARLOS D AVILA PAIXAO CORTES (LACADOR),EMEF JOAO CARLOS D AVILA PAIXAO CORTES LACADOR,88,FALSE,
2025,linha_base_pre_programa,0,ESC_043,,EMEF RINCAO,EMEF RINCAO,jalize,2,Língua Portuguesa,1ª Avaliação Formativa, 21192411500001426,21,RIO GRANDE DO SUL,PORTO ALEGRE,PORTO ALEGRE,2025_1av_form_HABILIDADES_DESEMPENHO_TURMA_02anos_LP.csv,23,20,87,83,10,10,80,EMEF RINCAO,EMEF RINCAO,86.95652173913044,FALSE,
2025,linha_base_pre_programa,0,ESC_043,,EMEF RINCAO,EMEF RINCAO,jalize,2,Língua Portuguesa,1ª Avaliação Formativa, 21192411500001427,22,RIO GRANDE DO SUL,PORTO ALEGRE,PORTO ALEGRE,2025_1av_form_HABILIDADES_DESEMPENHO_TURMA_02anos_LP.csv,25,24,96,78,13,21,67,EMEF RINCAO,EMEF RINCAO,96,FALSE,
2025,linha_base_pre_programa,0,ESC_029,,EMEF MORADAS DA HIPICA,EMEF MORADAS DA HIPICA,amanda,2,Língua Portuguesa,1ª Avaliação Formativa, 21192411500001446,21,RIO GRANDE DO SUL,PORTO ALEGRE,PORTO ALEGRE,2025_1av_form_HABILIDADES_DESEMPENHO_TURMA_02anos_LP.csv,25,18,72,68,22,28,50,EMEF MORADAS DA HIPICA,EMEF MORADAS DA HIPICA,72,FALSE,
2025,linha_base_pre_programa,0,ESC_029,,EMEF MORADAS DA HIPICA,EMEF MORADAS DA HIPICA,amanda,2,Língua Portuguesa,1ª Avaliação Formativa, 21192411500001447,22,RIO GRANDE DO SUL,PORTO ALEGRE,PORTO ALEGRE,2025_1av_form_HABILIDADES_DESEMPENHO_TURMA_02anos_LP.csv,25,21,84,57,38,19,43,EMEF MORADAS DA HIPICA,EMEF MORADAS DA HIPICA,84,FALSE,
2025,linha_base_pre_programa,0,ESC_029,,EMEF MORADAS DA HIPICA,EMEF MORADAS DA HIPICA,amanda,2,Língua Portuguesa,1ª Avaliação Formativa, 21192411500001448,23,RIO GRANDE DO SUL,PORTO ALEGRE,PORTO ALEGRE,2025_1av_form_HABILIDADES_DESEMPENHO_TURMA_02anos_LP.csv,24,24,100,76,13,17,71,EMEF MORADAS DA HIPICA,EMEF MORADAS DA HIPICA,100,FALSE,
2025,linha_base_pre_programa,0,ESC_029,,EMEF MORADAS DA HIPICA,EMEF MORADAS DA HIPICA,amanda,2,Língua Portuguesa,1ª Avaliação Formativa, 21192411500001449,24,RIO GRANDE DO SUL,PORTO ALEGRE,PORTO ALEGRE,2025_1av_form_HABILIDADES_DESEMPENHO_TURMA_02anos_LP.csv,25,16,64,86,0,13,88,EMEF MORADAS DA HIPICA,EMEF MORADAS DA HIPICA,64,FALSE,
2025,linha_base_pre_programa,0,ESC_035,,EMEF PORTO NOVO,EMEF PORTO NOVO,marian,3,Língua Portuguesa,1ª Avaliação Formativa, 21192411500000005,31,RIO GRANDE DO SUL,PORTO ALEGRE,PORTO ALEGRE,2025_1av_form_HABILIDADES_DESEMPENHO_TURMA_03anos_LP.csv,23,16,70,18,75,19,6,EMEF PORTO NOVO,EMEF PORTO NOVO,69.56521739130434,FALSE,
2025,linha_base_pre_programa,0,ESC_035,,EMEF PORTO NOVO,EMEF PORTO NOVO,marian,3,Língua Portuguesa,1ª Avaliação Formativa, 21192411500000006,32,RIO GRANDE DO SUL,PORTO ALEGRE,PORTO ALEGRE,2025_1av_form_HABILIDADES_DESEMPENHO_TURMA_03anos_LP.csv,23,19,83,46,42,21,37,EMEF PORTO NOVO,EMEF PORTO NOVO,82.6086956521739,FALSE,
2025,linha_base_pre_programa,0,ESC_053,,EMEM EMILIO MEYER,EMEM EMILIO MEYER,ruti,3,Língua Portuguesa,1ª Avaliação Formativa, 21192411500000029,31ALFA,RIO GRANDE DO SUL,PORTO ALEGRE,PORTO ALEGRE,2025_1av_form_HABILIDADES_DESEMPENHO_TURMA_03anos_LP.csv,25,17,68,49,35,35,29,EMEM EMILIO MEYER,EMEM EMILIO MEYER,68,FALSE,
2025,linha_base_pre_programa,0,ESC_053,,EMEM EMILIO MEYER,EMEM EMILIO MEYER,ruti,3,Língua Portuguesa,1ª Avaliação Formativa, 21192411500000030,32,RIO GRANDE DO SUL,PORTO ALEGRE,PORTO ALEGRE,2025_1av_form_HABILIDADES_DESEMPENHO_TURMA_03anos_LP.csv,22,18,82,45,44,11,44,EMEM EMILIO MEYER,EMEM EMILIO MEYER,81.81818181818181,FALSE,
2025,linha_base_pre_programa,0,ESC_053,,EMEM EMILIO MEYER,EMEM EMILIO MEYER,ruti,3,Língua Portuguesa,1ª Avaliação Formativa, 21192411500000031,33,RIO GRANDE DO SUL,PORTO ALEGRE,PORTO ALEGRE,2025_1av_form_HABILIDADES_DESEMPENHO_TURMA_03anos_LP.csv,27,20,74,68,25,25,50,EMEM EMILIO MEYER,EMEM EMILIO MEYER,74.07407407407408,FALSE,
2025,linha_base_pre_programa,0,ESC_053,,EMEM EMILIO MEYER,EMEM EMILIO MEYER,ruti,3,Língua Portuguesa,1ª Avaliação Formativa, 21192411500000032,34,RIO GRANDE DO SUL,PORTO ALEGRE,PORTO ALEGRE,2025_1av_form_HABILIDADES_DESEMPENHO_TURMA_03anos_LP.csv,22,18,82,26,61,28,11,EMEM EMILIO MEYER,EMEM EMILIO MEYER,81.81818181818181,FALSE,
2025,linha_base_pre_programa,0,ESC_055,,ESCOLA DE ENSINO FUNDAMENTAL MADRE RAFFO,ESCOLA DE ENSINO FUNDAMENTAL MADRE RAFFO,outras,3,Língua Portuguesa,1ª Avaliação Formativa, 21192411500000054,3A,RIO GRANDE DO SUL,PORTO ALEGRE,PORTO ALEGRE,2025_1av_form_HABILIDADES_DESEMPENHO_TURMA_03anos_LP.csv,9,8,89,80,0,25,75,ESCOLA DE ENSINO FUNDAMENTAL MADRE RAFFO,ESCOLA DE ENSINO FUNDAMENTAL MADRE RAFFO,88.88888888888889,FALSE,
2025,linha_base_pre_programa,0,ESC_001,,EEF PEQUENA CASA DA CRIANCA,6001 EEF PEQUENA CASA DA CRIANCA,outras,3,Língua Portuguesa,1ª Avaliação Formativa, 21192411500000067,30,RIO GRANDE DO SUL,PORTO ALEGRE,PORTO ALEGRE,2025_1av_form_HABILIDADES_DESEMPENHO_TURMA_03anos_LP.csv,18,16,89,73,13,31,56,EEF PEQUENA CASA DA CRIANCA,EEF PEQUENA CASA DA CRIANCA,88.88888888888889,FALSE,
2025,linha_base_pre_programa,0,ESC_001,,EEF PEQUENA CASA DA CRIANCA,6001 EEF PEQUENA CASA DA CRIANCA,outras,3,Língua Portuguesa,1ª Avaliação Formativa, 21192411500000068,31,RIO GRANDE DO SUL,PORTO ALEGRE,PORTO ALEGRE,2025_1av_form_HABILIDADES_DESEMPENHO_TURMA_03anos_LP.csv,17,10,59,48,40,30,30,EEF PEQUENA CASA DA CRIANCA,EEF PEQUENA CASA DA CRIANCA,58.8235294117647,FALSE,
2025,linha_base_pre_programa,0,ESC_001,,EEF PEQUENA CASA DA CRIANCA,6001 EEF PEQUENA CASA DA CRIANCA,outras,3,Língua Portuguesa,1ª Avaliação Formativa, 21192411500000069,32,RIO GRANDE DO SUL,PORTO ALEGRE,PORTO ALEGRE,2025_1av_form_HABILIDADES_DESEMPENHO_TURMA_03anos_LP.csv,18,14,78,84,0,29,71,EEF PEQUENA CASA DA CRIANCA,EEF PEQUENA CASA DA CRIANCA,77.77777777777777,FALSE,
2025,linha_base_pre_programa,0,ESC_001,,EEF PEQUENA CASA DA CRIANCA,6001 EEF PEQUENA CASA DA CRIANCA,outras,3,Língua Portuguesa,1ª Avaliação Formativa, 21192411500000070,33,RIO GRANDE DO SUL,PORTO ALEGRE,PORTO ALEGRE,2025_1av_form_HABILIDADES_DESEMPENHO_TURMA_03anos_LP.csv,17,15,88,19,73,27,0,EEF PEQUENA CASA DA CRIANCA,EEF PEQUENA CASA DA CRIANCA,88.23529411764706,FALSE,
2025,linha_base_pre_programa,0,ESC_003,,EMEF AFONSO GUERREIRO LIMA,EMEF AFONSO GUERREIRO LIMA,graziela,3,Língua Portuguesa,1ª Avaliação Formativa, 21192411500000084,31,RIO GRANDE DO SUL,PORTO ALEGRE,PORTO ALEGRE,2025_1av_form_HABILIDADES_DESEMPENHO_TURMA_03anos_LP.csv,25,19,76,46,47,16,37,EMEF AFONSO GUERREIRO LIMA,EMEF AFONSO GUERREIRO LIMA,76,FALSE,
2025,linha_base_pre_programa,0,ESC_003,,EMEF AFONSO GUERREIRO LIMA,EMEF AFONSO GUERREIRO LIMA,graziela,3,Língua Portuguesa,1ª Avaliação Formativa, 21192411500000085,32,RIO GRANDE DO SUL,PORTO ALEGRE,PORTO ALEGRE,2025_1av_form_HABILIDADES_DESEMPENHO_TURMA_03anos_LP.csv,23,21,91,34,57,29,14,EMEF AFONSO GUERREIRO LIMA,EMEF AFONSO GUERREIRO LIMA,91.30434782608695,FALSE,
2025,linha_base_pre_programa,0,ESC_003,,EMEF AFONSO GUERREIRO LIMA,EMEF AFONSO GUERREIRO LIMA,graziela,3,Língua Portuguesa,1ª Avaliação Formativa, 21192411500000086,33,RIO GRANDE DO SUL,PORTO ALEGRE,PORTO ALEGRE,2025_1av_form_HABILIDADES_DESEMPENHO_TURMA_03anos_LP.csv,24,17,71,58,29,35,35,EMEF AFONSO GUERREIRO LIMA,EMEF AFONSO GUERREIRO LIMA,70.83333333333333,FALSE,
2025,linha_base_pre_programa,0,ESC_003,,EMEF AFONSO GUERREIRO LIMA,EMEF AFONSO GUERREIRO LIMA,graziela,3,Língua Portuguesa,1ª Avaliação Formativa, 21192411500000087,34,RIO GRANDE DO SUL,PORTO ALEGRE,PORTO ALEGRE,2025_1av_form_HABILIDADES_DESEMPENHO_TURMA_03anos_LP.csv,25,19,76,57,26,37,37,EMEF AFONSO GUERREIRO LIMA,EMEF AFONSO GUERREIRO LIMA,76,FALSE,
2025,linha_base_pre_programa,0,ESC_003,,EMEF AFONSO GUERREIRO LIMA,EMEF AFONSO GUERREIRO LIMA,graziela,3,Língua Portuguesa,1ª Avaliação Formativa, 21192411500000088,35,RIO GRANDE DO SUL,PORTO ALEGRE,PORTO ALEGRE,2025_1av_form_HABILIDADES_DESEMPENHO_TURMA_03anos_LP.csv,24,21,88,72,14,33,52,EMEF AFONSO GUERREIRO LIMA,EMEF AFONSO GUERREIRO LIMA,87.5,FALSE,
2025,linha_base_pre_programa,0,ESC_004,,EMEF AMERICA,EMEF AMERICA,nathalia,3,Língua Portuguesa,1ª Avaliação Formativa, 21192411500000113,31,RIO GRANDE DO SUL,PORTO ALEGRE,PORTO ALEGRE,2025_1av_form_HABILIDADES_DESEMPENHO_TURMA_03anos_LP.csv,28,23,82,76,13,22,65,EMEF AMERICA,EMEF AMERICA,82.14285714285714,FALSE,
2025,linha_base_pre_programa,0,ESC_004,,EMEF AMERICA,EMEF AMERICA,nathalia,3,Língua Portuguesa,1ª Avaliação Formativa, 21192411500000114,32,RIO GRANDE DO SUL,PORTO ALEGRE,PORTO ALEGRE,2025_1av_form_HABILIDADES_DESEMPENHO_TURMA_03anos_LP.csv,29,20,69,75,10,25,65,EMEF AMERICA,EMEF AMERICA,68.96551724137932,FALSE,
2025,linha_base_pre_programa,0,ESC_005,,EMEF ARAMY SILVA,EMEF ARAMY SILVA,priscila,3,Língua Portuguesa,1ª Avaliação Formativa, 21192411500000135,31,RIO GRANDE DO SUL,PORTO ALEGRE,PORTO ALEGRE,2025_1av_form_HABILIDADES_DESEMPENHO_TURMA_03anos_LP.csv,25,21,84,41,52,19,29,EMEF ARAMY SILVA,EMEF ARAMY SILVA,84,FALSE,
2025,linha_base_pre_programa,0,ESC_005,,EMEF ARAMY SILVA,EMEF ARAMY SILVA,priscila,3,Língua Portuguesa,1ª Avaliação Formativa, 21192411500000136,32,RIO GRANDE DO SUL,PORTO ALEGRE,PORTO ALEGRE,2025_1av_form_HABILIDADES_DESEMPENHO_TURMA_03anos_LP.csv,19,11,58,78,18,9,73,EMEF ARAMY SILVA,EMEF ARAMY SILVA,57.89473684210526,FALSE,
2025,linha_base_pre_programa,0,ESC_005,,EMEF ARAMY SILVA,EMEF ARAMY SILVA,priscila,3,Língua Portuguesa,1ª Avaliação Formativa, 21192411500000137,33,RIO GRANDE DO SUL,PORTO ALEGRE,PORTO ALEGRE,2025_1av_form_HABILIDADES_DESEMPENHO_TURMA_03anos_LP.csv,24,18,75,39,56,22,22,EMEF ARAMY SILVA,EMEF ARAMY SILVA,75,FALSE,
2025,linha_base_pre_programa,0,ESC_005,,EMEF ARAMY SILVA,EMEF ARAMY SILVA,priscila,3,Língua Portuguesa,1ª Avaliação Formativa, 21192411500000138,34,RIO GRANDE DO SUL,PORTO ALEGRE,PORTO ALEGRE,2025_1av_form_HABILIDADES_DESEMPENHO_TURMA_03anos_LP.csv,22,15,68,12,87,13,0,EMEF ARAMY SILVA,EMEF ARAMY SILVA,68.18181818181819,FALSE,
2025,linha_base_pre_programa,0,ESC_009,,EMEF DECIO MARTINS COSTA,EMEF DECIO MARTINS COSTA,nathalia,3,Língua Portuguesa,1ª Avaliação Formativa, 21192411500000169,31,RIO GRANDE DO SUL,PORTO ALEGRE,PORTO ALEGRE,2025_1av_form_HABILIDADES_DESEMPENHO_TURMA_03anos_LP.csv,27,22,81,68,23,23,55,EMEF DECIO MARTINS COSTA,EMEF DECIO MARTINS COSTA,81.48148148148148,FALSE,
2025,linha_base_pre_programa,0,ESC_009,,EMEF DECIO MARTINS COSTA,EMEF DECIO MARTINS COSTA,nathalia,3,Língua Portuguesa,1ª Avaliação Formativa, 21192411500000170,32,RIO GRANDE DO SUL,PORTO ALEGRE,PORTO ALEGRE,2025_1av_form_HABILIDADES_DESEMPENHO_TURMA_03anos_LP.csv,27,22,81,85,9,9,82,EMEF DECIO MARTINS COSTA,EMEF DECIO MARTINS COSTA,81.48148148148148,FALSE,
2025,linha_base_pre_programa,0,ESC_009,,EMEF DECIO MARTINS COSTA,EMEF DECIO MARTINS COSTA,nathalia,3,Língua Portuguesa,1ª Avaliação Formativa, 21192411500000171,33,RIO GRANDE DO SUL,PORTO ALEGRE,PORTO ALEGRE,2025_1av_form_HABILIDADES_DESEMPENHO_TURMA_03anos_LP.csv,28,23,82,75,17,17,65,EMEF DECIO MARTINS COSTA,EMEF DECIO MARTINS COSTA,82.14285714285714,FALSE,
2025,linha_base_pre_programa,0,ESC_009,,EMEF DECIO MARTINS COSTA,EMEF DECIO MARTINS COSTA,nathalia,3,Língua Portuguesa,1ª Avaliação Formativa, 21192411500000172,34,RIO GRANDE DO SUL,PORTO ALEGRE,PORTO ALEGRE,2025_1av_form_HABILIDADES_DESEMPENHO_TURMA_03anos_LP.csv,31,28,90,28,57,39,4,EMEF DECIO MARTINS COSTA,EMEF DECIO MARTINS COSTA,90.3225806451613,FALSE,
2025,linha_base_pre_programa,0,ESC_012,,EMEF DOLORES ALCARAZ CALDAS,EMEF DOLORES ALCARAZ CALDAS,jalize,3,Língua Portuguesa,1ª Avaliação Formativa, 21192411500000208,31,RIO GRANDE DO SUL,PORTO ALEGRE,PORTO ALEGRE,2025_1av_form_HABILIDADES_DESEMPENHO_TURMA_03anos_LP.csv,28,22,79,74,18,9,73,EMEF DOLORES ALCARAZ CALDAS,EMEF DOLORES ALCARAZ CALDAS,78.57142857142857,FALSE,
2025,linha_base_pre_programa,0,ESC_012,,EMEF DOLORES ALCARAZ CALDAS,EMEF DOLORES ALCARAZ CALDAS,jalize,3,Língua Portuguesa,1ª Avaliação Formativa, 21192411500000209,32,RIO GRANDE DO SUL,PORTO ALEGRE,PORTO ALEGRE,2025_1av_form_HABILIDADES_DESEMPENHO_TURMA_03anos_LP.csv,28,20,71,50,45,20,35,EMEF DOLORES ALCARAZ CALDAS,EMEF DOLORES ALCARAZ CALDAS,71.42857142857143,FALSE,
2025,linha_base_pre_programa,0,ESC_012,,EMEF DOLORES ALCARAZ CALDAS,EMEF DOLORES ALCARAZ CALDAS,jalize,3,Língua Portuguesa,1ª Avaliação Formativa, 21192411500000210,33ALFA,RIO GRANDE DO SUL,PORTO ALEGRE,PORTO ALEGRE,2025_1av_form_HABILIDADES_DESEMPENHO_TURMA_03anos_LP.csv,24,19,79,42,53,21,26,EMEF DOLORES ALCARAZ CALDAS,EMEF DOLORES ALCARAZ CALDAS,79.16666666666667,FALSE,
2025,linha_base_pre_programa,0,ESC_012,,EMEF DOLORES ALCARAZ CALDAS,EMEF DOLORES ALCARAZ CALDAS,jalize,3,Língua Portuguesa,1ª Avaliação Formativa, 21192411500000211,34,RIO GRANDE DO SUL,PORTO ALEGRE,PORTO ALEGRE,2025_1av_form_HABILIDADES_DESEMPENHO_TURMA_03anos_LP.csv,28,22,79,49,45,23,32,EMEF DOLORES ALCARAZ CALDAS,EMEF DOLORES ALCARAZ CALDAS,78.57142857142857,FALSE,
2025,linha_base_pre_programa,0,ESC_012,,EMEF DOLORES ALCARAZ CALDAS,EMEF DOLORES ALCARAZ CALDAS,jalize,3,Língua Portuguesa,1ª Avaliação Formativa, 21192411500000212,35,RIO GRANDE DO SUL,PORTO ALEGRE,PORTO ALEGRE,2025_1av_form_HABILIDADES_DESEMPENHO_TURMA_03anos_LP.csv,28,23,82,22,65,30,4,EMEF DOLORES ALCARAZ CALDAS,EMEF DOLORES ALCARAZ CALDAS,82.14285714285714,FALSE,
2025,linha_base_pre_programa,0,ESC_012,,EMEF DOLORES ALCARAZ CALDAS,EMEF DOLORES ALCARAZ CALDAS,jalize,3,Língua Portuguesa,1ª Avaliação Formativa, 21192411500000213,36,RIO GRANDE DO SUL,PORTO ALEGRE,PORTO ALEGRE,2025_1av_form_HABILIDADES_DESEMPENHO_TURMA_03anos_LP.csv,27,19,70,35,42,53,5,EMEF DOLORES ALCARAZ CALDAS,EMEF DOLORES ALCARAZ CALDAS,70.37037037037037,FALSE,
2025,linha_base_pre_programa,0,ESC_022,,EMEF JOSE LOUREIRO DA SILVA,EMEF JOSE LOUREIRO DA SILVA,jalize,3,Língua Portuguesa,1ª Avaliação Formativa, 21192411500000246,31,RIO GRANDE DO SUL,PORTO ALEGRE,PORTO ALEGRE,2025_1av_form_HABILIDADES_DESEMPENHO_TURMA_03anos_LP.csv,25,15,60,75,7,27,67,EMEF JOSE LOUREIRO DA SILVA,EMEF JOSE LOUREIRO DA SILVA,60,FALSE,
2025,linha_base_pre_programa,0,ESC_022,,EMEF JOSE LOUREIRO DA SILVA,EMEF JOSE LOUREIRO DA SILVA,jalize,3,Língua Portuguesa,1ª Avaliação Formativa, 21192411500000247,32,RIO GRANDE DO SUL,PORTO ALEGRE,PORTO ALEGRE,2025_1av_form_HABILIDADES_DESEMPENHO_TURMA_03anos_LP.csv,28,15,54,40,53,27,20,EMEF JOSE LOUREIRO DA SILVA,EMEF JOSE LOUREIRO DA SILVA,53.57142857142857,FALSE,
2025,linha_base_pre_programa,0,ESC_022,,EMEF JOSE LOUREIRO DA SILVA,EMEF JOSE LOUREIRO DA SILVA,jalize,3,Língua Portuguesa,1ª Avaliação Formativa, 21192411500000248,33,RIO GRANDE DO SUL,PORTO ALEGRE,PORTO ALEGRE,2025_1av_form_HABILIDADES_DESEMPENHO_TURMA_03anos_LP.csv,25,18,72,70,11,33,56,EMEF JOSE LOUREIRO DA SILVA,EMEF JOSE LOUREIRO DA SILVA,72,FALSE,
2025,linha_base_pre_programa,0,ESC_022,,EMEF JOSE LOUREIRO DA SILVA,EMEF JOSE LOUREIRO DA SILVA,jalize,3,Língua Portuguesa,1ª Avaliação Formativa, 21192411500000249,34,RIO GRANDE DO SUL,PORTO ALEGRE,PORTO ALEGRE,2025_1av_form_HABILIDADES_DESEMPENHO_TURMA_03anos_LP.csv,25,17,68,60,24,41,35,EMEF JOSE LOUREIRO DA SILVA,EMEF JOSE LOUREIRO DA SILVA,68,FALSE,
2025,linha_base_pre_programa,0,ESC_002,,EMEB DR LIBERATO SALZANO VIEIRA DA CUNHA,EMEB DR LIBERATO SALZANO VIEIRA DA CUNHA,clarissa,3,Língua Portuguesa,1ª Avaliação Formativa, 21192411500000286,31,RIO GRANDE DO SUL,PORTO ALEGRE,PORTO ALEGRE,2025_1av_form_HABILIDADES_DESEMPENHO_TURMA_03anos_LP.csv,26,21,81,61,33,24,43,EMEB DR LIBERATO SALZANO VIEIRA DA CUNHA,EMEB DR LIBERATO SALZANO VIEIRA DA CUNHA,80.76923076923077,FALSE,
2025,linha_base_pre_programa,0,ESC_002,,EMEB DR LIBERATO SALZANO VIEIRA DA CUNHA,EMEB DR LIBERATO SALZANO VIEIRA DA CUNHA,clarissa,3,Língua Portuguesa,1ª Avaliação Formativa, 21192411500000287,32,RIO GRANDE DO SUL,PORTO ALEGRE,PORTO ALEGRE,2025_1av_form_HABILIDADES_DESEMPENHO_TURMA_03anos_LP.csv,25,19,76,22,68,32,0,EMEB DR LIBERATO SALZANO VIEIRA DA CUNHA,EMEB DR LIBERATO SALZANO VIEIRA DA CUNHA,76,FALSE,
2025,linha_base_pre_programa,0,ESC_002,,EMEB DR LIBERATO SALZANO VIEIRA DA CUNHA,EMEB DR LIBERATO SALZANO VIEIRA DA CUNHA,clarissa,3,Língua Portuguesa,1ª Avaliação Formativa, 21192411500000288,33,RIO GRANDE DO SUL,PORTO ALEGRE,PORTO ALEGRE,2025_1av_form_HABILIDADES_DESEMPENHO_TURMA_03anos_LP.csv,22,19,86,51,26,47,26,EMEB DR LIBERATO SALZANO VIEIRA DA CUNHA,EMEB DR LIBERATO SALZANO VIEIRA DA CUNHA,86.36363636363636,FALSE,
2025,linha_base_pre_programa,0,ESC_002,,EMEB DR LIBERATO SALZANO VIEIRA DA CUNHA,EMEB DR LIBERATO SALZANO VIEIRA DA CUNHA,clarissa,3,Língua Portuguesa,1ª Avaliação Formativa, 21192411500000289,34,RIO GRANDE DO SUL,PORTO ALEGRE,PORTO ALEGRE,2025_1av_form_HABILIDADES_DESEMPENHO_TURMA_03anos_LP.csv,24,18,75,79,6,33,61,EMEB DR LIBERATO SALZANO VIEIRA DA CUNHA,EMEB DR LIBERATO SALZANO VIEIRA DA CUNHA,75,FALSE,
2025,linha_base_pre_programa,0,ESC_032,,EMEF NOSSA SENHORA DE FATIMA,EMEF NOSSA SENHORA DE FATIMA,amanda,3,Língua Portuguesa,1ª Avaliação Formativa, 21192411500000320,31,RIO GRANDE DO SUL,PORTO ALEGRE,PORTO ALEGRE,2025_1av_form_HABILIDADES_DESEMPENHO_TURMA_03anos_LP.csv,25,21,84,68,10,33,57,EMEF NOSSA SENHORA DE FATIMA,EMEF NOSSA SENHORA DE FATIMA,84,FALSE,
2025,linha_base_pre_programa,0,ESC_032,,EMEF NOSSA SENHORA DE FATIMA,EMEF NOSSA SENHORA DE FATIMA,amanda,3,Língua Portuguesa,1ª Avaliação Formativa, 21192411500000321,32,RIO GRANDE DO SUL,PORTO ALEGRE,PORTO ALEGRE,2025_1av_form_HABILIDADES_DESEMPENHO_TURMA_03anos_LP.csv,27,21,78,51,38,24,38,EMEF NOSSA SENHORA DE FATIMA,EMEF NOSSA SENHORA DE FATIMA,77.77777777777777,FALSE,
2025,linha_base_pre_programa,0,ESC_032,,EMEF NOSSA SENHORA DE FATIMA,EMEF NOSSA SENHORA DE FATIMA,amanda,3,Língua Portuguesa,1ª Avaliação Formativa, 21192411500000322,33,RIO GRANDE DO SUL,PORTO ALEGRE,PORTO ALEGRE,2025_1av_form_HABILIDADES_DESEMPENHO_TURMA_03anos_LP.csv,23,20,87,39,55,30,15,EMEF NOSSA SENHORA DE FATIMA,EMEF NOSSA SENHORA DE FATIMA,86.95652173913044,FALSE,
2025,linha_base_pre_programa,0,ESC_034,,EMEF PEPITA DE LEAO,EMEF PEPITA DE LEAO,nathalia,3,Língua Portuguesa,1ª Avaliação Formativa, 21192411500000347,31,RIO GRANDE DO SUL,PORTO ALEGRE,PORTO ALEGRE,2025_1av_form_HABILIDADES_DESEMPENHO_TURMA_03anos_LP.csv,25,20,80,46,40,35,25,EMEF PEPITA DE LEAO,EMEF PEPITA DE LEAO,80,FALSE,
2025,linha_base_pre_programa,0,ESC_034,,EMEF PEPITA DE LEAO,EMEF PEPITA DE LEAO,nathalia,3,Língua Portuguesa,1ª Avaliação Formativa, 21192411500000348,32,RIO GRANDE DO SUL,PORTO ALEGRE,PORTO ALEGRE,2025_1av_form_HABILIDADES_DESEMPENHO_TURMA_03anos_LP.csv,22,15,68,21,67,33,0,EMEF PEPITA DE LEAO,EMEF PEPITA DE LEAO,68.18181818181819,FALSE,
2025,linha_base_pre_programa,0,ESC_034,,EMEF PEPITA DE LEAO,EMEF PEPITA DE LEAO,nathalia,3,Língua Portuguesa,1ª Avaliação Formativa, 21192411500000349,33,RIO GRANDE DO SUL,PORTO ALEGRE,PORTO ALEGRE,2025_1av_form_HABILIDADES_DESEMPENHO_TURMA_03anos_LP.csv,21,14,67,42,43,43,14,EMEF PEPITA DE LEAO,EMEF PEPITA DE LEAO,66.66666666666667,FALSE,
2025,linha_base_pre_programa,0,ESC_037,,EMEF PRESIDENTE VARGAS,EMEF PRESIDENTE VARGAS,eliane,3,Língua Portuguesa,1ª Avaliação Formativa, 21192411500000366,31,RIO GRANDE DO SUL,PORTO ALEGRE,PORTO ALEGRE,2025_1av_form_HABILIDADES_DESEMPENHO_TURMA_03anos_LP.csv,26,19,73,59,37,16,47,EMEF PRESIDENTE VARGAS,EMEF PRESIDENTE VARGAS,73.07692307692308,FALSE,
2025,linha_base_pre_programa,0,ESC_037,,EMEF PRESIDENTE VARGAS,EMEF PRESIDENTE VARGAS,eliane,3,Língua Portuguesa,1ª Avaliação Formativa, 21192411500000367,32,RIO GRANDE DO SUL,PORTO ALEGRE,PORTO ALEGRE,2025_1av_form_HABILIDADES_DESEMPENHO_TURMA_03anos_LP.csv,25,16,64,51,38,25,38,EMEF PRESIDENTE VARGAS,EMEF PRESIDENTE VARGAS,64,FALSE,
2025,linha_base_pre_programa,0,ESC_018,,EMEF HEITOR VILLA LOBOS,EMEF HEITOR VILLA LOBOS,jalize,3,Língua Portuguesa,1ª Avaliação Formativa, 21192411500000387,31,RIO GRANDE DO SUL,PORTO ALEGRE,PORTO ALEGRE,2025_1av_form_HABILIDADES_DESEMPENHO_TURMA_03anos_LP.csv,27,27,100,5,93,7,0,EMEF HEITOR VILLA LOBOS,EMEF HEITOR VILLA LOBOS,100,FALSE,
2025,linha_base_pre_programa,0,ESC_018,,EMEF HEITOR VILLA LOBOS,EMEF HEITOR VILLA LOBOS,jalize,3,Língua Portuguesa,1ª Avaliação Formativa, 21192411500000388,32,RIO GRANDE DO SUL,PORTO ALEGRE,PORTO ALEGRE,2025_1av_form_HABILIDADES_DESEMPENHO_TURMA_03anos_LP.csv,27,21,78,24,62,38,0,EMEF HEITOR VILLA LOBOS,EMEF HEITOR VILLA LOBOS,77.77777777777777,FALSE,
2025,linha_base_pre_programa,0,ESC_018,,EMEF HEITOR VILLA LOBOS,EMEF HEITOR VILLA LOBOS,jalize,3,Língua Portuguesa,1ª Avaliação Formativa, 21192411500000389,33,RIO GRANDE DO SUL,PORTO ALEGRE,PORTO ALEGRE,2025_1av_form_HABILIDADES_DESEMPENHO_TURMA_03anos_LP.csv,25,16,64,15,75,25,0,EMEF HEITOR VILLA LOBOS,EMEF HEITOR VILLA LOBOS,64,FALSE,
2025,linha_base_pre_programa,0,ESC_018,,EMEF HEITOR VILLA LOBOS,EMEF HEITOR VILLA LOBOS,jalize,3,Língua Portuguesa,1ª Avaliação Formativa, 21192411500000390,34,RIO GRANDE DO SUL,PORTO ALEGRE,PORTO ALEGRE,2025_1av_form_HABILIDADES_DESEMPENHO_TURMA_03anos_LP.csv,26,19,73,39,53,11,37,EMEF HEITOR VILLA LOBOS,EMEF HEITOR VILLA LOBOS,73.07692307692308,FALSE,
2025,linha_base_pre_programa,0,ESC_054,,ESC EST ENS FUN PROFESSORA LEOPOLDA BARNEWITZ,EMEB PROFESSORA LEOPOLDA BARNEWITZ,julia,3,Língua Portuguesa,1ª Avaliação Formativa, 21192411500000414,31,RIO GRANDE DO SUL,PORTO ALEGRE,PORTO ALEGRE,2025_1av_form_HABILIDADES_DESEMPENHO_TURMA_03anos_LP.csv,26,20,77,73,20,10,70,EMEB PROFESSORA LEOPOLDA BARNEWITZ,EMEB PROFESSORA LEOPOLDA BARNEWITZ,76.92307692307692,FALSE,
2025,linha_base_pre_programa,0,ESC_016,,EMEF GOV ILDO MENEGHETTI,EMEF GOV ILDO MENEGHETTI,clarissa,3,Língua Portuguesa,1ª Avaliação Formativa, 21192411500000427,31,RIO GRANDE DO SUL,PORTO ALEGRE,PORTO ALEGRE,2025_1av_form_HABILIDADES_DESEMPENHO_TURMA_03anos_LP.csv,25,11,44,61,36,9,55,EMEF GOV ILDO MENEGHETTI,EMEF GOV ILDO MENEGHETTI,44,FALSE,
2025,linha_base_pre_programa,0,ESC_016,,EMEF GOV ILDO MENEGHETTI,EMEF GOV ILDO MENEGHETTI,clarissa,3,Língua Portuguesa,1ª Avaliação Formativa, 21192411500000428,32,RIO GRANDE DO SUL,PORTO ALEGRE,PORTO ALEGRE,2025_1av_form_HABILIDADES_DESEMPENHO_TURMA_03anos_LP.csv,27,23,85,58,22,39,39,EMEF GOV ILDO MENEGHETTI,EMEF GOV ILDO MENEGHETTI,85.18518518518519,FALSE,
2025,linha_base_pre_programa,0,ESC_016,,EMEF GOV ILDO MENEGHETTI,EMEF GOV ILDO MENEGHETTI,clarissa,3,Língua Portuguesa,1ª Avaliação Formativa, 21192411500000429,33,RIO GRANDE DO SUL,PORTO ALEGRE,PORTO ALEGRE,2025_1av_form_HABILIDADES_DESEMPENHO_TURMA_03anos_LP.csv,24,19,79,43,53,21,26,EMEF GOV ILDO MENEGHETTI,EMEF GOV ILDO MENEGHETTI,79.16666666666667,FALSE,
2025,linha_base_pre_programa,0,ESC_016,,EMEF GOV ILDO MENEGHETTI,EMEF GOV ILDO MENEGHETTI,clarissa,3,Língua Portuguesa,1ª Avaliação Formativa, 21192411500000430,34,RIO GRANDE DO SUL,PORTO ALEGRE,PORTO ALEGRE,2025_1av_form_HABILIDADES_DESEMPENHO_TURMA_03anos_LP.csv,28,21,75,47,29,57,14,EMEF GOV ILDO MENEGHETTI,EMEF GOV ILDO MENEGHETTI,75,FALSE,
2025,linha_base_pre_programa,0,ESC_016,,EMEF GOV ILDO MENEGHETTI,EMEF GOV ILDO MENEGHETTI,clarissa,3,Língua Portuguesa,1ª Avaliação Formativa, 21192411500000431,35,RIO GRANDE DO SUL,PORTO ALEGRE,PORTO ALEGRE,2025_1av_form_HABILIDADES_DESEMPENHO_TURMA_03anos_LP.csv,24,16,67,15,81,19,0,EMEF GOV ILDO MENEGHETTI,EMEF GOV ILDO MENEGHETTI,66.66666666666667,FALSE,
2025,linha_base_pre_programa,0,ESC_046,,EMEF SEN ALBERTO PASQUALINI,EMEF SEN ALBERTO PASQUALINI,julia,3,Língua Portuguesa,1ª Avaliação Formativa, 21192411500000464,31,RIO GRANDE DO SUL,PORTO ALEGRE,PORTO ALEGRE,2025_1av_form_HABILIDADES_DESEMPENHO_TURMA_03anos_LP.csv,26,16,62,64,31,13,56,EMEF SEN ALBERTO PASQUALINI,EMEF SEN ALBERTO PASQUALINI,61.53846153846154,FALSE,
2025,linha_base_pre_programa,0,ESC_046,,EMEF SEN ALBERTO PASQUALINI,EMEF SEN ALBERTO PASQUALINI,julia,3,Língua Portuguesa,1ª Avaliação Formativa, 21192411500000465,32,RIO GRANDE DO SUL,PORTO ALEGRE,PORTO ALEGRE,2025_1av_form_HABILIDADES_DESEMPENHO_TURMA_03anos_LP.csv,27,19,70,49,42,32,26,EMEF SEN ALBERTO PASQUALINI,EMEF SEN ALBERTO PASQUALINI,70.37037037037037,FALSE,
2025,linha_base_pre_programa,0,ESC_046,,EMEF SEN ALBERTO PASQUALINI,EMEF SEN ALBERTO PASQUALINI,julia,3,Língua Portuguesa,1ª Avaliação Formativa, 21192411500000466,33,RIO GRANDE DO SUL,PORTO ALEGRE,PORTO ALEGRE,2025_1av_form_HABILIDADES_DESEMPENHO_TURMA_03anos_LP.csv,25,21,84,71,14,19,67,EMEF SEN ALBERTO PASQUALINI,EMEF SEN ALBERTO PASQUALINI,84,FALSE,
2025,linha_base_pre_programa,0,ESC_046,,EMEF SEN ALBERTO PASQUALINI,EMEF SEN ALBERTO PASQUALINI,julia,3,Língua Portuguesa,1ª Avaliação Formativa, 21192411500000467,34,RIO GRANDE DO SUL,PORTO ALEGRE,PORTO ALEGRE,2025_1av_form_HABILIDADES_DESEMPENHO_TURMA_03anos_LP.csv,23,14,61,66,29,7,64,EMEF SEN ALBERTO PASQUALINI,EMEF SEN ALBERTO PASQUALINI,60.869565217391305,FALSE,
2025,linha_base_pre_programa,0,ESC_046,,EMEF SEN ALBERTO PASQUALINI,EMEF SEN ALBERTO PASQUALINI,julia,3,Língua Portuguesa,1ª Avaliação Formativa, 21192411500000468,35,RIO GRANDE DO SUL,PORTO ALEGRE,PORTO ALEGRE,2025_1av_form_HABILIDADES_DESEMPENHO_TURMA_03anos_LP.csv,24,14,58,73,7,43,50,EMEF SEN ALBERTO PASQUALINI,EMEF SEN ALBERTO PASQUALINI,58.333333333333336,FALSE,
2025,linha_base_pre_programa,0,ESC_036,,EMEF PRES JOAO BELCHIOR MARQUES GOULART,EMEF PRES JOAO BELCHIOR MARQUES GOULART,marian,3,Língua Portuguesa,1ª Avaliação Formativa, 21192411500000502,31,RIO GRANDE DO SUL,PORTO ALEGRE,PORTO ALEGRE,2025_1av_form_HABILIDADES_DESEMPENHO_TURMA_03anos_LP.csv,12,10,83,80,10,20,70,EMEF PRES JOAO BELCHIOR MARQUES GOULART,EMEF PRES JOAO BELCHIOR MARQUES GOULART,83.33333333333333,FALSE,
2025,linha_base_pre_programa,0,ESC_036,,EMEF PRES JOAO BELCHIOR MARQUES GOULART,EMEF PRES JOAO BELCHIOR MARQUES GOULART,marian,3,Língua Portuguesa,1ª Avaliação Formativa, 21192411500000504,33,RIO GRANDE DO SUL,PORTO ALEGRE,PORTO ALEGRE,2025_1av_form_HABILIDADES_DESEMPENHO_TURMA_03anos_LP.csv,17,14,82,89,0,14,86,EMEF PRES JOAO BELCHIOR MARQUES GOULART,EMEF PRES JOAO BELCHIOR MARQUES GOULART,82.3529411764706,FALSE,
2025,linha_base_pre_programa,0,ESC_036,,EMEF PRES JOAO BELCHIOR MARQUES GOULART,EMEF PRES JOAO BELCHIOR MARQUES GOULART,marian,3,Língua Portuguesa,1ª Avaliação Formativa, 21192411500001846,35,RIO GRANDE DO SUL,PORTO ALEGRE,PORTO ALEGRE,2025_1av_form_HABILIDADES_DESEMPENHO_TURMA_03anos_LP.csv,42,28,67,60,18,43,39,EMEF PRES JOAO BELCHIOR MARQUES GOULART,EMEF PRES JOAO BELCHIOR MARQUES GOULART,66.66666666666667,FALSE,
2025,linha_base_pre_programa,0,ESC_017,,EMEF GRANDE ORIENTE DO RGS,EMEF GRANDE ORIENTE DO RGS,andreia,3,Língua Portuguesa,1ª Avaliação Formativa, 21192411500000530,31,RIO GRANDE DO SUL,PORTO ALEGRE,PORTO ALEGRE,2025_1av_form_HABILIDADES_DESEMPENHO_TURMA_03anos_LP.csv,24,15,63,31,53,33,13,EMEF GRANDE ORIENTE DO RGS,EMEF GRANDE ORIENTE DO RGS,62.5,FALSE,
2025,linha_base_pre_programa,0,ESC_017,,EMEF GRANDE ORIENTE DO RGS,EMEF GRANDE ORIENTE DO RGS,andreia,3,Língua Portuguesa,1ª Avaliação Formativa, 21192411500000531,32,RIO GRANDE DO SUL,PORTO ALEGRE,PORTO ALEGRE,2025_1av_form_HABILIDADES_DESEMPENHO_TURMA_03anos_LP.csv,28,18,64,29,67,17,17,EMEF GRANDE ORIENTE DO RGS,EMEF GRANDE ORIENTE DO RGS,64.28571428571429,FALSE,
2025,linha_base_pre_programa,0,ESC_017,,EMEF GRANDE ORIENTE DO RGS,EMEF GRANDE ORIENTE DO RGS,andreia,3,Língua Portuguesa,1ª Avaliação Formativa, 21192411500000532,33,RIO GRANDE DO SUL,PORTO ALEGRE,PORTO ALEGRE,2025_1av_form_HABILIDADES_DESEMPENHO_TURMA_03anos_LP.csv,27,18,67,42,39,44,17,EMEF GRANDE ORIENTE DO RGS,EMEF GRANDE ORIENTE DO RGS,66.66666666666667,FALSE,
2025,linha_base_pre_programa,0,ESC_017,,EMEF GRANDE ORIENTE DO RGS,EMEF GRANDE ORIENTE DO RGS,andreia,3,Língua Portuguesa,1ª Avaliação Formativa, 21192411500000533,34,RIO GRANDE DO SUL,PORTO ALEGRE,PORTO ALEGRE,2025_1av_form_HABILIDADES_DESEMPENHO_TURMA_03anos_LP.csv,27,20,74,37,50,30,20,EMEF GRANDE ORIENTE DO RGS,EMEF GRANDE ORIENTE DO RGS,74.07407407407408,FALSE,
2025,linha_base_pre_programa,0,ESC_041,,EMEF PROF JUDITH MACEDO DE ARAUJO,EMEF PROF JUDITH MACEDO DE ARAUJO,graziela,3,Língua Portuguesa,1ª Avaliação Formativa, 21192411500000562,31,RIO GRANDE DO SUL,PORTO ALEGRE,PORTO ALEGRE,2025_1av_form_HABILIDADES_DESEMPENHO_TURMA_03anos_LP.csv,27,25,93,59,20,44,36,EMEF PROF JUDITH MACEDO DE ARAUJO,EMEF PROF JUDITH MACEDO DE ARAUJO,92.5925925925926,FALSE,
2025,linha_base_pre_programa,0,ESC_041,,EMEF PROF JUDITH MACEDO DE ARAUJO,EMEF PROF JUDITH MACEDO DE ARAUJO,graziela,3,Língua Portuguesa,1ª Avaliação Formativa, 21192411500000563,32,RIO GRANDE DO SUL,PORTO ALEGRE,PORTO ALEGRE,2025_1av_form_HABILIDADES_DESEMPENHO_TURMA_03anos_LP.csv,27,22,81,55,32,32,36,EMEF PROF JUDITH MACEDO DE ARAUJO,EMEF PROF JUDITH MACEDO DE ARAUJO,81.48148148148148,FALSE,
2025,linha_base_pre_programa,0,ESC_041,,EMEF PROF JUDITH MACEDO DE ARAUJO,EMEF PROF JUDITH MACEDO DE ARAUJO,graziela,3,Língua Portuguesa,1ª Avaliação Formativa, 21192411500000564,33,RIO GRANDE DO SUL,PORTO ALEGRE,PORTO ALEGRE,2025_1av_form_HABILIDADES_DESEMPENHO_TURMA_03anos_LP.csv,26,19,73,41,32,63,5,EMEF PROF JUDITH MACEDO DE ARAUJO,EMEF PROF JUDITH MACEDO DE ARAUJO,73.07692307692308,FALSE,
2025,linha_base_pre_programa,0,ESC_025,,EMEF LEOCADIA FELIZARDO PRESTES,EMEF LEOCADIA FELIZARDO PRESTES,graziela,3,Língua Portuguesa,1ª Avaliação Formativa, 21192411500000586,31,RIO GRANDE DO SUL,PORTO ALEGRE,PORTO ALEGRE,2025_1av_form_HABILIDADES_DESEMPENHO_TURMA_03anos_LP.csv,23,16,70,60,25,44,31,EMEF LEOCADIA FELIZARDO PRESTES,EMEF LEOCADIA FELIZARDO PRESTES,69.56521739130434,FALSE,
2025,linha_base_pre_programa,0,ESC_025,,EMEF LEOCADIA FELIZARDO PRESTES,EMEF LEOCADIA FELIZARDO PRESTES,graziela,3,Língua Portuguesa,1ª Avaliação Formativa, 21192411500000587,32,RIO GRANDE DO SUL,PORTO ALEGRE,PORTO ALEGRE,2025_1av_form_HABILIDADES_DESEMPENHO_TURMA_03anos_LP.csv,23,19,83,48,37,37,26,EMEF LEOCADIA FELIZARDO PRESTES,EMEF LEOCADIA FELIZARDO PRESTES,82.6086956521739,FALSE,
2025,linha_base_pre_programa,0,ESC_025,,EMEF LEOCADIA FELIZARDO PRESTES,EMEF LEOCADIA FELIZARDO PRESTES,graziela,3,Língua Portuguesa,1ª Avaliação Formativa, 21192411500000588,33,RIO GRANDE DO SUL,PORTO ALEGRE,PORTO ALEGRE,2025_1av_form_HABILIDADES_DESEMPENHO_TURMA_03anos_LP.csv,20,16,80,77,0,44,56,EMEF LEOCADIA FELIZARDO PRESTES,EMEF LEOCADIA FELIZARDO PRESTES,80,FALSE,
2025,linha_base_pre_programa,0,ESC_040,,EMEF PROF GILBERTO JORGE GONCALVES DA SILVA,EMEF PROF GILBERTO JORGE GONCALVES DA SILVA,ruti,3,Língua Portuguesa,1ª Avaliação Formativa, 21192411500000602,31,RIO GRANDE DO SUL,PORTO ALEGRE,PORTO ALEGRE,2025_1av_form_HABILIDADES_DESEMPENHO_TURMA_03anos_LP.csv,22,16,73,71,13,38,50,EMEF PROF GILBERTO JORGE GONCALVES DA SILVA,EMEF PROF GILBERTO JORGE GONCALVES DA SILVA,72.72727272727273,FALSE,
2025,linha_base_pre_programa,0,ESC_049,,EMEF VER CARLOS PESSOA DE BRUM,EMEF VER CARLOS PESSOA DE BRUM,priscila,3,Língua Portuguesa,1ª Avaliação Formativa, 21192411500000618,31,RIO GRANDE DO SUL,PORTO ALEGRE,PORTO ALEGRE,2025_1av_form_HABILIDADES_DESEMPENHO_TURMA_03anos_LP.csv,24,18,75,37,39,56,6,EMEF VER CARLOS PESSOA DE BRUM,EMEF VER CARLOS PESSOA DE BRUM,75,FALSE,
2025,linha_base_pre_programa,0,ESC_049,,EMEF VER CARLOS PESSOA DE BRUM,EMEF VER CARLOS PESSOA DE BRUM,priscila,3,Língua Portuguesa,1ª Avaliação Formativa, 21192411500000619,32,RIO GRANDE DO SUL,PORTO ALEGRE,PORTO ALEGRE,2025_1av_form_HABILIDADES_DESEMPENHO_TURMA_03anos_LP.csv,26,16,62,52,31,31,38,EMEF VER CARLOS PESSOA DE BRUM,EMEF VER CARLOS PESSOA DE BRUM,61.53846153846154,FALSE,
2025,linha_base_pre_programa,0,ESC_049,,EMEF VER CARLOS PESSOA DE BRUM,EMEF VER CARLOS PESSOA DE BRUM,priscila,3,Língua Portuguesa,1ª Avaliação Formativa, 21192411500000620,33,RIO GRANDE DO SUL,PORTO ALEGRE,PORTO ALEGRE,2025_1av_form_HABILIDADES_DESEMPENHO_TURMA_03anos_LP.csv,24,17,71,53,24,53,24,EMEF VER CARLOS PESSOA DE BRUM,EMEF VER CARLOS PESSOA DE BRUM,70.83333333333333,FALSE,
2025,linha_base_pre_programa,0,ESC_049,,EMEF VER CARLOS PESSOA DE BRUM,EMEF VER CARLOS PESSOA DE BRUM,priscila,3,Língua Portuguesa,1ª Avaliação Formativa, 21192411500000621,34,RIO GRANDE DO SUL,PORTO ALEGRE,PORTO ALEGRE,2025_1av_form_HABILIDADES_DESEMPENHO_TURMA_03anos_LP.csv,26,22,85,17,68,32,0,EMEF VER CARLOS PESSOA DE BRUM,EMEF VER CARLOS PESSOA DE BRUM,84.61538461538461,FALSE,
2025,linha_base_pre_programa,0,ESC_049,,EMEF VER CARLOS PESSOA DE BRUM,EMEF VER CARLOS PESSOA DE BRUM,priscila,3,Língua Portuguesa,1ª Avaliação Formativa, 21192411500000622,35,RIO GRANDE DO SUL,PORTO ALEGRE,PORTO ALEGRE,2025_1av_form_HABILIDADES_DESEMPENHO_TURMA_03anos_LP.csv,27,13,48,14,77,23,0,EMEF VER CARLOS PESSOA DE BRUM,EMEF VER CARLOS PESSOA DE BRUM,48.148148148148145,FALSE,
2025,linha_base_pre_programa,0,ESC_042,,EMEF PROF LARRY JOSE RIBEIRO ALVES,EMEF PROF LARRY JOSE RIBEIRO ALVES,amanda,3,Língua Portuguesa,1ª Avaliação Formativa, 21192411500000653,31,RIO GRANDE DO SUL,PORTO ALEGRE,PORTO ALEGRE,2025_1av_form_HABILIDADES_DESEMPENHO_TURMA_03anos_LP.csv,29,23,79,60,17,48,35,EMEF PROF LARRY JOSE RIBEIRO ALVES,EMEF PROF LARRY JOSE RIBEIRO ALVES,79.3103448275862,FALSE,
2025,linha_base_pre_programa,0,ESC_042,,EMEF PROF LARRY JOSE RIBEIRO ALVES,EMEF PROF LARRY JOSE RIBEIRO ALVES,amanda,3,Língua Portuguesa,1ª Avaliação Formativa, 21192411500000654,32,RIO GRANDE DO SUL,PORTO ALEGRE,PORTO ALEGRE,2025_1av_form_HABILIDADES_DESEMPENHO_TURMA_03anos_LP.csv,27,24,89,61,29,21,50,EMEF PROF LARRY JOSE RIBEIRO ALVES,EMEF PROF LARRY JOSE RIBEIRO ALVES,88.88888888888889,FALSE,
2025,linha_base_pre_programa,0,ESC_042,,EMEF PROF LARRY JOSE RIBEIRO ALVES,EMEF PROF LARRY JOSE RIBEIRO ALVES,amanda,3,Língua Portuguesa,1ª Avaliação Formativa, 21192411500000655,33,RIO GRANDE DO SUL,PORTO ALEGRE,PORTO ALEGRE,2025_1av_form_HABILIDADES_DESEMPENHO_TURMA_03anos_LP.csv,28,21,75,57,29,29,43,EMEF PROF LARRY JOSE RIBEIRO ALVES,EMEF PROF LARRY JOSE RIBEIRO ALVES,75,FALSE,
2025,linha_base_pre_programa,0,ESC_042,,EMEF PROF LARRY JOSE RIBEIRO ALVES,EMEF PROF LARRY JOSE RIBEIRO ALVES,amanda,3,Língua Portuguesa,1ª Avaliação Formativa, 21192411500000656,34,RIO GRANDE DO SUL,PORTO ALEGRE,PORTO ALEGRE,2025_1av_form_HABILIDADES_DESEMPENHO_TURMA_03anos_LP.csv,29,22,76,41,45,36,18,EMEF PROF LARRY JOSE RIBEIRO ALVES,EMEF PROF LARRY JOSE RIBEIRO ALVES,75.86206896551724,FALSE,
2025,linha_base_pre_programa,0,ESC_050,,EMEF VER MARTIM ARANHA,EMEF VER MARTIM ARANHA,priscila,3,Língua Portuguesa,1ª Avaliação Formativa, 21192411500000681,31,RIO GRANDE DO SUL,PORTO ALEGRE,PORTO ALEGRE,2025_1av_form_HABILIDADES_DESEMPENHO_TURMA_03anos_LP.csv,27,20,74,50,35,30,35,EMEF VER MARTIM ARANHA,EMEF VER MARTIM ARANHA,74.07407407407408,FALSE,
2025,linha_base_pre_programa,0,ESC_050,,EMEF VER MARTIM ARANHA,EMEF VER MARTIM ARANHA,priscila,3,Língua Portuguesa,1ª Avaliação Formativa, 21192411500000682,32,RIO GRANDE DO SUL,PORTO ALEGRE,PORTO ALEGRE,2025_1av_form_HABILIDADES_DESEMPENHO_TURMA_03anos_LP.csv,27,20,74,77,5,35,60,EMEF VER MARTIM ARANHA,EMEF VER MARTIM ARANHA,74.07407407407408,FALSE,
2025,linha_base_pre_programa,0,ESC_050,,EMEF VER MARTIM ARANHA,EMEF VER MARTIM ARANHA,priscila,3,Língua Portuguesa,1ª Avaliação Formativa, 21192411500000683,33,RIO GRANDE DO SUL,PORTO ALEGRE,PORTO ALEGRE,2025_1av_form_HABILIDADES_DESEMPENHO_TURMA_03anos_LP.csv,28,19,68,67,11,37,53,EMEF VER MARTIM ARANHA,EMEF VER MARTIM ARANHA,67.85714285714286,FALSE,
2025,linha_base_pre_programa,0,ESC_010,,EMEF DEP MARCIRIO GOULART LOUREIRO,EMEF DEP MARCIRIO GOULART LOUREIRO,marian,3,Língua Portuguesa,1ª Avaliação Formativa, 21192411500000710,31,RIO GRANDE DO SUL,PORTO ALEGRE,PORTO ALEGRE,2025_1av_form_HABILIDADES_DESEMPENHO_TURMA_03anos_LP.csv,27,19,70,27,63,26,11,EMEF DEP MARCIRIO GOULART LOUREIRO,EMEF DEP MARCIRIO GOULART LOUREIRO,70.37037037037037,FALSE,
2025,linha_base_pre_programa,0,ESC_010,,EMEF DEP MARCIRIO GOULART LOUREIRO,EMEF DEP MARCIRIO GOULART LOUREIRO,marian,3,Língua Portuguesa,1ª Avaliação Formativa, 21192411500000711,32,RIO GRANDE DO SUL,PORTO ALEGRE,PORTO ALEGRE,2025_1av_form_HABILIDADES_DESEMPENHO_TURMA_03anos_LP.csv,25,17,68,23,71,24,6,EMEF DEP MARCIRIO GOULART LOUREIRO,EMEF DEP MARCIRIO GOULART LOUREIRO,68,FALSE,
2025,linha_base_pre_programa,0,ESC_010,,EMEF DEP MARCIRIO GOULART LOUREIRO,EMEF DEP MARCIRIO GOULART LOUREIRO,marian,3,Língua Portuguesa,1ª Avaliação Formativa, 21192411500000712,33,RIO GRANDE DO SUL,PORTO ALEGRE,PORTO ALEGRE,2025_1av_form_HABILIDADES_DESEMPENHO_TURMA_03anos_LP.csv,27,19,70,65,21,16,63,EMEF DEP MARCIRIO GOULART LOUREIRO,EMEF DEP MARCIRIO GOULART LOUREIRO,70.37037037037037,FALSE,
2025,linha_base_pre_programa,0,ESC_010,,EMEF DEP MARCIRIO GOULART LOUREIRO,EMEF DEP MARCIRIO GOULART LOUREIRO,marian,3,Língua Portuguesa,1ª Avaliação Formativa, 21192411500000713,34,RIO GRANDE DO SUL,PORTO ALEGRE,PORTO ALEGRE,2025_1av_form_HABILIDADES_DESEMPENHO_TURMA_03anos_LP.csv,27,19,70,51,21,68,11,EMEF DEP MARCIRIO GOULART LOUREIRO,EMEF DEP MARCIRIO GOULART LOUREIRO,70.37037037037037,FALSE,
2025,linha_base_pre_programa,0,ESC_026,,EMEF LIDOVINO FANTON,EMEF LIDOVINO FANTON,julia,3,Língua Portuguesa,1ª Avaliação Formativa, 21192411500000742,31,RIO GRANDE DO SUL,PORTO ALEGRE,PORTO ALEGRE,2025_1av_form_HABILIDADES_DESEMPENHO_TURMA_03anos_LP.csv,26,23,88,29,65,26,9,EMEF LIDOVINO FANTON,EMEF LIDOVINO FANTON,88.46153846153847,FALSE,
2025,linha_base_pre_programa,0,ESC_026,,EMEF LIDOVINO FANTON,EMEF LIDOVINO FANTON,julia,3,Língua Portuguesa,1ª Avaliação Formativa, 21192411500000743,32,RIO GRANDE DO SUL,PORTO ALEGRE,PORTO ALEGRE,2025_1av_form_HABILIDADES_DESEMPENHO_TURMA_03anos_LP.csv,20,15,75,28,60,40,0,EMEF LIDOVINO FANTON,EMEF LIDOVINO FANTON,75,FALSE,
2025,linha_base_pre_programa,0,ESC_026,,EMEF LIDOVINO FANTON,EMEF LIDOVINO FANTON,julia,3,Língua Portuguesa,1ª Avaliação Formativa, 21192411500000744,33,RIO GRANDE DO SUL,PORTO ALEGRE,PORTO ALEGRE,2025_1av_form_HABILIDADES_DESEMPENHO_TURMA_03anos_LP.csv,20,15,75,19,73,27,0,EMEF LIDOVINO FANTON,EMEF LIDOVINO FANTON,75,FALSE,
2025,linha_base_pre_programa,0,ESC_026,,EMEF LIDOVINO FANTON,EMEF LIDOVINO FANTON,julia,3,Língua Portuguesa,1ª Avaliação Formativa, 21192411500000745,34,RIO GRANDE DO SUL,PORTO ALEGRE,PORTO ALEGRE,2025_1av_form_HABILIDADES_DESEMPENHO_TURMA_03anos_LP.csv,30,25,83,22,80,16,4,EMEF LIDOVINO FANTON,EMEF LIDOVINO FANTON,83.33333333333333,FALSE,
2025,linha_base_pre_programa,0,ESC_026,,EMEF LIDOVINO FANTON,EMEF LIDOVINO FANTON,julia,3,Língua Portuguesa,1ª Avaliação Formativa, 21192411500000746,35,RIO GRANDE DO SUL,PORTO ALEGRE,PORTO ALEGRE,2025_1av_form_HABILIDADES_DESEMPENHO_TURMA_03anos_LP.csv,26,6,23,0,100,0,0,EMEF LIDOVINO FANTON,EMEF LIDOVINO FANTON,23.076923076923077,FALSE,
2025,linha_base_pre_programa,0,ESC_026,,EMEF LIDOVINO FANTON,EMEF LIDOVINO FANTON,julia,3,Língua Portuguesa,1ª Avaliação Formativa, 21192411500000747,36,RIO GRANDE DO SUL,PORTO ALEGRE,PORTO ALEGRE,2025_1av_form_HABILIDADES_DESEMPENHO_TURMA_03anos_LP.csv,21,19,90,17,89,11,0,EMEF LIDOVINO FANTON,EMEF LIDOVINO FANTON,90.47619047619048,FALSE,
2025,linha_base_pre_programa,0,ESC_038,,EMEF PROF ANA IRIS DO AMARAL,EMEF PROF ANA IRIS DO AMARAL,eliane,3,Língua Portuguesa,1ª Avaliação Formativa, 21192411500000774,31,RIO GRANDE DO SUL,PORTO ALEGRE,PORTO ALEGRE,2025_1av_form_HABILIDADES_DESEMPENHO_TURMA_03anos_LP.csv,23,21,91,50,29,52,19,EMEF PROF ANA IRIS DO AMARAL,EMEF PROF ANA IRIS DO AMARAL,91.30434782608695,FALSE,
2025,linha_base_pre_programa,0,ESC_038,,EMEF PROF ANA IRIS DO AMARAL,EMEF PROF ANA IRIS DO AMARAL,eliane,3,Língua Portuguesa,1ª Avaliação Formativa, 21192411500000775,32,RIO GRANDE DO SUL,PORTO ALEGRE,PORTO ALEGRE,2025_1av_form_HABILIDADES_DESEMPENHO_TURMA_03anos_LP.csv,25,22,88,65,23,27,50,EMEF PROF ANA IRIS DO AMARAL,EMEF PROF ANA IRIS DO AMARAL,88,FALSE,
2025,linha_base_pre_programa,0,ESC_024,,EMEF LAURO RODRIGUES,EMEF LAURO RODRIGUES,clarissa,3,Língua Portuguesa,1ª Avaliação Formativa, 21192411500000794,31,RIO GRANDE DO SUL,PORTO ALEGRE,PORTO ALEGRE,2025_1av_form_HABILIDADES_DESEMPENHO_TURMA_03anos_LP.csv,25,21,84,93,0,10,90,EMEF LAURO RODRIGUES,EMEF LAURO RODRIGUES,84,FALSE,
2025,linha_base_pre_programa,0,ESC_024,,EMEF LAURO RODRIGUES,EMEF LAURO RODRIGUES,clarissa,3,Língua Portuguesa,1ª Avaliação Formativa, 21192411500000795,32,RIO GRANDE DO SUL,PORTO ALEGRE,PORTO ALEGRE,2025_1av_form_HABILIDADES_DESEMPENHO_TURMA_03anos_LP.csv,24,20,83,28,60,40,0,EMEF LAURO RODRIGUES,EMEF LAURO RODRIGUES,83.33333333333333,FALSE,
2025,linha_base_pre_programa,0,ESC_024,,EMEF LAURO RODRIGUES,EMEF LAURO RODRIGUES,clarissa,3,Língua Portuguesa,1ª Avaliação Formativa, 21192411500000796,33,RIO GRANDE DO SUL,PORTO ALEGRE,PORTO ALEGRE,2025_1av_form_HABILIDADES_DESEMPENHO_TURMA_03anos_LP.csv,24,20,83,56,30,30,40,EMEF LAURO RODRIGUES,EMEF LAURO RODRIGUES,83.33333333333333,FALSE,
2025,linha_base_pre_programa,0,ESC_020,,EMEF JOAO ANTONIO SATTE,EMEF JOAO ANTONIO SATTE,eliane,3,Língua Portuguesa,1ª Avaliação Formativa, 21192411500000820,31,RIO GRANDE DO SUL,PORTO ALEGRE,PORTO ALEGRE,2025_1av_form_HABILIDADES_DESEMPENHO_TURMA_03anos_LP.csv,19,16,84,51,19,56,25,EMEF JOAO ANTONIO SATTE,EMEF JOAO ANTONIO SATTE,84.21052631578948,FALSE,
2025,linha_base_pre_programa,0,ESC_020,,EMEF JOAO ANTONIO SATTE,EMEF JOAO ANTONIO SATTE,eliane,3,Língua Portuguesa,1ª Avaliação Formativa, 21192411500000821,32,RIO GRANDE DO SUL,PORTO ALEGRE,PORTO ALEGRE,2025_1av_form_HABILIDADES_DESEMPENHO_TURMA_03anos_LP.csv,24,14,58,50,43,21,36,EMEF JOAO ANTONIO SATTE,EMEF JOAO ANTONIO SATTE,58.333333333333336,FALSE,
2025,linha_base_pre_programa,0,ESC_020,,EMEF JOAO ANTONIO SATTE,EMEF JOAO ANTONIO SATTE,eliane,3,Língua Portuguesa,1ª Avaliação Formativa, 21192411500000822,33,RIO GRANDE DO SUL,PORTO ALEGRE,PORTO ALEGRE,2025_1av_form_HABILIDADES_DESEMPENHO_TURMA_03anos_LP.csv,25,16,64,56,44,13,44,EMEF JOAO ANTONIO SATTE,EMEF JOAO ANTONIO SATTE,64,FALSE,
2025,linha_base_pre_programa,0,ESC_020,,EMEF JOAO ANTONIO SATTE,EMEF JOAO ANTONIO SATTE,eliane,3,Língua Portuguesa,1ª Avaliação Formativa, 21192411500000823,34,RIO GRANDE DO SUL,PORTO ALEGRE,PORTO ALEGRE,2025_1av_form_HABILIDADES_DESEMPENHO_TURMA_03anos_LP.csv,27,21,78,78,14,10,76,EMEF JOAO ANTONIO SATTE,EMEF JOAO ANTONIO SATTE,77.77777777777777,FALSE,
2025,linha_base_pre_programa,0,ESC_011,,EMEF DEP VICTOR ISSLER,EMEF DEP VICTOR ISSLER,clarissa,3,Língua Portuguesa,1ª Avaliação Formativa, 21192411500000857,31,RIO GRANDE DO SUL,PORTO ALEGRE,PORTO ALEGRE,2025_1av_form_HABILIDADES_DESEMPENHO_TURMA_03anos_LP.csv,25,20,80,70,20,25,55,EMEF DEP VICTOR ISSLER,EMEF DEP VICTOR ISSLER,80,FALSE,
2025,linha_base_pre_programa,0,ESC_011,,EMEF DEP VICTOR ISSLER,EMEF DEP VICTOR ISSLER,clarissa,3,Língua Portuguesa,1ª Avaliação Formativa, 21192411500000858,32,RIO GRANDE DO SUL,PORTO ALEGRE,PORTO ALEGRE,2025_1av_form_HABILIDADES_DESEMPENHO_TURMA_03anos_LP.csv,27,23,85,62,26,22,52,EMEF DEP VICTOR ISSLER,EMEF DEP VICTOR ISSLER,85.18518518518519,FALSE,
2025,linha_base_pre_programa,0,ESC_011,,EMEF DEP VICTOR ISSLER,EMEF DEP VICTOR ISSLER,clarissa,3,Língua Portuguesa,1ª Avaliação Formativa, 21192411500000859,33,RIO GRANDE DO SUL,PORTO ALEGRE,PORTO ALEGRE,2025_1av_form_HABILIDADES_DESEMPENHO_TURMA_03anos_LP.csv,26,22,85,47,45,23,32,EMEF DEP VICTOR ISSLER,EMEF DEP VICTOR ISSLER,84.61538461538461,FALSE,
2025,linha_base_pre_programa,0,ESC_011,,EMEF DEP VICTOR ISSLER,EMEF DEP VICTOR ISSLER,clarissa,3,Língua Portuguesa,1ª Avaliação Formativa, 21192411500000860,34,RIO GRANDE DO SUL,PORTO ALEGRE,PORTO ALEGRE,2025_1av_form_HABILIDADES_DESEMPENHO_TURMA_03anos_LP.csv,26,22,85,43,50,23,27,EMEF DEP VICTOR ISSLER,EMEF DEP VICTOR ISSLER,84.61538461538461,FALSE,
2025,linha_base_pre_programa,0,ESC_011,,EMEF DEP VICTOR ISSLER,EMEF DEP VICTOR ISSLER,clarissa,3,Língua Portuguesa,1ª Avaliação Formativa, 21192411500000861,35,RIO GRANDE DO SUL,PORTO ALEGRE,PORTO ALEGRE,2025_1av_form_HABILIDADES_DESEMPENHO_TURMA_03anos_LP.csv,26,23,88,60,22,43,35,EMEF DEP VICTOR ISSLER,EMEF DEP VICTOR ISSLER,88.46153846153847,FALSE,
2025,linha_base_pre_programa,0,ESC_011,,EMEF DEP VICTOR ISSLER,EMEF DEP VICTOR ISSLER,clarissa,3,Língua Portuguesa,1ª Avaliação Formativa, 21192411500000862,36,RIO GRANDE DO SUL,PORTO ALEGRE,PORTO ALEGRE,2025_1av_form_HABILIDADES_DESEMPENHO_TURMA_03anos_LP.csv,27,23,85,52,30,35,35,EMEF DEP VICTOR ISSLER,EMEF DEP VICTOR ISSLER,85.18518518518519,FALSE,
2025,linha_base_pre_programa,0,ESC_015,,EMEF GABRIEL OBINO,EMEF GABRIEL OBINO,amanda,3,Língua Portuguesa,1ª Avaliação Formativa, 21192411500000892,31,RIO GRANDE DO SUL,PORTO ALEGRE,PORTO ALEGRE,2025_1av_form_HABILIDADES_DESEMPENHO_TURMA_03anos_LP.csv,25,21,84,42,48,29,24,EMEF GABRIEL OBINO,EMEF GABRIEL OBINO,84,FALSE,
2025,linha_base_pre_programa,0,ESC_015,,EMEF GABRIEL OBINO,EMEF GABRIEL OBINO,amanda,3,Língua Portuguesa,1ª Avaliação Formativa, 21192411500000893,32,RIO GRANDE DO SUL,PORTO ALEGRE,PORTO ALEGRE,2025_1av_form_HABILIDADES_DESEMPENHO_TURMA_03anos_LP.csv,26,19,73,33,63,16,21,EMEF GABRIEL OBINO,EMEF GABRIEL OBINO,73.07692307692308,FALSE,
2025,linha_base_pre_programa,0,ESC_015,,EMEF GABRIEL OBINO,EMEF GABRIEL OBINO,amanda,3,Língua Portuguesa,1ª Avaliação Formativa, 21192411500000894,33,RIO GRANDE DO SUL,PORTO ALEGRE,PORTO ALEGRE,2025_1av_form_HABILIDADES_DESEMPENHO_TURMA_03anos_LP.csv,22,19,86,45,47,32,21,EMEF GABRIEL OBINO,EMEF GABRIEL OBINO,86.36363636363636,FALSE,
2025,linha_base_pre_programa,0,ESC_044,,EMEF SAINT HILAIRE,EMEF SAINT HILAIRE,andreia,3,Língua Portuguesa,1ª Avaliação Formativa, 21192411500000916,31,RIO GRANDE DO SUL,PORTO ALEGRE,PORTO ALEGRE,2025_1av_form_HABILIDADES_DESEMPENHO_TURMA_03anos_LP.csv,19,14,74,79,0,43,57,EMEF SAINT HILAIRE,EMEF SAINT HILAIRE,73.6842105263158,FALSE,
2025,linha_base_pre_programa,0,ESC_044,,EMEF SAINT HILAIRE,EMEF SAINT HILAIRE,andreia,3,Língua Portuguesa,1ª Avaliação Formativa, 21192411500000917,32,RIO GRANDE DO SUL,PORTO ALEGRE,PORTO ALEGRE,2025_1av_form_HABILIDADES_DESEMPENHO_TURMA_03anos_LP.csv,20,11,55,43,55,9,36,EMEF SAINT HILAIRE,EMEF SAINT HILAIRE,55,FALSE,
2025,linha_base_pre_programa,0,ESC_044,,EMEF SAINT HILAIRE,EMEF SAINT HILAIRE,andreia,3,Língua Portuguesa,1ª Avaliação Formativa, 21192411500000918,33,RIO GRANDE DO SUL,PORTO ALEGRE,PORTO ALEGRE,2025_1av_form_HABILIDADES_DESEMPENHO_TURMA_03anos_LP.csv,22,16,73,21,69,19,13,EMEF SAINT HILAIRE,EMEF SAINT HILAIRE,72.72727272727273,FALSE,
2025,linha_base_pre_programa,0,ESC_044,,EMEF SAINT HILAIRE,EMEF SAINT HILAIRE,andreia,3,Língua Portuguesa,1ª Avaliação Formativa, 21192411500000919,34,RIO GRANDE DO SUL,PORTO ALEGRE,PORTO ALEGRE,2025_1av_form_HABILIDADES_DESEMPENHO_TURMA_03anos_LP.csv,25,20,80,47,50,15,35,EMEF SAINT HILAIRE,EMEF SAINT HILAIRE,80,FALSE,
2025,linha_base_pre_programa,0,ESC_044,,EMEF SAINT HILAIRE,EMEF SAINT HILAIRE,andreia,3,Língua Portuguesa,1ª Avaliação Formativa, 21192411500000920,35,RIO GRANDE DO SUL,PORTO ALEGRE,PORTO ALEGRE,2025_1av_form_HABILIDADES_DESEMPENHO_TURMA_03anos_LP.csv,27,24,89,38,46,38,17,EMEF SAINT HILAIRE,EMEF SAINT HILAIRE,88.88888888888889,FALSE,
2025,linha_base_pre_programa,0,ESC_045,,EMEF SAO PEDRO,EMEF SAO PEDRO,marian,3,Língua Portuguesa,1ª Avaliação Formativa, 21192411500000955,31,RIO GRANDE DO SUL,PORTO ALEGRE,PORTO ALEGRE,2025_1av_form_HABILIDADES_DESEMPENHO_TURMA_03anos_LP.csv,24,22,92,71,14,32,55,EMEF SAO PEDRO,EMEF SAO PEDRO,91.66666666666667,FALSE,
2025,linha_base_pre_programa,0,ESC_045,,EMEF SAO PEDRO,EMEF SAO PEDRO,marian,3,Língua Portuguesa,1ª Avaliação Formativa, 21192411500000956,32,RIO GRANDE DO SUL,PORTO ALEGRE,PORTO ALEGRE,2025_1av_form_HABILIDADES_DESEMPENHO_TURMA_03anos_LP.csv,24,21,88,53,29,48,24,EMEF SAO PEDRO,EMEF SAO PEDRO,87.5,FALSE,
2025,linha_base_pre_programa,0,ESC_045,,EMEF SAO PEDRO,EMEF SAO PEDRO,marian,3,Língua Portuguesa,1ª Avaliação Formativa, 21192411500000957,33,RIO GRANDE DO SUL,PORTO ALEGRE,PORTO ALEGRE,2025_1av_form_HABILIDADES_DESEMPENHO_TURMA_03anos_LP.csv,24,24,100,71,21,21,58,EMEF SAO PEDRO,EMEF SAO PEDRO,100,FALSE,
2025,linha_base_pre_programa,0,ESC_045,,EMEF SAO PEDRO,EMEF SAO PEDRO,marian,3,Língua Portuguesa,1ª Avaliação Formativa, 21192411500000958,34,RIO GRANDE DO SUL,PORTO ALEGRE,PORTO ALEGRE,2025_1av_form_HABILIDADES_DESEMPENHO_TURMA_03anos_LP.csv,21,17,81,78,6,35,59,EMEF SAO PEDRO,EMEF SAO PEDRO,80.95238095238095,FALSE,
2025,linha_base_pre_programa,0,ESC_045,,EMEF SAO PEDRO,EMEF SAO PEDRO,marian,3,Língua Portuguesa,1ª Avaliação Formativa, 21192411500000959,35,RIO GRANDE DO SUL,PORTO ALEGRE,PORTO ALEGRE,2025_1av_form_HABILIDADES_DESEMPENHO_TURMA_03anos_LP.csv,19,15,79,63,27,27,47,EMEF SAO PEDRO,EMEF SAO PEDRO,78.94736842105263,FALSE,
2025,linha_base_pre_programa,0,ESC_023,,EMEF JOSE MARIANO BECK,EMEF JOSE MARIANO BECK,nathalia,3,Língua Portuguesa,1ª Avaliação Formativa, 21192411500000990,31,RIO GRANDE DO SUL,PORTO ALEGRE,PORTO ALEGRE,2025_1av_form_HABILIDADES_DESEMPENHO_TURMA_03anos_LP.csv,23,20,87,54,30,35,35,EMEF JOSE MARIANO BECK,EMEF JOSE MARIANO BECK,86.95652173913044,FALSE,
2025,linha_base_pre_programa,0,ESC_023,,EMEF JOSE MARIANO BECK,EMEF JOSE MARIANO BECK,nathalia,3,Língua Portuguesa,1ª Avaliação Formativa, 21192411500000991,32,RIO GRANDE DO SUL,PORTO ALEGRE,PORTO ALEGRE,2025_1av_form_HABILIDADES_DESEMPENHO_TURMA_03anos_LP.csv,23,19,83,22,68,32,0,EMEF JOSE MARIANO BECK,EMEF JOSE MARIANO BECK,82.6086956521739,FALSE,
2025,linha_base_pre_programa,0,ESC_023,,EMEF JOSE MARIANO BECK,EMEF JOSE MARIANO BECK,nathalia,3,Língua Portuguesa,1ª Avaliação Formativa, 21192411500000992,33,RIO GRANDE DO SUL,PORTO ALEGRE,PORTO ALEGRE,2025_1av_form_HABILIDADES_DESEMPENHO_TURMA_03anos_LP.csv,22,15,68,39,47,40,13,EMEF JOSE MARIANO BECK,EMEF JOSE MARIANO BECK,68.18181818181819,FALSE,
2025,linha_base_pre_programa,0,ESC_019,,EMEF JEAN PIAGET,EMEF JEAN PIAGET,clarissa,3,Língua Portuguesa,1ª Avaliação Formativa, 21192411500001017,31,RIO GRANDE DO SUL,PORTO ALEGRE,PORTO ALEGRE,2025_1av_form_HABILIDADES_DESEMPENHO_TURMA_03anos_LP.csv,26,16,62,79,6,25,69,EMEF JEAN PIAGET,EMEF JEAN PIAGET,61.53846153846154,FALSE,
2025,linha_base_pre_programa,0,ESC_019,,EMEF JEAN PIAGET,EMEF JEAN PIAGET,clarissa,3,Língua Portuguesa,1ª Avaliação Formativa, 21192411500001018,32,RIO GRANDE DO SUL,PORTO ALEGRE,PORTO ALEGRE,2025_1av_form_HABILIDADES_DESEMPENHO_TURMA_03anos_LP.csv,25,20,80,40,30,65,5,EMEF JEAN PIAGET,EMEF JEAN PIAGET,80,FALSE,
2025,linha_base_pre_programa,0,ESC_019,,EMEF JEAN PIAGET,EMEF JEAN PIAGET,clarissa,3,Língua Portuguesa,1ª Avaliação Formativa, 21192411500001019,33,RIO GRANDE DO SUL,PORTO ALEGRE,PORTO ALEGRE,2025_1av_form_HABILIDADES_DESEMPENHO_TURMA_03anos_LP.csv,26,18,69,72,11,28,61,EMEF JEAN PIAGET,EMEF JEAN PIAGET,69.23076923076923,FALSE,
2025,linha_base_pre_programa,0,ESC_048,,EMEF VER ANTONIO GIUDICE,EMEF VER ANTONIO GIUDICE,clarissa,3,Língua Portuguesa,1ª Avaliação Formativa, 21192411500001047,31,RIO GRANDE DO SUL,PORTO ALEGRE,PORTO ALEGRE,2025_1av_form_HABILIDADES_DESEMPENHO_TURMA_03anos_LP.csv,25,20,80,48,30,50,20,EMEF VER ANTONIO GIUDICE,EMEF VER ANTONIO GIUDICE,80,FALSE,
2025,linha_base_pre_programa,0,ESC_048,,EMEF VER ANTONIO GIUDICE,EMEF VER ANTONIO GIUDICE,clarissa,3,Língua Portuguesa,1ª Avaliação Formativa, 21192411500001048,32,RIO GRANDE DO SUL,PORTO ALEGRE,PORTO ALEGRE,2025_1av_form_HABILIDADES_DESEMPENHO_TURMA_03anos_LP.csv,25,22,88,52,27,41,32,EMEF VER ANTONIO GIUDICE,EMEF VER ANTONIO GIUDICE,88,FALSE,
2025,linha_base_pre_programa,0,ESC_048,,EMEF VER ANTONIO GIUDICE,EMEF VER ANTONIO GIUDICE,clarissa,3,Língua Portuguesa,1ª Avaliação Formativa, 21192411500001049,33,RIO GRANDE DO SUL,PORTO ALEGRE,PORTO ALEGRE,2025_1av_form_HABILIDADES_DESEMPENHO_TURMA_03anos_LP.csv,25,21,84,31,52,38,10,EMEF VER ANTONIO GIUDICE,EMEF VER ANTONIO GIUDICE,84,FALSE,
2025,linha_base_pre_programa,0,ESC_039,,EMEF PROF ANISIO TEIXEIRA,EMEF PROF ANISIO TEIXEIRA,andreia,3,Língua Portuguesa,1ª Avaliação Formativa, 21192411500001076,31,RIO GRANDE DO SUL,PORTO ALEGRE,PORTO ALEGRE,2025_1av_form_HABILIDADES_DESEMPENHO_TURMA_03anos_LP.csv,22,19,86,90,0,16,84,EMEF PROF ANISIO TEIXEIRA,EMEF PROF ANISIO TEIXEIRA,86.36363636363636,FALSE,
2025,linha_base_pre_programa,0,ESC_039,,EMEF PROF ANISIO TEIXEIRA,EMEF PROF ANISIO TEIXEIRA,andreia,3,Língua Portuguesa,1ª Avaliação Formativa, 21192411500001077,32,RIO GRANDE DO SUL,PORTO ALEGRE,PORTO ALEGRE,2025_1av_form_HABILIDADES_DESEMPENHO_TURMA_03anos_LP.csv,26,22,85,73,9,27,64,EMEF PROF ANISIO TEIXEIRA,EMEF PROF ANISIO TEIXEIRA,84.61538461538461,FALSE,
2025,linha_base_pre_programa,0,ESC_039,,EMEF PROF ANISIO TEIXEIRA,EMEF PROF ANISIO TEIXEIRA,andreia,3,Língua Portuguesa,1ª Avaliação Formativa, 21192411500001078,33,RIO GRANDE DO SUL,PORTO ALEGRE,PORTO ALEGRE,2025_1av_form_HABILIDADES_DESEMPENHO_TURMA_03anos_LP.csv,25,21,84,64,19,33,48,EMEF PROF ANISIO TEIXEIRA,EMEF PROF ANISIO TEIXEIRA,84,FALSE,
2025,linha_base_pre_programa,0,ESC_039,,EMEF PROF ANISIO TEIXEIRA,EMEF PROF ANISIO TEIXEIRA,andreia,3,Língua Portuguesa,1ª Avaliação Formativa, 21192411500001079,34,RIO GRANDE DO SUL,PORTO ALEGRE,PORTO ALEGRE,2025_1av_form_HABILIDADES_DESEMPENHO_TURMA_03anos_LP.csv,28,18,64,84,0,28,72,EMEF PROF ANISIO TEIXEIRA,EMEF PROF ANISIO TEIXEIRA,64.28571428571429,FALSE,
2025,linha_base_pre_programa,0,ESC_006,,EMEF CAMPOS DO CRISTAL,EMEF CAMPOS DO CRISTAL,andreia,3,Língua Portuguesa,1ª Avaliação Formativa, 21192411500001109,31,RIO GRANDE DO SUL,PORTO ALEGRE,PORTO ALEGRE,2025_1av_form_HABILIDADES_DESEMPENHO_TURMA_03anos_LP.csv,26,21,81,47,33,33,33,EMEF CAMPOS DO CRISTAL,EMEF CAMPOS DO CRISTAL,80.76923076923077,FALSE,
2025,linha_base_pre_programa,0,ESC_006,,EMEF CAMPOS DO CRISTAL,EMEF CAMPOS DO CRISTAL,andreia,3,Língua Portuguesa,1ª Avaliação Formativa, 21192411500001110,32,RIO GRANDE DO SUL,PORTO ALEGRE,PORTO ALEGRE,2025_1av_form_HABILIDADES_DESEMPENHO_TURMA_03anos_LP.csv,28,26,93,57,31,23,46,EMEF CAMPOS DO CRISTAL,EMEF CAMPOS DO CRISTAL,92.85714285714286,FALSE,
2025,linha_base_pre_programa,0,ESC_052,,EMEF WENCESLAU FONTOURA,EMEF WENCESLAU FONTOURA,eliane,3,Língua Portuguesa,1ª Avaliação Formativa, 21192411500001131,31,RIO GRANDE DO SUL,PORTO ALEGRE,PORTO ALEGRE,2025_1av_form_HABILIDADES_DESEMPENHO_TURMA_03anos_LP.csv,24,15,63,36,67,13,20,EMEF WENCESLAU FONTOURA,EMEF WENCESLAU FONTOURA,62.5,FALSE,
2025,linha_base_pre_programa,0,ESC_052,,EMEF WENCESLAU FONTOURA,EMEF WENCESLAU FONTOURA,eliane,3,Língua Portuguesa,1ª Avaliação Formativa, 21192411500001132,32,RIO GRANDE DO SUL,PORTO ALEGRE,PORTO ALEGRE,2025_1av_form_HABILIDADES_DESEMPENHO_TURMA_03anos_LP.csv,25,18,72,71,11,33,56,EMEF WENCESLAU FONTOURA,EMEF WENCESLAU FONTOURA,72,FALSE,
2025,linha_base_pre_programa,0,ESC_052,,EMEF WENCESLAU FONTOURA,EMEF WENCESLAU FONTOURA,eliane,3,Língua Portuguesa,1ª Avaliação Formativa, 21192411500001133,33,RIO GRANDE DO SUL,PORTO ALEGRE,PORTO ALEGRE,2025_1av_form_HABILIDADES_DESEMPENHO_TURMA_03anos_LP.csv,28,23,82,68,17,35,48,EMEF WENCESLAU FONTOURA,EMEF WENCESLAU FONTOURA,82.14285714285714,FALSE,
2025,linha_base_pre_programa,0,ESC_052,,EMEF WENCESLAU FONTOURA,EMEF WENCESLAU FONTOURA,eliane,3,Língua Portuguesa,1ª Avaliação Formativa, 21192411500001134,34ALFA,RIO GRANDE DO SUL,PORTO ALEGRE,PORTO ALEGRE,2025_1av_form_HABILIDADES_DESEMPENHO_TURMA_03anos_LP.csv,26,20,77,24,70,30,0,EMEF WENCESLAU FONTOURA,EMEF WENCESLAU FONTOURA,76.92307692307692,FALSE,
2025,linha_base_pre_programa,0,ESC_051,,EMEF VILA MONTE CRISTO,EMEF VILA MONTE CRISTO,graziela,3,Língua Portuguesa,1ª Avaliação Formativa, 21192411500001162,31,RIO GRANDE DO SUL,PORTO ALEGRE,PORTO ALEGRE,2025_1av_form_HABILIDADES_DESEMPENHO_TURMA_03anos_LP.csv,21,19,90,66,26,11,63,EMEF VILA MONTE CRISTO,EMEF VILA MONTE CRISTO,90.47619047619048,FALSE,
2025,linha_base_pre_programa,0,ESC_051,,EMEF VILA MONTE CRISTO,EMEF VILA MONTE CRISTO,graziela,3,Língua Portuguesa,1ª Avaliação Formativa, 21192411500001163,32,RIO GRANDE DO SUL,PORTO ALEGRE,PORTO ALEGRE,2025_1av_form_HABILIDADES_DESEMPENHO_TURMA_03anos_LP.csv,25,22,88,65,23,27,50,EMEF VILA MONTE CRISTO,EMEF VILA MONTE CRISTO,88,FALSE,
2025,linha_base_pre_programa,0,ESC_051,,EMEF VILA MONTE CRISTO,EMEF VILA MONTE CRISTO,graziela,3,Língua Portuguesa,1ª Avaliação Formativa, 21192411500001164,33,RIO GRANDE DO SUL,PORTO ALEGRE,PORTO ALEGRE,2025_1av_form_HABILIDADES_DESEMPENHO_TURMA_03anos_LP.csv,23,17,74,48,41,29,29,EMEF VILA MONTE CRISTO,EMEF VILA MONTE CRISTO,73.91304347826087,FALSE,
2025,linha_base_pre_programa,0,ESC_051,,EMEF VILA MONTE CRISTO,EMEF VILA MONTE CRISTO,graziela,3,Língua Portuguesa,1ª Avaliação Formativa, 21192411500001165,34,RIO GRANDE DO SUL,PORTO ALEGRE,PORTO ALEGRE,2025_1av_form_HABILIDADES_DESEMPENHO_TURMA_03anos_LP.csv,23,14,61,74,21,14,64,EMEF VILA MONTE CRISTO,EMEF VILA MONTE CRISTO,60.869565217391305,FALSE,
2025,linha_base_pre_programa,0,ESC_028,,EMEF MIGRANTES,EMEF MIGRANTES,nathalia,3,Língua Portuguesa,1ª Avaliação Formativa, 21192411500001192,31,RIO GRANDE DO SUL,PORTO ALEGRE,PORTO ALEGRE,2025_1av_form_HABILIDADES_DESEMPENHO_TURMA_03anos_LP.csv,15,14,93,41,36,57,7,EMEF MIGRANTES,EMEF MIGRANTES,93.33333333333333,FALSE,
2025,linha_base_pre_programa,0,ESC_028,,EMEF MIGRANTES,EMEF MIGRANTES,nathalia,3,Língua Portuguesa,1ª Avaliação Formativa, 21192411500001193,32,RIO GRANDE DO SUL,PORTO ALEGRE,PORTO ALEGRE,2025_1av_form_HABILIDADES_DESEMPENHO_TURMA_03anos_LP.csv,12,12,100,63,33,8,58,EMEF MIGRANTES,EMEF MIGRANTES,100,FALSE,
2025,linha_base_pre_programa,0,ESC_030,,EMEF MORRO DA CRUZ,EMEF MORRO DA CRUZ,andreia,3,Língua Portuguesa,1ª Avaliação Formativa, 21192411500001208,31,RIO GRANDE DO SUL,PORTO ALEGRE,PORTO ALEGRE,2025_1av_form_HABILIDADES_DESEMPENHO_TURMA_03anos_LP.csv,25,19,76,49,42,21,37,EMEF MORRO DA CRUZ,EMEF MORRO DA CRUZ,76,FALSE,
2025,linha_base_pre_programa,0,ESC_030,,EMEF MORRO DA CRUZ,EMEF MORRO DA CRUZ,andreia,3,Língua Portuguesa,1ª Avaliação Formativa, 21192411500001209,32,RIO GRANDE DO SUL,PORTO ALEGRE,PORTO ALEGRE,2025_1av_form_HABILIDADES_DESEMPENHO_TURMA_03anos_LP.csv,26,21,81,67,24,14,62,EMEF MORRO DA CRUZ,EMEF MORRO DA CRUZ,80.76923076923077,FALSE,
2025,linha_base_pre_programa,0,ESC_030,,EMEF MORRO DA CRUZ,EMEF MORRO DA CRUZ,andreia,3,Língua Portuguesa,1ª Avaliação Formativa, 21192411500001210,33,RIO GRANDE DO SUL,PORTO ALEGRE,PORTO ALEGRE,2025_1av_form_HABILIDADES_DESEMPENHO_TURMA_03anos_LP.csv,26,22,85,34,64,14,23,EMEF MORRO DA CRUZ,EMEF MORRO DA CRUZ,84.61538461538461,FALSE,
2025,linha_base_pre_programa,0,ESC_030,,EMEF MORRO DA CRUZ,EMEF MORRO DA CRUZ,andreia,3,Língua Portuguesa,1ª Avaliação Formativa, 21192411500001211,34,RIO GRANDE DO SUL,PORTO ALEGRE,PORTO ALEGRE,2025_1av_form_HABILIDADES_DESEMPENHO_TURMA_03anos_LP.csv,26,22,85,79,5,36,59,EMEF MORRO DA CRUZ,EMEF MORRO DA CRUZ,84.61538461538461,FALSE,
2025,linha_base_pre_programa,0,ESC_031,,EMEF NEUSA GOULART BRIZOLA,EMEF NEUSA GOULART BRIZOLA,julia,3,Língua Portuguesa,1ª Avaliação Formativa, 21192411500001236,31,RIO GRANDE DO SUL,PORTO ALEGRE,PORTO ALEGRE,2025_1av_form_HABILIDADES_DESEMPENHO_TURMA_03anos_LP.csv,22,14,64,48,29,57,14,EMEF NEUSA GOULART BRIZOLA,EMEF NEUSA GOULART BRIZOLA,63.63636363636363,FALSE,
2025,linha_base_pre_programa,0,ESC_031,,EMEF NEUSA GOULART BRIZOLA,EMEF NEUSA GOULART BRIZOLA,julia,3,Língua Portuguesa,1ª Avaliação Formativa, 21192411500001237,32,RIO GRANDE DO SUL,PORTO ALEGRE,PORTO ALEGRE,2025_1av_form_HABILIDADES_DESEMPENHO_TURMA_03anos_LP.csv,22,16,73,23,69,25,6,EMEF NEUSA GOULART BRIZOLA,EMEF NEUSA GOULART BRIZOLA,72.72727272727273,FALSE,
2025,linha_base_pre_programa,0,ESC_008,,EMEF CHICO MENDES,EMEF CHICO MENDES,eliane,3,Língua Portuguesa,1ª Avaliação Formativa, 21192411500001257,31,RIO GRANDE DO SUL,PORTO ALEGRE,PORTO ALEGRE,2025_1av_form_HABILIDADES_DESEMPENHO_TURMA_03anos_LP.csv,24,17,71,58,24,24,53,EMEF CHICO MENDES,EMEF CHICO MENDES,70.83333333333333,FALSE,
2025,linha_base_pre_programa,0,ESC_008,,EMEF CHICO MENDES,EMEF CHICO MENDES,eliane,3,Língua Portuguesa,1ª Avaliação Formativa, 21192411500001258,32,RIO GRANDE DO SUL,PORTO ALEGRE,PORTO ALEGRE,2025_1av_form_HABILIDADES_DESEMPENHO_TURMA_03anos_LP.csv,24,14,58,67,14,43,43,EMEF CHICO MENDES,EMEF CHICO MENDES,58.333333333333336,FALSE,
2025,linha_base_pre_programa,0,ESC_008,,EMEF CHICO MENDES,EMEF CHICO MENDES,eliane,3,Língua Portuguesa,1ª Avaliação Formativa, 21192411500001259,33,RIO GRANDE DO SUL,PORTO ALEGRE,PORTO ALEGRE,2025_1av_form_HABILIDADES_DESEMPENHO_TURMA_03anos_LP.csv,24,17,71,52,29,41,29,EMEF CHICO MENDES,EMEF CHICO MENDES,70.83333333333333,FALSE,
2025,linha_base_pre_programa,0,ESC_008,,EMEF CHICO MENDES,EMEF CHICO MENDES,eliane,3,Língua Portuguesa,1ª Avaliação Formativa, 21192411500001260,34,RIO GRANDE DO SUL,PORTO ALEGRE,PORTO ALEGRE,2025_1av_form_HABILIDADES_DESEMPENHO_TURMA_03anos_LP.csv,27,15,56,81,7,27,67,EMEF CHICO MENDES,EMEF CHICO MENDES,55.55555555555556,FALSE,
2025,linha_base_pre_programa,0,ESC_027,,EMEF MARIO QUINTANA,EMEF MARIO QUINTANA,ruti,3,Língua Portuguesa,1ª Avaliação Formativa, 21192411500001291,31,RIO GRANDE DO SUL,PORTO ALEGRE,PORTO ALEGRE,2025_1av_form_HABILIDADES_DESEMPENHO_TURMA_03anos_LP.csv,25,21,84,45,48,29,24,EMEF MARIO QUINTANA,EMEF MARIO QUINTANA,84,FALSE,
2025,linha_base_pre_programa,0,ESC_027,,EMEF MARIO QUINTANA,EMEF MARIO QUINTANA,ruti,3,Língua Portuguesa,1ª Avaliação Formativa, 21192411500001292,32,RIO GRANDE DO SUL,PORTO ALEGRE,PORTO ALEGRE,2025_1av_form_HABILIDADES_DESEMPENHO_TURMA_03anos_LP.csv,26,21,81,65,24,33,43,EMEF MARIO QUINTANA,EMEF MARIO QUINTANA,80.76923076923077,FALSE,
2025,linha_base_pre_programa,0,ESC_007,,EMEF CHAPEU DO SOL,EMEF CHAPEU DO SOL,ruti,3,Língua Portuguesa,1ª Avaliação Formativa, 21192411500001314,31,RIO GRANDE DO SUL,PORTO ALEGRE,PORTO ALEGRE,2025_1av_form_HABILIDADES_DESEMPENHO_TURMA_03anos_LP.csv,25,21,84,40,48,29,24,EMEF CHAPEU DO SOL,EMEF CHAPEU DO SOL,84,FALSE,
2025,linha_base_pre_programa,0,ESC_007,,EMEF CHAPEU DO SOL,EMEF CHAPEU DO SOL,ruti,3,Língua Portuguesa,1ª Avaliação Formativa, 21192411500001315,32,RIO GRANDE DO SUL,PORTO ALEGRE,PORTO ALEGRE,2025_1av_form_HABILIDADES_DESEMPENHO_TURMA_03anos_LP.csv,28,24,86,39,58,8,33,EMEF CHAPEU DO SOL,EMEF CHAPEU DO SOL,85.71428571428571,FALSE,
2025,linha_base_pre_programa,0,ESC_007,,EMEF CHAPEU DO SOL,EMEF CHAPEU DO SOL,ruti,3,Língua Portuguesa,1ª Avaliação Formativa, 21192411500001316,33,RIO GRANDE DO SUL,PORTO ALEGRE,PORTO ALEGRE,2025_1av_form_HABILIDADES_DESEMPENHO_TURMA_03anos_LP.csv,26,18,69,57,28,28,44,EMEF CHAPEU DO SOL,EMEF CHAPEU DO SOL,69.23076923076923,FALSE,
2025,linha_base_pre_programa,0,ESC_007,,EMEF CHAPEU DO SOL,EMEF CHAPEU DO SOL,ruti,3,Língua Portuguesa,1ª Avaliação Formativa, 21192411500001317,34,RIO GRANDE DO SUL,PORTO ALEGRE,PORTO ALEGRE,2025_1av_form_HABILIDADES_DESEMPENHO_TURMA_03anos_LP.csv,26,21,81,50,43,29,29,EMEF CHAPEU DO SOL,EMEF CHAPEU DO SOL,80.76923076923077,FALSE,
2025,linha_base_pre_programa,0,ESC_007,,EMEF CHAPEU DO SOL,EMEF CHAPEU DO SOL,ruti,3,Língua Portuguesa,1ª Avaliação Formativa, 21192411500001318,35,RIO GRANDE DO SUL,PORTO ALEGRE,PORTO ALEGRE,2025_1av_form_HABILIDADES_DESEMPENHO_TURMA_03anos_LP.csv,25,18,72,19,72,28,0,EMEF CHAPEU DO SOL,EMEF CHAPEU DO SOL,72,FALSE,
2025,linha_base_pre_programa,0,ESC_047,,EMEF TIMBAUVA,EMEF TIMBAUVA,nathalia,3,Língua Portuguesa,1ª Avaliação Formativa, 21192411500001350,31,RIO GRANDE DO SUL,PORTO ALEGRE,PORTO ALEGRE,2025_1av_form_HABILIDADES_DESEMPENHO_TURMA_03anos_LP.csv,23,19,83,36,58,21,21,EMEF TIMBAUVA,EMEF TIMBAUVA,82.6086956521739,FALSE,
2025,linha_base_pre_programa,0,ESC_047,,EMEF TIMBAUVA,EMEF TIMBAUVA,nathalia,3,Língua Portuguesa,1ª Avaliação Formativa, 21192411500001351,32,RIO GRANDE DO SUL,PORTO ALEGRE,PORTO ALEGRE,2025_1av_form_HABILIDADES_DESEMPENHO_TURMA_03anos_LP.csv,22,13,59,12,92,8,0,EMEF TIMBAUVA,EMEF TIMBAUVA,59.09090909090909,FALSE,
2025,linha_base_pre_programa,0,ESC_047,,EMEF TIMBAUVA,EMEF TIMBAUVA,nathalia,3,Língua Portuguesa,1ª Avaliação Formativa, 21192411500001352,33,RIO GRANDE DO SUL,PORTO ALEGRE,PORTO ALEGRE,2025_1av_form_HABILIDADES_DESEMPENHO_TURMA_03anos_LP.csv,22,16,73,63,25,25,50,EMEF TIMBAUVA,EMEF TIMBAUVA,72.72727272727273,FALSE,
2025,linha_base_pre_programa,0,ESC_056,,EEF ALDEIA LUMIAR,6002 EEF ALDEIA LUMIAR,,3,Língua Portuguesa,1ª Avaliação Formativa, 21192411500001377,31 - F1A,RIO GRANDE DO SUL,PORTO ALEGRE,PORTO ALEGRE,2025_1av_form_HABILIDADES_DESEMPENHO_TURMA_03anos_LP.csv,11,8,73,74,13,13,75,EEF ALDEIA LUMIAR,EEF ALDEIA LUMIAR,72.72727272727273,TRUE,a_confirmar
2025,linha_base_pre_programa,0,ESC_056,,EEF ALDEIA LUMIAR,6002 EEF ALDEIA LUMIAR,,3,Língua Portuguesa,1ª Avaliação Formativa, 21192411500001378,31 - F1B,RIO GRANDE DO SUL,PORTO ALEGRE,PORTO ALEGRE,2025_1av_form_HABILIDADES_DESEMPENHO_TURMA_03anos_LP.csv,8,5,63,85,0,20,80,EEF ALDEIA LUMIAR,EEF ALDEIA LUMIAR,62.5,TRUE,a_confirmar
2025,linha_base_pre_programa,0,ESC_056,,EEF ALDEIA LUMIAR,6002 EEF ALDEIA LUMIAR,,3,Língua Portuguesa,1ª Avaliação Formativa, 21192411500001379,31 - F1C,RIO GRANDE DO SUL,PORTO ALEGRE,PORTO ALEGRE,2025_1av_form_HABILIDADES_DESEMPENHO_TURMA_03anos_LP.csv,4,4,100,74,0,50,50,EEF ALDEIA LUMIAR,EEF ALDEIA LUMIAR,100,TRUE,a_confirmar
2025,linha_base_pre_programa,0,ESC_033,,EMEF NOSSA SENHORA DO CARMO,EMEF NOSSA SENHORA DO CARMO,amanda,3,Língua Portuguesa,1ª Avaliação Formativa, 21192411500001397,31,RIO GRANDE DO SUL,PORTO ALEGRE,PORTO ALEGRE,2025_1av_form_HABILIDADES_DESEMPENHO_TURMA_03anos_LP.csv,26,19,73,28,63,21,16,EMEF NOSSA SENHORA DO CARMO,EMEF NOSSA SENHORA DO CARMO,73.07692307692308,FALSE,
2025,linha_base_pre_programa,0,ESC_033,,EMEF NOSSA SENHORA DO CARMO,EMEF NOSSA SENHORA DO CARMO,amanda,3,Língua Portuguesa,1ª Avaliação Formativa, 21192411500001398,32,RIO GRANDE DO SUL,PORTO ALEGRE,PORTO ALEGRE,2025_1av_form_HABILIDADES_DESEMPENHO_TURMA_03anos_LP.csv,26,22,85,45,36,41,23,EMEF NOSSA SENHORA DO CARMO,EMEF NOSSA SENHORA DO CARMO,84.61538461538461,FALSE,
2025,linha_base_pre_programa,0,ESC_033,,EMEF NOSSA SENHORA DO CARMO,EMEF NOSSA SENHORA DO CARMO,amanda,3,Língua Portuguesa,1ª Avaliação Formativa, 21192411500001399,33,RIO GRANDE DO SUL,PORTO ALEGRE,PORTO ALEGRE,2025_1av_form_HABILIDADES_DESEMPENHO_TURMA_03anos_LP.csv,24,23,96,85,4,22,74,EMEF NOSSA SENHORA DO CARMO,EMEF NOSSA SENHORA DO CARMO,95.83333333333333,FALSE,
2025,linha_base_pre_programa,0,ESC_033,,EMEF NOSSA SENHORA DO CARMO,EMEF NOSSA SENHORA DO CARMO,amanda,3,Língua Portuguesa,1ª Avaliação Formativa, 21192411500001400,34,RIO GRANDE DO SUL,PORTO ALEGRE,PORTO ALEGRE,2025_1av_form_HABILIDADES_DESEMPENHO_TURMA_03anos_LP.csv,29,24,83,80,4,25,71,EMEF NOSSA SENHORA DO CARMO,EMEF NOSSA SENHORA DO CARMO,82.75862068965517,FALSE,
2025,linha_base_pre_programa,0,ESC_021,,EMEF JOAO CARLOS DAVILA PAIXAO CORTES - LACADOR,EMEF JOAO CARLOS D AVILA PAIXAO CORTES (LACADOR),julia,3,Língua Portuguesa,1ª Avaliação Formativa, 21192411500001422,31,RIO GRANDE DO SUL,PORTO ALEGRE,PORTO ALEGRE,2025_1av_form_HABILIDADES_DESEMPENHO_TURMA_03anos_LP.csv,23,19,83,86,0,32,68,EMEF JOAO CARLOS D AVILA PAIXAO CORTES (LACADOR),EMEF JOAO CARLOS D AVILA PAIXAO CORTES LACADOR,82.6086956521739,FALSE,
2025,linha_base_pre_programa,0,ESC_043,,EMEF RINCAO,EMEF RINCAO,jalize,3,Língua Portuguesa,1ª Avaliação Formativa, 21192411500001428,31,RIO GRANDE DO SUL,PORTO ALEGRE,PORTO ALEGRE,2025_1av_form_HABILIDADES_DESEMPENHO_TURMA_03anos_LP.csv,26,22,85,91,0,14,86,EMEF RINCAO,EMEF RINCAO,84.61538461538461,FALSE,
2025,linha_base_pre_programa,0,ESC_043,,EMEF RINCAO,EMEF RINCAO,jalize,3,Língua Portuguesa,1ª Avaliação Formativa, 21192411500001429,32,RIO GRANDE DO SUL,PORTO ALEGRE,PORTO ALEGRE,2025_1av_form_HABILIDADES_DESEMPENHO_TURMA_03anos_LP.csv,25,18,72,74,11,28,61,EMEF RINCAO,EMEF RINCAO,72,FALSE,
2025,linha_base_pre_programa,0,ESC_029,,EMEF MORADAS DA HIPICA,EMEF MORADAS DA HIPICA,amanda,3,Língua Portuguesa,1ª Avaliação Formativa, 21192411500001450,31,RIO GRANDE DO SUL,PORTO ALEGRE,PORTO ALEGRE,2025_1av_form_HABILIDADES_DESEMPENHO_TURMA_03anos_LP.csv,26,22,85,66,18,41,41,EMEF MORADAS DA HIPICA,EMEF MORADAS DA HIPICA,84.61538461538461,FALSE,
2025,linha_base_pre_programa,0,ESC_029,,EMEF MORADAS DA HIPICA,EMEF MORADAS DA HIPICA,amanda,3,Língua Portuguesa,1ª Avaliação Formativa, 21192411500001451,33,RIO GRANDE DO SUL,PORTO ALEGRE,PORTO ALEGRE,2025_1av_form_HABILIDADES_DESEMPENHO_TURMA_03anos_LP.csv,27,25,93,65,16,40,44,EMEF MORADAS DA HIPICA,EMEF MORADAS DA HIPICA,92.5925925925926,FALSE,
2025,linha_base_pre_programa,0,ESC_029,,EMEF MORADAS DA HIPICA,EMEF MORADAS DA HIPICA,amanda,3,Língua Portuguesa,1ª Avaliação Formativa, 21192411500001452,34,RIO GRANDE DO SUL,PORTO ALEGRE,PORTO ALEGRE,2025_1av_form_HABILIDADES_DESEMPENHO_TURMA_03anos_LP.csv,26,22,85,75,14,18,68,EMEF MORADAS DA HIPICA,EMEF MORADAS DA HIPICA,84.61538461538461,FALSE,
2025,linha_base_pre_programa,0,ESC_035,,EMEF PORTO NOVO,EMEF PORTO NOVO,marian,4,Língua Portuguesa,1ª Avaliação Formativa, 21192411500000007,41,RIO GRANDE DO SUL,PORTO ALEGRE,PORTO ALEGRE,2025_1av_form_HABILIDADES_DESEMPENHO_TURMA_04anos_LP.csv,23,18,78,47,44,33,22,EMEF PORTO NOVO,EMEF PORTO NOVO,78.26086956521739,FALSE,
2025,linha_base_pre_programa,0,ESC_035,,EMEF PORTO NOVO,EMEF PORTO NOVO,marian,4,Língua Portuguesa,1ª Avaliação Formativa, 21192411500000008,42,RIO GRANDE DO SUL,PORTO ALEGRE,PORTO ALEGRE,2025_1av_form_HABILIDADES_DESEMPENHO_TURMA_04anos_LP.csv,23,20,87,44,40,35,25,EMEF PORTO NOVO,EMEF PORTO NOVO,86.95652173913044,FALSE,
2025,linha_base_pre_programa,0,ESC_053,,EMEM EMILIO MEYER,EMEM EMILIO MEYER,ruti,4,Língua Portuguesa,1ª Avaliação Formativa, 21192411500000035,41ALFA,RIO GRANDE DO SUL,PORTO ALEGRE,PORTO ALEGRE,2025_1av_form_HABILIDADES_DESEMPENHO_TURMA_04anos_LP.csv,16,11,69,40,45,36,18,EMEM EMILIO MEYER,EMEM EMILIO MEYER,68.75,FALSE,
2025,linha_base_pre_programa,0,ESC_053,,EMEM EMILIO MEYER,EMEM EMILIO MEYER,ruti,4,Língua Portuguesa,1ª Avaliação Formativa, 21192411500000036,42,RIO GRANDE DO SUL,PORTO ALEGRE,PORTO ALEGRE,2025_1av_form_HABILIDADES_DESEMPENHO_TURMA_04anos_LP.csv,21,19,90,82,5,16,79,EMEM EMILIO MEYER,EMEM EMILIO MEYER,90.47619047619048,FALSE,
2025,linha_base_pre_programa,0,ESC_053,,EMEM EMILIO MEYER,EMEM EMILIO MEYER,ruti,4,Língua Portuguesa,1ª Avaliação Formativa, 21192411500000037,43,RIO GRANDE DO SUL,PORTO ALEGRE,PORTO ALEGRE,2025_1av_form_HABILIDADES_DESEMPENHO_TURMA_04anos_LP.csv,19,16,84,42,50,25,25,EMEM EMILIO MEYER,EMEM EMILIO MEYER,84.21052631578948,FALSE,
2025,linha_base_pre_programa,0,ESC_053,,EMEM EMILIO MEYER,EMEM EMILIO MEYER,ruti,4,Língua Portuguesa,1ª Avaliação Formativa, 21192411500000038,44,RIO GRANDE DO SUL,PORTO ALEGRE,PORTO ALEGRE,2025_1av_form_HABILIDADES_DESEMPENHO_TURMA_04anos_LP.csv,25,20,80,79,10,20,70,EMEM EMILIO MEYER,EMEM EMILIO MEYER,80,FALSE,
2025,linha_base_pre_programa,0,ESC_055,,ESCOLA DE ENSINO FUNDAMENTAL MADRE RAFFO,ESCOLA DE ENSINO FUNDAMENTAL MADRE RAFFO,outras,4,Língua Portuguesa,1ª Avaliação Formativa, 21192411500000055,4A,RIO GRANDE DO SUL,PORTO ALEGRE,PORTO ALEGRE,2025_1av_form_HABILIDADES_DESEMPENHO_TURMA_04anos_LP.csv,5,5,100,100,0,0,100,ESCOLA DE ENSINO FUNDAMENTAL MADRE RAFFO,ESCOLA DE ENSINO FUNDAMENTAL MADRE RAFFO,100,FALSE,
2025,linha_base_pre_programa,0,ESC_001,,EEF PEQUENA CASA DA CRIANCA,6001 EEF PEQUENA CASA DA CRIANCA,outras,4,Língua Portuguesa,1ª Avaliação Formativa, 21192411500000071,40,RIO GRANDE DO SUL,PORTO ALEGRE,PORTO ALEGRE,2025_1av_form_HABILIDADES_DESEMPENHO_TURMA_04anos_LP.csv,20,16,80,60,13,50,38,EEF PEQUENA CASA DA CRIANCA,EEF PEQUENA CASA DA CRIANCA,80,FALSE,
2025,linha_base_pre_programa,0,ESC_001,,EEF PEQUENA CASA DA CRIANCA,6001 EEF PEQUENA CASA DA CRIANCA,outras,4,Língua Portuguesa,1ª Avaliação Formativa, 21192411500000072,41,RIO GRANDE DO SUL,PORTO ALEGRE,PORTO ALEGRE,2025_1av_form_HABILIDADES_DESEMPENHO_TURMA_04anos_LP.csv,18,15,83,55,33,27,40,EEF PEQUENA CASA DA CRIANCA,EEF PEQUENA CASA DA CRIANCA,83.33333333333333,FALSE,
2025,linha_base_pre_programa,0,ESC_001,,EEF PEQUENA CASA DA CRIANCA,6001 EEF PEQUENA CASA DA CRIANCA,outras,4,Língua Portuguesa,1ª Avaliação Formativa, 21192411500000073,42,RIO GRANDE DO SUL,PORTO ALEGRE,PORTO ALEGRE,2025_1av_form_HABILIDADES_DESEMPENHO_TURMA_04anos_LP.csv,19,15,79,58,27,27,47,EEF PEQUENA CASA DA CRIANCA,EEF PEQUENA CASA DA CRIANCA,78.94736842105263,FALSE,
2025,linha_base_pre_programa,0,ESC_003,,EMEF AFONSO GUERREIRO LIMA,EMEF AFONSO GUERREIRO LIMA,graziela,4,Língua Portuguesa,1ª Avaliação Formativa, 21192411500000089,41,RIO GRANDE DO SUL,PORTO ALEGRE,PORTO ALEGRE,2025_1av_form_HABILIDADES_DESEMPENHO_TURMA_04anos_LP.csv,26,22,85,77,14,18,68,EMEF AFONSO GUERREIRO LIMA,EMEF AFONSO GUERREIRO LIMA,84.61538461538461,FALSE,
2025,linha_base_pre_programa,0,ESC_003,,EMEF AFONSO GUERREIRO LIMA,EMEF AFONSO GUERREIRO LIMA,graziela,4,Língua Portuguesa,1ª Avaliação Formativa, 21192411500000090,42,RIO GRANDE DO SUL,PORTO ALEGRE,PORTO ALEGRE,2025_1av_form_HABILIDADES_DESEMPENHO_TURMA_04anos_LP.csv,24,21,88,55,33,19,48,EMEF AFONSO GUERREIRO LIMA,EMEF AFONSO GUERREIRO LIMA,87.5,FALSE,
2025,linha_base_pre_programa,0,ESC_003,,EMEF AFONSO GUERREIRO LIMA,EMEF AFONSO GUERREIRO LIMA,graziela,4,Língua Portuguesa,1ª Avaliação Formativa, 21192411500000091,43,RIO GRANDE DO SUL,PORTO ALEGRE,PORTO ALEGRE,2025_1av_form_HABILIDADES_DESEMPENHO_TURMA_04anos_LP.csv,26,19,73,62,21,37,42,EMEF AFONSO GUERREIRO LIMA,EMEF AFONSO GUERREIRO LIMA,73.07692307692308,FALSE,
2025,linha_base_pre_programa,0,ESC_003,,EMEF AFONSO GUERREIRO LIMA,EMEF AFONSO GUERREIRO LIMA,graziela,4,Língua Portuguesa,1ª Avaliação Formativa, 21192411500000092,44,RIO GRANDE DO SUL,PORTO ALEGRE,PORTO ALEGRE,2025_1av_form_HABILIDADES_DESEMPENHO_TURMA_04anos_LP.csv,28,25,89,64,20,32,48,EMEF AFONSO GUERREIRO LIMA,EMEF AFONSO GUERREIRO LIMA,89.28571428571429,FALSE,
2025,linha_base_pre_programa,0,ESC_003,,EMEF AFONSO GUERREIRO LIMA,EMEF AFONSO GUERREIRO LIMA,graziela,4,Língua Portuguesa,1ª Avaliação Formativa, 21192411500000093,45,RIO GRANDE DO SUL,PORTO ALEGRE,PORTO ALEGRE,2025_1av_form_HABILIDADES_DESEMPENHO_TURMA_04anos_LP.csv,27,22,81,82,9,18,73,EMEF AFONSO GUERREIRO LIMA,EMEF AFONSO GUERREIRO LIMA,81.48148148148148,FALSE,
2025,linha_base_pre_programa,0,ESC_004,,EMEF AMERICA,EMEF AMERICA,nathalia,4,Língua Portuguesa,1ª Avaliação Formativa, 21192411500000115,41,RIO GRANDE DO SUL,PORTO ALEGRE,PORTO ALEGRE,2025_1av_form_HABILIDADES_DESEMPENHO_TURMA_04anos_LP.csv,27,21,78,61,29,38,33,EMEF AMERICA,EMEF AMERICA,77.77777777777777,FALSE,
2025,linha_base_pre_programa,0,ESC_004,,EMEF AMERICA,EMEF AMERICA,nathalia,4,Língua Portuguesa,1ª Avaliação Formativa, 21192411500000116,42,RIO GRANDE DO SUL,PORTO ALEGRE,PORTO ALEGRE,2025_1av_form_HABILIDADES_DESEMPENHO_TURMA_04anos_LP.csv,26,23,88,61,13,52,35,EMEF AMERICA,EMEF AMERICA,88.46153846153847,FALSE,
2025,linha_base_pre_programa,0,ESC_005,,EMEF ARAMY SILVA,EMEF ARAMY SILVA,priscila,4,Língua Portuguesa,1ª Avaliação Formativa, 21192411500000139,41,RIO GRANDE DO SUL,PORTO ALEGRE,PORTO ALEGRE,2025_1av_form_HABILIDADES_DESEMPENHO_TURMA_04anos_LP.csv,26,22,85,82,14,5,82,EMEF ARAMY SILVA,EMEF ARAMY SILVA,84.61538461538461,FALSE,
2025,linha_base_pre_programa,0,ESC_005,,EMEF ARAMY SILVA,EMEF ARAMY SILVA,priscila,4,Língua Portuguesa,1ª Avaliação Formativa, 21192411500000140,42,RIO GRANDE DO SUL,PORTO ALEGRE,PORTO ALEGRE,2025_1av_form_HABILIDADES_DESEMPENHO_TURMA_04anos_LP.csv,23,19,83,63,32,16,53,EMEF ARAMY SILVA,EMEF ARAMY SILVA,82.6086956521739,FALSE,
2025,linha_base_pre_programa,0,ESC_005,,EMEF ARAMY SILVA,EMEF ARAMY SILVA,priscila,4,Língua Portuguesa,1ª Avaliação Formativa, 21192411500000141,43,RIO GRANDE DO SUL,PORTO ALEGRE,PORTO ALEGRE,2025_1av_form_HABILIDADES_DESEMPENHO_TURMA_04anos_LP.csv,22,19,86,58,32,26,42,EMEF ARAMY SILVA,EMEF ARAMY SILVA,86.36363636363636,FALSE,
2025,linha_base_pre_programa,0,ESC_005,,EMEF ARAMY SILVA,EMEF ARAMY SILVA,priscila,4,Língua Portuguesa,1ª Avaliação Formativa, 21192411500000142,44,RIO GRANDE DO SUL,PORTO ALEGRE,PORTO ALEGRE,2025_1av_form_HABILIDADES_DESEMPENHO_TURMA_04anos_LP.csv,24,18,75,76,17,17,67,EMEF ARAMY SILVA,EMEF ARAMY SILVA,75,FALSE,
2025,linha_base_pre_programa,0,ESC_009,,EMEF DECIO MARTINS COSTA,EMEF DECIO MARTINS COSTA,nathalia,4,Língua Portuguesa,1ª Avaliação Formativa, 21192411500000173,41,RIO GRANDE DO SUL,PORTO ALEGRE,PORTO ALEGRE,2025_1av_form_HABILIDADES_DESEMPENHO_TURMA_04anos_LP.csv,24,21,88,64,29,10,62,EMEF DECIO MARTINS COSTA,EMEF DECIO MARTINS COSTA,87.5,FALSE,
2025,linha_base_pre_programa,0,ESC_009,,EMEF DECIO MARTINS COSTA,EMEF DECIO MARTINS COSTA,nathalia,4,Língua Portuguesa,1ª Avaliação Formativa, 21192411500000174,42,RIO GRANDE DO SUL,PORTO ALEGRE,PORTO ALEGRE,2025_1av_form_HABILIDADES_DESEMPENHO_TURMA_04anos_LP.csv,22,13,59,68,15,31,54,EMEF DECIO MARTINS COSTA,EMEF DECIO MARTINS COSTA,59.09090909090909,FALSE,
2025,linha_base_pre_programa,0,ESC_009,,EMEF DECIO MARTINS COSTA,EMEF DECIO MARTINS COSTA,nathalia,4,Língua Portuguesa,1ª Avaliação Formativa, 21192411500000175,43,RIO GRANDE DO SUL,PORTO ALEGRE,PORTO ALEGRE,2025_1av_form_HABILIDADES_DESEMPENHO_TURMA_04anos_LP.csv,29,27,93,80,11,15,74,EMEF DECIO MARTINS COSTA,EMEF DECIO MARTINS COSTA,93.10344827586206,FALSE,
2025,linha_base_pre_programa,0,ESC_009,,EMEF DECIO MARTINS COSTA,EMEF DECIO MARTINS COSTA,nathalia,4,Língua Portuguesa,1ª Avaliação Formativa, 21192411500000176,44,RIO GRANDE DO SUL,PORTO ALEGRE,PORTO ALEGRE,2025_1av_form_HABILIDADES_DESEMPENHO_TURMA_04anos_LP.csv,27,24,89,73,17,25,58,EMEF DECIO MARTINS COSTA,EMEF DECIO MARTINS COSTA,88.88888888888889,FALSE,
2025,linha_base_pre_programa,0,ESC_009,,EMEF DECIO MARTINS COSTA,EMEF DECIO MARTINS COSTA,nathalia,4,Língua Portuguesa,1ª Avaliação Formativa, 21192411500000177,45ALFA,RIO GRANDE DO SUL,PORTO ALEGRE,PORTO ALEGRE,2025_1av_form_HABILIDADES_DESEMPENHO_TURMA_04anos_LP.csv,19,15,79,65,13,47,40,EMEF DECIO MARTINS COSTA,EMEF DECIO MARTINS COSTA,78.94736842105263,FALSE,
2025,linha_base_pre_programa,0,ESC_012,,EMEF DOLORES ALCARAZ CALDAS,EMEF DOLORES ALCARAZ CALDAS,jalize,4,Língua Portuguesa,1ª Avaliação Formativa, 21192411500000214,41,RIO GRANDE DO SUL,PORTO ALEGRE,PORTO ALEGRE,2025_1av_form_HABILIDADES_DESEMPENHO_TURMA_04anos_LP.csv,26,20,77,69,20,25,55,EMEF DOLORES ALCARAZ CALDAS,EMEF DOLORES ALCARAZ CALDAS,76.92307692307692,FALSE,
2025,linha_base_pre_programa,0,ESC_012,,EMEF DOLORES ALCARAZ CALDAS,EMEF DOLORES ALCARAZ CALDAS,jalize,4,Língua Portuguesa,1ª Avaliação Formativa, 21192411500000215,42,RIO GRANDE DO SUL,PORTO ALEGRE,PORTO ALEGRE,2025_1av_form_HABILIDADES_DESEMPENHO_TURMA_04anos_LP.csv,28,24,86,71,17,25,58,EMEF DOLORES ALCARAZ CALDAS,EMEF DOLORES ALCARAZ CALDAS,85.71428571428571,FALSE,
2025,linha_base_pre_programa,0,ESC_012,,EMEF DOLORES ALCARAZ CALDAS,EMEF DOLORES ALCARAZ CALDAS,jalize,4,Língua Portuguesa,1ª Avaliação Formativa, 21192411500000216,43ALFA,RIO GRANDE DO SUL,PORTO ALEGRE,PORTO ALEGRE,2025_1av_form_HABILIDADES_DESEMPENHO_TURMA_04anos_LP.csv,25,20,80,35,60,10,30,EMEF DOLORES ALCARAZ CALDAS,EMEF DOLORES ALCARAZ CALDAS,80,FALSE,
2025,linha_base_pre_programa,0,ESC_012,,EMEF DOLORES ALCARAZ CALDAS,EMEF DOLORES ALCARAZ CALDAS,jalize,4,Língua Portuguesa,1ª Avaliação Formativa, 21192411500000217,44,RIO GRANDE DO SUL,PORTO ALEGRE,PORTO ALEGRE,2025_1av_form_HABILIDADES_DESEMPENHO_TURMA_04anos_LP.csv,29,23,79,72,22,9,70,EMEF DOLORES ALCARAZ CALDAS,EMEF DOLORES ALCARAZ CALDAS,79.3103448275862,FALSE,
2025,linha_base_pre_programa,0,ESC_012,,EMEF DOLORES ALCARAZ CALDAS,EMEF DOLORES ALCARAZ CALDAS,jalize,4,Língua Portuguesa,1ª Avaliação Formativa, 21192411500000218,45,RIO GRANDE DO SUL,PORTO ALEGRE,PORTO ALEGRE,2025_1av_form_HABILIDADES_DESEMPENHO_TURMA_04anos_LP.csv,28,23,82,82,9,22,70,EMEF DOLORES ALCARAZ CALDAS,EMEF DOLORES ALCARAZ CALDAS,82.14285714285714,FALSE,
2025,linha_base_pre_programa,0,ESC_022,,EMEF JOSE LOUREIRO DA SILVA,EMEF JOSE LOUREIRO DA SILVA,jalize,4,Língua Portuguesa,1ª Avaliação Formativa, 21192411500000250,41,RIO GRANDE DO SUL,PORTO ALEGRE,PORTO ALEGRE,2025_1av_form_HABILIDADES_DESEMPENHO_TURMA_04anos_LP.csv,19,17,89,53,35,29,35,EMEF JOSE LOUREIRO DA SILVA,EMEF JOSE LOUREIRO DA SILVA,89.47368421052632,FALSE,
2025,linha_base_pre_programa,0,ESC_022,,EMEF JOSE LOUREIRO DA SILVA,EMEF JOSE LOUREIRO DA SILVA,jalize,4,Língua Portuguesa,1ª Avaliação Formativa, 21192411500000251,42,RIO GRANDE DO SUL,PORTO ALEGRE,PORTO ALEGRE,2025_1av_form_HABILIDADES_DESEMPENHO_TURMA_04anos_LP.csv,19,13,68,48,46,15,38,EMEF JOSE LOUREIRO DA SILVA,EMEF JOSE LOUREIRO DA SILVA,68.42105263157895,FALSE,
2025,linha_base_pre_programa,0,ESC_022,,EMEF JOSE LOUREIRO DA SILVA,EMEF JOSE LOUREIRO DA SILVA,jalize,4,Língua Portuguesa,1ª Avaliação Formativa, 21192411500000252,43,RIO GRANDE DO SUL,PORTO ALEGRE,PORTO ALEGRE,2025_1av_form_HABILIDADES_DESEMPENHO_TURMA_04anos_LP.csv,20,17,85,48,53,12,35,EMEF JOSE LOUREIRO DA SILVA,EMEF JOSE LOUREIRO DA SILVA,85,FALSE,
2025,linha_base_pre_programa,0,ESC_022,,EMEF JOSE LOUREIRO DA SILVA,EMEF JOSE LOUREIRO DA SILVA,jalize,4,Língua Portuguesa,1ª Avaliação Formativa, 21192411500000253,44,RIO GRANDE DO SUL,PORTO ALEGRE,PORTO ALEGRE,2025_1av_form_HABILIDADES_DESEMPENHO_TURMA_04anos_LP.csv,24,13,54,64,23,23,54,EMEF JOSE LOUREIRO DA SILVA,EMEF JOSE LOUREIRO DA SILVA,54.166666666666664,FALSE,
2025,linha_base_pre_programa,0,ESC_002,,EMEB DR LIBERATO SALZANO VIEIRA DA CUNHA,EMEB DR LIBERATO SALZANO VIEIRA DA CUNHA,clarissa,4,Língua Portuguesa,1ª Avaliação Formativa, 21192411500000291,41,RIO GRANDE DO SUL,PORTO ALEGRE,PORTO ALEGRE,2025_1av_form_HABILIDADES_DESEMPENHO_TURMA_04anos_LP.csv,25,23,92,67,22,22,57,EMEB DR LIBERATO SALZANO VIEIRA DA CUNHA,EMEB DR LIBERATO SALZANO VIEIRA DA CUNHA,92,FALSE,
2025,linha_base_pre_programa,0,ESC_002,,EMEB DR LIBERATO SALZANO VIEIRA DA CUNHA,EMEB DR LIBERATO SALZANO VIEIRA DA CUNHA,clarissa,4,Língua Portuguesa,1ª Avaliação Formativa, 21192411500000292,42,RIO GRANDE DO SUL,PORTO ALEGRE,PORTO ALEGRE,2025_1av_form_HABILIDADES_DESEMPENHO_TURMA_04anos_LP.csv,26,20,77,9,90,5,5,EMEB DR LIBERATO SALZANO VIEIRA DA CUNHA,EMEB DR LIBERATO SALZANO VIEIRA DA CUNHA,76.92307692307692,FALSE,
2025,linha_base_pre_programa,0,ESC_002,,EMEB DR LIBERATO SALZANO VIEIRA DA CUNHA,EMEB DR LIBERATO SALZANO VIEIRA DA CUNHA,clarissa,4,Língua Portuguesa,1ª Avaliação Formativa, 21192411500000293,43,RIO GRANDE DO SUL,PORTO ALEGRE,PORTO ALEGRE,2025_1av_form_HABILIDADES_DESEMPENHO_TURMA_04anos_LP.csv,25,18,72,82,11,11,78,EMEB DR LIBERATO SALZANO VIEIRA DA CUNHA,EMEB DR LIBERATO SALZANO VIEIRA DA CUNHA,72,FALSE,
2025,linha_base_pre_programa,0,ESC_002,,EMEB DR LIBERATO SALZANO VIEIRA DA CUNHA,EMEB DR LIBERATO SALZANO VIEIRA DA CUNHA,clarissa,4,Língua Portuguesa,1ª Avaliação Formativa, 21192411500000294,44,RIO GRANDE DO SUL,PORTO ALEGRE,PORTO ALEGRE,2025_1av_form_HABILIDADES_DESEMPENHO_TURMA_04anos_LP.csv,23,19,83,70,21,26,53,EMEB DR LIBERATO SALZANO VIEIRA DA CUNHA,EMEB DR LIBERATO SALZANO VIEIRA DA CUNHA,82.6086956521739,FALSE,
2025,linha_base_pre_programa,0,ESC_032,,EMEF NOSSA SENHORA DE FATIMA,EMEF NOSSA SENHORA DE FATIMA,amanda,4,Língua Portuguesa,1ª Avaliação Formativa, 21192411500000323,41,RIO GRANDE DO SUL,PORTO ALEGRE,PORTO ALEGRE,2025_1av_form_HABILIDADES_DESEMPENHO_TURMA_04anos_LP.csv,24,22,92,59,23,32,45,EMEF NOSSA SENHORA DE FATIMA,EMEF NOSSA SENHORA DE FATIMA,91.66666666666667,FALSE,
2025,linha_base_pre_programa,0,ESC_032,,EMEF NOSSA SENHORA DE FATIMA,EMEF NOSSA SENHORA DE FATIMA,amanda,4,Língua Portuguesa,1ª Avaliação Formativa, 21192411500000324,42,RIO GRANDE DO SUL,PORTO ALEGRE,PORTO ALEGRE,2025_1av_form_HABILIDADES_DESEMPENHO_TURMA_04anos_LP.csv,25,19,76,52,26,42,32,EMEF NOSSA SENHORA DE FATIMA,EMEF NOSSA SENHORA DE FATIMA,76,FALSE,
2025,linha_base_pre_programa,0,ESC_032,,EMEF NOSSA SENHORA DE FATIMA,EMEF NOSSA SENHORA DE FATIMA,amanda,4,Língua Portuguesa,1ª Avaliação Formativa, 21192411500000325,43,RIO GRANDE DO SUL,PORTO ALEGRE,PORTO ALEGRE,2025_1av_form_HABILIDADES_DESEMPENHO_TURMA_04anos_LP.csv,24,16,67,47,25,63,13,EMEF NOSSA SENHORA DE FATIMA,EMEF NOSSA SENHORA DE FATIMA,66.66666666666667,FALSE,
2025,linha_base_pre_programa,0,ESC_032,,EMEF NOSSA SENHORA DE FATIMA,EMEF NOSSA SENHORA DE FATIMA,amanda,4,Língua Portuguesa,1ª Avaliação Formativa, 21192411500000326,44,RIO GRANDE DO SUL,PORTO ALEGRE,PORTO ALEGRE,2025_1av_form_HABILIDADES_DESEMPENHO_TURMA_04anos_LP.csv,17,14,82,23,64,36,0,EMEF NOSSA SENHORA DE FATIMA,EMEF NOSSA SENHORA DE FATIMA,82.3529411764706,FALSE,
2025,linha_base_pre_programa,0,ESC_034,,EMEF PEPITA DE LEAO,EMEF PEPITA DE LEAO,nathalia,4,Língua Portuguesa,1ª Avaliação Formativa, 21192411500000350,41,RIO GRANDE DO SUL,PORTO ALEGRE,PORTO ALEGRE,2025_1av_form_HABILIDADES_DESEMPENHO_TURMA_04anos_LP.csv,23,20,87,73,15,25,60,EMEF PEPITA DE LEAO,EMEF PEPITA DE LEAO,86.95652173913044,FALSE,
2025,linha_base_pre_programa,0,ESC_034,,EMEF PEPITA DE LEAO,EMEF PEPITA DE LEAO,nathalia,4,Língua Portuguesa,1ª Avaliação Formativa, 21192411500000351,42,RIO GRANDE DO SUL,PORTO ALEGRE,PORTO ALEGRE,2025_1av_form_HABILIDADES_DESEMPENHO_TURMA_04anos_LP.csv,26,19,73,69,21,16,63,EMEF PEPITA DE LEAO,EMEF PEPITA DE LEAO,73.07692307692308,FALSE,
2025,linha_base_pre_programa,0,ESC_037,,EMEF PRESIDENTE VARGAS,EMEF PRESIDENTE VARGAS,eliane,4,Língua Portuguesa,1ª Avaliação Formativa, 21192411500000368,41,RIO GRANDE DO SUL,PORTO ALEGRE,PORTO ALEGRE,2025_1av_form_HABILIDADES_DESEMPENHO_TURMA_04anos_LP.csv,25,19,76,69,16,37,47,EMEF PRESIDENTE VARGAS,EMEF PRESIDENTE VARGAS,76,FALSE,
2025,linha_base_pre_programa,0,ESC_037,,EMEF PRESIDENTE VARGAS,EMEF PRESIDENTE VARGAS,eliane,4,Língua Portuguesa,1ª Avaliação Formativa, 21192411500000369,42,RIO GRANDE DO SUL,PORTO ALEGRE,PORTO ALEGRE,2025_1av_form_HABILIDADES_DESEMPENHO_TURMA_04anos_LP.csv,25,16,64,75,13,31,56,EMEF PRESIDENTE VARGAS,EMEF PRESIDENTE VARGAS,64,FALSE,
2025,linha_base_pre_programa,0,ESC_018,,EMEF HEITOR VILLA LOBOS,EMEF HEITOR VILLA LOBOS,jalize,4,Língua Portuguesa,1ª Avaliação Formativa, 21192411500000391,41,RIO GRANDE DO SUL,PORTO ALEGRE,PORTO ALEGRE,2025_1av_form_HABILIDADES_DESEMPENHO_TURMA_04anos_LP.csv,28,25,89,72,16,20,64,EMEF HEITOR VILLA LOBOS,EMEF HEITOR VILLA LOBOS,89.28571428571429,FALSE,
2025,linha_base_pre_programa,0,ESC_018,,EMEF HEITOR VILLA LOBOS,EMEF HEITOR VILLA LOBOS,jalize,4,Língua Portuguesa,1ª Avaliação Formativa, 21192411500000392,42,RIO GRANDE DO SUL,PORTO ALEGRE,PORTO ALEGRE,2025_1av_form_HABILIDADES_DESEMPENHO_TURMA_04anos_LP.csv,28,24,86,48,33,33,33,EMEF HEITOR VILLA LOBOS,EMEF HEITOR VILLA LOBOS,85.71428571428571,FALSE,
2025,linha_base_pre_programa,0,ESC_018,,EMEF HEITOR VILLA LOBOS,EMEF HEITOR VILLA LOBOS,jalize,4,Língua Portuguesa,1ª Avaliação Formativa, 21192411500000393,43,RIO GRANDE DO SUL,PORTO ALEGRE,PORTO ALEGRE,2025_1av_form_HABILIDADES_DESEMPENHO_TURMA_04anos_LP.csv,28,26,93,60,23,35,42,EMEF HEITOR VILLA LOBOS,EMEF HEITOR VILLA LOBOS,92.85714285714286,FALSE,
2025,linha_base_pre_programa,0,ESC_018,,EMEF HEITOR VILLA LOBOS,EMEF HEITOR VILLA LOBOS,jalize,4,Língua Portuguesa,1ª Avaliação Formativa, 21192411500000394,44,RIO GRANDE DO SUL,PORTO ALEGRE,PORTO ALEGRE,2025_1av_form_HABILIDADES_DESEMPENHO_TURMA_04anos_LP.csv,28,18,64,48,39,28,33,EMEF HEITOR VILLA LOBOS,EMEF HEITOR VILLA LOBOS,64.28571428571429,FALSE,
2025,linha_base_pre_programa,0,ESC_054,,ESC EST ENS FUN PROFESSORA LEOPOLDA BARNEWITZ,EMEB PROFESSORA LEOPOLDA BARNEWITZ,julia,4,Língua Portuguesa,1ª Avaliação Formativa, 21192411500000415,41,RIO GRANDE DO SUL,PORTO ALEGRE,PORTO ALEGRE,2025_1av_form_HABILIDADES_DESEMPENHO_TURMA_04anos_LP.csv,22,18,82,73,17,22,61,EMEB PROFESSORA LEOPOLDA BARNEWITZ,EMEB PROFESSORA LEOPOLDA BARNEWITZ,81.81818181818181,FALSE,
2025,linha_base_pre_programa,0,ESC_016,,EMEF GOV ILDO MENEGHETTI,EMEF GOV ILDO MENEGHETTI,clarissa,4,Língua Portuguesa,1ª Avaliação Formativa, 21192411500000432,41,RIO GRANDE DO SUL,PORTO ALEGRE,PORTO ALEGRE,2025_1av_form_HABILIDADES_DESEMPENHO_TURMA_04anos_LP.csv,29,26,90,51,35,27,38,EMEF GOV ILDO MENEGHETTI,EMEF GOV ILDO MENEGHETTI,89.65517241379311,FALSE,
2025,linha_base_pre_programa,0,ESC_016,,EMEF GOV ILDO MENEGHETTI,EMEF GOV ILDO MENEGHETTI,clarissa,4,Língua Portuguesa,1ª Avaliação Formativa, 21192411500000433,42,RIO GRANDE DO SUL,PORTO ALEGRE,PORTO ALEGRE,2025_1av_form_HABILIDADES_DESEMPENHO_TURMA_04anos_LP.csv,27,21,78,53,24,52,24,EMEF GOV ILDO MENEGHETTI,EMEF GOV ILDO MENEGHETTI,77.77777777777777,FALSE,
2025,linha_base_pre_programa,0,ESC_016,,EMEF GOV ILDO MENEGHETTI,EMEF GOV ILDO MENEGHETTI,clarissa,4,Língua Portuguesa,1ª Avaliação Formativa, 21192411500000434,43,RIO GRANDE DO SUL,PORTO ALEGRE,PORTO ALEGRE,2025_1av_form_HABILIDADES_DESEMPENHO_TURMA_04anos_LP.csv,27,21,78,57,33,29,38,EMEF GOV ILDO MENEGHETTI,EMEF GOV ILDO MENEGHETTI,77.77777777777777,FALSE,
2025,linha_base_pre_programa,0,ESC_016,,EMEF GOV ILDO MENEGHETTI,EMEF GOV ILDO MENEGHETTI,clarissa,4,Língua Portuguesa,1ª Avaliação Formativa, 21192411500000435,44,RIO GRANDE DO SUL,PORTO ALEGRE,PORTO ALEGRE,2025_1av_form_HABILIDADES_DESEMPENHO_TURMA_04anos_LP.csv,29,25,86,59,24,36,40,EMEF GOV ILDO MENEGHETTI,EMEF GOV ILDO MENEGHETTI,86.20689655172414,FALSE,
2025,linha_base_pre_programa,0,ESC_046,,EMEF SEN ALBERTO PASQUALINI,EMEF SEN ALBERTO PASQUALINI,julia,4,Língua Portuguesa,1ª Avaliação Formativa, 21192411500000469,41,RIO GRANDE DO SUL,PORTO ALEGRE,PORTO ALEGRE,2025_1av_form_HABILIDADES_DESEMPENHO_TURMA_04anos_LP.csv,28,25,89,61,28,20,52,EMEF SEN ALBERTO PASQUALINI,EMEF SEN ALBERTO PASQUALINI,89.28571428571429,FALSE,
2025,linha_base_pre_programa,0,ESC_046,,EMEF SEN ALBERTO PASQUALINI,EMEF SEN ALBERTO PASQUALINI,julia,4,Língua Portuguesa,1ª Avaliação Formativa, 21192411500000470,42,RIO GRANDE DO SUL,PORTO ALEGRE,PORTO ALEGRE,2025_1av_form_HABILIDADES_DESEMPENHO_TURMA_04anos_LP.csv,29,23,79,60,26,22,52,EMEF SEN ALBERTO PASQUALINI,EMEF SEN ALBERTO PASQUALINI,79.3103448275862,FALSE,
2025,linha_base_pre_programa,0,ESC_046,,EMEF SEN ALBERTO PASQUALINI,EMEF SEN ALBERTO PASQUALINI,julia,4,Língua Portuguesa,1ª Avaliação Formativa, 21192411500000471,43,RIO GRANDE DO SUL,PORTO ALEGRE,PORTO ALEGRE,2025_1av_form_HABILIDADES_DESEMPENHO_TURMA_04anos_LP.csv,28,26,93,39,54,15,31,EMEF SEN ALBERTO PASQUALINI,EMEF SEN ALBERTO PASQUALINI,92.85714285714286,FALSE,
2025,linha_base_pre_programa,0,ESC_046,,EMEF SEN ALBERTO PASQUALINI,EMEF SEN ALBERTO PASQUALINI,julia,4,Língua Portuguesa,1ª Avaliação Formativa, 21192411500000472,44,RIO GRANDE DO SUL,PORTO ALEGRE,PORTO ALEGRE,2025_1av_form_HABILIDADES_DESEMPENHO_TURMA_04anos_LP.csv,28,18,64,61,33,17,50,EMEF SEN ALBERTO PASQUALINI,EMEF SEN ALBERTO PASQUALINI,64.28571428571429,FALSE,
2025,linha_base_pre_programa,0,ESC_036,,EMEF PRES JOAO BELCHIOR MARQUES GOULART,EMEF PRES JOAO BELCHIOR MARQUES GOULART,marian,4,Língua Portuguesa,1ª Avaliação Formativa, 21192411500000506,41,RIO GRANDE DO SUL,PORTO ALEGRE,PORTO ALEGRE,2025_1av_form_HABILIDADES_DESEMPENHO_TURMA_04anos_LP.csv,18,12,67,63,25,25,50,EMEF PRES JOAO BELCHIOR MARQUES GOULART,EMEF PRES JOAO BELCHIOR MARQUES GOULART,66.66666666666667,FALSE,
2025,linha_base_pre_programa,0,ESC_036,,EMEF PRES JOAO BELCHIOR MARQUES GOULART,EMEF PRES JOAO BELCHIOR MARQUES GOULART,marian,4,Língua Portuguesa,1ª Avaliação Formativa, 21192411500000508,43,RIO GRANDE DO SUL,PORTO ALEGRE,PORTO ALEGRE,2025_1av_form_HABILIDADES_DESEMPENHO_TURMA_04anos_LP.csv,15,14,93,97,0,0,100,EMEF PRES JOAO BELCHIOR MARQUES GOULART,EMEF PRES JOAO BELCHIOR MARQUES GOULART,93.33333333333333,FALSE,
2025,linha_base_pre_programa,0,ESC_036,,EMEF PRES JOAO BELCHIOR MARQUES GOULART,EMEF PRES JOAO BELCHIOR MARQUES GOULART,marian,4,Língua Portuguesa,1ª Avaliação Formativa, 21192411500001848,45,RIO GRANDE DO SUL,PORTO ALEGRE,PORTO ALEGRE,2025_1av_form_HABILIDADES_DESEMPENHO_TURMA_04anos_LP.csv,34,29,85,75,14,21,66,EMEF PRES JOAO BELCHIOR MARQUES GOULART,EMEF PRES JOAO BELCHIOR MARQUES GOULART,85.29411764705883,FALSE,
2025,linha_base_pre_programa,0,ESC_017,,EMEF GRANDE ORIENTE DO RGS,EMEF GRANDE ORIENTE DO RGS,andreia,4,Língua Portuguesa,1ª Avaliação Formativa, 21192411500000534,41,RIO GRANDE DO SUL,PORTO ALEGRE,PORTO ALEGRE,2025_1av_form_HABILIDADES_DESEMPENHO_TURMA_04anos_LP.csv,26,17,65,64,18,35,47,EMEF GRANDE ORIENTE DO RGS,EMEF GRANDE ORIENTE DO RGS,65.38461538461539,FALSE,
2025,linha_base_pre_programa,0,ESC_017,,EMEF GRANDE ORIENTE DO RGS,EMEF GRANDE ORIENTE DO RGS,andreia,4,Língua Portuguesa,1ª Avaliação Formativa, 21192411500000535,42,RIO GRANDE DO SUL,PORTO ALEGRE,PORTO ALEGRE,2025_1av_form_HABILIDADES_DESEMPENHO_TURMA_04anos_LP.csv,27,16,59,59,25,31,44,EMEF GRANDE ORIENTE DO RGS,EMEF GRANDE ORIENTE DO RGS,59.25925925925926,FALSE,
2025,linha_base_pre_programa,0,ESC_017,,EMEF GRANDE ORIENTE DO RGS,EMEF GRANDE ORIENTE DO RGS,andreia,4,Língua Portuguesa,1ª Avaliação Formativa, 21192411500000536,43,RIO GRANDE DO SUL,PORTO ALEGRE,PORTO ALEGRE,2025_1av_form_HABILIDADES_DESEMPENHO_TURMA_04anos_LP.csv,26,15,58,60,33,27,40,EMEF GRANDE ORIENTE DO RGS,EMEF GRANDE ORIENTE DO RGS,57.69230769230769,FALSE,
2025,linha_base_pre_programa,0,ESC_017,,EMEF GRANDE ORIENTE DO RGS,EMEF GRANDE ORIENTE DO RGS,andreia,4,Língua Portuguesa,1ª Avaliação Formativa, 21192411500000537,44,RIO GRANDE DO SUL,PORTO ALEGRE,PORTO ALEGRE,2025_1av_form_HABILIDADES_DESEMPENHO_TURMA_04anos_LP.csv,29,27,93,36,52,22,26,EMEF GRANDE ORIENTE DO RGS,EMEF GRANDE ORIENTE DO RGS,93.10344827586206,FALSE,
2025,linha_base_pre_programa,0,ESC_041,,EMEF PROF JUDITH MACEDO DE ARAUJO,EMEF PROF JUDITH MACEDO DE ARAUJO,graziela,4,Língua Portuguesa,1ª Avaliação Formativa, 21192411500000565,41,RIO GRANDE DO SUL,PORTO ALEGRE,PORTO ALEGRE,2025_1av_form_HABILIDADES_DESEMPENHO_TURMA_04anos_LP.csv,27,22,81,58,32,27,41,EMEF PROF JUDITH MACEDO DE ARAUJO,EMEF PROF JUDITH MACEDO DE ARAUJO,81.48148148148148,FALSE,
2025,linha_base_pre_programa,0,ESC_041,,EMEF PROF JUDITH MACEDO DE ARAUJO,EMEF PROF JUDITH MACEDO DE ARAUJO,graziela,4,Língua Portuguesa,1ª Avaliação Formativa, 21192411500000566,42,RIO GRANDE DO SUL,PORTO ALEGRE,PORTO ALEGRE,2025_1av_form_HABILIDADES_DESEMPENHO_TURMA_04anos_LP.csv,27,23,85,53,26,35,39,EMEF PROF JUDITH MACEDO DE ARAUJO,EMEF PROF JUDITH MACEDO DE ARAUJO,85.18518518518519,FALSE,
2025,linha_base_pre_programa,0,ESC_041,,EMEF PROF JUDITH MACEDO DE ARAUJO,EMEF PROF JUDITH MACEDO DE ARAUJO,graziela,4,Língua Portuguesa,1ª Avaliação Formativa, 21192411500000567,43,RIO GRANDE DO SUL,PORTO ALEGRE,PORTO ALEGRE,2025_1av_form_HABILIDADES_DESEMPENHO_TURMA_04anos_LP.csv,29,26,90,59,23,38,38,EMEF PROF JUDITH MACEDO DE ARAUJO,EMEF PROF JUDITH MACEDO DE ARAUJO,89.65517241379311,FALSE,
2025,linha_base_pre_programa,0,ESC_025,,EMEF LEOCADIA FELIZARDO PRESTES,EMEF LEOCADIA FELIZARDO PRESTES,graziela,4,Língua Portuguesa,1ª Avaliação Formativa, 21192411500000589,41,RIO GRANDE DO SUL,PORTO ALEGRE,PORTO ALEGRE,2025_1av_form_HABILIDADES_DESEMPENHO_TURMA_04anos_LP.csv,27,19,70,60,26,21,53,EMEF LEOCADIA FELIZARDO PRESTES,EMEF LEOCADIA FELIZARDO PRESTES,70.37037037037037,FALSE,
2025,linha_base_pre_programa,0,ESC_025,,EMEF LEOCADIA FELIZARDO PRESTES,EMEF LEOCADIA FELIZARDO PRESTES,graziela,4,Língua Portuguesa,1ª Avaliação Formativa, 21192411500000590,42,RIO GRANDE DO SUL,PORTO ALEGRE,PORTO ALEGRE,2025_1av_form_HABILIDADES_DESEMPENHO_TURMA_04anos_LP.csv,26,19,73,74,21,11,68,EMEF LEOCADIA FELIZARDO PRESTES,EMEF LEOCADIA FELIZARDO PRESTES,73.07692307692308,FALSE,
2025,linha_base_pre_programa,0,ESC_040,,EMEF PROF GILBERTO JORGE GONCALVES DA SILVA,EMEF PROF GILBERTO JORGE GONCALVES DA SILVA,ruti,4,Língua Portuguesa,1ª Avaliação Formativa, 21192411500000603,41,RIO GRANDE DO SUL,PORTO ALEGRE,PORTO ALEGRE,2025_1av_form_HABILIDADES_DESEMPENHO_TURMA_04anos_LP.csv,23,19,83,81,11,21,68,EMEF PROF GILBERTO JORGE GONCALVES DA SILVA,EMEF PROF GILBERTO JORGE GONCALVES DA SILVA,82.6086956521739,FALSE,
2025,linha_base_pre_programa,0,ESC_049,,EMEF VER CARLOS PESSOA DE BRUM,EMEF VER CARLOS PESSOA DE BRUM,priscila,4,Língua Portuguesa,1ª Avaliação Formativa, 21192411500000623,41,RIO GRANDE DO SUL,PORTO ALEGRE,PORTO ALEGRE,2025_1av_form_HABILIDADES_DESEMPENHO_TURMA_04anos_LP.csv,26,14,54,35,50,21,29,EMEF VER CARLOS PESSOA DE BRUM,EMEF VER CARLOS PESSOA DE BRUM,53.84615384615385,FALSE,
2025,linha_base_pre_programa,0,ESC_049,,EMEF VER CARLOS PESSOA DE BRUM,EMEF VER CARLOS PESSOA DE BRUM,priscila,4,Língua Portuguesa,1ª Avaliação Formativa, 21192411500000624,42,RIO GRANDE DO SUL,PORTO ALEGRE,PORTO ALEGRE,2025_1av_form_HABILIDADES_DESEMPENHO_TURMA_04anos_LP.csv,27,19,70,42,53,11,37,EMEF VER CARLOS PESSOA DE BRUM,EMEF VER CARLOS PESSOA DE BRUM,70.37037037037037,FALSE,
2025,linha_base_pre_programa,0,ESC_049,,EMEF VER CARLOS PESSOA DE BRUM,EMEF VER CARLOS PESSOA DE BRUM,priscila,4,Língua Portuguesa,1ª Avaliação Formativa, 21192411500000625,43,RIO GRANDE DO SUL,PORTO ALEGRE,PORTO ALEGRE,2025_1av_form_HABILIDADES_DESEMPENHO_TURMA_04anos_LP.csv,30,24,80,29,58,33,8,EMEF VER CARLOS PESSOA DE BRUM,EMEF VER CARLOS PESSOA DE BRUM,80,FALSE,
2025,linha_base_pre_programa,0,ESC_049,,EMEF VER CARLOS PESSOA DE BRUM,EMEF VER CARLOS PESSOA DE BRUM,priscila,4,Língua Portuguesa,1ª Avaliação Formativa, 21192411500000626,44,RIO GRANDE DO SUL,PORTO ALEGRE,PORTO ALEGRE,2025_1av_form_HABILIDADES_DESEMPENHO_TURMA_04anos_LP.csv,26,20,77,60,35,15,50,EMEF VER CARLOS PESSOA DE BRUM,EMEF VER CARLOS PESSOA DE BRUM,76.92307692307692,FALSE,
2025,linha_base_pre_programa,0,ESC_049,,EMEF VER CARLOS PESSOA DE BRUM,EMEF VER CARLOS PESSOA DE BRUM,priscila,4,Língua Portuguesa,1ª Avaliação Formativa, 21192411500000627,45,RIO GRANDE DO SUL,PORTO ALEGRE,PORTO ALEGRE,2025_1av_form_HABILIDADES_DESEMPENHO_TURMA_04anos_LP.csv,29,20,69,55,20,40,40,EMEF VER CARLOS PESSOA DE BRUM,EMEF VER CARLOS PESSOA DE BRUM,68.96551724137932,FALSE,
2025,linha_base_pre_programa,0,ESC_042,,EMEF PROF LARRY JOSE RIBEIRO ALVES,EMEF PROF LARRY JOSE RIBEIRO ALVES,amanda,4,Língua Portuguesa,1ª Avaliação Formativa, 21192411500000657,41,RIO GRANDE DO SUL,PORTO ALEGRE,PORTO ALEGRE,2025_1av_form_HABILIDADES_DESEMPENHO_TURMA_04anos_LP.csv,29,25,86,63,28,20,52,EMEF PROF LARRY JOSE RIBEIRO ALVES,EMEF PROF LARRY JOSE RIBEIRO ALVES,86.20689655172414,FALSE,
2025,linha_base_pre_programa,0,ESC_042,,EMEF PROF LARRY JOSE RIBEIRO ALVES,EMEF PROF LARRY JOSE RIBEIRO ALVES,amanda,4,Língua Portuguesa,1ª Avaliação Formativa, 21192411500000658,42,RIO GRANDE DO SUL,PORTO ALEGRE,PORTO ALEGRE,2025_1av_form_HABILIDADES_DESEMPENHO_TURMA_04anos_LP.csv,28,21,75,68,24,19,57,EMEF PROF LARRY JOSE RIBEIRO ALVES,EMEF PROF LARRY JOSE RIBEIRO ALVES,75,FALSE,
2025,linha_base_pre_programa,0,ESC_042,,EMEF PROF LARRY JOSE RIBEIRO ALVES,EMEF PROF LARRY JOSE RIBEIRO ALVES,amanda,4,Língua Portuguesa,1ª Avaliação Formativa, 21192411500000659,43,RIO GRANDE DO SUL,PORTO ALEGRE,PORTO ALEGRE,2025_1av_form_HABILIDADES_DESEMPENHO_TURMA_04anos_LP.csv,28,28,100,65,21,32,46,EMEF PROF LARRY JOSE RIBEIRO ALVES,EMEF PROF LARRY JOSE RIBEIRO ALVES,100,FALSE,
2025,linha_base_pre_programa,0,ESC_050,,EMEF VER MARTIM ARANHA,EMEF VER MARTIM ARANHA,priscila,4,Língua Portuguesa,1ª Avaliação Formativa, 21192411500000684,41,RIO GRANDE DO SUL,PORTO ALEGRE,PORTO ALEGRE,2025_1av_form_HABILIDADES_DESEMPENHO_TURMA_04anos_LP.csv,25,19,76,35,58,11,32,EMEF VER MARTIM ARANHA,EMEF VER MARTIM ARANHA,76,FALSE,
2025,linha_base_pre_programa,0,ESC_050,,EMEF VER MARTIM ARANHA,EMEF VER MARTIM ARANHA,priscila,4,Língua Portuguesa,1ª Avaliação Formativa, 21192411500000685,42,RIO GRANDE DO SUL,PORTO ALEGRE,PORTO ALEGRE,2025_1av_form_HABILIDADES_DESEMPENHO_TURMA_04anos_LP.csv,25,19,76,50,32,32,37,EMEF VER MARTIM ARANHA,EMEF VER MARTIM ARANHA,76,FALSE,
2025,linha_base_pre_programa,0,ESC_050,,EMEF VER MARTIM ARANHA,EMEF VER MARTIM ARANHA,priscila,4,Língua Portuguesa,1ª Avaliação Formativa, 21192411500000686,43,RIO GRANDE DO SUL,PORTO ALEGRE,PORTO ALEGRE,2025_1av_form_HABILIDADES_DESEMPENHO_TURMA_04anos_LP.csv,25,19,76,53,37,21,42,EMEF VER MARTIM ARANHA,EMEF VER MARTIM ARANHA,76,FALSE,
2025,linha_base_pre_programa,0,ESC_010,,EMEF DEP MARCIRIO GOULART LOUREIRO,EMEF DEP MARCIRIO GOULART LOUREIRO,marian,4,Língua Portuguesa,1ª Avaliação Formativa, 21192411500000714,41,RIO GRANDE DO SUL,PORTO ALEGRE,PORTO ALEGRE,2025_1av_form_HABILIDADES_DESEMPENHO_TURMA_04anos_LP.csv,27,17,63,26,71,18,12,EMEF DEP MARCIRIO GOULART LOUREIRO,EMEF DEP MARCIRIO GOULART LOUREIRO,62.96296296296296,FALSE,
2025,linha_base_pre_programa,0,ESC_010,,EMEF DEP MARCIRIO GOULART LOUREIRO,EMEF DEP MARCIRIO GOULART LOUREIRO,marian,4,Língua Portuguesa,1ª Avaliação Formativa, 21192411500000715,42,RIO GRANDE DO SUL,PORTO ALEGRE,PORTO ALEGRE,2025_1av_form_HABILIDADES_DESEMPENHO_TURMA_04anos_LP.csv,27,22,81,74,23,9,68,EMEF DEP MARCIRIO GOULART LOUREIRO,EMEF DEP MARCIRIO GOULART LOUREIRO,81.48148148148148,FALSE,
2025,linha_base_pre_programa,0,ESC_010,,EMEF DEP MARCIRIO GOULART LOUREIRO,EMEF DEP MARCIRIO GOULART LOUREIRO,marian,4,Língua Portuguesa,1ª Avaliação Formativa, 21192411500000716,43,RIO GRANDE DO SUL,PORTO ALEGRE,PORTO ALEGRE,2025_1av_form_HABILIDADES_DESEMPENHO_TURMA_04anos_LP.csv,28,19,68,17,79,16,5,EMEF DEP MARCIRIO GOULART LOUREIRO,EMEF DEP MARCIRIO GOULART LOUREIRO,67.85714285714286,FALSE,
2025,linha_base_pre_programa,0,ESC_010,,EMEF DEP MARCIRIO GOULART LOUREIRO,EMEF DEP MARCIRIO GOULART LOUREIRO,marian,4,Língua Portuguesa,1ª Avaliação Formativa, 21192411500000717,44,RIO GRANDE DO SUL,PORTO ALEGRE,PORTO ALEGRE,2025_1av_form_HABILIDADES_DESEMPENHO_TURMA_04anos_LP.csv,30,22,73,54,36,27,36,EMEF DEP MARCIRIO GOULART LOUREIRO,EMEF DEP MARCIRIO GOULART LOUREIRO,73.33333333333333,FALSE,
2025,linha_base_pre_programa,0,ESC_026,,EMEF LIDOVINO FANTON,EMEF LIDOVINO FANTON,julia,4,Língua Portuguesa,1ª Avaliação Formativa, 21192411500000748,42,RIO GRANDE DO SUL,PORTO ALEGRE,PORTO ALEGRE,2025_1av_form_HABILIDADES_DESEMPENHO_TURMA_04anos_LP.csv,22,16,73,21,75,13,13,EMEF LIDOVINO FANTON,EMEF LIDOVINO FANTON,72.72727272727273,FALSE,
2025,linha_base_pre_programa,0,ESC_026,,EMEF LIDOVINO FANTON,EMEF LIDOVINO FANTON,julia,4,Língua Portuguesa,1ª Avaliação Formativa, 21192411500000749,43,RIO GRANDE DO SUL,PORTO ALEGRE,PORTO ALEGRE,2025_1av_form_HABILIDADES_DESEMPENHO_TURMA_04anos_LP.csv,29,26,90,48,42,23,35,EMEF LIDOVINO FANTON,EMEF LIDOVINO FANTON,89.65517241379311,FALSE,
2025,linha_base_pre_programa,0,ESC_026,,EMEF LIDOVINO FANTON,EMEF LIDOVINO FANTON,julia,4,Língua Portuguesa,1ª Avaliação Formativa, 21192411500000750,44,RIO GRANDE DO SUL,PORTO ALEGRE,PORTO ALEGRE,2025_1av_form_HABILIDADES_DESEMPENHO_TURMA_04anos_LP.csv,28,21,75,35,52,24,24,EMEF LIDOVINO FANTON,EMEF LIDOVINO FANTON,75,FALSE,
2025,linha_base_pre_programa,0,ESC_026,,EMEF LIDOVINO FANTON,EMEF LIDOVINO FANTON,julia,4,Língua Portuguesa,1ª Avaliação Formativa, 21192411500000751,45,RIO GRANDE DO SUL,PORTO ALEGRE,PORTO ALEGRE,2025_1av_form_HABILIDADES_DESEMPENHO_TURMA_04anos_LP.csv,24,23,96,66,13,43,43,EMEF LIDOVINO FANTON,EMEF LIDOVINO FANTON,95.83333333333333,FALSE,
2025,linha_base_pre_programa,0,ESC_026,,EMEF LIDOVINO FANTON,EMEF LIDOVINO FANTON,julia,4,Língua Portuguesa,1ª Avaliação Formativa, 21192411500000768,CFI41,RIO GRANDE DO SUL,PORTO ALEGRE,PORTO ALEGRE,2025_1av_form_HABILIDADES_DESEMPENHO_TURMA_04anos_LP.csv,19,11,58,13,73,27,0,EMEF LIDOVINO FANTON,EMEF LIDOVINO FANTON,57.89473684210526,FALSE,
2025,linha_base_pre_programa,0,ESC_038,,EMEF PROF ANA IRIS DO AMARAL,EMEF PROF ANA IRIS DO AMARAL,eliane,4,Língua Portuguesa,1ª Avaliação Formativa, 21192411500000776,41,RIO GRANDE DO SUL,PORTO ALEGRE,PORTO ALEGRE,2025_1av_form_HABILIDADES_DESEMPENHO_TURMA_04anos_LP.csv,24,22,92,86,0,23,77,EMEF PROF ANA IRIS DO AMARAL,EMEF PROF ANA IRIS DO AMARAL,91.66666666666667,FALSE,
2025,linha_base_pre_programa,0,ESC_038,,EMEF PROF ANA IRIS DO AMARAL,EMEF PROF ANA IRIS DO AMARAL,eliane,4,Língua Portuguesa,1ª Avaliação Formativa, 21192411500000777,42,RIO GRANDE DO SUL,PORTO ALEGRE,PORTO ALEGRE,2025_1av_form_HABILIDADES_DESEMPENHO_TURMA_04anos_LP.csv,19,15,79,84,0,27,73,EMEF PROF ANA IRIS DO AMARAL,EMEF PROF ANA IRIS DO AMARAL,78.94736842105263,FALSE,
2025,linha_base_pre_programa,0,ESC_024,,EMEF LAURO RODRIGUES,EMEF LAURO RODRIGUES,clarissa,4,Língua Portuguesa,1ª Avaliação Formativa, 21192411500000797,41,RIO GRANDE DO SUL,PORTO ALEGRE,PORTO ALEGRE,2025_1av_form_HABILIDADES_DESEMPENHO_TURMA_04anos_LP.csv,27,22,81,65,18,32,50,EMEF LAURO RODRIGUES,EMEF LAURO RODRIGUES,81.48148148148148,FALSE,
2025,linha_base_pre_programa,0,ESC_024,,EMEF LAURO RODRIGUES,EMEF LAURO RODRIGUES,clarissa,4,Língua Portuguesa,1ª Avaliação Formativa, 21192411500000798,42,RIO GRANDE DO SUL,PORTO ALEGRE,PORTO ALEGRE,2025_1av_form_HABILIDADES_DESEMPENHO_TURMA_04anos_LP.csv,26,23,88,77,13,17,70,EMEF LAURO RODRIGUES,EMEF LAURO RODRIGUES,88.46153846153847,FALSE,
2025,linha_base_pre_programa,0,ESC_024,,EMEF LAURO RODRIGUES,EMEF LAURO RODRIGUES,clarissa,4,Língua Portuguesa,1ª Avaliação Formativa, 21192411500000799,43,RIO GRANDE DO SUL,PORTO ALEGRE,PORTO ALEGRE,2025_1av_form_HABILIDADES_DESEMPENHO_TURMA_04anos_LP.csv,28,25,89,73,8,32,60,EMEF LAURO RODRIGUES,EMEF LAURO RODRIGUES,89.28571428571429,FALSE,
2025,linha_base_pre_programa,0,ESC_024,,EMEF LAURO RODRIGUES,EMEF LAURO RODRIGUES,clarissa,4,Língua Portuguesa,1ª Avaliação Formativa, 21192411500000800,44ALFA,RIO GRANDE DO SUL,PORTO ALEGRE,PORTO ALEGRE,2025_1av_form_HABILIDADES_DESEMPENHO_TURMA_04anos_LP.csv,12,10,83,9,90,10,0,EMEF LAURO RODRIGUES,EMEF LAURO RODRIGUES,83.33333333333333,FALSE,
2025,linha_base_pre_programa,0,ESC_020,,EMEF JOAO ANTONIO SATTE,EMEF JOAO ANTONIO SATTE,eliane,4,Língua Portuguesa,1ª Avaliação Formativa, 21192411500000824,41,RIO GRANDE DO SUL,PORTO ALEGRE,PORTO ALEGRE,2025_1av_form_HABILIDADES_DESEMPENHO_TURMA_04anos_LP.csv,22,18,82,63,22,22,56,EMEF JOAO ANTONIO SATTE,EMEF JOAO ANTONIO SATTE,81.81818181818181,FALSE,
2025,linha_base_pre_programa,0,ESC_020,,EMEF JOAO ANTONIO SATTE,EMEF JOAO ANTONIO SATTE,eliane,4,Língua Portuguesa,1ª Avaliação Formativa, 21192411500000825,42,RIO GRANDE DO SUL,PORTO ALEGRE,PORTO ALEGRE,2025_1av_form_HABILIDADES_DESEMPENHO_TURMA_04anos_LP.csv,23,17,74,82,6,18,76,EMEF JOAO ANTONIO SATTE,EMEF JOAO ANTONIO SATTE,73.91304347826087,FALSE,
2025,linha_base_pre_programa,0,ESC_020,,EMEF JOAO ANTONIO SATTE,EMEF JOAO ANTONIO SATTE,eliane,4,Língua Portuguesa,1ª Avaliação Formativa, 21192411500000826,43,RIO GRANDE DO SUL,PORTO ALEGRE,PORTO ALEGRE,2025_1av_form_HABILIDADES_DESEMPENHO_TURMA_04anos_LP.csv,22,17,77,76,12,18,71,EMEF JOAO ANTONIO SATTE,EMEF JOAO ANTONIO SATTE,77.27272727272727,FALSE,
2025,linha_base_pre_programa,0,ESC_020,,EMEF JOAO ANTONIO SATTE,EMEF JOAO ANTONIO SATTE,eliane,4,Língua Portuguesa,1ª Avaliação Formativa, 21192411500000827,44,RIO GRANDE DO SUL,PORTO ALEGRE,PORTO ALEGRE,2025_1av_form_HABILIDADES_DESEMPENHO_TURMA_04anos_LP.csv,24,19,79,82,5,21,74,EMEF JOAO ANTONIO SATTE,EMEF JOAO ANTONIO SATTE,79.16666666666667,FALSE,
2025,linha_base_pre_programa,0,ESC_020,,EMEF JOAO ANTONIO SATTE,EMEF JOAO ANTONIO SATTE,eliane,4,Língua Portuguesa,1ª Avaliação Formativa, 21192411500000828,45CF,RIO GRANDE DO SUL,PORTO ALEGRE,PORTO ALEGRE,2025_1av_form_HABILIDADES_DESEMPENHO_TURMA_04anos_LP.csv,16,14,88,46,50,21,29,EMEF JOAO ANTONIO SATTE,EMEF JOAO ANTONIO SATTE,87.5,FALSE,
2025,linha_base_pre_programa,0,ESC_011,,EMEF DEP VICTOR ISSLER,EMEF DEP VICTOR ISSLER,clarissa,4,Língua Portuguesa,1ª Avaliação Formativa, 21192411500000863,41,RIO GRANDE DO SUL,PORTO ALEGRE,PORTO ALEGRE,2025_1av_form_HABILIDADES_DESEMPENHO_TURMA_04anos_LP.csv,30,25,83,56,28,32,40,EMEF DEP VICTOR ISSLER,EMEF DEP VICTOR ISSLER,83.33333333333333,FALSE,
2025,linha_base_pre_programa,0,ESC_011,,EMEF DEP VICTOR ISSLER,EMEF DEP VICTOR ISSLER,clarissa,4,Língua Portuguesa,1ª Avaliação Formativa, 21192411500000864,42,RIO GRANDE DO SUL,PORTO ALEGRE,PORTO ALEGRE,2025_1av_form_HABILIDADES_DESEMPENHO_TURMA_04anos_LP.csv,29,26,90,72,15,27,58,EMEF DEP VICTOR ISSLER,EMEF DEP VICTOR ISSLER,89.65517241379311,FALSE,
2025,linha_base_pre_programa,0,ESC_011,,EMEF DEP VICTOR ISSLER,EMEF DEP VICTOR ISSLER,clarissa,4,Língua Portuguesa,1ª Avaliação Formativa, 21192411500000865,43,RIO GRANDE DO SUL,PORTO ALEGRE,PORTO ALEGRE,2025_1av_form_HABILIDADES_DESEMPENHO_TURMA_04anos_LP.csv,30,27,90,77,15,15,70,EMEF DEP VICTOR ISSLER,EMEF DEP VICTOR ISSLER,90,FALSE,
2025,linha_base_pre_programa,0,ESC_011,,EMEF DEP VICTOR ISSLER,EMEF DEP VICTOR ISSLER,clarissa,4,Língua Portuguesa,1ª Avaliação Formativa, 21192411500000866,44,RIO GRANDE DO SUL,PORTO ALEGRE,PORTO ALEGRE,2025_1av_form_HABILIDADES_DESEMPENHO_TURMA_04anos_LP.csv,26,23,88,78,4,35,61,EMEF DEP VICTOR ISSLER,EMEF DEP VICTOR ISSLER,88.46153846153847,FALSE,
2025,linha_base_pre_programa,0,ESC_015,,EMEF GABRIEL OBINO,EMEF GABRIEL OBINO,amanda,4,Língua Portuguesa,1ª Avaliação Formativa, 21192411500000895,41,RIO GRANDE DO SUL,PORTO ALEGRE,PORTO ALEGRE,2025_1av_form_HABILIDADES_DESEMPENHO_TURMA_04anos_LP.csv,20,17,85,43,47,29,24,EMEF GABRIEL OBINO,EMEF GABRIEL OBINO,85,FALSE,
2025,linha_base_pre_programa,0,ESC_015,,EMEF GABRIEL OBINO,EMEF GABRIEL OBINO,amanda,4,Língua Portuguesa,1ª Avaliação Formativa, 21192411500000896,42,RIO GRANDE DO SUL,PORTO ALEGRE,PORTO ALEGRE,2025_1av_form_HABILIDADES_DESEMPENHO_TURMA_04anos_LP.csv,21,15,71,35,67,7,27,EMEF GABRIEL OBINO,EMEF GABRIEL OBINO,71.42857142857143,FALSE,
2025,linha_base_pre_programa,0,ESC_044,,EMEF SAINT HILAIRE,EMEF SAINT HILAIRE,andreia,4,Língua Portuguesa,1ª Avaliação Formativa, 21192411500000921,41,RIO GRANDE DO SUL,PORTO ALEGRE,PORTO ALEGRE,2025_1av_form_HABILIDADES_DESEMPENHO_TURMA_04anos_LP.csv,23,18,78,63,22,33,44,EMEF SAINT HILAIRE,EMEF SAINT HILAIRE,78.26086956521739,FALSE,
2025,linha_base_pre_programa,0,ESC_044,,EMEF SAINT HILAIRE,EMEF SAINT HILAIRE,andreia,4,Língua Portuguesa,1ª Avaliação Formativa, 21192411500000922,42,RIO GRANDE DO SUL,PORTO ALEGRE,PORTO ALEGRE,2025_1av_form_HABILIDADES_DESEMPENHO_TURMA_04anos_LP.csv,25,21,84,67,19,29,52,EMEF SAINT HILAIRE,EMEF SAINT HILAIRE,84,FALSE,
2025,linha_base_pre_programa,0,ESC_044,,EMEF SAINT HILAIRE,EMEF SAINT HILAIRE,andreia,4,Língua Portuguesa,1ª Avaliação Formativa, 21192411500000923,43,RIO GRANDE DO SUL,PORTO ALEGRE,PORTO ALEGRE,2025_1av_form_HABILIDADES_DESEMPENHO_TURMA_04anos_LP.csv,21,18,86,57,33,22,44,EMEF SAINT HILAIRE,EMEF SAINT HILAIRE,85.71428571428571,FALSE,
2025,linha_base_pre_programa,0,ESC_044,,EMEF SAINT HILAIRE,EMEF SAINT HILAIRE,andreia,4,Língua Portuguesa,1ª Avaliação Formativa, 21192411500000924,44,RIO GRANDE DO SUL,PORTO ALEGRE,PORTO ALEGRE,2025_1av_form_HABILIDADES_DESEMPENHO_TURMA_04anos_LP.csv,21,20,95,68,10,50,40,EMEF SAINT HILAIRE,EMEF SAINT HILAIRE,95.23809523809524,FALSE,
2025,linha_base_pre_programa,0,ESC_044,,EMEF SAINT HILAIRE,EMEF SAINT HILAIRE,andreia,4,Língua Portuguesa,1ª Avaliação Formativa, 21192411500000925,45,RIO GRANDE DO SUL,PORTO ALEGRE,PORTO ALEGRE,2025_1av_form_HABILIDADES_DESEMPENHO_TURMA_04anos_LP.csv,15,13,87,38,38,46,15,EMEF SAINT HILAIRE,EMEF SAINT HILAIRE,86.66666666666667,FALSE,
2025,linha_base_pre_programa,0,ESC_045,,EMEF SAO PEDRO,EMEF SAO PEDRO,marian,4,Língua Portuguesa,1ª Avaliação Formativa, 21192411500000960,41,RIO GRANDE DO SUL,PORTO ALEGRE,PORTO ALEGRE,2025_1av_form_HABILIDADES_DESEMPENHO_TURMA_04anos_LP.csv,24,18,75,45,33,44,22,EMEF SAO PEDRO,EMEF SAO PEDRO,75,FALSE,
2025,linha_base_pre_programa,0,ESC_045,,EMEF SAO PEDRO,EMEF SAO PEDRO,marian,4,Língua Portuguesa,1ª Avaliação Formativa, 21192411500000961,42,RIO GRANDE DO SUL,PORTO ALEGRE,PORTO ALEGRE,2025_1av_form_HABILIDADES_DESEMPENHO_TURMA_04anos_LP.csv,28,21,75,38,52,29,19,EMEF SAO PEDRO,EMEF SAO PEDRO,75,FALSE,
2025,linha_base_pre_programa,0,ESC_045,,EMEF SAO PEDRO,EMEF SAO PEDRO,marian,4,Língua Portuguesa,1ª Avaliação Formativa, 21192411500000962,43,RIO GRANDE DO SUL,PORTO ALEGRE,PORTO ALEGRE,2025_1av_form_HABILIDADES_DESEMPENHO_TURMA_04anos_LP.csv,27,23,85,48,39,26,35,EMEF SAO PEDRO,EMEF SAO PEDRO,85.18518518518519,FALSE,
2025,linha_base_pre_programa,0,ESC_045,,EMEF SAO PEDRO,EMEF SAO PEDRO,marian,4,Língua Portuguesa,1ª Avaliação Formativa, 21192411500000963,44,RIO GRANDE DO SUL,PORTO ALEGRE,PORTO ALEGRE,2025_1av_form_HABILIDADES_DESEMPENHO_TURMA_04anos_LP.csv,29,24,83,68,17,29,54,EMEF SAO PEDRO,EMEF SAO PEDRO,82.75862068965517,FALSE,
2025,linha_base_pre_programa,0,ESC_023,,EMEF JOSE MARIANO BECK,EMEF JOSE MARIANO BECK,nathalia,4,Língua Portuguesa,1ª Avaliação Formativa, 21192411500000993,41,RIO GRANDE DO SUL,PORTO ALEGRE,PORTO ALEGRE,2025_1av_form_HABILIDADES_DESEMPENHO_TURMA_04anos_LP.csv,25,18,72,69,17,28,56,EMEF JOSE MARIANO BECK,EMEF JOSE MARIANO BECK,72,FALSE,
2025,linha_base_pre_programa,0,ESC_023,,EMEF JOSE MARIANO BECK,EMEF JOSE MARIANO BECK,nathalia,4,Língua Portuguesa,1ª Avaliação Formativa, 21192411500000994,42,RIO GRANDE DO SUL,PORTO ALEGRE,PORTO ALEGRE,2025_1av_form_HABILIDADES_DESEMPENHO_TURMA_04anos_LP.csv,21,16,76,38,38,56,6,EMEF JOSE MARIANO BECK,EMEF JOSE MARIANO BECK,76.19047619047619,FALSE,
2025,linha_base_pre_programa,0,ESC_023,,EMEF JOSE MARIANO BECK,EMEF JOSE MARIANO BECK,nathalia,4,Língua Portuguesa,1ª Avaliação Formativa, 21192411500000995,43ALFA,RIO GRANDE DO SUL,PORTO ALEGRE,PORTO ALEGRE,2025_1av_form_HABILIDADES_DESEMPENHO_TURMA_04anos_LP.csv,17,9,53,26,67,22,11,EMEF JOSE MARIANO BECK,EMEF JOSE MARIANO BECK,52.94117647058823,FALSE,
2025,linha_base_pre_programa,0,ESC_019,,EMEF JEAN PIAGET,EMEF JEAN PIAGET,clarissa,4,Língua Portuguesa,1ª Avaliação Formativa, 21192411500001020,41,RIO GRANDE DO SUL,PORTO ALEGRE,PORTO ALEGRE,2025_1av_form_HABILIDADES_DESEMPENHO_TURMA_04anos_LP.csv,25,22,88,88,0,23,77,EMEF JEAN PIAGET,EMEF JEAN PIAGET,88,FALSE,
2025,linha_base_pre_programa,0,ESC_019,,EMEF JEAN PIAGET,EMEF JEAN PIAGET,clarissa,4,Língua Portuguesa,1ª Avaliação Formativa, 21192411500001021,42,RIO GRANDE DO SUL,PORTO ALEGRE,PORTO ALEGRE,2025_1av_form_HABILIDADES_DESEMPENHO_TURMA_04anos_LP.csv,25,20,80,58,35,20,45,EMEF JEAN PIAGET,EMEF JEAN PIAGET,80,FALSE,
2025,linha_base_pre_programa,0,ESC_019,,EMEF JEAN PIAGET,EMEF JEAN PIAGET,clarissa,4,Língua Portuguesa,1ª Avaliação Formativa, 21192411500001022,43,RIO GRANDE DO SUL,PORTO ALEGRE,PORTO ALEGRE,2025_1av_form_HABILIDADES_DESEMPENHO_TURMA_04anos_LP.csv,24,15,63,59,20,40,40,EMEF JEAN PIAGET,EMEF JEAN PIAGET,62.5,FALSE,
2025,linha_base_pre_programa,0,ESC_019,,EMEF JEAN PIAGET,EMEF JEAN PIAGET,clarissa,4,Língua Portuguesa,1ª Avaliação Formativa, 21192411500001023,44,RIO GRANDE DO SUL,PORTO ALEGRE,PORTO ALEGRE,2025_1av_form_HABILIDADES_DESEMPENHO_TURMA_04anos_LP.csv,23,16,70,60,31,31,38,EMEF JEAN PIAGET,EMEF JEAN PIAGET,69.56521739130434,FALSE,
2025,linha_base_pre_programa,0,ESC_048,,EMEF VER ANTONIO GIUDICE,EMEF VER ANTONIO GIUDICE,clarissa,4,Língua Portuguesa,1ª Avaliação Formativa, 21192411500001050,41,RIO GRANDE DO SUL,PORTO ALEGRE,PORTO ALEGRE,2025_1av_form_HABILIDADES_DESEMPENHO_TURMA_04anos_LP.csv,29,25,86,64,24,36,40,EMEF VER ANTONIO GIUDICE,EMEF VER ANTONIO GIUDICE,86.20689655172414,FALSE,
2025,linha_base_pre_programa,0,ESC_048,,EMEF VER ANTONIO GIUDICE,EMEF VER ANTONIO GIUDICE,clarissa,4,Língua Portuguesa,1ª Avaliação Formativa, 21192411500001051,42ALFA,RIO GRANDE DO SUL,PORTO ALEGRE,PORTO ALEGRE,2025_1av_form_HABILIDADES_DESEMPENHO_TURMA_04anos_LP.csv,23,20,87,32,50,40,10,EMEF VER ANTONIO GIUDICE,EMEF VER ANTONIO GIUDICE,86.95652173913044,FALSE,
2025,linha_base_pre_programa,0,ESC_048,,EMEF VER ANTONIO GIUDICE,EMEF VER ANTONIO GIUDICE,clarissa,4,Língua Portuguesa,1ª Avaliação Formativa, 21192411500001052,43,RIO GRANDE DO SUL,PORTO ALEGRE,PORTO ALEGRE,2025_1av_form_HABILIDADES_DESEMPENHO_TURMA_04anos_LP.csv,23,16,70,78,13,19,69,EMEF VER ANTONIO GIUDICE,EMEF VER ANTONIO GIUDICE,69.56521739130434,FALSE,
2025,linha_base_pre_programa,0,ESC_048,,EMEF VER ANTONIO GIUDICE,EMEF VER ANTONIO GIUDICE,clarissa,4,Língua Portuguesa,1ª Avaliação Formativa, 21192411500001053,44,RIO GRANDE DO SUL,PORTO ALEGRE,PORTO ALEGRE,2025_1av_form_HABILIDADES_DESEMPENHO_TURMA_04anos_LP.csv,24,20,83,68,20,20,60,EMEF VER ANTONIO GIUDICE,EMEF VER ANTONIO GIUDICE,83.33333333333333,FALSE,
2025,linha_base_pre_programa,0,ESC_039,,EMEF PROF ANISIO TEIXEIRA,EMEF PROF ANISIO TEIXEIRA,andreia,4,Língua Portuguesa,1ª Avaliação Formativa, 21192411500001080,41,RIO GRANDE DO SUL,PORTO ALEGRE,PORTO ALEGRE,2025_1av_form_HABILIDADES_DESEMPENHO_TURMA_04anos_LP.csv,28,23,82,73,9,39,52,EMEF PROF ANISIO TEIXEIRA,EMEF PROF ANISIO TEIXEIRA,82.14285714285714,FALSE,
2025,linha_base_pre_programa,0,ESC_039,,EMEF PROF ANISIO TEIXEIRA,EMEF PROF ANISIO TEIXEIRA,andreia,4,Língua Portuguesa,1ª Avaliação Formativa, 21192411500001081,42,RIO GRANDE DO SUL,PORTO ALEGRE,PORTO ALEGRE,2025_1av_form_HABILIDADES_DESEMPENHO_TURMA_04anos_LP.csv,27,17,63,89,6,18,76,EMEF PROF ANISIO TEIXEIRA,EMEF PROF ANISIO TEIXEIRA,62.96296296296296,FALSE,
2025,linha_base_pre_programa,0,ESC_039,,EMEF PROF ANISIO TEIXEIRA,EMEF PROF ANISIO TEIXEIRA,andreia,4,Língua Portuguesa,1ª Avaliação Formativa, 21192411500001082,43,RIO GRANDE DO SUL,PORTO ALEGRE,PORTO ALEGRE,2025_1av_form_HABILIDADES_DESEMPENHO_TURMA_04anos_LP.csv,27,20,74,87,5,10,85,EMEF PROF ANISIO TEIXEIRA,EMEF PROF ANISIO TEIXEIRA,74.07407407407408,FALSE,
2025,linha_base_pre_programa,0,ESC_006,,EMEF CAMPOS DO CRISTAL,EMEF CAMPOS DO CRISTAL,andreia,4,Língua Portuguesa,1ª Avaliação Formativa, 21192411500001111,41,RIO GRANDE DO SUL,PORTO ALEGRE,PORTO ALEGRE,2025_1av_form_HABILIDADES_DESEMPENHO_TURMA_04anos_LP.csv,28,26,93,75,12,27,62,EMEF CAMPOS DO CRISTAL,EMEF CAMPOS DO CRISTAL,92.85714285714286,FALSE,
2025,linha_base_pre_programa,0,ESC_006,,EMEF CAMPOS DO CRISTAL,EMEF CAMPOS DO CRISTAL,andreia,4,Língua Portuguesa,1ª Avaliação Formativa, 21192411500001112,42,RIO GRANDE DO SUL,PORTO ALEGRE,PORTO ALEGRE,2025_1av_form_HABILIDADES_DESEMPENHO_TURMA_04anos_LP.csv,28,25,89,61,16,44,40,EMEF CAMPOS DO CRISTAL,EMEF CAMPOS DO CRISTAL,89.28571428571429,FALSE,
2025,linha_base_pre_programa,0,ESC_052,,EMEF WENCESLAU FONTOURA,EMEF WENCESLAU FONTOURA,eliane,4,Língua Portuguesa,1ª Avaliação Formativa, 21192411500001135,41,RIO GRANDE DO SUL,PORTO ALEGRE,PORTO ALEGRE,2025_1av_form_HABILIDADES_DESEMPENHO_TURMA_04anos_LP.csv,28,24,86,54,38,25,38,EMEF WENCESLAU FONTOURA,EMEF WENCESLAU FONTOURA,85.71428571428571,FALSE,
2025,linha_base_pre_programa,0,ESC_052,,EMEF WENCESLAU FONTOURA,EMEF WENCESLAU FONTOURA,eliane,4,Língua Portuguesa,1ª Avaliação Formativa, 21192411500001136,42,RIO GRANDE DO SUL,PORTO ALEGRE,PORTO ALEGRE,2025_1av_form_HABILIDADES_DESEMPENHO_TURMA_04anos_LP.csv,30,26,87,58,23,31,46,EMEF WENCESLAU FONTOURA,EMEF WENCESLAU FONTOURA,86.66666666666667,FALSE,
2025,linha_base_pre_programa,0,ESC_052,,EMEF WENCESLAU FONTOURA,EMEF WENCESLAU FONTOURA,eliane,4,Língua Portuguesa,1ª Avaliação Formativa, 21192411500001137,43ALFA,RIO GRANDE DO SUL,PORTO ALEGRE,PORTO ALEGRE,2025_1av_form_HABILIDADES_DESEMPENHO_TURMA_04anos_LP.csv,26,17,65,54,6,82,12,EMEF WENCESLAU FONTOURA,EMEF WENCESLAU FONTOURA,65.38461538461539,FALSE,
2025,linha_base_pre_programa,0,ESC_051,,EMEF VILA MONTE CRISTO,EMEF VILA MONTE CRISTO,graziela,4,Língua Portuguesa,1ª Avaliação Formativa, 21192411500001166,41,RIO GRANDE DO SUL,PORTO ALEGRE,PORTO ALEGRE,2025_1av_form_HABILIDADES_DESEMPENHO_TURMA_04anos_LP.csv,21,15,71,84,7,13,80,EMEF VILA MONTE CRISTO,EMEF VILA MONTE CRISTO,71.42857142857143,FALSE,
2025,linha_base_pre_programa,0,ESC_051,,EMEF VILA MONTE CRISTO,EMEF VILA MONTE CRISTO,graziela,4,Língua Portuguesa,1ª Avaliação Formativa, 21192411500001167,42,RIO GRANDE DO SUL,PORTO ALEGRE,PORTO ALEGRE,2025_1av_form_HABILIDADES_DESEMPENHO_TURMA_04anos_LP.csv,25,19,76,56,26,37,37,EMEF VILA MONTE CRISTO,EMEF VILA MONTE CRISTO,76,FALSE,
2025,linha_base_pre_programa,0,ESC_051,,EMEF VILA MONTE CRISTO,EMEF VILA MONTE CRISTO,graziela,4,Língua Portuguesa,1ª Avaliação Formativa, 21192411500001168,43,RIO GRANDE DO SUL,PORTO ALEGRE,PORTO ALEGRE,2025_1av_form_HABILIDADES_DESEMPENHO_TURMA_04anos_LP.csv,29,23,79,79,13,17,70,EMEF VILA MONTE CRISTO,EMEF VILA MONTE CRISTO,79.3103448275862,FALSE,
2025,linha_base_pre_programa,0,ESC_051,,EMEF VILA MONTE CRISTO,EMEF VILA MONTE CRISTO,graziela,4,Língua Portuguesa,1ª Avaliação Formativa, 21192411500001169,44ALFA,RIO GRANDE DO SUL,PORTO ALEGRE,PORTO ALEGRE,2025_1av_form_HABILIDADES_DESEMPENHO_TURMA_04anos_LP.csv,22,11,50,51,45,18,36,EMEF VILA MONTE CRISTO,EMEF VILA MONTE CRISTO,50,FALSE,
2025,linha_base_pre_programa,0,ESC_028,,EMEF MIGRANTES,EMEF MIGRANTES,nathalia,4,Língua Portuguesa,1ª Avaliação Formativa, 21192411500001194,41,RIO GRANDE DO SUL,PORTO ALEGRE,PORTO ALEGRE,2025_1av_form_HABILIDADES_DESEMPENHO_TURMA_04anos_LP.csv,7,5,71,82,0,40,60,EMEF MIGRANTES,EMEF MIGRANTES,71.42857142857143,FALSE,
2025,linha_base_pre_programa,0,ESC_030,,EMEF MORRO DA CRUZ,EMEF MORRO DA CRUZ,andreia,4,Língua Portuguesa,1ª Avaliação Formativa, 21192411500001212,41,RIO GRANDE DO SUL,PORTO ALEGRE,PORTO ALEGRE,2025_1av_form_HABILIDADES_DESEMPENHO_TURMA_04anos_LP.csv,25,22,88,28,68,9,23,EMEF MORRO DA CRUZ,EMEF MORRO DA CRUZ,88,FALSE,
2025,linha_base_pre_programa,0,ESC_030,,EMEF MORRO DA CRUZ,EMEF MORRO DA CRUZ,andreia,4,Língua Portuguesa,1ª Avaliação Formativa, 21192411500001213,42,RIO GRANDE DO SUL,PORTO ALEGRE,PORTO ALEGRE,2025_1av_form_HABILIDADES_DESEMPENHO_TURMA_04anos_LP.csv,27,22,81,42,50,23,27,EMEF MORRO DA CRUZ,EMEF MORRO DA CRUZ,81.48148148148148,FALSE,
2025,linha_base_pre_programa,0,ESC_030,,EMEF MORRO DA CRUZ,EMEF MORRO DA CRUZ,andreia,4,Língua Portuguesa,1ª Avaliação Formativa, 21192411500001214,43,RIO GRANDE DO SUL,PORTO ALEGRE,PORTO ALEGRE,2025_1av_form_HABILIDADES_DESEMPENHO_TURMA_04anos_LP.csv,27,19,70,38,53,16,32,EMEF MORRO DA CRUZ,EMEF MORRO DA CRUZ,70.37037037037037,FALSE,
2025,linha_base_pre_programa,0,ESC_030,,EMEF MORRO DA CRUZ,EMEF MORRO DA CRUZ,andreia,4,Língua Portuguesa,1ª Avaliação Formativa, 21192411500001215,44,RIO GRANDE DO SUL,PORTO ALEGRE,PORTO ALEGRE,2025_1av_form_HABILIDADES_DESEMPENHO_TURMA_04anos_LP.csv,28,26,93,36,54,23,23,EMEF MORRO DA CRUZ,EMEF MORRO DA CRUZ,92.85714285714286,FALSE,
2025,linha_base_pre_programa,0,ESC_031,,EMEF NEUSA GOULART BRIZOLA,EMEF NEUSA GOULART BRIZOLA,julia,4,Língua Portuguesa,1ª Avaliação Formativa, 21192411500001238,41,RIO GRANDE DO SUL,PORTO ALEGRE,PORTO ALEGRE,2025_1av_form_HABILIDADES_DESEMPENHO_TURMA_04anos_LP.csv,24,20,83,73,15,25,60,EMEF NEUSA GOULART BRIZOLA,EMEF NEUSA GOULART BRIZOLA,83.33333333333333,FALSE,
2025,linha_base_pre_programa,0,ESC_031,,EMEF NEUSA GOULART BRIZOLA,EMEF NEUSA GOULART BRIZOLA,julia,4,Língua Portuguesa,1ª Avaliação Formativa, 21192411500001239,42,RIO GRANDE DO SUL,PORTO ALEGRE,PORTO ALEGRE,2025_1av_form_HABILIDADES_DESEMPENHO_TURMA_04anos_LP.csv,23,18,78,60,33,11,56,EMEF NEUSA GOULART BRIZOLA,EMEF NEUSA GOULART BRIZOLA,78.26086956521739,FALSE,
2025,linha_base_pre_programa,0,ESC_008,,EMEF CHICO MENDES,EMEF CHICO MENDES,eliane,4,Língua Portuguesa,1ª Avaliação Formativa, 21192411500001261,41,RIO GRANDE DO SUL,PORTO ALEGRE,PORTO ALEGRE,2025_1av_form_HABILIDADES_DESEMPENHO_TURMA_04anos_LP.csv,26,21,81,37,52,24,24,EMEF CHICO MENDES,EMEF CHICO MENDES,80.76923076923077,FALSE,
2025,linha_base_pre_programa,0,ESC_008,,EMEF CHICO MENDES,EMEF CHICO MENDES,eliane,4,Língua Portuguesa,1ª Avaliação Formativa, 21192411500001262,42,RIO GRANDE DO SUL,PORTO ALEGRE,PORTO ALEGRE,2025_1av_form_HABILIDADES_DESEMPENHO_TURMA_04anos_LP.csv,27,19,70,58,26,32,42,EMEF CHICO MENDES,EMEF CHICO MENDES,70.37037037037037,FALSE,
2025,linha_base_pre_programa,0,ESC_008,,EMEF CHICO MENDES,EMEF CHICO MENDES,eliane,4,Língua Portuguesa,1ª Avaliação Formativa, 21192411500001263,43,RIO GRANDE DO SUL,PORTO ALEGRE,PORTO ALEGRE,2025_1av_form_HABILIDADES_DESEMPENHO_TURMA_04anos_LP.csv,26,22,85,33,50,32,18,EMEF CHICO MENDES,EMEF CHICO MENDES,84.61538461538461,FALSE,
2025,linha_base_pre_programa,0,ESC_008,,EMEF CHICO MENDES,EMEF CHICO MENDES,eliane,4,Língua Portuguesa,1ª Avaliação Formativa, 21192411500001264,44,RIO GRANDE DO SUL,PORTO ALEGRE,PORTO ALEGRE,2025_1av_form_HABILIDADES_DESEMPENHO_TURMA_04anos_LP.csv,26,19,73,54,37,26,37,EMEF CHICO MENDES,EMEF CHICO MENDES,73.07692307692308,FALSE,
2025,linha_base_pre_programa,0,ESC_008,,EMEF CHICO MENDES,EMEF CHICO MENDES,eliane,4,Língua Portuguesa,1ª Avaliação Formativa, 21192411500001265,45,RIO GRANDE DO SUL,PORTO ALEGRE,PORTO ALEGRE,2025_1av_form_HABILIDADES_DESEMPENHO_TURMA_04anos_LP.csv,23,16,70,51,25,50,25,EMEF CHICO MENDES,EMEF CHICO MENDES,69.56521739130434,FALSE,
2025,linha_base_pre_programa,0,ESC_027,,EMEF MARIO QUINTANA,EMEF MARIO QUINTANA,ruti,4,Língua Portuguesa,1ª Avaliação Formativa, 21192411500001293,41,RIO GRANDE DO SUL,PORTO ALEGRE,PORTO ALEGRE,2025_1av_form_HABILIDADES_DESEMPENHO_TURMA_04anos_LP.csv,25,20,80,44,50,20,30,EMEF MARIO QUINTANA,EMEF MARIO QUINTANA,80,FALSE,
2025,linha_base_pre_programa,0,ESC_027,,EMEF MARIO QUINTANA,EMEF MARIO QUINTANA,ruti,4,Língua Portuguesa,1ª Avaliação Formativa, 21192411500001294,42,RIO GRANDE DO SUL,PORTO ALEGRE,PORTO ALEGRE,2025_1av_form_HABILIDADES_DESEMPENHO_TURMA_04anos_LP.csv,25,21,84,45,43,29,29,EMEF MARIO QUINTANA,EMEF MARIO QUINTANA,84,FALSE,
2025,linha_base_pre_programa,0,ESC_007,,EMEF CHAPEU DO SOL,EMEF CHAPEU DO SOL,ruti,4,Língua Portuguesa,1ª Avaliação Formativa, 21192411500001319,41,RIO GRANDE DO SUL,PORTO ALEGRE,PORTO ALEGRE,2025_1av_form_HABILIDADES_DESEMPENHO_TURMA_04anos_LP.csv,26,21,81,36,43,48,10,EMEF CHAPEU DO SOL,EMEF CHAPEU DO SOL,80.76923076923077,FALSE,
2025,linha_base_pre_programa,0,ESC_007,,EMEF CHAPEU DO SOL,EMEF CHAPEU DO SOL,ruti,4,Língua Portuguesa,1ª Avaliação Formativa, 21192411500001320,42,RIO GRANDE DO SUL,PORTO ALEGRE,PORTO ALEGRE,2025_1av_form_HABILIDADES_DESEMPENHO_TURMA_04anos_LP.csv,27,21,78,58,24,38,38,EMEF CHAPEU DO SOL,EMEF CHAPEU DO SOL,77.77777777777777,FALSE,
2025,linha_base_pre_programa,0,ESC_007,,EMEF CHAPEU DO SOL,EMEF CHAPEU DO SOL,ruti,4,Língua Portuguesa,1ª Avaliação Formativa, 21192411500001321,43,RIO GRANDE DO SUL,PORTO ALEGRE,PORTO ALEGRE,2025_1av_form_HABILIDADES_DESEMPENHO_TURMA_04anos_LP.csv,30,25,83,77,12,24,64,EMEF CHAPEU DO SOL,EMEF CHAPEU DO SOL,83.33333333333333,FALSE,
2025,linha_base_pre_programa,0,ESC_007,,EMEF CHAPEU DO SOL,EMEF CHAPEU DO SOL,ruti,4,Língua Portuguesa,1ª Avaliação Formativa, 21192411500001322,44,RIO GRANDE DO SUL,PORTO ALEGRE,PORTO ALEGRE,2025_1av_form_HABILIDADES_DESEMPENHO_TURMA_04anos_LP.csv,26,15,58,34,40,53,7,EMEF CHAPEU DO SOL,EMEF CHAPEU DO SOL,57.69230769230769,FALSE,
2025,linha_base_pre_programa,0,ESC_047,,EMEF TIMBAUVA,EMEF TIMBAUVA,nathalia,4,Língua Portuguesa,1ª Avaliação Formativa, 21192411500001353,41,RIO GRANDE DO SUL,PORTO ALEGRE,PORTO ALEGRE,2025_1av_form_HABILIDADES_DESEMPENHO_TURMA_04anos_LP.csv,22,17,77,56,35,24,41,EMEF TIMBAUVA,EMEF TIMBAUVA,77.27272727272727,FALSE,
2025,linha_base_pre_programa,0,ESC_047,,EMEF TIMBAUVA,EMEF TIMBAUVA,nathalia,4,Língua Portuguesa,1ª Avaliação Formativa, 21192411500001354,42,RIO GRANDE DO SUL,PORTO ALEGRE,PORTO ALEGRE,2025_1av_form_HABILIDADES_DESEMPENHO_TURMA_04anos_LP.csv,24,19,79,60,26,32,42,EMEF TIMBAUVA,EMEF TIMBAUVA,79.16666666666667,FALSE,
2025,linha_base_pre_programa,0,ESC_047,,EMEF TIMBAUVA,EMEF TIMBAUVA,nathalia,4,Língua Portuguesa,1ª Avaliação Formativa, 21192411500001355,43,RIO GRANDE DO SUL,PORTO ALEGRE,PORTO ALEGRE,2025_1av_form_HABILIDADES_DESEMPENHO_TURMA_04anos_LP.csv,22,15,68,45,47,27,27,EMEF TIMBAUVA,EMEF TIMBAUVA,68.18181818181819,FALSE,
2025,linha_base_pre_programa,0,ESC_056,,EEF ALDEIA LUMIAR,6002 EEF ALDEIA LUMIAR,,4,Língua Portuguesa,1ª Avaliação Formativa, 21192411500001380,41 - F2A,RIO GRANDE DO SUL,PORTO ALEGRE,PORTO ALEGRE,2025_1av_form_HABILIDADES_DESEMPENHO_TURMA_04anos_LP.csv,8,5,63,84,0,40,60,EEF ALDEIA LUMIAR,EEF ALDEIA LUMIAR,62.5,TRUE,a_confirmar
2025,linha_base_pre_programa,0,ESC_056,,EEF ALDEIA LUMIAR,6002 EEF ALDEIA LUMIAR,,4,Língua Portuguesa,1ª Avaliação Formativa, 21192411500001381,41 - F2B,RIO GRANDE DO SUL,PORTO ALEGRE,PORTO ALEGRE,2025_1av_form_HABILIDADES_DESEMPENHO_TURMA_04anos_LP.csv,12,11,92,75,9,27,64,EEF ALDEIA LUMIAR,EEF ALDEIA LUMIAR,91.66666666666667,TRUE,a_confirmar
2025,linha_base_pre_programa,0,ESC_033,,EMEF NOSSA SENHORA DO CARMO,EMEF NOSSA SENHORA DO CARMO,amanda,4,Língua Portuguesa,1ª Avaliação Formativa, 21192411500001401,41,RIO GRANDE DO SUL,PORTO ALEGRE,PORTO ALEGRE,2025_1av_form_HABILIDADES_DESEMPENHO_TURMA_04anos_LP.csv,30,23,77,67,17,30,52,EMEF NOSSA SENHORA DO CARMO,EMEF NOSSA SENHORA DO CARMO,76.66666666666667,FALSE,
2025,linha_base_pre_programa,0,ESC_033,,EMEF NOSSA SENHORA DO CARMO,EMEF NOSSA SENHORA DO CARMO,amanda,4,Língua Portuguesa,1ª Avaliação Formativa, 21192411500001402,42,RIO GRANDE DO SUL,PORTO ALEGRE,PORTO ALEGRE,2025_1av_form_HABILIDADES_DESEMPENHO_TURMA_04anos_LP.csv,30,26,87,52,31,31,38,EMEF NOSSA SENHORA DO CARMO,EMEF NOSSA SENHORA DO CARMO,86.66666666666667,FALSE,
2025,linha_base_pre_programa,0,ESC_033,,EMEF NOSSA SENHORA DO CARMO,EMEF NOSSA SENHORA DO CARMO,amanda,4,Língua Portuguesa,1ª Avaliação Formativa, 21192411500001403,43,RIO GRANDE DO SUL,PORTO ALEGRE,PORTO ALEGRE,2025_1av_form_HABILIDADES_DESEMPENHO_TURMA_04anos_LP.csv,30,28,93,42,43,36,21,EMEF NOSSA SENHORA DO CARMO,EMEF NOSSA SENHORA DO CARMO,93.33333333333333,FALSE,
2025,linha_base_pre_programa,0,ESC_021,,EMEF JOAO CARLOS DAVILA PAIXAO CORTES - LACADOR,EMEF JOAO CARLOS D AVILA PAIXAO CORTES (LACADOR),julia,4,Língua Portuguesa,1ª Avaliação Formativa, 21192411500001423,41,RIO GRANDE DO SUL,PORTO ALEGRE,PORTO ALEGRE,2025_1av_form_HABILIDADES_DESEMPENHO_TURMA_04anos_LP.csv,23,19,83,75,26,5,68,EMEF JOAO CARLOS D AVILA PAIXAO CORTES (LACADOR),EMEF JOAO CARLOS D AVILA PAIXAO CORTES LACADOR,82.6086956521739,FALSE,
2025,linha_base_pre_programa,0,ESC_043,,EMEF RINCAO,EMEF RINCAO,jalize,4,Língua Portuguesa,1ª Avaliação Formativa, 21192411500001430,41,RIO GRANDE DO SUL,PORTO ALEGRE,PORTO ALEGRE,2025_1av_form_HABILIDADES_DESEMPENHO_TURMA_04anos_LP.csv,27,23,85,59,35,17,48,EMEF RINCAO,EMEF RINCAO,85.18518518518519,FALSE,
2025,linha_base_pre_programa,0,ESC_043,,EMEF RINCAO,EMEF RINCAO,jalize,4,Língua Portuguesa,1ª Avaliação Formativa, 21192411500001431,42,RIO GRANDE DO SUL,PORTO ALEGRE,PORTO ALEGRE,2025_1av_form_HABILIDADES_DESEMPENHO_TURMA_04anos_LP.csv,28,26,93,54,27,35,38,EMEF RINCAO,EMEF RINCAO,92.85714285714286,FALSE,
2025,linha_base_pre_programa,0,ESC_029,,EMEF MORADAS DA HIPICA,EMEF MORADAS DA HIPICA,amanda,4,Língua Portuguesa,1ª Avaliação Formativa, 21192411500001453,41,RIO GRANDE DO SUL,PORTO ALEGRE,PORTO ALEGRE,2025_1av_form_HABILIDADES_DESEMPENHO_TURMA_04anos_LP.csv,28,25,89,76,12,20,68,EMEF MORADAS DA HIPICA,EMEF MORADAS DA HIPICA,89.28571428571429,FALSE,
2025,linha_base_pre_programa,0,ESC_029,,EMEF MORADAS DA HIPICA,EMEF MORADAS DA HIPICA,amanda,4,Língua Portuguesa,1ª Avaliação Formativa, 21192411500001454,42,RIO GRANDE DO SUL,PORTO ALEGRE,PORTO ALEGRE,2025_1av_form_HABILIDADES_DESEMPENHO_TURMA_04anos_LP.csv,25,22,88,88,9,5,86,EMEF MORADAS DA HIPICA,EMEF MORADAS DA HIPICA,88,FALSE,
2025,linha_base_pre_programa,0,ESC_029,,EMEF MORADAS DA HIPICA,EMEF MORADAS DA HIPICA,amanda,4,Língua Portuguesa,1ª Avaliação Formativa, 21192411500001455,43,RIO GRANDE DO SUL,PORTO ALEGRE,PORTO ALEGRE,2025_1av_form_HABILIDADES_DESEMPENHO_TURMA_04anos_LP.csv,28,28,100,83,7,18,75,EMEF MORADAS DA HIPICA,EMEF MORADAS DA HIPICA,100,FALSE,
2025,linha_base_pre_programa,0,ESC_029,,EMEF MORADAS DA HIPICA,EMEF MORADAS DA HIPICA,amanda,4,Língua Portuguesa,1ª Avaliação Formativa, 21192411500001456,44,RIO GRANDE DO SUL,PORTO ALEGRE,PORTO ALEGRE,2025_1av_form_HABILIDADES_DESEMPENHO_TURMA_04anos_LP.csv,26,21,81,82,5,29,67,EMEF MORADAS DA HIPICA,EMEF MORADAS DA HIPICA,80.76923076923077,FALSE,
2025,linha_base_pre_programa,0,ESC_035,,EMEF PORTO NOVO,EMEF PORTO NOVO,marian,5,Língua Portuguesa,1ª Avaliação Formativa, 21192411500000009,51,RIO GRANDE DO SUL,PORTO ALEGRE,PORTO ALEGRE,2025_1av_form_HABILIDADES_DESEMPENHO_TURMA_05anos_LP.csv,23,20,87,57,15,55,30,EMEF PORTO NOVO,EMEF PORTO NOVO,86.95652173913044,FALSE,
2025,linha_base_pre_programa,0,ESC_035,,EMEF PORTO NOVO,EMEF PORTO NOVO,marian,5,Língua Portuguesa,1ª Avaliação Formativa, 21192411500000010,52,RIO GRANDE DO SUL,PORTO ALEGRE,PORTO ALEGRE,2025_1av_form_HABILIDADES_DESEMPENHO_TURMA_05anos_LP.csv,23,19,83,52,32,21,47,EMEF PORTO NOVO,EMEF PORTO NOVO,82.6086956521739,FALSE,
2025,linha_base_pre_programa,0,ESC_053,,EMEM EMILIO MEYER,EMEM EMILIO MEYER,ruti,5,Língua Portuguesa,1ª Avaliação Formativa, 21192411500000039,51ALFA,RIO GRANDE DO SUL,PORTO ALEGRE,PORTO ALEGRE,2025_1av_form_HABILIDADES_DESEMPENHO_TURMA_05anos_LP.csv,23,18,78,33,56,28,17,EMEM EMILIO MEYER,EMEM EMILIO MEYER,78.26086956521739,FALSE,
2025,linha_base_pre_programa,0,ESC_053,,EMEM EMILIO MEYER,EMEM EMILIO MEYER,ruti,5,Língua Portuguesa,1ª Avaliação Formativa, 21192411500000040,52,RIO GRANDE DO SUL,PORTO ALEGRE,PORTO ALEGRE,2025_1av_form_HABILIDADES_DESEMPENHO_TURMA_05anos_LP.csv,22,18,82,66,28,11,61,EMEM EMILIO MEYER,EMEM EMILIO MEYER,81.81818181818181,FALSE,
2025,linha_base_pre_programa,0,ESC_053,,EMEM EMILIO MEYER,EMEM EMILIO MEYER,ruti,5,Língua Portuguesa,1ª Avaliação Formativa, 21192411500000041,53,RIO GRANDE DO SUL,PORTO ALEGRE,PORTO ALEGRE,2025_1av_form_HABILIDADES_DESEMPENHO_TURMA_05anos_LP.csv,23,22,96,74,14,18,68,EMEM EMILIO MEYER,EMEM EMILIO MEYER,95.65217391304348,FALSE,
2025,linha_base_pre_programa,0,ESC_055,,ESCOLA DE ENSINO FUNDAMENTAL MADRE RAFFO,ESCOLA DE ENSINO FUNDAMENTAL MADRE RAFFO,outras,5,Língua Portuguesa,1ª Avaliação Formativa, 21192411500000056,5A,RIO GRANDE DO SUL,PORTO ALEGRE,PORTO ALEGRE,2025_1av_form_HABILIDADES_DESEMPENHO_TURMA_05anos_LP.csv,10,10,100,81,0,30,70,ESCOLA DE ENSINO FUNDAMENTAL MADRE RAFFO,ESCOLA DE ENSINO FUNDAMENTAL MADRE RAFFO,100,FALSE,
2025,linha_base_pre_programa,0,ESC_001,,EEF PEQUENA CASA DA CRIANCA,6001 EEF PEQUENA CASA DA CRIANCA,outras,5,Língua Portuguesa,1ª Avaliação Formativa, 21192411500000074,50,RIO GRANDE DO SUL,PORTO ALEGRE,PORTO ALEGRE,2025_1av_form_HABILIDADES_DESEMPENHO_TURMA_05anos_LP.csv,15,12,80,72,0,42,58,EEF PEQUENA CASA DA CRIANCA,EEF PEQUENA CASA DA CRIANCA,80,FALSE,
2025,linha_base_pre_programa,0,ESC_001,,EEF PEQUENA CASA DA CRIANCA,6001 EEF PEQUENA CASA DA CRIANCA,outras,5,Língua Portuguesa,1ª Avaliação Formativa, 21192411500000075,51,RIO GRANDE DO SUL,PORTO ALEGRE,PORTO ALEGRE,2025_1av_form_HABILIDADES_DESEMPENHO_TURMA_05anos_LP.csv,14,8,57,77,0,50,50,EEF PEQUENA CASA DA CRIANCA,EEF PEQUENA CASA DA CRIANCA,57.142857142857146,FALSE,
2025,linha_base_pre_programa,0,ESC_003,,EMEF AFONSO GUERREIRO LIMA,EMEF AFONSO GUERREIRO LIMA,graziela,5,Língua Portuguesa,1ª Avaliação Formativa, 21192411500000094,51,RIO GRANDE DO SUL,PORTO ALEGRE,PORTO ALEGRE,2025_1av_form_HABILIDADES_DESEMPENHO_TURMA_05anos_LP.csv,27,23,85,61,22,22,57,EMEF AFONSO GUERREIRO LIMA,EMEF AFONSO GUERREIRO LIMA,85.18518518518519,FALSE,
2025,linha_base_pre_programa,0,ESC_003,,EMEF AFONSO GUERREIRO LIMA,EMEF AFONSO GUERREIRO LIMA,graziela,5,Língua Portuguesa,1ª Avaliação Formativa, 21192411500000095,52,RIO GRANDE DO SUL,PORTO ALEGRE,PORTO ALEGRE,2025_1av_form_HABILIDADES_DESEMPENHO_TURMA_05anos_LP.csv,27,21,78,64,19,24,57,EMEF AFONSO GUERREIRO LIMA,EMEF AFONSO GUERREIRO LIMA,77.77777777777777,FALSE,
2025,linha_base_pre_programa,0,ESC_003,,EMEF AFONSO GUERREIRO LIMA,EMEF AFONSO GUERREIRO LIMA,graziela,5,Língua Portuguesa,1ª Avaliação Formativa, 21192411500000096,53,RIO GRANDE DO SUL,PORTO ALEGRE,PORTO ALEGRE,2025_1av_form_HABILIDADES_DESEMPENHO_TURMA_05anos_LP.csv,27,25,93,56,28,20,52,EMEF AFONSO GUERREIRO LIMA,EMEF AFONSO GUERREIRO LIMA,92.5925925925926,FALSE,
2025,linha_base_pre_programa,0,ESC_004,,EMEF AMERICA,EMEF AMERICA,nathalia,5,Língua Portuguesa,1ª Avaliação Formativa, 21192411500000117,51,RIO GRANDE DO SUL,PORTO ALEGRE,PORTO ALEGRE,2025_1av_form_HABILIDADES_DESEMPENHO_TURMA_05anos_LP.csv,28,26,93,59,27,27,46,EMEF AMERICA,EMEF AMERICA,92.85714285714286,FALSE,
2025,linha_base_pre_programa,0,ESC_004,,EMEF AMERICA,EMEF AMERICA,nathalia,5,Língua Portuguesa,1ª Avaliação Formativa, 21192411500000118,52,RIO GRANDE DO SUL,PORTO ALEGRE,PORTO ALEGRE,2025_1av_form_HABILIDADES_DESEMPENHO_TURMA_05anos_LP.csv,26,20,77,46,35,40,25,EMEF AMERICA,EMEF AMERICA,76.92307692307692,FALSE,
2025,linha_base_pre_programa,0,ESC_005,,EMEF ARAMY SILVA,EMEF ARAMY SILVA,priscila,5,Língua Portuguesa,1ª Avaliação Formativa, 21192411500000143,51,RIO GRANDE DO SUL,PORTO ALEGRE,PORTO ALEGRE,2025_1av_form_HABILIDADES_DESEMPENHO_TURMA_05anos_LP.csv,27,24,89,80,13,8,79,EMEF ARAMY SILVA,EMEF ARAMY SILVA,88.88888888888889,FALSE,
2025,linha_base_pre_programa,0,ESC_005,,EMEF ARAMY SILVA,EMEF ARAMY SILVA,priscila,5,Língua Portuguesa,1ª Avaliação Formativa, 21192411500000144,52,RIO GRANDE DO SUL,PORTO ALEGRE,PORTO ALEGRE,2025_1av_form_HABILIDADES_DESEMPENHO_TURMA_05anos_LP.csv,21,18,86,76,11,28,61,EMEF ARAMY SILVA,EMEF ARAMY SILVA,85.71428571428571,FALSE,
2025,linha_base_pre_programa,0,ESC_005,,EMEF ARAMY SILVA,EMEF ARAMY SILVA,priscila,5,Língua Portuguesa,1ª Avaliação Formativa, 21192411500000145,53,RIO GRANDE DO SUL,PORTO ALEGRE,PORTO ALEGRE,2025_1av_form_HABILIDADES_DESEMPENHO_TURMA_05anos_LP.csv,22,19,86,66,11,37,53,EMEF ARAMY SILVA,EMEF ARAMY SILVA,86.36363636363636,FALSE,
2025,linha_base_pre_programa,0,ESC_005,,EMEF ARAMY SILVA,EMEF ARAMY SILVA,priscila,5,Língua Portuguesa,1ª Avaliação Formativa, 21192411500000146,54,RIO GRANDE DO SUL,PORTO ALEGRE,PORTO ALEGRE,2025_1av_form_HABILIDADES_DESEMPENHO_TURMA_05anos_LP.csv,20,16,80,69,13,25,63,EMEF ARAMY SILVA,EMEF ARAMY SILVA,80,FALSE,
2025,linha_base_pre_programa,0,ESC_009,,EMEF DECIO MARTINS COSTA,EMEF DECIO MARTINS COSTA,nathalia,5,Língua Portuguesa,1ª Avaliação Formativa, 21192411500000178,51,RIO GRANDE DO SUL,PORTO ALEGRE,PORTO ALEGRE,2025_1av_form_HABILIDADES_DESEMPENHO_TURMA_05anos_LP.csv,25,21,84,71,19,19,62,EMEF DECIO MARTINS COSTA,EMEF DECIO MARTINS COSTA,84,FALSE,
2025,linha_base_pre_programa,0,ESC_009,,EMEF DECIO MARTINS COSTA,EMEF DECIO MARTINS COSTA,nathalia,5,Língua Portuguesa,1ª Avaliação Formativa, 21192411500000179,52,RIO GRANDE DO SUL,PORTO ALEGRE,PORTO ALEGRE,2025_1av_form_HABILIDADES_DESEMPENHO_TURMA_05anos_LP.csv,28,26,93,75,15,15,69,EMEF DECIO MARTINS COSTA,EMEF DECIO MARTINS COSTA,92.85714285714286,FALSE,
2025,linha_base_pre_programa,0,ESC_009,,EMEF DECIO MARTINS COSTA,EMEF DECIO MARTINS COSTA,nathalia,5,Língua Portuguesa,1ª Avaliação Formativa, 21192411500000180,53,RIO GRANDE DO SUL,PORTO ALEGRE,PORTO ALEGRE,2025_1av_form_HABILIDADES_DESEMPENHO_TURMA_05anos_LP.csv,27,22,81,61,23,32,45,EMEF DECIO MARTINS COSTA,EMEF DECIO MARTINS COSTA,81.48148148148148,FALSE,
2025,linha_base_pre_programa,0,ESC_009,,EMEF DECIO MARTINS COSTA,EMEF DECIO MARTINS COSTA,nathalia,5,Língua Portuguesa,1ª Avaliação Formativa, 21192411500000181,54,RIO GRANDE DO SUL,PORTO ALEGRE,PORTO ALEGRE,2025_1av_form_HABILIDADES_DESEMPENHO_TURMA_05anos_LP.csv,26,23,88,73,17,13,70,EMEF DECIO MARTINS COSTA,EMEF DECIO MARTINS COSTA,88.46153846153847,FALSE,
2025,linha_base_pre_programa,0,ESC_012,,EMEF DOLORES ALCARAZ CALDAS,EMEF DOLORES ALCARAZ CALDAS,jalize,5,Língua Portuguesa,1ª Avaliação Formativa, 21192411500000219,51,RIO GRANDE DO SUL,PORTO ALEGRE,PORTO ALEGRE,2025_1av_form_HABILIDADES_DESEMPENHO_TURMA_05anos_LP.csv,32,28,88,70,14,29,57,EMEF DOLORES ALCARAZ CALDAS,EMEF DOLORES ALCARAZ CALDAS,87.5,FALSE,
2025,linha_base_pre_programa,0,ESC_012,,EMEF DOLORES ALCARAZ CALDAS,EMEF DOLORES ALCARAZ CALDAS,jalize,5,Língua Portuguesa,1ª Avaliação Formativa, 21192411500000220,52,RIO GRANDE DO SUL,PORTO ALEGRE,PORTO ALEGRE,2025_1av_form_HABILIDADES_DESEMPENHO_TURMA_05anos_LP.csv,31,29,94,54,31,28,41,EMEF DOLORES ALCARAZ CALDAS,EMEF DOLORES ALCARAZ CALDAS,93.54838709677419,FALSE,
2025,linha_base_pre_programa,0,ESC_012,,EMEF DOLORES ALCARAZ CALDAS,EMEF DOLORES ALCARAZ CALDAS,jalize,5,Língua Portuguesa,1ª Avaliação Formativa, 21192411500000221,53,RIO GRANDE DO SUL,PORTO ALEGRE,PORTO ALEGRE,2025_1av_form_HABILIDADES_DESEMPENHO_TURMA_05anos_LP.csv,31,26,84,63,27,19,54,EMEF DOLORES ALCARAZ CALDAS,EMEF DOLORES ALCARAZ CALDAS,83.87096774193549,FALSE,
2025,linha_base_pre_programa,0,ESC_022,,EMEF JOSE LOUREIRO DA SILVA,EMEF JOSE LOUREIRO DA SILVA,jalize,5,Língua Portuguesa,1ª Avaliação Formativa, 21192411500000254,51,RIO GRANDE DO SUL,PORTO ALEGRE,PORTO ALEGRE,2025_1av_form_HABILIDADES_DESEMPENHO_TURMA_05anos_LP.csv,24,17,71,53,35,24,41,EMEF JOSE LOUREIRO DA SILVA,EMEF JOSE LOUREIRO DA SILVA,70.83333333333333,FALSE,
2025,linha_base_pre_programa,0,ESC_022,,EMEF JOSE LOUREIRO DA SILVA,EMEF JOSE LOUREIRO DA SILVA,jalize,5,Língua Portuguesa,1ª Avaliação Formativa, 21192411500000255,52,RIO GRANDE DO SUL,PORTO ALEGRE,PORTO ALEGRE,2025_1av_form_HABILIDADES_DESEMPENHO_TURMA_05anos_LP.csv,25,19,76,51,37,21,42,EMEF JOSE LOUREIRO DA SILVA,EMEF JOSE LOUREIRO DA SILVA,76,FALSE,
2025,linha_base_pre_programa,0,ESC_022,,EMEF JOSE LOUREIRO DA SILVA,EMEF JOSE LOUREIRO DA SILVA,jalize,5,Língua Portuguesa,1ª Avaliação Formativa, 21192411500000256,53,RIO GRANDE DO SUL,PORTO ALEGRE,PORTO ALEGRE,2025_1av_form_HABILIDADES_DESEMPENHO_TURMA_05anos_LP.csv,26,17,65,43,35,41,24,EMEF JOSE LOUREIRO DA SILVA,EMEF JOSE LOUREIRO DA SILVA,65.38461538461539,FALSE,
2025,linha_base_pre_programa,0,ESC_022,,EMEF JOSE LOUREIRO DA SILVA,EMEF JOSE LOUREIRO DA SILVA,jalize,5,Língua Portuguesa,1ª Avaliação Formativa, 21192411500000257,54,RIO GRANDE DO SUL,PORTO ALEGRE,PORTO ALEGRE,2025_1av_form_HABILIDADES_DESEMPENHO_TURMA_05anos_LP.csv,25,19,76,47,47,11,42,EMEF JOSE LOUREIRO DA SILVA,EMEF JOSE LOUREIRO DA SILVA,76,FALSE,
2025,linha_base_pre_programa,0,ESC_002,,EMEB DR LIBERATO SALZANO VIEIRA DA CUNHA,EMEB DR LIBERATO SALZANO VIEIRA DA CUNHA,clarissa,5,Língua Portuguesa,1ª Avaliação Formativa, 21192411500000295,51,RIO GRANDE DO SUL,PORTO ALEGRE,PORTO ALEGRE,2025_1av_form_HABILIDADES_DESEMPENHO_TURMA_05anos_LP.csv,23,19,83,71,11,26,63,EMEB DR LIBERATO SALZANO VIEIRA DA CUNHA,EMEB DR LIBERATO SALZANO VIEIRA DA CUNHA,82.6086956521739,FALSE,
2025,linha_base_pre_programa,0,ESC_002,,EMEB DR LIBERATO SALZANO VIEIRA DA CUNHA,EMEB DR LIBERATO SALZANO VIEIRA DA CUNHA,clarissa,5,Língua Portuguesa,1ª Avaliação Formativa, 21192411500000296,52ALFA,RIO GRANDE DO SUL,PORTO ALEGRE,PORTO ALEGRE,2025_1av_form_HABILIDADES_DESEMPENHO_TURMA_05anos_LP.csv,20,14,70,32,50,36,14,EMEB DR LIBERATO SALZANO VIEIRA DA CUNHA,EMEB DR LIBERATO SALZANO VIEIRA DA CUNHA,70,FALSE,
2025,linha_base_pre_programa,0,ESC_002,,EMEB DR LIBERATO SALZANO VIEIRA DA CUNHA,EMEB DR LIBERATO SALZANO VIEIRA DA CUNHA,clarissa,5,Língua Portuguesa,1ª Avaliação Formativa, 21192411500000297,53,RIO GRANDE DO SUL,PORTO ALEGRE,PORTO ALEGRE,2025_1av_form_HABILIDADES_DESEMPENHO_TURMA_05anos_LP.csv,19,15,79,76,13,7,80,EMEB DR LIBERATO SALZANO VIEIRA DA CUNHA,EMEB DR LIBERATO SALZANO VIEIRA DA CUNHA,78.94736842105263,FALSE,
2025,linha_base_pre_programa,0,ESC_002,,EMEB DR LIBERATO SALZANO VIEIRA DA CUNHA,EMEB DR LIBERATO SALZANO VIEIRA DA CUNHA,clarissa,5,Língua Portuguesa,1ª Avaliação Formativa, 21192411500000298,54,RIO GRANDE DO SUL,PORTO ALEGRE,PORTO ALEGRE,2025_1av_form_HABILIDADES_DESEMPENHO_TURMA_05anos_LP.csv,20,14,70,75,7,21,71,EMEB DR LIBERATO SALZANO VIEIRA DA CUNHA,EMEB DR LIBERATO SALZANO VIEIRA DA CUNHA,70,FALSE,
2025,linha_base_pre_programa,0,ESC_032,,EMEF NOSSA SENHORA DE FATIMA,EMEF NOSSA SENHORA DE FATIMA,amanda,5,Língua Portuguesa,1ª Avaliação Formativa, 21192411500000327,51,RIO GRANDE DO SUL,PORTO ALEGRE,PORTO ALEGRE,2025_1av_form_HABILIDADES_DESEMPENHO_TURMA_05anos_LP.csv,31,28,90,61,14,50,36,EMEF NOSSA SENHORA DE FATIMA,EMEF NOSSA SENHORA DE FATIMA,90.3225806451613,FALSE,
2025,linha_base_pre_programa,0,ESC_032,,EMEF NOSSA SENHORA DE FATIMA,EMEF NOSSA SENHORA DE FATIMA,amanda,5,Língua Portuguesa,1ª Avaliação Formativa, 21192411500000328,52,RIO GRANDE DO SUL,PORTO ALEGRE,PORTO ALEGRE,2025_1av_form_HABILIDADES_DESEMPENHO_TURMA_05anos_LP.csv,25,24,96,64,17,33,50,EMEF NOSSA SENHORA DE FATIMA,EMEF NOSSA SENHORA DE FATIMA,96,FALSE,
2025,linha_base_pre_programa,0,ESC_032,,EMEF NOSSA SENHORA DE FATIMA,EMEF NOSSA SENHORA DE FATIMA,amanda,5,Língua Portuguesa,1ª Avaliação Formativa, 21192411500000329,53,RIO GRANDE DO SUL,PORTO ALEGRE,PORTO ALEGRE,2025_1av_form_HABILIDADES_DESEMPENHO_TURMA_05anos_LP.csv,21,15,71,32,53,40,7,EMEF NOSSA SENHORA DE FATIMA,EMEF NOSSA SENHORA DE FATIMA,71.42857142857143,FALSE,
2025,linha_base_pre_programa,0,ESC_034,,EMEF PEPITA DE LEAO,EMEF PEPITA DE LEAO,nathalia,5,Língua Portuguesa,1ª Avaliação Formativa, 21192411500000352,51,RIO GRANDE DO SUL,PORTO ALEGRE,PORTO ALEGRE,2025_1av_form_HABILIDADES_DESEMPENHO_TURMA_05anos_LP.csv,22,15,68,59,20,47,33,EMEF PEPITA DE LEAO,EMEF PEPITA DE LEAO,68.18181818181819,FALSE,
2025,linha_base_pre_programa,0,ESC_034,,EMEF PEPITA DE LEAO,EMEF PEPITA DE LEAO,nathalia,5,Língua Portuguesa,1ª Avaliação Formativa, 21192411500000353,52,RIO GRANDE DO SUL,PORTO ALEGRE,PORTO ALEGRE,2025_1av_form_HABILIDADES_DESEMPENHO_TURMA_05anos_LP.csv,27,24,89,74,13,21,67,EMEF PEPITA DE LEAO,EMEF PEPITA DE LEAO,88.88888888888889,FALSE,
2025,linha_base_pre_programa,0,ESC_037,,EMEF PRESIDENTE VARGAS,EMEF PRESIDENTE VARGAS,eliane,5,Língua Portuguesa,1ª Avaliação Formativa, 21192411500000370,51,RIO GRANDE DO SUL,PORTO ALEGRE,PORTO ALEGRE,2025_1av_form_HABILIDADES_DESEMPENHO_TURMA_05anos_LP.csv,27,22,81,77,9,23,68,EMEF PRESIDENTE VARGAS,EMEF PRESIDENTE VARGAS,81.48148148148148,FALSE,
2025,linha_base_pre_programa,0,ESC_037,,EMEF PRESIDENTE VARGAS,EMEF PRESIDENTE VARGAS,eliane,5,Língua Portuguesa,1ª Avaliação Formativa, 21192411500000371,52,RIO GRANDE DO SUL,PORTO ALEGRE,PORTO ALEGRE,2025_1av_form_HABILIDADES_DESEMPENHO_TURMA_05anos_LP.csv,26,22,85,50,45,9,45,EMEF PRESIDENTE VARGAS,EMEF PRESIDENTE VARGAS,84.61538461538461,FALSE,
2025,linha_base_pre_programa,0,ESC_018,,EMEF HEITOR VILLA LOBOS,EMEF HEITOR VILLA LOBOS,jalize,5,Língua Portuguesa,1ª Avaliação Formativa, 21192411500000395,51,RIO GRANDE DO SUL,PORTO ALEGRE,PORTO ALEGRE,2025_1av_form_HABILIDADES_DESEMPENHO_TURMA_05anos_LP.csv,27,22,81,56,27,32,41,EMEF HEITOR VILLA LOBOS,EMEF HEITOR VILLA LOBOS,81.48148148148148,FALSE,
2025,linha_base_pre_programa,0,ESC_018,,EMEF HEITOR VILLA LOBOS,EMEF HEITOR VILLA LOBOS,jalize,5,Língua Portuguesa,1ª Avaliação Formativa, 21192411500000396,52,RIO GRANDE DO SUL,PORTO ALEGRE,PORTO ALEGRE,2025_1av_form_HABILIDADES_DESEMPENHO_TURMA_05anos_LP.csv,26,23,88,58,26,26,48,EMEF HEITOR VILLA LOBOS,EMEF HEITOR VILLA LOBOS,88.46153846153847,FALSE,
2025,linha_base_pre_programa,0,ESC_018,,EMEF HEITOR VILLA LOBOS,EMEF HEITOR VILLA LOBOS,jalize,5,Língua Portuguesa,1ª Avaliação Formativa, 21192411500000397,53,RIO GRANDE DO SUL,PORTO ALEGRE,PORTO ALEGRE,2025_1av_form_HABILIDADES_DESEMPENHO_TURMA_05anos_LP.csv,24,20,83,64,25,20,55,EMEF HEITOR VILLA LOBOS,EMEF HEITOR VILLA LOBOS,83.33333333333333,FALSE,
2025,linha_base_pre_programa,0,ESC_018,,EMEF HEITOR VILLA LOBOS,EMEF HEITOR VILLA LOBOS,jalize,5,Língua Portuguesa,1ª Avaliação Formativa, 21192411500000398,54,RIO GRANDE DO SUL,PORTO ALEGRE,PORTO ALEGRE,2025_1av_form_HABILIDADES_DESEMPENHO_TURMA_05anos_LP.csv,27,23,85,68,22,4,74,EMEF HEITOR VILLA LOBOS,EMEF HEITOR VILLA LOBOS,85.18518518518519,FALSE,
2025,linha_base_pre_programa,0,ESC_054,,ESC EST ENS FUN PROFESSORA LEOPOLDA BARNEWITZ,EMEB PROFESSORA LEOPOLDA BARNEWITZ,julia,5,Língua Portuguesa,1ª Avaliação Formativa, 21192411500000416,51,RIO GRANDE DO SUL,PORTO ALEGRE,PORTO ALEGRE,2025_1av_form_HABILIDADES_DESEMPENHO_TURMA_05anos_LP.csv,25,21,84,72,19,19,62,EMEB PROFESSORA LEOPOLDA BARNEWITZ,EMEB PROFESSORA LEOPOLDA BARNEWITZ,84,FALSE,
2025,linha_base_pre_programa,0,ESC_016,,EMEF GOV ILDO MENEGHETTI,EMEF GOV ILDO MENEGHETTI,clarissa,5,Língua Portuguesa,1ª Avaliação Formativa, 21192411500000436,51,RIO GRANDE DO SUL,PORTO ALEGRE,PORTO ALEGRE,2025_1av_form_HABILIDADES_DESEMPENHO_TURMA_05anos_LP.csv,27,24,89,60,25,33,42,EMEF GOV ILDO MENEGHETTI,EMEF GOV ILDO MENEGHETTI,88.88888888888889,FALSE,
2025,linha_base_pre_programa,0,ESC_016,,EMEF GOV ILDO MENEGHETTI,EMEF GOV ILDO MENEGHETTI,clarissa,5,Língua Portuguesa,1ª Avaliação Formativa, 21192411500000437,52,RIO GRANDE DO SUL,PORTO ALEGRE,PORTO ALEGRE,2025_1av_form_HABILIDADES_DESEMPENHO_TURMA_05anos_LP.csv,27,22,81,63,18,27,55,EMEF GOV ILDO MENEGHETTI,EMEF GOV ILDO MENEGHETTI,81.48148148148148,FALSE,
2025,linha_base_pre_programa,0,ESC_016,,EMEF GOV ILDO MENEGHETTI,EMEF GOV ILDO MENEGHETTI,clarissa,5,Língua Portuguesa,1ª Avaliação Formativa, 21192411500000438,53,RIO GRANDE DO SUL,PORTO ALEGRE,PORTO ALEGRE,2025_1av_form_HABILIDADES_DESEMPENHO_TURMA_05anos_LP.csv,20,19,95,68,16,26,58,EMEF GOV ILDO MENEGHETTI,EMEF GOV ILDO MENEGHETTI,95,FALSE,
2025,linha_base_pre_programa,0,ESC_016,,EMEF GOV ILDO MENEGHETTI,EMEF GOV ILDO MENEGHETTI,clarissa,5,Língua Portuguesa,1ª Avaliação Formativa, 21192411500000439,54,RIO GRANDE DO SUL,PORTO ALEGRE,PORTO ALEGRE,2025_1av_form_HABILIDADES_DESEMPENHO_TURMA_05anos_LP.csv,23,20,87,67,15,25,60,EMEF GOV ILDO MENEGHETTI,EMEF GOV ILDO MENEGHETTI,86.95652173913044,FALSE,
2025,linha_base_pre_programa,0,ESC_016,,EMEF GOV ILDO MENEGHETTI,EMEF GOV ILDO MENEGHETTI,clarissa,5,Língua Portuguesa,1ª Avaliação Formativa, 21192411500000440,55,RIO GRANDE DO SUL,PORTO ALEGRE,PORTO ALEGRE,2025_1av_form_HABILIDADES_DESEMPENHO_TURMA_05anos_LP.csv,22,16,73,16,81,13,6,EMEF GOV ILDO MENEGHETTI,EMEF GOV ILDO MENEGHETTI,72.72727272727273,FALSE,
2025,linha_base_pre_programa,0,ESC_046,,EMEF SEN ALBERTO PASQUALINI,EMEF SEN ALBERTO PASQUALINI,julia,5,Língua Portuguesa,1ª Avaliação Formativa, 21192411500000473,51,RIO GRANDE DO SUL,PORTO ALEGRE,PORTO ALEGRE,2025_1av_form_HABILIDADES_DESEMPENHO_TURMA_05anos_LP.csv,25,18,72,65,17,33,50,EMEF SEN ALBERTO PASQUALINI,EMEF SEN ALBERTO PASQUALINI,72,FALSE,
2025,linha_base_pre_programa,0,ESC_046,,EMEF SEN ALBERTO PASQUALINI,EMEF SEN ALBERTO PASQUALINI,julia,5,Língua Portuguesa,1ª Avaliação Formativa, 21192411500000474,52,RIO GRANDE DO SUL,PORTO ALEGRE,PORTO ALEGRE,2025_1av_form_HABILIDADES_DESEMPENHO_TURMA_05anos_LP.csv,25,18,72,68,22,11,67,EMEF SEN ALBERTO PASQUALINI,EMEF SEN ALBERTO PASQUALINI,72,FALSE,
2025,linha_base_pre_programa,0,ESC_046,,EMEF SEN ALBERTO PASQUALINI,EMEF SEN ALBERTO PASQUALINI,julia,5,Língua Portuguesa,1ª Avaliação Formativa, 21192411500000475,53,RIO GRANDE DO SUL,PORTO ALEGRE,PORTO ALEGRE,2025_1av_form_HABILIDADES_DESEMPENHO_TURMA_05anos_LP.csv,25,22,88,75,14,23,64,EMEF SEN ALBERTO PASQUALINI,EMEF SEN ALBERTO PASQUALINI,88,FALSE,
2025,linha_base_pre_programa,0,ESC_046,,EMEF SEN ALBERTO PASQUALINI,EMEF SEN ALBERTO PASQUALINI,julia,5,Língua Portuguesa,1ª Avaliação Formativa, 21192411500000476,54,RIO GRANDE DO SUL,PORTO ALEGRE,PORTO ALEGRE,2025_1av_form_HABILIDADES_DESEMPENHO_TURMA_05anos_LP.csv,25,19,76,79,5,21,74,EMEF SEN ALBERTO PASQUALINI,EMEF SEN ALBERTO PASQUALINI,76,FALSE,
2025,linha_base_pre_programa,0,ESC_046,,EMEF SEN ALBERTO PASQUALINI,EMEF SEN ALBERTO PASQUALINI,julia,5,Língua Portuguesa,1ª Avaliação Formativa, 21192411500000477,55,RIO GRANDE DO SUL,PORTO ALEGRE,PORTO ALEGRE,2025_1av_form_HABILIDADES_DESEMPENHO_TURMA_05anos_LP.csv,26,21,81,55,24,48,29,EMEF SEN ALBERTO PASQUALINI,EMEF SEN ALBERTO PASQUALINI,80.76923076923077,FALSE,
2025,linha_base_pre_programa,0,ESC_036,,EMEF PRES JOAO BELCHIOR MARQUES GOULART,EMEF PRES JOAO BELCHIOR MARQUES GOULART,marian,5,Língua Portuguesa,1ª Avaliação Formativa, 21192411500000510,51,RIO GRANDE DO SUL,PORTO ALEGRE,PORTO ALEGRE,2025_1av_form_HABILIDADES_DESEMPENHO_TURMA_05anos_LP.csv,20,12,60,58,8,58,33,EMEF PRES JOAO BELCHIOR MARQUES GOULART,EMEF PRES JOAO BELCHIOR MARQUES GOULART,60,FALSE,
2025,linha_base_pre_programa,0,ESC_036,,EMEF PRES JOAO BELCHIOR MARQUES GOULART,EMEF PRES JOAO BELCHIOR MARQUES GOULART,marian,5,Língua Portuguesa,1ª Avaliação Formativa, 21192411500000511,52,RIO GRANDE DO SUL,PORTO ALEGRE,PORTO ALEGRE,2025_1av_form_HABILIDADES_DESEMPENHO_TURMA_05anos_LP.csv,18,12,67,61,8,58,33,EMEF PRES JOAO BELCHIOR MARQUES GOULART,EMEF PRES JOAO BELCHIOR MARQUES GOULART,66.66666666666667,FALSE,
2025,linha_base_pre_programa,0,ESC_036,,EMEF PRES JOAO BELCHIOR MARQUES GOULART,EMEF PRES JOAO BELCHIOR MARQUES GOULART,marian,5,Língua Portuguesa,1ª Avaliação Formativa, 21192411500001844,55,RIO GRANDE DO SUL,PORTO ALEGRE,PORTO ALEGRE,2025_1av_form_HABILIDADES_DESEMPENHO_TURMA_05anos_LP.csv,12,12,100,51,33,33,33,EMEF PRES JOAO BELCHIOR MARQUES GOULART,EMEF PRES JOAO BELCHIOR MARQUES GOULART,100,FALSE,
2025,linha_base_pre_programa,0,ESC_017,,EMEF GRANDE ORIENTE DO RGS,EMEF GRANDE ORIENTE DO RGS,andreia,5,Língua Portuguesa,1ª Avaliação Formativa, 21192411500000538,51,RIO GRANDE DO SUL,PORTO ALEGRE,PORTO ALEGRE,2025_1av_form_HABILIDADES_DESEMPENHO_TURMA_05anos_LP.csv,28,22,79,42,50,14,36,EMEF GRANDE ORIENTE DO RGS,EMEF GRANDE ORIENTE DO RGS,78.57142857142857,FALSE,
2025,linha_base_pre_programa,0,ESC_017,,EMEF GRANDE ORIENTE DO RGS,EMEF GRANDE ORIENTE DO RGS,andreia,5,Língua Portuguesa,1ª Avaliação Formativa, 21192411500000539,52,RIO GRANDE DO SUL,PORTO ALEGRE,PORTO ALEGRE,2025_1av_form_HABILIDADES_DESEMPENHO_TURMA_05anos_LP.csv,27,21,78,62,33,5,62,EMEF GRANDE ORIENTE DO RGS,EMEF GRANDE ORIENTE DO RGS,77.77777777777777,FALSE,
2025,linha_base_pre_programa,0,ESC_017,,EMEF GRANDE ORIENTE DO RGS,EMEF GRANDE ORIENTE DO RGS,andreia,5,Língua Portuguesa,1ª Avaliação Formativa, 21192411500000540,53,RIO GRANDE DO SUL,PORTO ALEGRE,PORTO ALEGRE,2025_1av_form_HABILIDADES_DESEMPENHO_TURMA_05anos_LP.csv,22,15,68,39,40,33,27,EMEF GRANDE ORIENTE DO RGS,EMEF GRANDE ORIENTE DO RGS,68.18181818181819,FALSE,
2025,linha_base_pre_programa,0,ESC_017,,EMEF GRANDE ORIENTE DO RGS,EMEF GRANDE ORIENTE DO RGS,andreia,5,Língua Portuguesa,1ª Avaliação Formativa, 21192411500000541,54,RIO GRANDE DO SUL,PORTO ALEGRE,PORTO ALEGRE,2025_1av_form_HABILIDADES_DESEMPENHO_TURMA_05anos_LP.csv,22,18,82,55,33,11,56,EMEF GRANDE ORIENTE DO RGS,EMEF GRANDE ORIENTE DO RGS,81.81818181818181,FALSE,
2025,linha_base_pre_programa,0,ESC_041,,EMEF PROF JUDITH MACEDO DE ARAUJO,EMEF PROF JUDITH MACEDO DE ARAUJO,graziela,5,Língua Portuguesa,1ª Avaliação Formativa, 21192411500000568,51,RIO GRANDE DO SUL,PORTO ALEGRE,PORTO ALEGRE,2025_1av_form_HABILIDADES_DESEMPENHO_TURMA_05anos_LP.csv,30,30,100,72,10,23,67,EMEF PROF JUDITH MACEDO DE ARAUJO,EMEF PROF JUDITH MACEDO DE ARAUJO,100,FALSE,
2025,linha_base_pre_programa,0,ESC_041,,EMEF PROF JUDITH MACEDO DE ARAUJO,EMEF PROF JUDITH MACEDO DE ARAUJO,graziela,5,Língua Portuguesa,1ª Avaliação Formativa, 21192411500000569,52,RIO GRANDE DO SUL,PORTO ALEGRE,PORTO ALEGRE,2025_1av_form_HABILIDADES_DESEMPENHO_TURMA_05anos_LP.csv,30,27,90,81,7,15,78,EMEF PROF JUDITH MACEDO DE ARAUJO,EMEF PROF JUDITH MACEDO DE ARAUJO,90,FALSE,
2025,linha_base_pre_programa,0,ESC_025,,EMEF LEOCADIA FELIZARDO PRESTES,EMEF LEOCADIA FELIZARDO PRESTES,graziela,5,Língua Portuguesa,1ª Avaliação Formativa, 21192411500000591,51,RIO GRANDE DO SUL,PORTO ALEGRE,PORTO ALEGRE,2025_1av_form_HABILIDADES_DESEMPENHO_TURMA_05anos_LP.csv,27,20,74,51,40,15,45,EMEF LEOCADIA FELIZARDO PRESTES,EMEF LEOCADIA FELIZARDO PRESTES,74.07407407407408,FALSE,
2025,linha_base_pre_programa,0,ESC_025,,EMEF LEOCADIA FELIZARDO PRESTES,EMEF LEOCADIA FELIZARDO PRESTES,graziela,5,Língua Portuguesa,1ª Avaliação Formativa, 21192411500000592,52,RIO GRANDE DO SUL,PORTO ALEGRE,PORTO ALEGRE,2025_1av_form_HABILIDADES_DESEMPENHO_TURMA_05anos_LP.csv,28,22,79,61,27,36,36,EMEF LEOCADIA FELIZARDO PRESTES,EMEF LEOCADIA FELIZARDO PRESTES,78.57142857142857,FALSE,
2025,linha_base_pre_programa,0,ESC_025,,EMEF LEOCADIA FELIZARDO PRESTES,EMEF LEOCADIA FELIZARDO PRESTES,graziela,5,Língua Portuguesa,1ª Avaliação Formativa, 21192411500000593,53ALFA,RIO GRANDE DO SUL,PORTO ALEGRE,PORTO ALEGRE,2025_1av_form_HABILIDADES_DESEMPENHO_TURMA_05anos_LP.csv,20,12,60,18,83,8,8,EMEF LEOCADIA FELIZARDO PRESTES,EMEF LEOCADIA FELIZARDO PRESTES,60,FALSE,
2025,linha_base_pre_programa,0,ESC_040,,EMEF PROF GILBERTO JORGE GONCALVES DA SILVA,EMEF PROF GILBERTO JORGE GONCALVES DA SILVA,ruti,5,Língua Portuguesa,1ª Avaliação Formativa, 21192411500000604,51,RIO GRANDE DO SUL,PORTO ALEGRE,PORTO ALEGRE,2025_1av_form_HABILIDADES_DESEMPENHO_TURMA_05anos_LP.csv,19,12,63,59,33,8,58,EMEF PROF GILBERTO JORGE GONCALVES DA SILVA,EMEF PROF GILBERTO JORGE GONCALVES DA SILVA,63.1578947368421,FALSE,
2025,linha_base_pre_programa,0,ESC_049,,EMEF VER CARLOS PESSOA DE BRUM,EMEF VER CARLOS PESSOA DE BRUM,priscila,5,Língua Portuguesa,1ª Avaliação Formativa, 21192411500000628,51,RIO GRANDE DO SUL,PORTO ALEGRE,PORTO ALEGRE,2025_1av_form_HABILIDADES_DESEMPENHO_TURMA_05anos_LP.csv,26,23,88,41,52,13,35,EMEF VER CARLOS PESSOA DE BRUM,EMEF VER CARLOS PESSOA DE BRUM,88.46153846153847,FALSE,
2025,linha_base_pre_programa,0,ESC_049,,EMEF VER CARLOS PESSOA DE BRUM,EMEF VER CARLOS PESSOA DE BRUM,priscila,5,Língua Portuguesa,1ª Avaliação Formativa, 21192411500000629,52,RIO GRANDE DO SUL,PORTO ALEGRE,PORTO ALEGRE,2025_1av_form_HABILIDADES_DESEMPENHO_TURMA_05anos_LP.csv,28,23,82,64,22,22,57,EMEF VER CARLOS PESSOA DE BRUM,EMEF VER CARLOS PESSOA DE BRUM,82.14285714285714,FALSE,
2025,linha_base_pre_programa,0,ESC_049,,EMEF VER CARLOS PESSOA DE BRUM,EMEF VER CARLOS PESSOA DE BRUM,priscila,5,Língua Portuguesa,1ª Avaliação Formativa, 21192411500000630,53,RIO GRANDE DO SUL,PORTO ALEGRE,PORTO ALEGRE,2025_1av_form_HABILIDADES_DESEMPENHO_TURMA_05anos_LP.csv,30,25,83,61,16,40,44,EMEF VER CARLOS PESSOA DE BRUM,EMEF VER CARLOS PESSOA DE BRUM,83.33333333333333,FALSE,
2025,linha_base_pre_programa,0,ESC_049,,EMEF VER CARLOS PESSOA DE BRUM,EMEF VER CARLOS PESSOA DE BRUM,priscila,5,Língua Portuguesa,1ª Avaliação Formativa, 21192411500000631,54,RIO GRANDE DO SUL,PORTO ALEGRE,PORTO ALEGRE,2025_1av_form_HABILIDADES_DESEMPENHO_TURMA_05anos_LP.csv,26,19,73,74,11,26,63,EMEF VER CARLOS PESSOA DE BRUM,EMEF VER CARLOS PESSOA DE BRUM,73.07692307692308,FALSE,
2025,linha_base_pre_programa,0,ESC_042,,EMEF PROF LARRY JOSE RIBEIRO ALVES,EMEF PROF LARRY JOSE RIBEIRO ALVES,amanda,5,Língua Portuguesa,1ª Avaliação Formativa, 21192411500000660,51,RIO GRANDE DO SUL,PORTO ALEGRE,PORTO ALEGRE,2025_1av_form_HABILIDADES_DESEMPENHO_TURMA_05anos_LP.csv,27,20,74,68,25,15,60,EMEF PROF LARRY JOSE RIBEIRO ALVES,EMEF PROF LARRY JOSE RIBEIRO ALVES,74.07407407407408,FALSE,
2025,linha_base_pre_programa,0,ESC_042,,EMEF PROF LARRY JOSE RIBEIRO ALVES,EMEF PROF LARRY JOSE RIBEIRO ALVES,amanda,5,Língua Portuguesa,1ª Avaliação Formativa, 21192411500000661,52,RIO GRANDE DO SUL,PORTO ALEGRE,PORTO ALEGRE,2025_1av_form_HABILIDADES_DESEMPENHO_TURMA_05anos_LP.csv,29,27,93,77,11,15,74,EMEF PROF LARRY JOSE RIBEIRO ALVES,EMEF PROF LARRY JOSE RIBEIRO ALVES,93.10344827586206,FALSE,
2025,linha_base_pre_programa,0,ESC_042,,EMEF PROF LARRY JOSE RIBEIRO ALVES,EMEF PROF LARRY JOSE RIBEIRO ALVES,amanda,5,Língua Portuguesa,1ª Avaliação Formativa, 21192411500000662,53,RIO GRANDE DO SUL,PORTO ALEGRE,PORTO ALEGRE,2025_1av_form_HABILIDADES_DESEMPENHO_TURMA_05anos_LP.csv,29,24,83,59,29,17,54,EMEF PROF LARRY JOSE RIBEIRO ALVES,EMEF PROF LARRY JOSE RIBEIRO ALVES,82.75862068965517,FALSE,
2025,linha_base_pre_programa,0,ESC_050,,EMEF VER MARTIM ARANHA,EMEF VER MARTIM ARANHA,priscila,5,Língua Portuguesa,1ª Avaliação Formativa, 21192411500000687,51,RIO GRANDE DO SUL,PORTO ALEGRE,PORTO ALEGRE,2025_1av_form_HABILIDADES_DESEMPENHO_TURMA_05anos_LP.csv,26,20,77,60,25,25,50,EMEF VER MARTIM ARANHA,EMEF VER MARTIM ARANHA,76.92307692307692,FALSE,
2025,linha_base_pre_programa,0,ESC_050,,EMEF VER MARTIM ARANHA,EMEF VER MARTIM ARANHA,priscila,5,Língua Portuguesa,1ª Avaliação Formativa, 21192411500000688,52,RIO GRANDE DO SUL,PORTO ALEGRE,PORTO ALEGRE,2025_1av_form_HABILIDADES_DESEMPENHO_TURMA_05anos_LP.csv,26,22,85,67,5,50,45,EMEF VER MARTIM ARANHA,EMEF VER MARTIM ARANHA,84.61538461538461,FALSE,
2025,linha_base_pre_programa,0,ESC_050,,EMEF VER MARTIM ARANHA,EMEF VER MARTIM ARANHA,priscila,5,Língua Portuguesa,1ª Avaliação Formativa, 21192411500000689,53,RIO GRANDE DO SUL,PORTO ALEGRE,PORTO ALEGRE,2025_1av_form_HABILIDADES_DESEMPENHO_TURMA_05anos_LP.csv,24,21,88,61,24,29,48,EMEF VER MARTIM ARANHA,EMEF VER MARTIM ARANHA,87.5,FALSE,
2025,linha_base_pre_programa,0,ESC_010,,EMEF DEP MARCIRIO GOULART LOUREIRO,EMEF DEP MARCIRIO GOULART LOUREIRO,marian,5,Língua Portuguesa,1ª Avaliação Formativa, 21192411500000718,51,RIO GRANDE DO SUL,PORTO ALEGRE,PORTO ALEGRE,2025_1av_form_HABILIDADES_DESEMPENHO_TURMA_05anos_LP.csv,30,24,80,55,33,21,46,EMEF DEP MARCIRIO GOULART LOUREIRO,EMEF DEP MARCIRIO GOULART LOUREIRO,80,FALSE,
2025,linha_base_pre_programa,0,ESC_010,,EMEF DEP MARCIRIO GOULART LOUREIRO,EMEF DEP MARCIRIO GOULART LOUREIRO,marian,5,Língua Portuguesa,1ª Avaliação Formativa, 21192411500000719,52,RIO GRANDE DO SUL,PORTO ALEGRE,PORTO ALEGRE,2025_1av_form_HABILIDADES_DESEMPENHO_TURMA_05anos_LP.csv,30,19,63,27,68,16,16,EMEF DEP MARCIRIO GOULART LOUREIRO,EMEF DEP MARCIRIO GOULART LOUREIRO,63.333333333333336,FALSE,
2025,linha_base_pre_programa,0,ESC_010,,EMEF DEP MARCIRIO GOULART LOUREIRO,EMEF DEP MARCIRIO GOULART LOUREIRO,marian,5,Língua Portuguesa,1ª Avaliação Formativa, 21192411500000720,53,RIO GRANDE DO SUL,PORTO ALEGRE,PORTO ALEGRE,2025_1av_form_HABILIDADES_DESEMPENHO_TURMA_05anos_LP.csv,29,20,69,25,70,20,10,EMEF DEP MARCIRIO GOULART LOUREIRO,EMEF DEP MARCIRIO GOULART LOUREIRO,68.96551724137932,FALSE,
2025,linha_base_pre_programa,0,ESC_010,,EMEF DEP MARCIRIO GOULART LOUREIRO,EMEF DEP MARCIRIO GOULART LOUREIRO,marian,5,Língua Portuguesa,1ª Avaliação Formativa, 21192411500000721,54,RIO GRANDE DO SUL,PORTO ALEGRE,PORTO ALEGRE,2025_1av_form_HABILIDADES_DESEMPENHO_TURMA_05anos_LP.csv,27,18,67,53,33,33,33,EMEF DEP MARCIRIO GOULART LOUREIRO,EMEF DEP MARCIRIO GOULART LOUREIRO,66.66666666666667,FALSE,
2025,linha_base_pre_programa,0,ESC_026,,EMEF LIDOVINO FANTON,EMEF LIDOVINO FANTON,julia,5,Língua Portuguesa,1ª Avaliação Formativa, 21192411500000752,51,RIO GRANDE DO SUL,PORTO ALEGRE,PORTO ALEGRE,2025_1av_form_HABILIDADES_DESEMPENHO_TURMA_05anos_LP.csv,30,25,83,61,24,32,44,EMEF LIDOVINO FANTON,EMEF LIDOVINO FANTON,83.33333333333333,FALSE,
2025,linha_base_pre_programa,0,ESC_026,,EMEF LIDOVINO FANTON,EMEF LIDOVINO FANTON,julia,5,Língua Portuguesa,1ª Avaliação Formativa, 21192411500000753,52,RIO GRANDE DO SUL,PORTO ALEGRE,PORTO ALEGRE,2025_1av_form_HABILIDADES_DESEMPENHO_TURMA_05anos_LP.csv,28,19,68,60,16,32,53,EMEF LIDOVINO FANTON,EMEF LIDOVINO FANTON,67.85714285714286,FALSE,
2025,linha_base_pre_programa,0,ESC_026,,EMEF LIDOVINO FANTON,EMEF LIDOVINO FANTON,julia,5,Língua Portuguesa,1ª Avaliação Formativa, 21192411500000754,53,RIO GRANDE DO SUL,PORTO ALEGRE,PORTO ALEGRE,2025_1av_form_HABILIDADES_DESEMPENHO_TURMA_05anos_LP.csv,21,17,81,26,65,18,18,EMEF LIDOVINO FANTON,EMEF LIDOVINO FANTON,80.95238095238095,FALSE,
2025,linha_base_pre_programa,0,ESC_026,,EMEF LIDOVINO FANTON,EMEF LIDOVINO FANTON,julia,5,Língua Portuguesa,1ª Avaliação Formativa, 21192411500000755,54,RIO GRANDE DO SUL,PORTO ALEGRE,PORTO ALEGRE,2025_1av_form_HABILIDADES_DESEMPENHO_TURMA_05anos_LP.csv,28,26,93,53,27,35,38,EMEF LIDOVINO FANTON,EMEF LIDOVINO FANTON,92.85714285714286,FALSE,
2025,linha_base_pre_programa,0,ESC_038,,EMEF PROF ANA IRIS DO AMARAL,EMEF PROF ANA IRIS DO AMARAL,eliane,5,Língua Portuguesa,1ª Avaliação Formativa, 21192411500000778,51,RIO GRANDE DO SUL,PORTO ALEGRE,PORTO ALEGRE,2025_1av_form_HABILIDADES_DESEMPENHO_TURMA_05anos_LP.csv,21,20,95,83,10,15,75,EMEF PROF ANA IRIS DO AMARAL,EMEF PROF ANA IRIS DO AMARAL,95.23809523809524,FALSE,
2025,linha_base_pre_programa,0,ESC_038,,EMEF PROF ANA IRIS DO AMARAL,EMEF PROF ANA IRIS DO AMARAL,eliane,5,Língua Portuguesa,1ª Avaliação Formativa, 21192411500000779,52,RIO GRANDE DO SUL,PORTO ALEGRE,PORTO ALEGRE,2025_1av_form_HABILIDADES_DESEMPENHO_TURMA_05anos_LP.csv,22,20,91,82,15,5,80,EMEF PROF ANA IRIS DO AMARAL,EMEF PROF ANA IRIS DO AMARAL,90.9090909090909,FALSE,
2025,linha_base_pre_programa,0,ESC_024,,EMEF LAURO RODRIGUES,EMEF LAURO RODRIGUES,clarissa,5,Língua Portuguesa,1ª Avaliação Formativa, 21192411500000801,51,RIO GRANDE DO SUL,PORTO ALEGRE,PORTO ALEGRE,2025_1av_form_HABILIDADES_DESEMPENHO_TURMA_05anos_LP.csv,28,26,93,79,8,12,81,EMEF LAURO RODRIGUES,EMEF LAURO RODRIGUES,92.85714285714286,FALSE,
2025,linha_base_pre_programa,0,ESC_024,,EMEF LAURO RODRIGUES,EMEF LAURO RODRIGUES,clarissa,5,Língua Portuguesa,1ª Avaliação Formativa, 21192411500000802,52,RIO GRANDE DO SUL,PORTO ALEGRE,PORTO ALEGRE,2025_1av_form_HABILIDADES_DESEMPENHO_TURMA_05anos_LP.csv,26,22,85,76,9,23,68,EMEF LAURO RODRIGUES,EMEF LAURO RODRIGUES,84.61538461538461,FALSE,
2025,linha_base_pre_programa,0,ESC_024,,EMEF LAURO RODRIGUES,EMEF LAURO RODRIGUES,clarissa,5,Língua Portuguesa,1ª Avaliação Formativa, 21192411500000803,53,RIO GRANDE DO SUL,PORTO ALEGRE,PORTO ALEGRE,2025_1av_form_HABILIDADES_DESEMPENHO_TURMA_05anos_LP.csv,19,16,84,65,19,25,56,EMEF LAURO RODRIGUES,EMEF LAURO RODRIGUES,84.21052631578948,FALSE,
2025,linha_base_pre_programa,0,ESC_020,,EMEF JOAO ANTONIO SATTE,EMEF JOAO ANTONIO SATTE,eliane,5,Língua Portuguesa,1ª Avaliação Formativa, 21192411500000829,51,RIO GRANDE DO SUL,PORTO ALEGRE,PORTO ALEGRE,2025_1av_form_HABILIDADES_DESEMPENHO_TURMA_05anos_LP.csv,27,20,74,62,20,25,55,EMEF JOAO ANTONIO SATTE,EMEF JOAO ANTONIO SATTE,74.07407407407408,FALSE,
2025,linha_base_pre_programa,0,ESC_020,,EMEF JOAO ANTONIO SATTE,EMEF JOAO ANTONIO SATTE,eliane,5,Língua Portuguesa,1ª Avaliação Formativa, 21192411500000830,52,RIO GRANDE DO SUL,PORTO ALEGRE,PORTO ALEGRE,2025_1av_form_HABILIDADES_DESEMPENHO_TURMA_05anos_LP.csv,26,17,65,70,18,24,59,EMEF JOAO ANTONIO SATTE,EMEF JOAO ANTONIO SATTE,65.38461538461539,FALSE,
2025,linha_base_pre_programa,0,ESC_020,,EMEF JOAO ANTONIO SATTE,EMEF JOAO ANTONIO SATTE,eliane,5,Língua Portuguesa,1ª Avaliação Formativa, 21192411500000831,53,RIO GRANDE DO SUL,PORTO ALEGRE,PORTO ALEGRE,2025_1av_form_HABILIDADES_DESEMPENHO_TURMA_05anos_LP.csv,24,19,79,60,16,37,47,EMEF JOAO ANTONIO SATTE,EMEF JOAO ANTONIO SATTE,79.16666666666667,FALSE,
2025,linha_base_pre_programa,0,ESC_020,,EMEF JOAO ANTONIO SATTE,EMEF JOAO ANTONIO SATTE,eliane,5,Língua Portuguesa,1ª Avaliação Formativa, 21192411500000832,54,RIO GRANDE DO SUL,PORTO ALEGRE,PORTO ALEGRE,2025_1av_form_HABILIDADES_DESEMPENHO_TURMA_05anos_LP.csv,24,21,88,77,14,19,67,EMEF JOAO ANTONIO SATTE,EMEF JOAO ANTONIO SATTE,87.5,FALSE,
2025,linha_base_pre_programa,0,ESC_011,,EMEF DEP VICTOR ISSLER,EMEF DEP VICTOR ISSLER,clarissa,5,Língua Portuguesa,1ª Avaliação Formativa, 21192411500000867,51,RIO GRANDE DO SUL,PORTO ALEGRE,PORTO ALEGRE,2025_1av_form_HABILIDADES_DESEMPENHO_TURMA_05anos_LP.csv,27,22,81,70,14,23,64,EMEF DEP VICTOR ISSLER,EMEF DEP VICTOR ISSLER,81.48148148148148,FALSE,
2025,linha_base_pre_programa,0,ESC_011,,EMEF DEP VICTOR ISSLER,EMEF DEP VICTOR ISSLER,clarissa,5,Língua Portuguesa,1ª Avaliação Formativa, 21192411500000868,52,RIO GRANDE DO SUL,PORTO ALEGRE,PORTO ALEGRE,2025_1av_form_HABILIDADES_DESEMPENHO_TURMA_05anos_LP.csv,29,25,86,75,12,20,68,EMEF DEP VICTOR ISSLER,EMEF DEP VICTOR ISSLER,86.20689655172414,FALSE,
2025,linha_base_pre_programa,0,ESC_011,,EMEF DEP VICTOR ISSLER,EMEF DEP VICTOR ISSLER,clarissa,5,Língua Portuguesa,1ª Avaliação Formativa, 21192411500000869,53,RIO GRANDE DO SUL,PORTO ALEGRE,PORTO ALEGRE,2025_1av_form_HABILIDADES_DESEMPENHO_TURMA_05anos_LP.csv,30,27,90,77,11,15,74,EMEF DEP VICTOR ISSLER,EMEF DEP VICTOR ISSLER,90,FALSE,
2025,linha_base_pre_programa,0,ESC_011,,EMEF DEP VICTOR ISSLER,EMEF DEP VICTOR ISSLER,clarissa,5,Língua Portuguesa,1ª Avaliação Formativa, 21192411500000870,54,RIO GRANDE DO SUL,PORTO ALEGRE,PORTO ALEGRE,2025_1av_form_HABILIDADES_DESEMPENHO_TURMA_05anos_LP.csv,27,23,85,44,48,22,30,EMEF DEP VICTOR ISSLER,EMEF DEP VICTOR ISSLER,85.18518518518519,FALSE,
2025,linha_base_pre_programa,0,ESC_015,,EMEF GABRIEL OBINO,EMEF GABRIEL OBINO,amanda,5,Língua Portuguesa,1ª Avaliação Formativa, 21192411500000897,51,RIO GRANDE DO SUL,PORTO ALEGRE,PORTO ALEGRE,2025_1av_form_HABILIDADES_DESEMPENHO_TURMA_05anos_LP.csv,30,23,77,62,22,22,57,EMEF GABRIEL OBINO,EMEF GABRIEL OBINO,76.66666666666667,FALSE,
2025,linha_base_pre_programa,0,ESC_015,,EMEF GABRIEL OBINO,EMEF GABRIEL OBINO,amanda,5,Língua Portuguesa,1ª Avaliação Formativa, 21192411500000898,52,RIO GRANDE DO SUL,PORTO ALEGRE,PORTO ALEGRE,2025_1av_form_HABILIDADES_DESEMPENHO_TURMA_05anos_LP.csv,16,12,75,69,17,33,50,EMEF GABRIEL OBINO,EMEF GABRIEL OBINO,75,FALSE,
2025,linha_base_pre_programa,0,ESC_015,,EMEF GABRIEL OBINO,EMEF GABRIEL OBINO,amanda,5,Língua Portuguesa,1ª Avaliação Formativa, 21192411500000899,53,RIO GRANDE DO SUL,PORTO ALEGRE,PORTO ALEGRE,2025_1av_form_HABILIDADES_DESEMPENHO_TURMA_05anos_LP.csv,14,13,93,33,54,31,15,EMEF GABRIEL OBINO,EMEF GABRIEL OBINO,92.85714285714286,FALSE,
2025,linha_base_pre_programa,0,ESC_044,,EMEF SAINT HILAIRE,EMEF SAINT HILAIRE,andreia,5,Língua Portuguesa,1ª Avaliação Formativa, 21192411500000926,51,RIO GRANDE DO SUL,PORTO ALEGRE,PORTO ALEGRE,2025_1av_form_HABILIDADES_DESEMPENHO_TURMA_05anos_LP.csv,26,23,88,62,22,35,43,EMEF SAINT HILAIRE,EMEF SAINT HILAIRE,88.46153846153847,FALSE,
2025,linha_base_pre_programa,0,ESC_044,,EMEF SAINT HILAIRE,EMEF SAINT HILAIRE,andreia,5,Língua Portuguesa,1ª Avaliação Formativa, 21192411500000927,52,RIO GRANDE DO SUL,PORTO ALEGRE,PORTO ALEGRE,2025_1av_form_HABILIDADES_DESEMPENHO_TURMA_05anos_LP.csv,28,23,82,65,13,39,48,EMEF SAINT HILAIRE,EMEF SAINT HILAIRE,82.14285714285714,FALSE,
2025,linha_base_pre_programa,0,ESC_044,,EMEF SAINT HILAIRE,EMEF SAINT HILAIRE,andreia,5,Língua Portuguesa,1ª Avaliação Formativa, 21192411500000928,53,RIO GRANDE DO SUL,PORTO ALEGRE,PORTO ALEGRE,2025_1av_form_HABILIDADES_DESEMPENHO_TURMA_05anos_LP.csv,24,15,63,67,13,40,47,EMEF SAINT HILAIRE,EMEF SAINT HILAIRE,62.5,FALSE,
2025,linha_base_pre_programa,0,ESC_044,,EMEF SAINT HILAIRE,EMEF SAINT HILAIRE,andreia,5,Língua Portuguesa,1ª Avaliação Formativa, 21192411500000929,54,RIO GRANDE DO SUL,PORTO ALEGRE,PORTO ALEGRE,2025_1av_form_HABILIDADES_DESEMPENHO_TURMA_05anos_LP.csv,21,19,90,40,58,11,32,EMEF SAINT HILAIRE,EMEF SAINT HILAIRE,90.47619047619048,FALSE,
2025,linha_base_pre_programa,0,ESC_045,,EMEF SAO PEDRO,EMEF SAO PEDRO,marian,5,Língua Portuguesa,1ª Avaliação Formativa, 21192411500000964,51,RIO GRANDE DO SUL,PORTO ALEGRE,PORTO ALEGRE,2025_1av_form_HABILIDADES_DESEMPENHO_TURMA_05anos_LP.csv,29,25,86,70,12,32,56,EMEF SAO PEDRO,EMEF SAO PEDRO,86.20689655172414,FALSE,
2025,linha_base_pre_programa,0,ESC_045,,EMEF SAO PEDRO,EMEF SAO PEDRO,marian,5,Língua Portuguesa,1ª Avaliação Formativa, 21192411500000965,52,RIO GRANDE DO SUL,PORTO ALEGRE,PORTO ALEGRE,2025_1av_form_HABILIDADES_DESEMPENHO_TURMA_05anos_LP.csv,26,24,92,60,25,21,54,EMEF SAO PEDRO,EMEF SAO PEDRO,92.3076923076923,FALSE,
2025,linha_base_pre_programa,0,ESC_045,,EMEF SAO PEDRO,EMEF SAO PEDRO,marian,5,Língua Portuguesa,1ª Avaliação Formativa, 21192411500000966,53,RIO GRANDE DO SUL,PORTO ALEGRE,PORTO ALEGRE,2025_1av_form_HABILIDADES_DESEMPENHO_TURMA_05anos_LP.csv,27,22,81,68,14,36,50,EMEF SAO PEDRO,EMEF SAO PEDRO,81.48148148148148,FALSE,
2025,linha_base_pre_programa,0,ESC_045,,EMEF SAO PEDRO,EMEF SAO PEDRO,marian,5,Língua Portuguesa,1ª Avaliação Formativa, 21192411500000967,54,RIO GRANDE DO SUL,PORTO ALEGRE,PORTO ALEGRE,2025_1av_form_HABILIDADES_DESEMPENHO_TURMA_05anos_LP.csv,25,19,76,64,32,16,53,EMEF SAO PEDRO,EMEF SAO PEDRO,76,FALSE,
2025,linha_base_pre_programa,0,ESC_023,,EMEF JOSE MARIANO BECK,EMEF JOSE MARIANO BECK,nathalia,5,Língua Portuguesa,1ª Avaliação Formativa, 21192411500000996,51,RIO GRANDE DO SUL,PORTO ALEGRE,PORTO ALEGRE,2025_1av_form_HABILIDADES_DESEMPENHO_TURMA_05anos_LP.csv,22,13,59,64,15,23,62,EMEF JOSE MARIANO BECK,EMEF JOSE MARIANO BECK,59.09090909090909,FALSE,
2025,linha_base_pre_programa,0,ESC_023,,EMEF JOSE MARIANO BECK,EMEF JOSE MARIANO BECK,nathalia,5,Língua Portuguesa,1ª Avaliação Formativa, 21192411500000997,52,RIO GRANDE DO SUL,PORTO ALEGRE,PORTO ALEGRE,2025_1av_form_HABILIDADES_DESEMPENHO_TURMA_05anos_LP.csv,15,6,40,43,33,33,33,EMEF JOSE MARIANO BECK,EMEF JOSE MARIANO BECK,40,FALSE,
2025,linha_base_pre_programa,0,ESC_023,,EMEF JOSE MARIANO BECK,EMEF JOSE MARIANO BECK,nathalia,5,Língua Portuguesa,1ª Avaliação Formativa, 21192411500000998,53ALFA,RIO GRANDE DO SUL,PORTO ALEGRE,PORTO ALEGRE,2025_1av_form_HABILIDADES_DESEMPENHO_TURMA_05anos_LP.csv,20,17,85,29,59,24,18,EMEF JOSE MARIANO BECK,EMEF JOSE MARIANO BECK,85,FALSE,
2025,linha_base_pre_programa,0,ESC_019,,EMEF JEAN PIAGET,EMEF JEAN PIAGET,clarissa,5,Língua Portuguesa,1ª Avaliação Formativa, 21192411500001024,51,RIO GRANDE DO SUL,PORTO ALEGRE,PORTO ALEGRE,2025_1av_form_HABILIDADES_DESEMPENHO_TURMA_05anos_LP.csv,23,18,78,76,17,11,72,EMEF JEAN PIAGET,EMEF JEAN PIAGET,78.26086956521739,FALSE,
2025,linha_base_pre_programa,0,ESC_019,,EMEF JEAN PIAGET,EMEF JEAN PIAGET,clarissa,5,Língua Portuguesa,1ª Avaliação Formativa, 21192411500001025,52,RIO GRANDE DO SUL,PORTO ALEGRE,PORTO ALEGRE,2025_1av_form_HABILIDADES_DESEMPENHO_TURMA_05anos_LP.csv,22,18,82,70,17,28,56,EMEF JEAN PIAGET,EMEF JEAN PIAGET,81.81818181818181,FALSE,
2025,linha_base_pre_programa,0,ESC_019,,EMEF JEAN PIAGET,EMEF JEAN PIAGET,clarissa,5,Língua Portuguesa,1ª Avaliação Formativa, 21192411500001026,53,RIO GRANDE DO SUL,PORTO ALEGRE,PORTO ALEGRE,2025_1av_form_HABILIDADES_DESEMPENHO_TURMA_05anos_LP.csv,19,16,84,92,0,0,100,EMEF JEAN PIAGET,EMEF JEAN PIAGET,84.21052631578948,FALSE,
2025,linha_base_pre_programa,0,ESC_019,,EMEF JEAN PIAGET,EMEF JEAN PIAGET,clarissa,5,Língua Portuguesa,1ª Avaliação Formativa, 21192411500001027,54,RIO GRANDE DO SUL,PORTO ALEGRE,PORTO ALEGRE,2025_1av_form_HABILIDADES_DESEMPENHO_TURMA_05anos_LP.csv,21,20,95,69,25,15,60,EMEF JEAN PIAGET,EMEF JEAN PIAGET,95.23809523809524,FALSE,
2025,linha_base_pre_programa,0,ESC_048,,EMEF VER ANTONIO GIUDICE,EMEF VER ANTONIO GIUDICE,clarissa,5,Língua Portuguesa,1ª Avaliação Formativa, 21192411500001054,51,RIO GRANDE DO SUL,PORTO ALEGRE,PORTO ALEGRE,2025_1av_form_HABILIDADES_DESEMPENHO_TURMA_05anos_LP.csv,28,26,93,77,8,27,65,EMEF VER ANTONIO GIUDICE,EMEF VER ANTONIO GIUDICE,92.85714285714286,FALSE,
2025,linha_base_pre_programa,0,ESC_048,,EMEF VER ANTONIO GIUDICE,EMEF VER ANTONIO GIUDICE,clarissa,5,Língua Portuguesa,1ª Avaliação Formativa, 21192411500001055,52,RIO GRANDE DO SUL,PORTO ALEGRE,PORTO ALEGRE,2025_1av_form_HABILIDADES_DESEMPENHO_TURMA_05anos_LP.csv,27,23,85,76,4,30,65,EMEF VER ANTONIO GIUDICE,EMEF VER ANTONIO GIUDICE,85.18518518518519,FALSE,
2025,linha_base_pre_programa,0,ESC_039,,EMEF PROF ANISIO TEIXEIRA,EMEF PROF ANISIO TEIXEIRA,andreia,5,Língua Portuguesa,1ª Avaliação Formativa, 21192411500001083,51,RIO GRANDE DO SUL,PORTO ALEGRE,PORTO ALEGRE,2025_1av_form_HABILIDADES_DESEMPENHO_TURMA_05anos_LP.csv,27,20,74,90,5,0,95,EMEF PROF ANISIO TEIXEIRA,EMEF PROF ANISIO TEIXEIRA,74.07407407407408,FALSE,
2025,linha_base_pre_programa,0,ESC_039,,EMEF PROF ANISIO TEIXEIRA,EMEF PROF ANISIO TEIXEIRA,andreia,5,Língua Portuguesa,1ª Avaliação Formativa, 21192411500001084,52,RIO GRANDE DO SUL,PORTO ALEGRE,PORTO ALEGRE,2025_1av_form_HABILIDADES_DESEMPENHO_TURMA_05anos_LP.csv,27,21,78,73,24,14,62,EMEF PROF ANISIO TEIXEIRA,EMEF PROF ANISIO TEIXEIRA,77.77777777777777,FALSE,
2025,linha_base_pre_programa,0,ESC_039,,EMEF PROF ANISIO TEIXEIRA,EMEF PROF ANISIO TEIXEIRA,andreia,5,Língua Portuguesa,1ª Avaliação Formativa, 21192411500001085,53,RIO GRANDE DO SUL,PORTO ALEGRE,PORTO ALEGRE,2025_1av_form_HABILIDADES_DESEMPENHO_TURMA_05anos_LP.csv,27,22,81,89,0,9,91,EMEF PROF ANISIO TEIXEIRA,EMEF PROF ANISIO TEIXEIRA,81.48148148148148,FALSE,
2025,linha_base_pre_programa,0,ESC_039,,EMEF PROF ANISIO TEIXEIRA,EMEF PROF ANISIO TEIXEIRA,andreia,5,Língua Portuguesa,1ª Avaliação Formativa, 21192411500001086,54,RIO GRANDE DO SUL,PORTO ALEGRE,PORTO ALEGRE,2025_1av_form_HABILIDADES_DESEMPENHO_TURMA_05anos_LP.csv,28,22,79,86,0,23,77,EMEF PROF ANISIO TEIXEIRA,EMEF PROF ANISIO TEIXEIRA,78.57142857142857,FALSE,
2025,linha_base_pre_programa,0,ESC_039,,EMEF PROF ANISIO TEIXEIRA,EMEF PROF ANISIO TEIXEIRA,andreia,5,Língua Portuguesa,1ª Avaliação Formativa, 21192411500001087,55,RIO GRANDE DO SUL,PORTO ALEGRE,PORTO ALEGRE,2025_1av_form_HABILIDADES_DESEMPENHO_TURMA_05anos_LP.csv,26,18,69,67,6,44,50,EMEF PROF ANISIO TEIXEIRA,EMEF PROF ANISIO TEIXEIRA,69.23076923076923,FALSE,
2025,linha_base_pre_programa,0,ESC_006,,EMEF CAMPOS DO CRISTAL,EMEF CAMPOS DO CRISTAL,andreia,5,Língua Portuguesa,1ª Avaliação Formativa, 21192411500001113,51,RIO GRANDE DO SUL,PORTO ALEGRE,PORTO ALEGRE,2025_1av_form_HABILIDADES_DESEMPENHO_TURMA_05anos_LP.csv,28,27,96,69,15,30,56,EMEF CAMPOS DO CRISTAL,EMEF CAMPOS DO CRISTAL,96.42857142857143,FALSE,
2025,linha_base_pre_programa,0,ESC_006,,EMEF CAMPOS DO CRISTAL,EMEF CAMPOS DO CRISTAL,andreia,5,Língua Portuguesa,1ª Avaliação Formativa, 21192411500001114,52,RIO GRANDE DO SUL,PORTO ALEGRE,PORTO ALEGRE,2025_1av_form_HABILIDADES_DESEMPENHO_TURMA_05anos_LP.csv,24,20,83,80,5,15,80,EMEF CAMPOS DO CRISTAL,EMEF CAMPOS DO CRISTAL,83.33333333333333,FALSE,
2025,linha_base_pre_programa,0,ESC_052,,EMEF WENCESLAU FONTOURA,EMEF WENCESLAU FONTOURA,eliane,5,Língua Portuguesa,1ª Avaliação Formativa, 21192411500001138,51ALFA,RIO GRANDE DO SUL,PORTO ALEGRE,PORTO ALEGRE,2025_1av_form_HABILIDADES_DESEMPENHO_TURMA_05anos_LP.csv,23,12,52,29,58,33,8,EMEF WENCESLAU FONTOURA,EMEF WENCESLAU FONTOURA,52.17391304347826,FALSE,
2025,linha_base_pre_programa,0,ESC_052,,EMEF WENCESLAU FONTOURA,EMEF WENCESLAU FONTOURA,eliane,5,Língua Portuguesa,1ª Avaliação Formativa, 21192411500001139,52,RIO GRANDE DO SUL,PORTO ALEGRE,PORTO ALEGRE,2025_1av_form_HABILIDADES_DESEMPENHO_TURMA_05anos_LP.csv,30,24,80,37,42,50,8,EMEF WENCESLAU FONTOURA,EMEF WENCESLAU FONTOURA,80,FALSE,
2025,linha_base_pre_programa,0,ESC_052,,EMEF WENCESLAU FONTOURA,EMEF WENCESLAU FONTOURA,eliane,5,Língua Portuguesa,1ª Avaliação Formativa, 21192411500001140,53,RIO GRANDE DO SUL,PORTO ALEGRE,PORTO ALEGRE,2025_1av_form_HABILIDADES_DESEMPENHO_TURMA_05anos_LP.csv,30,24,80,76,13,17,71,EMEF WENCESLAU FONTOURA,EMEF WENCESLAU FONTOURA,80,FALSE,
2025,linha_base_pre_programa,0,ESC_051,,EMEF VILA MONTE CRISTO,EMEF VILA MONTE CRISTO,graziela,5,Língua Portuguesa,1ª Avaliação Formativa, 21192411500001170,51,RIO GRANDE DO SUL,PORTO ALEGRE,PORTO ALEGRE,2025_1av_form_HABILIDADES_DESEMPENHO_TURMA_05anos_LP.csv,22,16,73,83,0,19,81,EMEF VILA MONTE CRISTO,EMEF VILA MONTE CRISTO,72.72727272727273,FALSE,
2025,linha_base_pre_programa,0,ESC_051,,EMEF VILA MONTE CRISTO,EMEF VILA MONTE CRISTO,graziela,5,Língua Portuguesa,1ª Avaliação Formativa, 21192411500001171,52,RIO GRANDE DO SUL,PORTO ALEGRE,PORTO ALEGRE,2025_1av_form_HABILIDADES_DESEMPENHO_TURMA_05anos_LP.csv,23,18,78,84,6,11,83,EMEF VILA MONTE CRISTO,EMEF VILA MONTE CRISTO,78.26086956521739,FALSE,
2025,linha_base_pre_programa,0,ESC_051,,EMEF VILA MONTE CRISTO,EMEF VILA MONTE CRISTO,graziela,5,Língua Portuguesa,1ª Avaliação Formativa, 21192411500001172,53,RIO GRANDE DO SUL,PORTO ALEGRE,PORTO ALEGRE,2025_1av_form_HABILIDADES_DESEMPENHO_TURMA_05anos_LP.csv,20,14,70,62,29,21,50,EMEF VILA MONTE CRISTO,EMEF VILA MONTE CRISTO,70,FALSE,
2025,linha_base_pre_programa,0,ESC_051,,EMEF VILA MONTE CRISTO,EMEF VILA MONTE CRISTO,graziela,5,Língua Portuguesa,1ª Avaliação Formativa, 21192411500001173,54,RIO GRANDE DO SUL,PORTO ALEGRE,PORTO ALEGRE,2025_1av_form_HABILIDADES_DESEMPENHO_TURMA_05anos_LP.csv,24,14,58,78,7,14,79,EMEF VILA MONTE CRISTO,EMEF VILA MONTE CRISTO,58.333333333333336,FALSE,
2025,linha_base_pre_programa,0,ESC_028,,EMEF MIGRANTES,EMEF MIGRANTES,nathalia,5,Língua Portuguesa,1ª Avaliação Formativa, 21192411500001195,51,RIO GRANDE DO SUL,PORTO ALEGRE,PORTO ALEGRE,2025_1av_form_HABILIDADES_DESEMPENHO_TURMA_05anos_LP.csv,14,10,71,38,30,60,10,EMEF MIGRANTES,EMEF MIGRANTES,71.42857142857143,FALSE,
2025,linha_base_pre_programa,0,ESC_030,,EMEF MORRO DA CRUZ,EMEF MORRO DA CRUZ,andreia,5,Língua Portuguesa,1ª Avaliação Formativa, 21192411500001216,51,RIO GRANDE DO SUL,PORTO ALEGRE,PORTO ALEGRE,2025_1av_form_HABILIDADES_DESEMPENHO_TURMA_05anos_LP.csv,28,20,71,44,35,35,30,EMEF MORRO DA CRUZ,EMEF MORRO DA CRUZ,71.42857142857143,FALSE,
2025,linha_base_pre_programa,0,ESC_030,,EMEF MORRO DA CRUZ,EMEF MORRO DA CRUZ,andreia,5,Língua Portuguesa,1ª Avaliação Formativa, 21192411500001217,52,RIO GRANDE DO SUL,PORTO ALEGRE,PORTO ALEGRE,2025_1av_form_HABILIDADES_DESEMPENHO_TURMA_05anos_LP.csv,25,17,68,53,29,29,41,EMEF MORRO DA CRUZ,EMEF MORRO DA CRUZ,68,FALSE,
2025,linha_base_pre_programa,0,ESC_030,,EMEF MORRO DA CRUZ,EMEF MORRO DA CRUZ,andreia,5,Língua Portuguesa,1ª Avaliação Formativa, 21192411500001218,53,RIO GRANDE DO SUL,PORTO ALEGRE,PORTO ALEGRE,2025_1av_form_HABILIDADES_DESEMPENHO_TURMA_05anos_LP.csv,31,27,87,37,44,44,11,EMEF MORRO DA CRUZ,EMEF MORRO DA CRUZ,87.09677419354838,FALSE,
2025,linha_base_pre_programa,0,ESC_030,,EMEF MORRO DA CRUZ,EMEF MORRO DA CRUZ,andreia,5,Língua Portuguesa,1ª Avaliação Formativa, 21192411500001219,54,RIO GRANDE DO SUL,PORTO ALEGRE,PORTO ALEGRE,2025_1av_form_HABILIDADES_DESEMPENHO_TURMA_05anos_LP.csv,27,22,81,35,45,41,14,EMEF MORRO DA CRUZ,EMEF MORRO DA CRUZ,81.48148148148148,FALSE,
2025,linha_base_pre_programa,0,ESC_031,,EMEF NEUSA GOULART BRIZOLA,EMEF NEUSA GOULART BRIZOLA,julia,5,Língua Portuguesa,1ª Avaliação Formativa, 21192411500001240,51,RIO GRANDE DO SUL,PORTO ALEGRE,PORTO ALEGRE,2025_1av_form_HABILIDADES_DESEMPENHO_TURMA_05anos_LP.csv,20,15,75,52,27,33,40,EMEF NEUSA GOULART BRIZOLA,EMEF NEUSA GOULART BRIZOLA,75,FALSE,
2025,linha_base_pre_programa,0,ESC_031,,EMEF NEUSA GOULART BRIZOLA,EMEF NEUSA GOULART BRIZOLA,julia,5,Língua Portuguesa,1ª Avaliação Formativa, 21192411500001241,52,RIO GRANDE DO SUL,PORTO ALEGRE,PORTO ALEGRE,2025_1av_form_HABILIDADES_DESEMPENHO_TURMA_05anos_LP.csv,20,15,75,53,33,20,47,EMEF NEUSA GOULART BRIZOLA,EMEF NEUSA GOULART BRIZOLA,75,FALSE,
2025,linha_base_pre_programa,0,ESC_008,,EMEF CHICO MENDES,EMEF CHICO MENDES,eliane,5,Língua Portuguesa,1ª Avaliação Formativa, 21192411500001266,51,RIO GRANDE DO SUL,PORTO ALEGRE,PORTO ALEGRE,2025_1av_form_HABILIDADES_DESEMPENHO_TURMA_05anos_LP.csv,27,22,81,50,27,36,36,EMEF CHICO MENDES,EMEF CHICO MENDES,81.48148148148148,FALSE,
2025,linha_base_pre_programa,0,ESC_008,,EMEF CHICO MENDES,EMEF CHICO MENDES,eliane,5,Língua Portuguesa,1ª Avaliação Formativa, 21192411500001267,52,RIO GRANDE DO SUL,PORTO ALEGRE,PORTO ALEGRE,2025_1av_form_HABILIDADES_DESEMPENHO_TURMA_05anos_LP.csv,29,21,72,52,29,33,38,EMEF CHICO MENDES,EMEF CHICO MENDES,72.41379310344827,FALSE,
2025,linha_base_pre_programa,0,ESC_008,,EMEF CHICO MENDES,EMEF CHICO MENDES,eliane,5,Língua Portuguesa,1ª Avaliação Formativa, 21192411500001268,53,RIO GRANDE DO SUL,PORTO ALEGRE,PORTO ALEGRE,2025_1av_form_HABILIDADES_DESEMPENHO_TURMA_05anos_LP.csv,26,20,77,61,15,45,40,EMEF CHICO MENDES,EMEF CHICO MENDES,76.92307692307692,FALSE,
2025,linha_base_pre_programa,0,ESC_008,,EMEF CHICO MENDES,EMEF CHICO MENDES,eliane,5,Língua Portuguesa,1ª Avaliação Formativa, 21192411500001269,54,RIO GRANDE DO SUL,PORTO ALEGRE,PORTO ALEGRE,2025_1av_form_HABILIDADES_DESEMPENHO_TURMA_05anos_LP.csv,24,16,67,67,19,31,50,EMEF CHICO MENDES,EMEF CHICO MENDES,66.66666666666667,FALSE,
2025,linha_base_pre_programa,0,ESC_027,,EMEF MARIO QUINTANA,EMEF MARIO QUINTANA,ruti,5,Língua Portuguesa,1ª Avaliação Formativa, 21192411500001295,51,RIO GRANDE DO SUL,PORTO ALEGRE,PORTO ALEGRE,2025_1av_form_HABILIDADES_DESEMPENHO_TURMA_05anos_LP.csv,26,21,81,61,24,29,48,EMEF MARIO QUINTANA,EMEF MARIO QUINTANA,80.76923076923077,FALSE,
2025,linha_base_pre_programa,0,ESC_027,,EMEF MARIO QUINTANA,EMEF MARIO QUINTANA,ruti,5,Língua Portuguesa,1ª Avaliação Formativa, 21192411500001296,52,RIO GRANDE DO SUL,PORTO ALEGRE,PORTO ALEGRE,2025_1av_form_HABILIDADES_DESEMPENHO_TURMA_05anos_LP.csv,24,23,96,59,26,30,43,EMEF MARIO QUINTANA,EMEF MARIO QUINTANA,95.83333333333333,FALSE,
2025,linha_base_pre_programa,0,ESC_007,,EMEF CHAPEU DO SOL,EMEF CHAPEU DO SOL,ruti,5,Língua Portuguesa,1ª Avaliação Formativa, 21192411500001323,51,RIO GRANDE DO SUL,PORTO ALEGRE,PORTO ALEGRE,2025_1av_form_HABILIDADES_DESEMPENHO_TURMA_05anos_LP.csv,25,18,72,58,22,39,39,EMEF CHAPEU DO SOL,EMEF CHAPEU DO SOL,72,FALSE,
2025,linha_base_pre_programa,0,ESC_007,,EMEF CHAPEU DO SOL,EMEF CHAPEU DO SOL,ruti,5,Língua Portuguesa,1ª Avaliação Formativa, 21192411500001324,52,RIO GRANDE DO SUL,PORTO ALEGRE,PORTO ALEGRE,2025_1av_form_HABILIDADES_DESEMPENHO_TURMA_05anos_LP.csv,25,19,76,52,37,21,42,EMEF CHAPEU DO SOL,EMEF CHAPEU DO SOL,76,FALSE,
2025,linha_base_pre_programa,0,ESC_007,,EMEF CHAPEU DO SOL,EMEF CHAPEU DO SOL,ruti,5,Língua Portuguesa,1ª Avaliação Formativa, 21192411500001325,53,RIO GRANDE DO SUL,PORTO ALEGRE,PORTO ALEGRE,2025_1av_form_HABILIDADES_DESEMPENHO_TURMA_05anos_LP.csv,29,24,83,55,25,33,42,EMEF CHAPEU DO SOL,EMEF CHAPEU DO SOL,82.75862068965517,FALSE,
2025,linha_base_pre_programa,0,ESC_007,,EMEF CHAPEU DO SOL,EMEF CHAPEU DO SOL,ruti,5,Língua Portuguesa,1ª Avaliação Formativa, 21192411500001326,54,RIO GRANDE DO SUL,PORTO ALEGRE,PORTO ALEGRE,2025_1av_form_HABILIDADES_DESEMPENHO_TURMA_05anos_LP.csv,26,18,69,38,56,17,28,EMEF CHAPEU DO SOL,EMEF CHAPEU DO SOL,69.23076923076923,FALSE,
2025,linha_base_pre_programa,0,ESC_007,,EMEF CHAPEU DO SOL,EMEF CHAPEU DO SOL,ruti,5,Língua Portuguesa,1ª Avaliação Formativa, 21192411500001327,55,RIO GRANDE DO SUL,PORTO ALEGRE,PORTO ALEGRE,2025_1av_form_HABILIDADES_DESEMPENHO_TURMA_05anos_LP.csv,28,22,79,41,45,36,18,EMEF CHAPEU DO SOL,EMEF CHAPEU DO SOL,78.57142857142857,FALSE,
2025,linha_base_pre_programa,0,ESC_047,,EMEF TIMBAUVA,EMEF TIMBAUVA,nathalia,5,Língua Portuguesa,1ª Avaliação Formativa, 21192411500001356,51,RIO GRANDE DO SUL,PORTO ALEGRE,PORTO ALEGRE,2025_1av_form_HABILIDADES_DESEMPENHO_TURMA_05anos_LP.csv,24,18,75,61,28,22,50,EMEF TIMBAUVA,EMEF TIMBAUVA,75,FALSE,
2025,linha_base_pre_programa,0,ESC_047,,EMEF TIMBAUVA,EMEF TIMBAUVA,nathalia,5,Língua Portuguesa,1ª Avaliação Formativa, 21192411500001357,52,RIO GRANDE DO SUL,PORTO ALEGRE,PORTO ALEGRE,2025_1av_form_HABILIDADES_DESEMPENHO_TURMA_05anos_LP.csv,23,18,78,52,22,50,28,EMEF TIMBAUVA,EMEF TIMBAUVA,78.26086956521739,FALSE,
2025,linha_base_pre_programa,0,ESC_047,,EMEF TIMBAUVA,EMEF TIMBAUVA,nathalia,5,Língua Portuguesa,1ª Avaliação Formativa, 21192411500001358,53,RIO GRANDE DO SUL,PORTO ALEGRE,PORTO ALEGRE,2025_1av_form_HABILIDADES_DESEMPENHO_TURMA_05anos_LP.csv,24,16,67,38,38,50,13,EMEF TIMBAUVA,EMEF TIMBAUVA,66.66666666666667,FALSE,
2025,linha_base_pre_programa,0,ESC_056,,EEF ALDEIA LUMIAR,6002 EEF ALDEIA LUMIAR,,5,Língua Portuguesa,1ª Avaliação Formativa, 21192411500001382,51 - F2A,RIO GRANDE DO SUL,PORTO ALEGRE,PORTO ALEGRE,2025_1av_form_HABILIDADES_DESEMPENHO_TURMA_05anos_LP.csv,10,7,70,73,0,29,71,EEF ALDEIA LUMIAR,EEF ALDEIA LUMIAR,70,TRUE,a_confirmar
2025,linha_base_pre_programa,0,ESC_056,,EEF ALDEIA LUMIAR,6002 EEF ALDEIA LUMIAR,,5,Língua Portuguesa,1ª Avaliação Formativa, 21192411500001383,51 - F2B,RIO GRANDE DO SUL,PORTO ALEGRE,PORTO ALEGRE,2025_1av_form_HABILIDADES_DESEMPENHO_TURMA_05anos_LP.csv,10,7,70,61,0,71,29,EEF ALDEIA LUMIAR,EEF ALDEIA LUMIAR,70,TRUE,a_confirmar
2025,linha_base_pre_programa,0,ESC_033,,EMEF NOSSA SENHORA DO CARMO,EMEF NOSSA SENHORA DO CARMO,amanda,5,Língua Portuguesa,1ª Avaliação Formativa, 21192411500001404,51,RIO GRANDE DO SUL,PORTO ALEGRE,PORTO ALEGRE,2025_1av_form_HABILIDADES_DESEMPENHO_TURMA_05anos_LP.csv,28,24,86,56,25,33,42,EMEF NOSSA SENHORA DO CARMO,EMEF NOSSA SENHORA DO CARMO,85.71428571428571,FALSE,
2025,linha_base_pre_programa,0,ESC_033,,EMEF NOSSA SENHORA DO CARMO,EMEF NOSSA SENHORA DO CARMO,amanda,5,Língua Portuguesa,1ª Avaliação Formativa, 21192411500001405,52,RIO GRANDE DO SUL,PORTO ALEGRE,PORTO ALEGRE,2025_1av_form_HABILIDADES_DESEMPENHO_TURMA_05anos_LP.csv,29,25,86,57,20,40,40,EMEF NOSSA SENHORA DO CARMO,EMEF NOSSA SENHORA DO CARMO,86.20689655172414,FALSE,
2025,linha_base_pre_programa,0,ESC_033,,EMEF NOSSA SENHORA DO CARMO,EMEF NOSSA SENHORA DO CARMO,amanda,5,Língua Portuguesa,1ª Avaliação Formativa, 21192411500001406,53,RIO GRANDE DO SUL,PORTO ALEGRE,PORTO ALEGRE,2025_1av_form_HABILIDADES_DESEMPENHO_TURMA_05anos_LP.csv,22,20,91,64,20,25,55,EMEF NOSSA SENHORA DO CARMO,EMEF NOSSA SENHORA DO CARMO,90.9090909090909,FALSE,
2025,linha_base_pre_programa,0,ESC_043,,EMEF RINCAO,EMEF RINCAO,jalize,5,Língua Portuguesa,1ª Avaliação Formativa, 21192411500001432,51,RIO GRANDE DO SUL,PORTO ALEGRE,PORTO ALEGRE,2025_1av_form_HABILIDADES_DESEMPENHO_TURMA_05anos_LP.csv,28,25,89,73,12,16,72,EMEF RINCAO,EMEF RINCAO,89.28571428571429,FALSE,
2025,linha_base_pre_programa,0,ESC_043,,EMEF RINCAO,EMEF RINCAO,jalize,5,Língua Portuguesa,1ª Avaliação Formativa, 21192411500001433,52,RIO GRANDE DO SUL,PORTO ALEGRE,PORTO ALEGRE,2025_1av_form_HABILIDADES_DESEMPENHO_TURMA_05anos_LP.csv,27,24,89,72,21,13,67,EMEF RINCAO,EMEF RINCAO,88.88888888888889,FALSE,
2025,linha_base_pre_programa,0,ESC_029,,EMEF MORADAS DA HIPICA,EMEF MORADAS DA HIPICA,amanda,5,Língua Portuguesa,1ª Avaliação Formativa, 21192411500001457,51,RIO GRANDE DO SUL,PORTO ALEGRE,PORTO ALEGRE,2025_1av_form_HABILIDADES_DESEMPENHO_TURMA_05anos_LP.csv,26,25,96,72,16,20,64,EMEF MORADAS DA HIPICA,EMEF MORADAS DA HIPICA,96.15384615384616,FALSE,
2025,linha_base_pre_programa,0,ESC_029,,EMEF MORADAS DA HIPICA,EMEF MORADAS DA HIPICA,amanda,5,Língua Portuguesa,1ª Avaliação Formativa, 21192411500001458,52,RIO GRANDE DO SUL,PORTO ALEGRE,PORTO ALEGRE,2025_1av_form_HABILIDADES_DESEMPENHO_TURMA_05anos_LP.csv,26,22,85,77,9,23,68,EMEF MORADAS DA HIPICA,EMEF MORADAS DA HIPICA,84.61538461538461,FALSE,
2025,linha_base_pre_programa,0,ESC_029,,EMEF MORADAS DA HIPICA,EMEF MORADAS DA HIPICA,amanda,5,Língua Portuguesa,1ª Avaliação Formativa, 21192411500001459,53,RIO GRANDE DO SUL,PORTO ALEGRE,PORTO ALEGRE,2025_1av_form_HABILIDADES_DESEMPENHO_TURMA_05anos_LP.csv,27,24,89,77,17,8,75,EMEF MORADAS DA HIPICA,EMEF MORADAS DA HIPICA,88.88888888888889,FALSE,
2025,linha_base_pre_programa,0,ESC_029,,EMEF MORADAS DA HIPICA,EMEF MORADAS DA HIPICA,amanda,5,Língua Portuguesa,1ª Avaliação Formativa, 21192411500001460,54,RIO GRANDE DO SUL,PORTO ALEGRE,PORTO ALEGRE,2025_1av_form_HABILIDADES_DESEMPENHO_TURMA_05anos_LP.csv,26,25,96,74,4,28,68,EMEF MORADAS DA HIPICA,EMEF MORADAS DA HIPICA,96.15384615384616,FALSE,
2026,pos_inicio_programa,1,ESC_001,,EEF PEQUENA CASA DA CRIANCA,6001 EEF PEQUENA CASA DA CRIANCA,outras,1,Língua Portuguesa,1ª Avaliação Formativa, 21912411500000001,10,,,PORTO ALEGRE,2026_1av_form_HABILIDADES_DESEMPENHO_TURMA_01anos_LP.csv,16,10,63,21,80,0,20,EEF PEQUENA CASA DA CRIANCA,EEF PEQUENA CASA DA CRIANCA,62.5,FALSE,
2026,pos_inicio_programa,1,ESC_001,,EEF PEQUENA CASA DA CRIANCA,6001 EEF PEQUENA CASA DA CRIANCA,outras,1,Língua Portuguesa,1ª Avaliação Formativa, 21912411500000002,11,,,PORTO ALEGRE,2026_1av_form_HABILIDADES_DESEMPENHO_TURMA_01anos_LP.csv,16,12,75,12,91,9,0,EEF PEQUENA CASA DA CRIANCA,EEF PEQUENA CASA DA CRIANCA,75,FALSE,
2026,pos_inicio_programa,1,ESC_001,,EEF PEQUENA CASA DA CRIANCA,6001 EEF PEQUENA CASA DA CRIANCA,outras,1,Língua Portuguesa,1ª Avaliação Formativa, 21912411500000003,12,,,PORTO ALEGRE,2026_1av_form_HABILIDADES_DESEMPENHO_TURMA_01anos_LP.csv,17,16,94,52,31,38,31,EEF PEQUENA CASA DA CRIANCA,EEF PEQUENA CASA DA CRIANCA,94.11764705882354,FALSE,
2026,pos_inicio_programa,1,ESC_056,,EEF ALDEIA LUMIAR,6002 EEF ALDEIA LUMIAR,,1,Língua Portuguesa,1ª Avaliação Formativa, 21912411500000016,F1A,,,PORTO ALEGRE,2026_1av_form_HABILIDADES_DESEMPENHO_TURMA_01anos_LP.csv,23,16,70,48,36,36,29,EEF ALDEIA LUMIAR,EEF ALDEIA LUMIAR,69.56521739130434,TRUE,a_confirmar
2026,pos_inicio_programa,1,ESC_055,,ESCOLA DE ENSINO FUNDAMENTAL MADRE RAFFO,7028 ESCOLA DE ENSINO FUNDAMENTAL MADRE RAFFO,outras,1,Língua Portuguesa,1ª Avaliação Formativa, 21912411500000022,1A,,,PORTO ALEGRE,2026_1av_form_HABILIDADES_DESEMPENHO_TURMA_01anos_LP.csv,6,6,100,31,50,50,0,ESCOLA DE ENSINO FUNDAMENTAL MADRE RAFFO,ESCOLA DE ENSINO FUNDAMENTAL MADRE RAFFO,100,FALSE,
2026,pos_inicio_programa,1,ESC_002,,EMEB DR LIBERATO SALZANO VIEIRA DA CUNHA,EMEB DR LIBERATO SALZANO VIEIRA DA CUNHA,clarissa,1,Língua Portuguesa,1ª Avaliação Formativa, 21912411500000031,11,,,PORTO ALEGRE,2026_1av_form_HABILIDADES_DESEMPENHO_TURMA_01anos_LP.csv,20,18,90,48,41,24,35,EMEB DR LIBERATO SALZANO VIEIRA DA CUNHA,EMEB DR LIBERATO SALZANO VIEIRA DA CUNHA,90,FALSE,
2026,pos_inicio_programa,1,ESC_002,,EMEB DR LIBERATO SALZANO VIEIRA DA CUNHA,EMEB DR LIBERATO SALZANO VIEIRA DA CUNHA,clarissa,1,Língua Portuguesa,1ª Avaliação Formativa, 21912411500000032,12,,,PORTO ALEGRE,2026_1av_form_HABILIDADES_DESEMPENHO_TURMA_01anos_LP.csv,18,15,83,15,82,18,0,EMEB DR LIBERATO SALZANO VIEIRA DA CUNHA,EMEB DR LIBERATO SALZANO VIEIRA DA CUNHA,83.33333333333333,FALSE,
2026,pos_inicio_programa,1,ESC_002,,EMEB DR LIBERATO SALZANO VIEIRA DA CUNHA,EMEB DR LIBERATO SALZANO VIEIRA DA CUNHA,clarissa,1,Língua Portuguesa,1ª Avaliação Formativa, 21912411500000033,13,,,PORTO ALEGRE,2026_1av_form_HABILIDADES_DESEMPENHO_TURMA_01anos_LP.csv,16,10,63,49,38,25,38,EMEB DR LIBERATO SALZANO VIEIRA DA CUNHA,EMEB DR LIBERATO SALZANO VIEIRA DA CUNHA,62.5,FALSE,
2026,pos_inicio_programa,1,ESC_002,,EMEB DR LIBERATO SALZANO VIEIRA DA CUNHA,EMEB DR LIBERATO SALZANO VIEIRA DA CUNHA,clarissa,1,Língua Portuguesa,1ª Avaliação Formativa, 21912411500000034,14,,,PORTO ALEGRE,2026_1av_form_HABILIDADES_DESEMPENHO_TURMA_01anos_LP.csv,21,14,67,48,31,31,38,EMEB DR LIBERATO SALZANO VIEIRA DA CUNHA,EMEB DR LIBERATO SALZANO VIEIRA DA CUNHA,66.66666666666667,FALSE,
2026,pos_inicio_programa,1,ESC_003,,EMEF AFONSO GUERREIRO LIMA,EMEF AFONSO GUERREIRO LIMA,graziela,1,Língua Portuguesa,1ª Avaliação Formativa, 21912411500000069,11,,,PORTO ALEGRE,2026_1av_form_HABILIDADES_DESEMPENHO_TURMA_01anos_LP.csv,23,19,83,22,67,28,6,EMEF AFONSO GUERREIRO LIMA,EMEF AFONSO GUERREIRO LIMA,82.6086956521739,FALSE,
2026,pos_inicio_programa,1,ESC_003,,EMEF AFONSO GUERREIRO LIMA,EMEF AFONSO GUERREIRO LIMA,graziela,1,Língua Portuguesa,1ª Avaliação Formativa, 21912411500000070,12,,,PORTO ALEGRE,2026_1av_form_HABILIDADES_DESEMPENHO_TURMA_01anos_LP.csv,23,19,83,7,94,6,0,EMEF AFONSO GUERREIRO LIMA,EMEF AFONSO GUERREIRO LIMA,82.6086956521739,FALSE,
2026,pos_inicio_programa,1,ESC_003,,EMEF AFONSO GUERREIRO LIMA,EMEF AFONSO GUERREIRO LIMA,graziela,1,Língua Portuguesa,1ª Avaliação Formativa, 21912411500000071,13,,,PORTO ALEGRE,2026_1av_form_HABILIDADES_DESEMPENHO_TURMA_01anos_LP.csv,23,18,78,15,80,13,7,EMEF AFONSO GUERREIRO LIMA,EMEF AFONSO GUERREIRO LIMA,78.26086956521739,FALSE,
2026,pos_inicio_programa,1,ESC_003,,EMEF AFONSO GUERREIRO LIMA,EMEF AFONSO GUERREIRO LIMA,graziela,1,Língua Portuguesa,1ª Avaliação Formativa, 21912411500000072,14,,,PORTO ALEGRE,2026_1av_form_HABILIDADES_DESEMPENHO_TURMA_01anos_LP.csv,25,21,84,14,85,10,5,EMEF AFONSO GUERREIRO LIMA,EMEF AFONSO GUERREIRO LIMA,84,FALSE,
2026,pos_inicio_programa,1,ESC_004,,EMEF AMERICA,EMEF AMERICA,nathalia,1,Língua Portuguesa,1ª Avaliação Formativa, 21912411500000104,11,,,PORTO ALEGRE,2026_1av_form_HABILIDADES_DESEMPENHO_TURMA_01anos_LP.csv,13,12,92,25,58,33,8,EMEF AMERICA,EMEF AMERICA,92.3076923076923,FALSE,
2026,pos_inicio_programa,1,ESC_004,,EMEF AMERICA,EMEF AMERICA,nathalia,1,Língua Portuguesa,1ª Avaliação Formativa, 21912411500000105,12,,,PORTO ALEGRE,2026_1av_form_HABILIDADES_DESEMPENHO_TURMA_01anos_LP.csv,20,19,95,29,61,28,11,EMEF AMERICA,EMEF AMERICA,95,FALSE,
2026,pos_inicio_programa,1,ESC_004,,EMEF AMERICA,EMEF AMERICA,nathalia,1,Língua Portuguesa,1ª Avaliação Formativa, 21912411500000106,13,,,PORTO ALEGRE,2026_1av_form_HABILIDADES_DESEMPENHO_TURMA_01anos_LP.csv,5,4,80,50,25,50,25,EMEF AMERICA,EMEF AMERICA,80,FALSE,
2026,pos_inicio_programa,1,ESC_005,,EMEF ARAMY SILVA,EMEF ARAMY SILVA,priscila,1,Língua Portuguesa,1ª Avaliação Formativa, 21912411500000121,11,,,PORTO ALEGRE,2026_1av_form_HABILIDADES_DESEMPENHO_TURMA_01anos_LP.csv,15,11,73,4,100,0,0,EMEF ARAMY SILVA,EMEF ARAMY SILVA,73.33333333333333,FALSE,
2026,pos_inicio_programa,1,ESC_005,,EMEF ARAMY SILVA,EMEF ARAMY SILVA,priscila,1,Língua Portuguesa,1ª Avaliação Formativa, 21912411500000122,12,,,PORTO ALEGRE,2026_1av_form_HABILIDADES_DESEMPENHO_TURMA_01anos_LP.csv,14,12,86,31,60,20,20,EMEF ARAMY SILVA,EMEF ARAMY SILVA,85.71428571428571,FALSE,
2026,pos_inicio_programa,1,ESC_005,,EMEF ARAMY SILVA,EMEF ARAMY SILVA,priscila,1,Língua Portuguesa,1ª Avaliação Formativa, 21912411500000124,14,,,PORTO ALEGRE,2026_1av_form_HABILIDADES_DESEMPENHO_TURMA_01anos_LP.csv,19,16,84,42,40,53,7,EMEF ARAMY SILVA,EMEF ARAMY SILVA,84.21052631578948,FALSE,
2026,pos_inicio_programa,1,ESC_005,,EMEF ARAMY SILVA,EMEF ARAMY SILVA,priscila,1,Língua Portuguesa,1ª Avaliação Formativa, 21912411500000125,15,,,PORTO ALEGRE,2026_1av_form_HABILIDADES_DESEMPENHO_TURMA_01anos_LP.csv,17,15,88,42,50,21,29,EMEF ARAMY SILVA,EMEF ARAMY SILVA,88.23529411764706,FALSE,
2026,pos_inicio_programa,1,ESC_005,,EMEF ARAMY SILVA,EMEF ARAMY SILVA,priscila,1,Língua Portuguesa,1ª Avaliação Formativa, 21912411500000127,17,,,PORTO ALEGRE,2026_1av_form_HABILIDADES_DESEMPENHO_TURMA_01anos_LP.csv,18,15,83,3,92,8,0,EMEF ARAMY SILVA,EMEF ARAMY SILVA,83.33333333333333,FALSE,
2026,pos_inicio_programa,1,ESC_006,,EMEF CAMPOS DO CRISTAL,EMEF CAMPOS DO CRISTAL,andreia,1,Língua Portuguesa,1ª Avaliação Formativa, 21912411500000155,11,,,PORTO ALEGRE,2026_1av_form_HABILIDADES_DESEMPENHO_TURMA_01anos_LP.csv,21,21,100,38,30,65,5,EMEF CAMPOS DO CRISTAL,EMEF CAMPOS DO CRISTAL,100,FALSE,
2026,pos_inicio_programa,1,ESC_006,,EMEF CAMPOS DO CRISTAL,EMEF CAMPOS DO CRISTAL,andreia,1,Língua Portuguesa,1ª Avaliação Formativa, 21912411500000156,12,,,PORTO ALEGRE,2026_1av_form_HABILIDADES_DESEMPENHO_TURMA_01anos_LP.csv,24,24,100,55,17,43,39,EMEF CAMPOS DO CRISTAL,EMEF CAMPOS DO CRISTAL,100,FALSE,
2026,pos_inicio_programa,1,ESC_007,,EMEF CHAPEU DO SOL,EMEF CHAPEU DO SOL,ruti,1,Língua Portuguesa,1ª Avaliação Formativa, 21912411500000173,11,,,PORTO ALEGRE,2026_1av_form_HABILIDADES_DESEMPENHO_TURMA_01anos_LP.csv,19,17,89,12,82,12,6,EMEF CHAPEU DO SOL,EMEF CHAPEU DO SOL,89.47368421052632,FALSE,
2026,pos_inicio_programa,1,ESC_007,,EMEF CHAPEU DO SOL,EMEF CHAPEU DO SOL,ruti,1,Língua Portuguesa,1ª Avaliação Formativa, 21912411500000174,12,,,PORTO ALEGRE,2026_1av_form_HABILIDADES_DESEMPENHO_TURMA_01anos_LP.csv,19,17,89,7,87,13,0,EMEF CHAPEU DO SOL,EMEF CHAPEU DO SOL,89.47368421052632,FALSE,
2026,pos_inicio_programa,1,ESC_007,,EMEF CHAPEU DO SOL,EMEF CHAPEU DO SOL,ruti,1,Língua Portuguesa,1ª Avaliação Formativa, 21912411500000175,13,,,PORTO ALEGRE,2026_1av_form_HABILIDADES_DESEMPENHO_TURMA_01anos_LP.csv,17,16,94,19,80,7,13,EMEF CHAPEU DO SOL,EMEF CHAPEU DO SOL,94.11764705882354,FALSE,
2026,pos_inicio_programa,1,ESC_007,,EMEF CHAPEU DO SOL,EMEF CHAPEU DO SOL,ruti,1,Língua Portuguesa,1ª Avaliação Formativa, 21912411500000176,14,,,PORTO ALEGRE,2026_1av_form_HABILIDADES_DESEMPENHO_TURMA_01anos_LP.csv,19,14,74,24,69,8,23,EMEF CHAPEU DO SOL,EMEF CHAPEU DO SOL,73.6842105263158,FALSE,
2026,pos_inicio_programa,1,ESC_007,,EMEF CHAPEU DO SOL,EMEF CHAPEU DO SOL,ruti,1,Língua Portuguesa,1ª Avaliação Formativa, 21912411500000177,15,,,PORTO ALEGRE,2026_1av_form_HABILIDADES_DESEMPENHO_TURMA_01anos_LP.csv,21,17,81,9,100,0,0,EMEF CHAPEU DO SOL,EMEF CHAPEU DO SOL,80.95238095238095,FALSE,
2026,pos_inicio_programa,1,ESC_008,,EMEF CHICO MENDES,EMEF CHICO MENDES,eliane,1,Língua Portuguesa,1ª Avaliação Formativa, 21912411500000212,11,,,PORTO ALEGRE,2026_1av_form_HABILIDADES_DESEMPENHO_TURMA_01anos_LP.csv,23,18,78,11,94,0,6,EMEF CHICO MENDES,EMEF CHICO MENDES,78.26086956521739,FALSE,
2026,pos_inicio_programa,1,ESC_008,,EMEF CHICO MENDES,EMEF CHICO MENDES,eliane,1,Língua Portuguesa,1ª Avaliação Formativa, 21912411500000213,12,,,PORTO ALEGRE,2026_1av_form_HABILIDADES_DESEMPENHO_TURMA_01anos_LP.csv,23,21,91,10,89,6,6,EMEF CHICO MENDES,EMEF CHICO MENDES,91.30434782608695,FALSE,
2026,pos_inicio_programa,1,ESC_008,,EMEF CHICO MENDES,EMEF CHICO MENDES,eliane,1,Língua Portuguesa,1ª Avaliação Formativa, 21912411500000214,13,,,PORTO ALEGRE,2026_1av_form_HABILIDADES_DESEMPENHO_TURMA_01anos_LP.csv,22,19,86,5,95,5,0,EMEF CHICO MENDES,EMEF CHICO MENDES,86.36363636363636,FALSE,
2026,pos_inicio_programa,1,ESC_008,,EMEF CHICO MENDES,EMEF CHICO MENDES,eliane,1,Língua Portuguesa,1ª Avaliação Formativa, 21912411500000215,14,,,PORTO ALEGRE,2026_1av_form_HABILIDADES_DESEMPENHO_TURMA_01anos_LP.csv,24,20,83,29,56,33,11,EMEF CHICO MENDES,EMEF CHICO MENDES,83.33333333333333,FALSE,
2026,pos_inicio_programa,1,ESC_009,,EMEF DECIO MARTINS COSTA,EMEF DECIO MARTINS COSTA,nathalia,1,Língua Portuguesa,1ª Avaliação Formativa, 21912411500000251,11,,,PORTO ALEGRE,2026_1av_form_HABILIDADES_DESEMPENHO_TURMA_01anos_LP.csv,22,20,91,38,44,39,17,EMEF DECIO MARTINS COSTA,EMEF DECIO MARTINS COSTA,90.9090909090909,FALSE,
2026,pos_inicio_programa,1,ESC_009,,EMEF DECIO MARTINS COSTA,EMEF DECIO MARTINS COSTA,nathalia,1,Língua Portuguesa,1ª Avaliação Formativa, 21912411500000252,12,,,PORTO ALEGRE,2026_1av_form_HABILIDADES_DESEMPENHO_TURMA_01anos_LP.csv,20,18,90,21,69,25,6,EMEF DECIO MARTINS COSTA,EMEF DECIO MARTINS COSTA,90,FALSE,
2026,pos_inicio_programa,1,ESC_009,,EMEF DECIO MARTINS COSTA,EMEF DECIO MARTINS COSTA,nathalia,1,Língua Portuguesa,1ª Avaliação Formativa, 21912411500000253,13,,,PORTO ALEGRE,2026_1av_form_HABILIDADES_DESEMPENHO_TURMA_01anos_LP.csv,21,18,86,42,44,33,22,EMEF DECIO MARTINS COSTA,EMEF DECIO MARTINS COSTA,85.71428571428571,FALSE,
2026,pos_inicio_programa,1,ESC_009,,EMEF DECIO MARTINS COSTA,EMEF DECIO MARTINS COSTA,nathalia,1,Língua Portuguesa,1ª Avaliação Formativa, 21912411500000254,14,,,PORTO ALEGRE,2026_1av_form_HABILIDADES_DESEMPENHO_TURMA_01anos_LP.csv,20,15,75,29,57,36,7,EMEF DECIO MARTINS COSTA,EMEF DECIO MARTINS COSTA,75,FALSE,
2026,pos_inicio_programa,1,ESC_010,,EMEF DEP MARCIRIO GOULART LOUREIRO,EMEF DEP MARCIRIO GOULART LOUREIRO,marian,1,Língua Portuguesa,1ª Avaliação Formativa, 21912411500000285,11,,,PORTO ALEGRE,2026_1av_form_HABILIDADES_DESEMPENHO_TURMA_01anos_LP.csv,15,10,67,26,44,56,0,EMEF DEP MARCIRIO GOULART LOUREIRO,EMEF DEP MARCIRIO GOULART LOUREIRO,66.66666666666667,FALSE,
2026,pos_inicio_programa,1,ESC_010,,EMEF DEP MARCIRIO GOULART LOUREIRO,EMEF DEP MARCIRIO GOULART LOUREIRO,marian,1,Língua Portuguesa,1ª Avaliação Formativa, 21912411500000286,12,,,PORTO ALEGRE,2026_1av_form_HABILIDADES_DESEMPENHO_TURMA_01anos_LP.csv,23,16,70,6,87,13,0,EMEF DEP MARCIRIO GOULART LOUREIRO,EMEF DEP MARCIRIO GOULART LOUREIRO,69.56521739130434,FALSE,
2026,pos_inicio_programa,1,ESC_010,,EMEF DEP MARCIRIO GOULART LOUREIRO,EMEF DEP MARCIRIO GOULART LOUREIRO,marian,1,Língua Portuguesa,1ª Avaliação Formativa, 21912411500000287,13,,,PORTO ALEGRE,2026_1av_form_HABILIDADES_DESEMPENHO_TURMA_01anos_LP.csv,24,20,83,9,89,5,5,EMEF DEP MARCIRIO GOULART LOUREIRO,EMEF DEP MARCIRIO GOULART LOUREIRO,83.33333333333333,FALSE,
2026,pos_inicio_programa,1,ESC_010,,EMEF DEP MARCIRIO GOULART LOUREIRO,EMEF DEP MARCIRIO GOULART LOUREIRO,marian,1,Língua Portuguesa,1ª Avaliação Formativa, 21912411500000288,14,,,PORTO ALEGRE,2026_1av_form_HABILIDADES_DESEMPENHO_TURMA_01anos_LP.csv,23,20,87,22,70,20,10,EMEF DEP MARCIRIO GOULART LOUREIRO,EMEF DEP MARCIRIO GOULART LOUREIRO,86.95652173913044,FALSE,
2026,pos_inicio_programa,1,ESC_011,,EMEF DEP VICTOR ISSLER,EMEF DEP VICTOR ISSLER,clarissa,1,Língua Portuguesa,1ª Avaliação Formativa, 21912411500000318,11,,,PORTO ALEGRE,2026_1av_form_HABILIDADES_DESEMPENHO_TURMA_01anos_LP.csv,18,15,83,50,20,53,27,EMEF DEP VICTOR ISSLER,EMEF DEP VICTOR ISSLER,83.33333333333333,FALSE,
2026,pos_inicio_programa,1,ESC_011,,EMEF DEP VICTOR ISSLER,EMEF DEP VICTOR ISSLER,clarissa,1,Língua Portuguesa,1ª Avaliação Formativa, 21912411500000319,12,,,PORTO ALEGRE,2026_1av_form_HABILIDADES_DESEMPENHO_TURMA_01anos_LP.csv,20,18,90,24,61,33,6,EMEF DEP VICTOR ISSLER,EMEF DEP VICTOR ISSLER,90,FALSE,
2026,pos_inicio_programa,1,ESC_011,,EMEF DEP VICTOR ISSLER,EMEF DEP VICTOR ISSLER,clarissa,1,Língua Portuguesa,1ª Avaliação Formativa, 21912411500000320,13,,,PORTO ALEGRE,2026_1av_form_HABILIDADES_DESEMPENHO_TURMA_01anos_LP.csv,21,16,76,42,40,33,27,EMEF DEP VICTOR ISSLER,EMEF DEP VICTOR ISSLER,76.19047619047619,FALSE,
2026,pos_inicio_programa,1,ESC_011,,EMEF DEP VICTOR ISSLER,EMEF DEP VICTOR ISSLER,clarissa,1,Língua Portuguesa,1ª Avaliação Formativa, 21912411500000321,14,,,PORTO ALEGRE,2026_1av_form_HABILIDADES_DESEMPENHO_TURMA_01anos_LP.csv,22,19,86,56,24,35,41,EMEF DEP VICTOR ISSLER,EMEF DEP VICTOR ISSLER,86.36363636363636,FALSE,
2026,pos_inicio_programa,1,ESC_011,,EMEF DEP VICTOR ISSLER,EMEF DEP VICTOR ISSLER,clarissa,1,Língua Portuguesa,1ª Avaliação Formativa, 21912411500000322,15,,,PORTO ALEGRE,2026_1av_form_HABILIDADES_DESEMPENHO_TURMA_01anos_LP.csv,21,18,86,28,56,39,6,EMEF DEP VICTOR ISSLER,EMEF DEP VICTOR ISSLER,85.71428571428571,FALSE,
2026,pos_inicio_programa,1,ESC_012,,EMEF DOLORES ALCARAZ CALDAS,EMEF DOLORES ALCARAZ CALDAS,jalize,1,Língua Portuguesa,1ª Avaliação Formativa, 21912411500000358,11,,,PORTO ALEGRE,2026_1av_form_HABILIDADES_DESEMPENHO_TURMA_01anos_LP.csv,23,16,70,29,50,50,0,EMEF DOLORES ALCARAZ CALDAS,EMEF DOLORES ALCARAZ CALDAS,69.56521739130434,FALSE,
2026,pos_inicio_programa,1,ESC_012,,EMEF DOLORES ALCARAZ CALDAS,EMEF DOLORES ALCARAZ CALDAS,jalize,1,Língua Portuguesa,1ª Avaliação Formativa, 21912411500000359,12,,,PORTO ALEGRE,2026_1av_form_HABILIDADES_DESEMPENHO_TURMA_01anos_LP.csv,24,21,88,25,56,39,6,EMEF DOLORES ALCARAZ CALDAS,EMEF DOLORES ALCARAZ CALDAS,87.5,FALSE,
2026,pos_inicio_programa,1,ESC_012,,EMEF DOLORES ALCARAZ CALDAS,EMEF DOLORES ALCARAZ CALDAS,jalize,1,Língua Portuguesa,1ª Avaliação Formativa, 21912411500000360,13,,,PORTO ALEGRE,2026_1av_form_HABILIDADES_DESEMPENHO_TURMA_01anos_LP.csv,30,22,73,11,86,14,0,EMEF DOLORES ALCARAZ CALDAS,EMEF DOLORES ALCARAZ CALDAS,73.33333333333333,FALSE,
2026,pos_inicio_programa,1,ESC_012,,EMEF DOLORES ALCARAZ CALDAS,EMEF DOLORES ALCARAZ CALDAS,jalize,1,Língua Portuguesa,1ª Avaliação Formativa, 21912411500000361,14,,,PORTO ALEGRE,2026_1av_form_HABILIDADES_DESEMPENHO_TURMA_01anos_LP.csv,24,17,71,37,44,38,19,EMEF DOLORES ALCARAZ CALDAS,EMEF DOLORES ALCARAZ CALDAS,70.83333333333333,FALSE,
2026,pos_inicio_programa,1,ESC_012,,EMEF DOLORES ALCARAZ CALDAS,EMEF DOLORES ALCARAZ CALDAS,jalize,1,Língua Portuguesa,1ª Avaliação Formativa, 21912411500000362,15,,,PORTO ALEGRE,2026_1av_form_HABILIDADES_DESEMPENHO_TURMA_01anos_LP.csv,23,17,74,16,76,24,0,EMEF DOLORES ALCARAZ CALDAS,EMEF DOLORES ALCARAZ CALDAS,73.91304347826087,FALSE,
2026,pos_inicio_programa,1,ESC_012,,EMEF DOLORES ALCARAZ CALDAS,EMEF DOLORES ALCARAZ CALDAS,jalize,1,Língua Portuguesa,1ª Avaliação Formativa, 21912411500000363,16,,,PORTO ALEGRE,2026_1av_form_HABILIDADES_DESEMPENHO_TURMA_01anos_LP.csv,18,13,72,34,55,27,18,EMEF DOLORES ALCARAZ CALDAS,EMEF DOLORES ALCARAZ CALDAS,72.22222222222223,FALSE,
2026,pos_inicio_programa,1,ESC_013,,EMEF ESPIRITO SANTO,EMEF ESPIRITO SANTO,priscila,1,Língua Portuguesa,1ª Avaliação Formativa, 21912411500001802,11,,,PORTO ALEGRE,2026_1av_form_HABILIDADES_DESEMPENHO_TURMA_01anos_LP.csv,18,15,83,41,53,20,27,EMEF ESPIRITO SANTO,EMEF ESPIRITO SANTO,83.33333333333333,FALSE,
2026,pos_inicio_programa,1,ESC_014,,EMEF EVARISTO GONCALVES NETTO,EMEF EVARISTO GONCALVES NETTO,jalize,1,Língua Portuguesa,1ª Avaliação Formativa, 21912411500001807,11,,,PORTO ALEGRE,2026_1av_form_HABILIDADES_DESEMPENHO_TURMA_01anos_LP.csv,24,17,71,6,94,6,0,EMEF EVARISTO GONCALVES NETTO,EMEF EVARISTO GONCALVES NETTO,70.83333333333333,FALSE,
2026,pos_inicio_programa,1,ESC_015,,EMEF GABRIEL OBINO,EMEF GABRIEL OBINO,amanda,1,Língua Portuguesa,1ª Avaliação Formativa, 21912411500000400,11,,,PORTO ALEGRE,2026_1av_form_HABILIDADES_DESEMPENHO_TURMA_01anos_LP.csv,21,15,71,38,47,33,20,EMEF GABRIEL OBINO,EMEF GABRIEL OBINO,71.42857142857143,FALSE,
2026,pos_inicio_programa,1,ESC_015,,EMEF GABRIEL OBINO,EMEF GABRIEL OBINO,amanda,1,Língua Portuguesa,1ª Avaliação Formativa, 21912411500000401,12,,,PORTO ALEGRE,2026_1av_form_HABILIDADES_DESEMPENHO_TURMA_01anos_LP.csv,17,14,82,28,62,31,8,EMEF GABRIEL OBINO,EMEF GABRIEL OBINO,82.3529411764706,FALSE,
2026,pos_inicio_programa,1,ESC_015,,EMEF GABRIEL OBINO,EMEF GABRIEL OBINO,amanda,1,Língua Portuguesa,1ª Avaliação Formativa, 21912411500000402,13,,,PORTO ALEGRE,2026_1av_form_HABILIDADES_DESEMPENHO_TURMA_01anos_LP.csv,19,14,74,52,36,43,21,EMEF GABRIEL OBINO,EMEF GABRIEL OBINO,73.6842105263158,FALSE,
2026,pos_inicio_programa,1,ESC_016,,EMEF GOV ILDO MENEGHETTI,EMEF GOV ILDO MENEGHETTI,clarissa,1,Língua Portuguesa,1ª Avaliação Formativa, 21912411500000419,11,,,PORTO ALEGRE,2026_1av_form_HABILIDADES_DESEMPENHO_TURMA_01anos_LP.csv,22,20,91,31,50,40,10,EMEF GOV ILDO MENEGHETTI,EMEF GOV ILDO MENEGHETTI,90.9090909090909,FALSE,
2026,pos_inicio_programa,1,ESC_016,,EMEF GOV ILDO MENEGHETTI,EMEF GOV ILDO MENEGHETTI,clarissa,1,Língua Portuguesa,1ª Avaliação Formativa, 21912411500000420,12,,,PORTO ALEGRE,2026_1av_form_HABILIDADES_DESEMPENHO_TURMA_01anos_LP.csv,27,18,67,39,39,39,22,EMEF GOV ILDO MENEGHETTI,EMEF GOV ILDO MENEGHETTI,66.66666666666667,FALSE,
2026,pos_inicio_programa,1,ESC_016,,EMEF GOV ILDO MENEGHETTI,EMEF GOV ILDO MENEGHETTI,clarissa,1,Língua Portuguesa,1ª Avaliação Formativa, 21912411500000421,13,,,PORTO ALEGRE,2026_1av_form_HABILIDADES_DESEMPENHO_TURMA_01anos_LP.csv,17,13,76,46,18,73,9,EMEF GOV ILDO MENEGHETTI,EMEF GOV ILDO MENEGHETTI,76.47058823529412,FALSE,
2026,pos_inicio_programa,1,ESC_016,,EMEF GOV ILDO MENEGHETTI,EMEF GOV ILDO MENEGHETTI,clarissa,1,Língua Portuguesa,1ª Avaliação Formativa, 21912411500000422,14,,,PORTO ALEGRE,2026_1av_form_HABILIDADES_DESEMPENHO_TURMA_01anos_LP.csv,21,19,90,28,59,24,18,EMEF GOV ILDO MENEGHETTI,EMEF GOV ILDO MENEGHETTI,90.47619047619048,FALSE,
2026,pos_inicio_programa,1,ESC_016,,EMEF GOV ILDO MENEGHETTI,EMEF GOV ILDO MENEGHETTI,clarissa,1,Língua Portuguesa,1ª Avaliação Formativa, 21912411500000423,15,,,PORTO ALEGRE,2026_1av_form_HABILIDADES_DESEMPENHO_TURMA_01anos_LP.csv,27,17,63,33,63,19,19,EMEF GOV ILDO MENEGHETTI,EMEF GOV ILDO MENEGHETTI,62.96296296296296,FALSE,
2026,pos_inicio_programa,1,ESC_017,,EMEF GRANDE ORIENTE DO RGS,EMEF GRANDE ORIENTE DO RGS,andreia,1,Língua Portuguesa,1ª Avaliação Formativa, 21912411500000459,11,,,PORTO ALEGRE,2026_1av_form_HABILIDADES_DESEMPENHO_TURMA_01anos_LP.csv,19,15,79,33,67,17,17,EMEF GRANDE ORIENTE DO RGS,EMEF GRANDE ORIENTE DO RGS,78.94736842105263,FALSE,
2026,pos_inicio_programa,1,ESC_017,,EMEF GRANDE ORIENTE DO RGS,EMEF GRANDE ORIENTE DO RGS,andreia,1,Língua Portuguesa,1ª Avaliação Formativa, 21912411500000460,12,,,PORTO ALEGRE,2026_1av_form_HABILIDADES_DESEMPENHO_TURMA_01anos_LP.csv,21,19,90,24,65,29,6,EMEF GRANDE ORIENTE DO RGS,EMEF GRANDE ORIENTE DO RGS,90.47619047619048,FALSE,
2026,pos_inicio_programa,1,ESC_017,,EMEF GRANDE ORIENTE DO RGS,EMEF GRANDE ORIENTE DO RGS,andreia,1,Língua Portuguesa,1ª Avaliação Formativa, 21912411500000461,13,,,PORTO ALEGRE,2026_1av_form_HABILIDADES_DESEMPENHO_TURMA_01anos_LP.csv,21,15,71,12,79,21,0,EMEF GRANDE ORIENTE DO RGS,EMEF GRANDE ORIENTE DO RGS,71.42857142857143,FALSE,
2026,pos_inicio_programa,1,ESC_017,,EMEF GRANDE ORIENTE DO RGS,EMEF GRANDE ORIENTE DO RGS,andreia,1,Língua Portuguesa,1ª Avaliação Formativa, 21912411500000462,14,,,PORTO ALEGRE,2026_1av_form_HABILIDADES_DESEMPENHO_TURMA_01anos_LP.csv,21,16,76,7,100,0,0,EMEF GRANDE ORIENTE DO RGS,EMEF GRANDE ORIENTE DO RGS,76.19047619047619,FALSE,
2026,pos_inicio_programa,1,ESC_018,,EMEF HEITOR VILLA LOBOS,EMEF HEITOR VILLA LOBOS,jalize,1,Língua Portuguesa,1ª Avaliação Formativa, 21912411500000492,11,,,PORTO ALEGRE,2026_1av_form_HABILIDADES_DESEMPENHO_TURMA_01anos_LP.csv,24,20,83,8,89,11,0,EMEF HEITOR VILLA LOBOS,EMEF HEITOR VILLA LOBOS,83.33333333333333,FALSE,
2026,pos_inicio_programa,1,ESC_018,,EMEF HEITOR VILLA LOBOS,EMEF HEITOR VILLA LOBOS,jalize,1,Língua Portuguesa,1ª Avaliação Formativa, 21912411500000493,12,,,PORTO ALEGRE,2026_1av_form_HABILIDADES_DESEMPENHO_TURMA_01anos_LP.csv,22,17,77,7,87,13,0,EMEF HEITOR VILLA LOBOS,EMEF HEITOR VILLA LOBOS,77.27272727272727,FALSE,
2026,pos_inicio_programa,1,ESC_018,,EMEF HEITOR VILLA LOBOS,EMEF HEITOR VILLA LOBOS,jalize,1,Língua Portuguesa,1ª Avaliação Formativa, 21912411500000494,13,,,PORTO ALEGRE,2026_1av_form_HABILIDADES_DESEMPENHO_TURMA_01anos_LP.csv,23,22,96,7,90,5,5,EMEF HEITOR VILLA LOBOS,EMEF HEITOR VILLA LOBOS,95.65217391304348,FALSE,
2026,pos_inicio_programa,1,ESC_019,,EMEF JEAN PIAGET,EMEF JEAN PIAGET,clarissa,1,Língua Portuguesa,1ª Avaliação Formativa, 21912411500000520,11,,,PORTO ALEGRE,2026_1av_form_HABILIDADES_DESEMPENHO_TURMA_01anos_LP.csv,22,18,82,38,53,18,29,EMEF JEAN PIAGET,EMEF JEAN PIAGET,81.81818181818181,FALSE,
2026,pos_inicio_programa,1,ESC_019,,EMEF JEAN PIAGET,EMEF JEAN PIAGET,clarissa,1,Língua Portuguesa,1ª Avaliação Formativa, 21912411500000521,12,,,PORTO ALEGRE,2026_1av_form_HABILIDADES_DESEMPENHO_TURMA_01anos_LP.csv,24,17,71,29,63,25,13,EMEF JEAN PIAGET,EMEF JEAN PIAGET,70.83333333333333,FALSE,
2026,pos_inicio_programa,1,ESC_019,,EMEF JEAN PIAGET,EMEF JEAN PIAGET,clarissa,1,Língua Portuguesa,1ª Avaliação Formativa, 21912411500000522,13,,,PORTO ALEGRE,2026_1av_form_HABILIDADES_DESEMPENHO_TURMA_01anos_LP.csv,20,17,85,42,36,50,14,EMEF JEAN PIAGET,EMEF JEAN PIAGET,85,FALSE,
2026,pos_inicio_programa,1,ESC_019,,EMEF JEAN PIAGET,EMEF JEAN PIAGET,clarissa,1,Língua Portuguesa,1ª Avaliação Formativa, 21912411500000523,14,,,PORTO ALEGRE,2026_1av_form_HABILIDADES_DESEMPENHO_TURMA_01anos_LP.csv,20,19,95,34,50,36,14,EMEF JEAN PIAGET,EMEF JEAN PIAGET,95,FALSE,
2026,pos_inicio_programa,1,ESC_019,,EMEF JEAN PIAGET,EMEF JEAN PIAGET,clarissa,1,Língua Portuguesa,1ª Avaliação Formativa, 21912411500000524,15,,,PORTO ALEGRE,2026_1av_form_HABILIDADES_DESEMPENHO_TURMA_01anos_LP.csv,23,19,83,41,25,56,19,EMEF JEAN PIAGET,EMEF JEAN PIAGET,82.6086956521739,FALSE,
2026,pos_inicio_programa,1,ESC_020,,EMEF JOAO ANTONIO SATTE,EMEF JOAO ANTONIO SATTE,eliane,1,Língua Portuguesa,1ª Avaliação Formativa, 21912411500000547,11,,,PORTO ALEGRE,2026_1av_form_HABILIDADES_DESEMPENHO_TURMA_01anos_LP.csv,26,19,73,34,58,26,16,EMEF JOAO ANTONIO SATTE,EMEF JOAO ANTONIO SATTE,73.07692307692308,FALSE,
2026,pos_inicio_programa,1,ESC_020,,EMEF JOAO ANTONIO SATTE,EMEF JOAO ANTONIO SATTE,eliane,1,Língua Portuguesa,1ª Avaliação Formativa, 21912411500000548,12,,,PORTO ALEGRE,2026_1av_form_HABILIDADES_DESEMPENHO_TURMA_01anos_LP.csv,21,18,86,37,53,20,27,EMEF JOAO ANTONIO SATTE,EMEF JOAO ANTONIO SATTE,85.71428571428571,FALSE,
2026,pos_inicio_programa,1,ESC_020,,EMEF JOAO ANTONIO SATTE,EMEF JOAO ANTONIO SATTE,eliane,1,Língua Portuguesa,1ª Avaliação Formativa, 21912411500000549,13,,,PORTO ALEGRE,2026_1av_form_HABILIDADES_DESEMPENHO_TURMA_01anos_LP.csv,21,20,95,2,100,0,0,EMEF JOAO ANTONIO SATTE,EMEF JOAO ANTONIO SATTE,95.23809523809524,FALSE,
2026,pos_inicio_programa,1,ESC_020,,EMEF JOAO ANTONIO SATTE,EMEF JOAO ANTONIO SATTE,eliane,1,Língua Portuguesa,1ª Avaliação Formativa, 21912411500000550,14,,,PORTO ALEGRE,2026_1av_form_HABILIDADES_DESEMPENHO_TURMA_01anos_LP.csv,23,16,70,64,13,44,44,EMEF JOAO ANTONIO SATTE,EMEF JOAO ANTONIO SATTE,69.56521739130434,FALSE,
2026,pos_inicio_programa,1,ESC_020,,EMEF JOAO ANTONIO SATTE,EMEF JOAO ANTONIO SATTE,eliane,1,Língua Portuguesa,1ª Avaliação Formativa, 21912411500001814,15,,,PORTO ALEGRE,2026_1av_form_HABILIDADES_DESEMPENHO_TURMA_01anos_LP.csv,23,19,83,70,16,26,58,EMEF JOAO ANTONIO SATTE,EMEF JOAO ANTONIO SATTE,82.6086956521739,FALSE,
2026,pos_inicio_programa,1,ESC_021,,EMEF JOAO CARLOS DAVILA PAIXAO CORTES - LACADOR,EMEF JOAO CARLOS DAVILA PAIXAO CORTES - LACADOR,julia,1,Língua Portuguesa,1ª Avaliação Formativa, 21912411500000575,11,,,PORTO ALEGRE,2026_1av_form_HABILIDADES_DESEMPENHO_TURMA_01anos_LP.csv,20,18,90,53,27,47,27,EMEF JOAO CARLOS DAVILA PAIXAO CORTES - LACADOR,EMEF JOAO CARLOS DAVILA PAIXAO CORTES LACADOR,90,FALSE,
2026,pos_inicio_programa,1,ESC_021,,EMEF JOAO CARLOS DAVILA PAIXAO CORTES - LACADOR,EMEF JOAO CARLOS DAVILA PAIXAO CORTES - LACADOR,julia,1,Língua Portuguesa,1ª Avaliação Formativa, 21912411500000576,12,,,PORTO ALEGRE,2026_1av_form_HABILIDADES_DESEMPENHO_TURMA_01anos_LP.csv,21,18,86,39,36,57,7,EMEF JOAO CARLOS DAVILA PAIXAO CORTES - LACADOR,EMEF JOAO CARLOS DAVILA PAIXAO CORTES LACADOR,85.71428571428571,FALSE,
2026,pos_inicio_programa,1,ESC_022,,EMEF JOSE LOUREIRO DA SILVA,EMEF JOSE LOUREIRO DA SILVA,jalize,1,Língua Portuguesa,1ª Avaliação Formativa, 21912411500000581,11,,,PORTO ALEGRE,2026_1av_form_HABILIDADES_DESEMPENHO_TURMA_01anos_LP.csv,16,11,69,18,64,36,0,EMEF JOSE LOUREIRO DA SILVA,EMEF JOSE LOUREIRO DA SILVA,68.75,FALSE,
2026,pos_inicio_programa,1,ESC_022,,EMEF JOSE LOUREIRO DA SILVA,EMEF JOSE LOUREIRO DA SILVA,jalize,1,Língua Portuguesa,1ª Avaliação Formativa, 21912411500000582,12,,,PORTO ALEGRE,2026_1av_form_HABILIDADES_DESEMPENHO_TURMA_01anos_LP.csv,22,19,86,33,39,56,6,EMEF JOSE LOUREIRO DA SILVA,EMEF JOSE LOUREIRO DA SILVA,86.36363636363636,FALSE,
2026,pos_inicio_programa,1,ESC_022,,EMEF JOSE LOUREIRO DA SILVA,EMEF JOSE LOUREIRO DA SILVA,jalize,1,Língua Portuguesa,1ª Avaliação Formativa, 21912411500000583,13,,,PORTO ALEGRE,2026_1av_form_HABILIDADES_DESEMPENHO_TURMA_01anos_LP.csv,17,10,59,6,88,13,0,EMEF JOSE LOUREIRO DA SILVA,EMEF JOSE LOUREIRO DA SILVA,58.8235294117647,FALSE,
2026,pos_inicio_programa,1,ESC_022,,EMEF JOSE LOUREIRO DA SILVA,EMEF JOSE LOUREIRO DA SILVA,jalize,1,Língua Portuguesa,1ª Avaliação Formativa, 21912411500000584,14,,,PORTO ALEGRE,2026_1av_form_HABILIDADES_DESEMPENHO_TURMA_01anos_LP.csv,15,11,73,44,40,40,20,EMEF JOSE LOUREIRO DA SILVA,EMEF JOSE LOUREIRO DA SILVA,73.33333333333333,FALSE,
2026,pos_inicio_programa,1,ESC_023,,EMEF JOSE MARIANO BECK,EMEF JOSE MARIANO BECK,nathalia,1,Língua Portuguesa,1ª Avaliação Formativa, 21912411500000617,11,,,PORTO ALEGRE,2026_1av_form_HABILIDADES_DESEMPENHO_TURMA_01anos_LP.csv,24,19,79,19,74,16,11,EMEF JOSE MARIANO BECK,EMEF JOSE MARIANO BECK,79.16666666666667,FALSE,
2026,pos_inicio_programa,1,ESC_023,,EMEF JOSE MARIANO BECK,EMEF JOSE MARIANO BECK,nathalia,1,Língua Portuguesa,1ª Avaliação Formativa, 21912411500000618,12,,,PORTO ALEGRE,2026_1av_form_HABILIDADES_DESEMPENHO_TURMA_01anos_LP.csv,25,19,76,4,95,5,0,EMEF JOSE MARIANO BECK,EMEF JOSE MARIANO BECK,76,FALSE,
2026,pos_inicio_programa,1,ESC_023,,EMEF JOSE MARIANO BECK,EMEF JOSE MARIANO BECK,nathalia,1,Língua Portuguesa,1ª Avaliação Formativa, 21912411500000619,13,,,PORTO ALEGRE,2026_1av_form_HABILIDADES_DESEMPENHO_TURMA_01anos_LP.csv,22,17,77,30,47,47,7,EMEF JOSE MARIANO BECK,EMEF JOSE MARIANO BECK,77.27272727272727,FALSE,
2026,pos_inicio_programa,1,ESC_024,,EMEF LAURO RODRIGUES,EMEF LAURO RODRIGUES,clarissa,1,Língua Portuguesa,1ª Avaliação Formativa, 21912411500000645,11,,,PORTO ALEGRE,2026_1av_form_HABILIDADES_DESEMPENHO_TURMA_01anos_LP.csv,20,20,100,77,6,28,67,EMEF LAURO RODRIGUES,EMEF LAURO RODRIGUES,100,FALSE,
2026,pos_inicio_programa,1,ESC_024,,EMEF LAURO RODRIGUES,EMEF LAURO RODRIGUES,clarissa,1,Língua Portuguesa,1ª Avaliação Formativa, 21912411500000646,12,,,PORTO ALEGRE,2026_1av_form_HABILIDADES_DESEMPENHO_TURMA_01anos_LP.csv,15,14,93,52,23,54,23,EMEF LAURO RODRIGUES,EMEF LAURO RODRIGUES,93.33333333333333,FALSE,
2026,pos_inicio_programa,1,ESC_024,,EMEF LAURO RODRIGUES,EMEF LAURO RODRIGUES,clarissa,1,Língua Portuguesa,1ª Avaliação Formativa, 21912411500000647,13,,,PORTO ALEGRE,2026_1av_form_HABILIDADES_DESEMPENHO_TURMA_01anos_LP.csv,16,14,88,26,57,29,14,EMEF LAURO RODRIGUES,EMEF LAURO RODRIGUES,87.5,FALSE,
2026,pos_inicio_programa,1,ESC_024,,EMEF LAURO RODRIGUES,EMEF LAURO RODRIGUES,clarissa,1,Língua Portuguesa,1ª Avaliação Formativa, 21912411500000648,14,,,PORTO ALEGRE,2026_1av_form_HABILIDADES_DESEMPENHO_TURMA_01anos_LP.csv,17,14,82,54,23,54,23,EMEF LAURO RODRIGUES,EMEF LAURO RODRIGUES,82.3529411764706,FALSE,
2026,pos_inicio_programa,1,ESC_024,,EMEF LAURO RODRIGUES,EMEF LAURO RODRIGUES,clarissa,1,Língua Portuguesa,1ª Avaliação Formativa, 21912411500000649,15,,,PORTO ALEGRE,2026_1av_form_HABILIDADES_DESEMPENHO_TURMA_01anos_LP.csv,20,17,85,67,18,29,53,EMEF LAURO RODRIGUES,EMEF LAURO RODRIGUES,85,FALSE,
2026,pos_inicio_programa,1,ESC_025,,EMEF LEOCADIA FELIZARDO PRESTES,EMEF LEOCADIA FELIZARDO PRESTES,graziela,1,Língua Portuguesa,1ª Avaliação Formativa, 21912411500000671,11,,,PORTO ALEGRE,2026_1av_form_HABILIDADES_DESEMPENHO_TURMA_01anos_LP.csv,21,18,86,37,50,33,17,EMEF LEOCADIA FELIZARDO PRESTES,EMEF LEOCADIA FELIZARDO PRESTES,85.71428571428571,FALSE,
2026,pos_inicio_programa,1,ESC_025,,EMEF LEOCADIA FELIZARDO PRESTES,EMEF LEOCADIA FELIZARDO PRESTES,graziela,1,Língua Portuguesa,1ª Avaliação Formativa, 21912411500000672,12,,,PORTO ALEGRE,2026_1av_form_HABILIDADES_DESEMPENHO_TURMA_01anos_LP.csv,20,17,85,68,19,31,50,EMEF LEOCADIA FELIZARDO PRESTES,EMEF LEOCADIA FELIZARDO PRESTES,85,FALSE,
2026,pos_inicio_programa,1,ESC_026,,EMEF LIDOVINO FANTON,EMEF LIDOVINO FANTON,julia,1,Língua Portuguesa,1ª Avaliação Formativa, 21912411500000689,11,,,PORTO ALEGRE,2026_1av_form_HABILIDADES_DESEMPENHO_TURMA_01anos_LP.csv,27,18,67,50,28,33,39,EMEF LIDOVINO FANTON,EMEF LIDOVINO FANTON,66.66666666666667,FALSE,
2026,pos_inicio_programa,1,ESC_026,,EMEF LIDOVINO FANTON,EMEF LIDOVINO FANTON,julia,1,Língua Portuguesa,1ª Avaliação Formativa, 21912411500000690,12,,,PORTO ALEGRE,2026_1av_form_HABILIDADES_DESEMPENHO_TURMA_01anos_LP.csv,21,16,76,52,40,27,33,EMEF LIDOVINO FANTON,EMEF LIDOVINO FANTON,76.19047619047619,FALSE,
2026,pos_inicio_programa,1,ESC_026,,EMEF LIDOVINO FANTON,EMEF LIDOVINO FANTON,julia,1,Língua Portuguesa,1ª Avaliação Formativa, 21912411500000691,13,,,PORTO ALEGRE,2026_1av_form_HABILIDADES_DESEMPENHO_TURMA_01anos_LP.csv,25,17,68,38,47,41,12,EMEF LIDOVINO FANTON,EMEF LIDOVINO FANTON,68,FALSE,
2026,pos_inicio_programa,1,ESC_026,,EMEF LIDOVINO FANTON,EMEF LIDOVINO FANTON,julia,1,Língua Portuguesa,1ª Avaliação Formativa, 21912411500000692,14,,,PORTO ALEGRE,2026_1av_form_HABILIDADES_DESEMPENHO_TURMA_01anos_LP.csv,19,13,68,58,22,56,22,EMEF LIDOVINO FANTON,EMEF LIDOVINO FANTON,68.42105263157895,FALSE,
2026,pos_inicio_programa,1,ESC_027,,EMEF MARIO QUINTANA,EMEF MARIO QUINTANA,ruti,1,Língua Portuguesa,1ª Avaliação Formativa, 21912411500000725,11,,,PORTO ALEGRE,2026_1av_form_HABILIDADES_DESEMPENHO_TURMA_01anos_LP.csv,22,18,82,6,88,12,0,EMEF MARIO QUINTANA,EMEF MARIO QUINTANA,81.81818181818181,FALSE,
2026,pos_inicio_programa,1,ESC_027,,EMEF MARIO QUINTANA,EMEF MARIO QUINTANA,ruti,1,Língua Portuguesa,1ª Avaliação Formativa, 21912411500000726,12,,,PORTO ALEGRE,2026_1av_form_HABILIDADES_DESEMPENHO_TURMA_01anos_LP.csv,24,23,96,2,95,5,0,EMEF MARIO QUINTANA,EMEF MARIO QUINTANA,95.83333333333333,FALSE,
2026,pos_inicio_programa,1,ESC_028,,EMEF MIGRANTES,EMEF MIGRANTES,nathalia,1,Língua Portuguesa,1ª Avaliação Formativa, 21912411500000743,11,,,PORTO ALEGRE,2026_1av_form_HABILIDADES_DESEMPENHO_TURMA_01anos_LP.csv,12,12,100,40,25,67,8,EMEF MIGRANTES,EMEF MIGRANTES,100,FALSE,
2026,pos_inicio_programa,1,ESC_028,,EMEF MIGRANTES,EMEF MIGRANTES,nathalia,1,Língua Portuguesa,1ª Avaliação Formativa, 21912411500000744,12,,,PORTO ALEGRE,2026_1av_form_HABILIDADES_DESEMPENHO_TURMA_01anos_LP.csv,11,6,55,25,60,40,0,EMEF MIGRANTES,EMEF MIGRANTES,54.54545454545455,FALSE,
2026,pos_inicio_programa,1,ESC_029,,EMEF MORADAS DA HIPICA,EMEF MORADAS DA HIPICA,amanda,1,Língua Portuguesa,1ª Avaliação Formativa, 21912411500000753,11,,,PORTO ALEGRE,2026_1av_form_HABILIDADES_DESEMPENHO_TURMA_01anos_LP.csv,23,21,91,42,42,42,16,EMEF MORADAS DA HIPICA,EMEF MORADAS DA HIPICA,91.30434782608695,FALSE,
2026,pos_inicio_programa,1,ESC_029,,EMEF MORADAS DA HIPICA,EMEF MORADAS DA HIPICA,amanda,1,Língua Portuguesa,1ª Avaliação Formativa, 21912411500000754,12,,,PORTO ALEGRE,2026_1av_form_HABILIDADES_DESEMPENHO_TURMA_01anos_LP.csv,23,21,91,36,45,45,10,EMEF MORADAS DA HIPICA,EMEF MORADAS DA HIPICA,91.30434782608695,FALSE,
2026,pos_inicio_programa,1,ESC_029,,EMEF MORADAS DA HIPICA,EMEF MORADAS DA HIPICA,amanda,1,Língua Portuguesa,1ª Avaliação Formativa, 21912411500000755,13,,,PORTO ALEGRE,2026_1av_form_HABILIDADES_DESEMPENHO_TURMA_01anos_LP.csv,22,20,91,26,58,32,11,EMEF MORADAS DA HIPICA,EMEF MORADAS DA HIPICA,90.9090909090909,FALSE,
2026,pos_inicio_programa,1,ESC_029,,EMEF MORADAS DA HIPICA,EMEF MORADAS DA HIPICA,amanda,1,Língua Portuguesa,1ª Avaliação Formativa, 21912411500000756,14,,,PORTO ALEGRE,2026_1av_form_HABILIDADES_DESEMPENHO_TURMA_01anos_LP.csv,23,19,83,90,6,12,82,EMEF MORADAS DA HIPICA,EMEF MORADAS DA HIPICA,82.6086956521739,FALSE,
2026,pos_inicio_programa,1,ESC_030,,EMEF MORRO DA CRUZ,EMEF MORRO DA CRUZ,andreia,1,Língua Portuguesa,1ª Avaliação Formativa, 21912411500000788,11,,,PORTO ALEGRE,2026_1av_form_HABILIDADES_DESEMPENHO_TURMA_01anos_LP.csv,21,15,71,30,57,29,14,EMEF MORRO DA CRUZ,EMEF MORRO DA CRUZ,71.42857142857143,FALSE,
2026,pos_inicio_programa,1,ESC_030,,EMEF MORRO DA CRUZ,EMEF MORRO DA CRUZ,andreia,1,Língua Portuguesa,1ª Avaliação Formativa, 21912411500000789,12,,,PORTO ALEGRE,2026_1av_form_HABILIDADES_DESEMPENHO_TURMA_01anos_LP.csv,24,17,71,57,18,53,29,EMEF MORRO DA CRUZ,EMEF MORRO DA CRUZ,70.83333333333333,FALSE,
2026,pos_inicio_programa,1,ESC_030,,EMEF MORRO DA CRUZ,EMEF MORRO DA CRUZ,andreia,1,Língua Portuguesa,1ª Avaliação Formativa, 21912411500000790,13,,,PORTO ALEGRE,2026_1av_form_HABILIDADES_DESEMPENHO_TURMA_01anos_LP.csv,23,16,70,27,56,38,6,EMEF MORRO DA CRUZ,EMEF MORRO DA CRUZ,69.56521739130434,FALSE,
2026,pos_inicio_programa,1,ESC_030,,EMEF MORRO DA CRUZ,EMEF MORRO DA CRUZ,andreia,1,Língua Portuguesa,1ª Avaliação Formativa, 21912411500000791,14,,,PORTO ALEGRE,2026_1av_form_HABILIDADES_DESEMPENHO_TURMA_01anos_LP.csv,25,19,76,39,42,42,16,EMEF MORRO DA CRUZ,EMEF MORRO DA CRUZ,76,FALSE,
2026,pos_inicio_programa,1,ESC_031,,EMEF NEUSA GOULART BRIZOLA,EMEF NEUSA GOULART BRIZOLA,julia,1,Língua Portuguesa,1ª Avaliação Formativa, 21912411500000820,11,,,PORTO ALEGRE,2026_1av_form_HABILIDADES_DESEMPENHO_TURMA_01anos_LP.csv,20,13,65,33,64,18,18,EMEF NEUSA GOULART BRIZOLA,EMEF NEUSA GOULART BRIZOLA,65,FALSE,
2026,pos_inicio_programa,1,ESC_031,,EMEF NEUSA GOULART BRIZOLA,EMEF NEUSA GOULART BRIZOLA,julia,1,Língua Portuguesa,1ª Avaliação Formativa, 21912411500000821,12,,,PORTO ALEGRE,2026_1av_form_HABILIDADES_DESEMPENHO_TURMA_01anos_LP.csv,21,20,95,37,53,26,21,EMEF NEUSA GOULART BRIZOLA,EMEF NEUSA GOULART BRIZOLA,95.23809523809524,FALSE,
2026,pos_inicio_programa,1,ESC_031,,EMEF NEUSA GOULART BRIZOLA,EMEF NEUSA GOULART BRIZOLA,julia,1,Língua Portuguesa,1ª Avaliação Formativa, 21912411500000822,13,,,PORTO ALEGRE,2026_1av_form_HABILIDADES_DESEMPENHO_TURMA_01anos_LP.csv,22,19,86,45,50,19,31,EMEF NEUSA GOULART BRIZOLA,EMEF NEUSA GOULART BRIZOLA,86.36363636363636,FALSE,
2026,pos_inicio_programa,1,ESC_032,,EMEF NOSSA SENHORA DE FATIMA,EMEF NOSSA SENHORA DE FATIMA,amanda,1,Língua Portuguesa,1ª Avaliação Formativa, 21912411500000838,11,,,PORTO ALEGRE,2026_1av_form_HABILIDADES_DESEMPENHO_TURMA_01anos_LP.csv,23,17,74,38,44,38,19,EMEF NOSSA SENHORA DE FATIMA,EMEF NOSSA SENHORA DE FATIMA,73.91304347826087,FALSE,
2026,pos_inicio_programa,1,ESC_032,,EMEF NOSSA SENHORA DE FATIMA,EMEF NOSSA SENHORA DE FATIMA,amanda,1,Língua Portuguesa,1ª Avaliação Formativa, 21912411500000839,12,,,PORTO ALEGRE,2026_1av_form_HABILIDADES_DESEMPENHO_TURMA_01anos_LP.csv,24,19,79,54,28,44,28,EMEF NOSSA SENHORA DE FATIMA,EMEF NOSSA SENHORA DE FATIMA,79.16666666666667,FALSE,
2026,pos_inicio_programa,1,ESC_032,,EMEF NOSSA SENHORA DE FATIMA,EMEF NOSSA SENHORA DE FATIMA,amanda,1,Língua Portuguesa,1ª Avaliação Formativa, 21912411500000840,13,,,PORTO ALEGRE,2026_1av_form_HABILIDADES_DESEMPENHO_TURMA_01anos_LP.csv,19,16,84,11,81,13,6,EMEF NOSSA SENHORA DE FATIMA,EMEF NOSSA SENHORA DE FATIMA,84.21052631578948,FALSE,
2026,pos_inicio_programa,1,ESC_032,,EMEF NOSSA SENHORA DE FATIMA,EMEF NOSSA SENHORA DE FATIMA,amanda,1,Língua Portuguesa,1ª Avaliação Formativa, 21912411500000841,14,,,PORTO ALEGRE,2026_1av_form_HABILIDADES_DESEMPENHO_TURMA_01anos_LP.csv,25,19,76,55,26,42,32,EMEF NOSSA SENHORA DE FATIMA,EMEF NOSSA SENHORA DE FATIMA,76,FALSE,
2026,pos_inicio_programa,1,ESC_033,,EMEF NOSSA SENHORA DO CARMO,EMEF NOSSA SENHORA DO CARMO,amanda,1,Língua Portuguesa,1ª Avaliação Formativa, 21912411500000862,11,,,PORTO ALEGRE,2026_1av_form_HABILIDADES_DESEMPENHO_TURMA_01anos_LP.csv,24,18,75,15,78,17,6,EMEF NOSSA SENHORA DO CARMO,EMEF NOSSA SENHORA DO CARMO,75,FALSE,
2026,pos_inicio_programa,1,ESC_033,,EMEF NOSSA SENHORA DO CARMO,EMEF NOSSA SENHORA DO CARMO,amanda,1,Língua Portuguesa,1ª Avaliação Formativa, 21912411500000863,12,,,PORTO ALEGRE,2026_1av_form_HABILIDADES_DESEMPENHO_TURMA_01anos_LP.csv,24,20,83,19,79,16,5,EMEF NOSSA SENHORA DO CARMO,EMEF NOSSA SENHORA DO CARMO,83.33333333333333,FALSE,
2026,pos_inicio_programa,1,ESC_033,,EMEF NOSSA SENHORA DO CARMO,EMEF NOSSA SENHORA DO CARMO,amanda,1,Língua Portuguesa,1ª Avaliação Formativa, 21912411500000864,13,,,PORTO ALEGRE,2026_1av_form_HABILIDADES_DESEMPENHO_TURMA_01anos_LP.csv,21,18,86,8,89,11,0,EMEF NOSSA SENHORA DO CARMO,EMEF NOSSA SENHORA DO CARMO,85.71428571428571,FALSE,
2026,pos_inicio_programa,1,ESC_033,,EMEF NOSSA SENHORA DO CARMO,EMEF NOSSA SENHORA DO CARMO,amanda,1,Língua Portuguesa,1ª Avaliação Formativa, 21912411500000865,14,,,PORTO ALEGRE,2026_1av_form_HABILIDADES_DESEMPENHO_TURMA_01anos_LP.csv,25,20,80,17,75,20,5,EMEF NOSSA SENHORA DO CARMO,EMEF NOSSA SENHORA DO CARMO,80,FALSE,
2026,pos_inicio_programa,1,ESC_034,,EMEF PEPITA DE LEAO,EMEF PEPITA DE LEAO,nathalia,1,Língua Portuguesa,1ª Avaliação Formativa, 21912411500000891,11,,,PORTO ALEGRE,2026_1av_form_HABILIDADES_DESEMPENHO_TURMA_01anos_LP.csv,21,18,86,19,67,33,0,EMEF PEPITA DE LEAO,EMEF PEPITA DE LEAO,85.71428571428571,FALSE,
2026,pos_inicio_programa,1,ESC_034,,EMEF PEPITA DE LEAO,EMEF PEPITA DE LEAO,nathalia,1,Língua Portuguesa,1ª Avaliação Formativa, 21912411500000892,12,,,PORTO ALEGRE,2026_1av_form_HABILIDADES_DESEMPENHO_TURMA_01anos_LP.csv,22,16,73,53,17,67,17,EMEF PEPITA DE LEAO,EMEF PEPITA DE LEAO,72.72727272727273,FALSE,
2026,pos_inicio_programa,1,ESC_035,,EMEF PORTO NOVO,EMEF PORTO NOVO,marian,1,Língua Portuguesa,1ª Avaliação Formativa, 21912411500000912,11,,,PORTO ALEGRE,2026_1av_form_HABILIDADES_DESEMPENHO_TURMA_01anos_LP.csv,22,20,91,21,75,15,10,EMEF PORTO NOVO,EMEF PORTO NOVO,90.9090909090909,FALSE,
2026,pos_inicio_programa,1,ESC_035,,EMEF PORTO NOVO,EMEF PORTO NOVO,marian,1,Língua Portuguesa,1ª Avaliação Formativa, 21912411500000913,12,,,PORTO ALEGRE,2026_1av_form_HABILIDADES_DESEMPENHO_TURMA_01anos_LP.csv,23,21,91,24,67,19,14,EMEF PORTO NOVO,EMEF PORTO NOVO,91.30434782608695,FALSE,
2026,pos_inicio_programa,1,ESC_036,,EMEF PRES JOAO BELCHIOR MARQUES GOULART,EMEF PRES JOAO BELCHIOR MARQUES GOULART,marian,1,Língua Portuguesa,1ª Avaliação Formativa, 21912411500000930,11,,,PORTO ALEGRE,2026_1av_form_HABILIDADES_DESEMPENHO_TURMA_01anos_LP.csv,23,19,83,38,53,16,32,EMEF PRES JOAO BELCHIOR MARQUES GOULART,EMEF PRES JOAO BELCHIOR MARQUES GOULART,82.6086956521739,FALSE,
2026,pos_inicio_programa,1,ESC_036,,EMEF PRES JOAO BELCHIOR MARQUES GOULART,EMEF PRES JOAO BELCHIOR MARQUES GOULART,marian,1,Língua Portuguesa,1ª Avaliação Formativa, 21912411500000931,12,,,PORTO ALEGRE,2026_1av_form_HABILIDADES_DESEMPENHO_TURMA_01anos_LP.csv,17,16,94,26,75,19,6,EMEF PRES JOAO BELCHIOR MARQUES GOULART,EMEF PRES JOAO BELCHIOR MARQUES GOULART,94.11764705882354,FALSE,
2026,pos_inicio_programa,1,ESC_036,,EMEF PRES JOAO BELCHIOR MARQUES GOULART,EMEF PRES JOAO BELCHIOR MARQUES GOULART,marian,1,Língua Portuguesa,1ª Avaliação Formativa, 21912411500000932,13,,,PORTO ALEGRE,2026_1av_form_HABILIDADES_DESEMPENHO_TURMA_01anos_LP.csv,22,17,77,21,65,29,6,EMEF PRES JOAO BELCHIOR MARQUES GOULART,EMEF PRES JOAO BELCHIOR MARQUES GOULART,77.27272727272727,FALSE,
2026,pos_inicio_programa,1,ESC_036,,EMEF PRES JOAO BELCHIOR MARQUES GOULART,EMEF PRES JOAO BELCHIOR MARQUES GOULART,marian,1,Língua Portuguesa,1ª Avaliação Formativa, 21912411500000933,14,,,PORTO ALEGRE,2026_1av_form_HABILIDADES_DESEMPENHO_TURMA_01anos_LP.csv,21,19,90,14,78,17,6,EMEF PRES JOAO BELCHIOR MARQUES GOULART,EMEF PRES JOAO BELCHIOR MARQUES GOULART,90.47619047619048,FALSE,
2026,pos_inicio_programa,1,ESC_037,,EMEF PRESIDENTE VARGAS,EMEF PRESIDENTE VARGAS,eliane,1,Língua Portuguesa,1ª Avaliação Formativa, 21912411500000954,11,,,PORTO ALEGRE,2026_1av_form_HABILIDADES_DESEMPENHO_TURMA_01anos_LP.csv,22,20,91,34,56,28,17,EMEF PRESIDENTE VARGAS,EMEF PRESIDENTE VARGAS,90.9090909090909,FALSE,
2026,pos_inicio_programa,1,ESC_037,,EMEF PRESIDENTE VARGAS,EMEF PRESIDENTE VARGAS,eliane,1,Língua Portuguesa,1ª Avaliação Formativa, 21912411500000955,12,,,PORTO ALEGRE,2026_1av_form_HABILIDADES_DESEMPENHO_TURMA_01anos_LP.csv,23,17,74,17,81,13,6,EMEF PRESIDENTE VARGAS,EMEF PRESIDENTE VARGAS,73.91304347826087,FALSE,
2026,pos_inicio_programa,1,ESC_038,,EMEF PROF ANA IRIS DO AMARAL,EMEF PROF ANA IRIS DO AMARAL,eliane,1,Língua Portuguesa,1ª Avaliação Formativa, 21912411500000973,11,,,PORTO ALEGRE,2026_1av_form_HABILIDADES_DESEMPENHO_TURMA_01anos_LP.csv,20,20,100,47,35,29,35,EMEF PROF ANA IRIS DO AMARAL,EMEF PROF ANA IRIS DO AMARAL,100,FALSE,
2026,pos_inicio_programa,1,ESC_038,,EMEF PROF ANA IRIS DO AMARAL,EMEF PROF ANA IRIS DO AMARAL,eliane,1,Língua Portuguesa,1ª Avaliação Formativa, 21912411500000974,12,,,PORTO ALEGRE,2026_1av_form_HABILIDADES_DESEMPENHO_TURMA_01anos_LP.csv,20,16,80,66,7,50,43,EMEF PROF ANA IRIS DO AMARAL,EMEF PROF ANA IRIS DO AMARAL,80,FALSE,
2026,pos_inicio_programa,1,ESC_039,,EMEF PROF ANISIO TEIXEIRA,EMEF PROF ANISIO TEIXEIRA,andreia,1,Língua Portuguesa,1ª Avaliação Formativa, 21912411500000991,11,,,PORTO ALEGRE,2026_1av_form_HABILIDADES_DESEMPENHO_TURMA_01anos_LP.csv,14,13,93,55,22,44,33,EMEF PROF ANISIO TEIXEIRA,EMEF PROF ANISIO TEIXEIRA,92.85714285714286,FALSE,
2026,pos_inicio_programa,1,ESC_039,,EMEF PROF ANISIO TEIXEIRA,EMEF PROF ANISIO TEIXEIRA,andreia,1,Língua Portuguesa,1ª Avaliação Formativa, 21912411500000992,12,,,PORTO ALEGRE,2026_1av_form_HABILIDADES_DESEMPENHO_TURMA_01anos_LP.csv,22,19,86,18,71,24,6,EMEF PROF ANISIO TEIXEIRA,EMEF PROF ANISIO TEIXEIRA,86.36363636363636,FALSE,
2026,pos_inicio_programa,1,ESC_039,,EMEF PROF ANISIO TEIXEIRA,EMEF PROF ANISIO TEIXEIRA,andreia,1,Língua Portuguesa,1ª Avaliação Formativa, 21912411500000993,13,,,PORTO ALEGRE,2026_1av_form_HABILIDADES_DESEMPENHO_TURMA_01anos_LP.csv,17,16,94,62,29,29,43,EMEF PROF ANISIO TEIXEIRA,EMEF PROF ANISIO TEIXEIRA,94.11764705882354,FALSE,
2026,pos_inicio_programa,1,ESC_039,,EMEF PROF ANISIO TEIXEIRA,EMEF PROF ANISIO TEIXEIRA,andreia,1,Língua Portuguesa,1ª Avaliação Formativa, 21912411500000994,14,,,PORTO ALEGRE,2026_1av_form_HABILIDADES_DESEMPENHO_TURMA_01anos_LP.csv,20,19,95,63,6,63,31,EMEF PROF ANISIO TEIXEIRA,EMEF PROF ANISIO TEIXEIRA,95,FALSE,
2026,pos_inicio_programa,1,ESC_040,,EMEF PROF GILBERTO JORGE GONCALVES DA SILVA,EMEF PROF GILBERTO JORGE GONCALVES DA SILVA,ruti,1,Língua Portuguesa,1ª Avaliação Formativa, 21912411500001026,11,,,PORTO ALEGRE,2026_1av_form_HABILIDADES_DESEMPENHO_TURMA_01anos_LP.csv,22,21,95,36,44,44,11,EMEF PROF GILBERTO JORGE GONCALVES DA SILVA,EMEF PROF GILBERTO JORGE GONCALVES DA SILVA,95.45454545454545,FALSE,
2026,pos_inicio_programa,1,ESC_041,,EMEF PROF JUDITH MACEDO DE ARAUJO,EMEF PROF JUDITH MACEDO DE ARAUJO,graziela,1,Língua Portuguesa,1ª Avaliação Formativa, 21912411500001035,11,,,PORTO ALEGRE,2026_1av_form_HABILIDADES_DESEMPENHO_TURMA_01anos_LP.csv,21,16,76,7,93,7,0,EMEF PROF JUDITH MACEDO DE ARAUJO,EMEF PROF JUDITH MACEDO DE ARAUJO,76.19047619047619,FALSE,
2026,pos_inicio_programa,1,ESC_041,,EMEF PROF JUDITH MACEDO DE ARAUJO,EMEF PROF JUDITH MACEDO DE ARAUJO,graziela,1,Língua Portuguesa,1ª Avaliação Formativa, 21912411500001036,12,,,PORTO ALEGRE,2026_1av_form_HABILIDADES_DESEMPENHO_TURMA_01anos_LP.csv,22,21,95,17,63,37,0,EMEF PROF JUDITH MACEDO DE ARAUJO,EMEF PROF JUDITH MACEDO DE ARAUJO,95.45454545454545,FALSE,
2026,pos_inicio_programa,1,ESC_041,,EMEF PROF JUDITH MACEDO DE ARAUJO,EMEF PROF JUDITH MACEDO DE ARAUJO,graziela,1,Língua Portuguesa,1ª Avaliação Formativa, 21912411500001037,13,,,PORTO ALEGRE,2026_1av_form_HABILIDADES_DESEMPENHO_TURMA_01anos_LP.csv,22,16,73,11,86,7,7,EMEF PROF JUDITH MACEDO DE ARAUJO,EMEF PROF JUDITH MACEDO DE ARAUJO,72.72727272727273,FALSE,
2026,pos_inicio_programa,1,ESC_041,,EMEF PROF JUDITH MACEDO DE ARAUJO,EMEF PROF JUDITH MACEDO DE ARAUJO,graziela,1,Língua Portuguesa,1ª Avaliação Formativa, 21912411500001038,14,,,PORTO ALEGRE,2026_1av_form_HABILIDADES_DESEMPENHO_TURMA_01anos_LP.csv,22,18,82,8,88,13,0,EMEF PROF JUDITH MACEDO DE ARAUJO,EMEF PROF JUDITH MACEDO DE ARAUJO,81.81818181818181,FALSE,
2026,pos_inicio_programa,1,ESC_042,,EMEF PROF LARRY JOSE RIBEIRO ALVES,EMEF PROF LARRY JOSE RIBEIRO ALVES,amanda,1,Língua Portuguesa,1ª Avaliação Formativa, 21912411500001062,11,,,PORTO ALEGRE,2026_1av_form_HABILIDADES_DESEMPENHO_TURMA_01anos_LP.csv,19,15,79,24,64,29,7,EMEF PROF LARRY JOSE RIBEIRO ALVES,EMEF PROF LARRY JOSE RIBEIRO ALVES,78.94736842105263,FALSE,
2026,pos_inicio_programa,1,ESC_042,,EMEF PROF LARRY JOSE RIBEIRO ALVES,EMEF PROF LARRY JOSE RIBEIRO ALVES,amanda,1,Língua Portuguesa,1ª Avaliação Formativa, 21912411500001063,12,,,PORTO ALEGRE,2026_1av_form_HABILIDADES_DESEMPENHO_TURMA_01anos_LP.csv,21,19,90,11,83,11,6,EMEF PROF LARRY JOSE RIBEIRO ALVES,EMEF PROF LARRY JOSE RIBEIRO ALVES,90.47619047619048,FALSE,
2026,pos_inicio_programa,1,ESC_042,,EMEF PROF LARRY JOSE RIBEIRO ALVES,EMEF PROF LARRY JOSE RIBEIRO ALVES,amanda,1,Língua Portuguesa,1ª Avaliação Formativa, 21912411500001064,13,,,PORTO ALEGRE,2026_1av_form_HABILIDADES_DESEMPENHO_TURMA_01anos_LP.csv,21,18,86,35,59,24,18,EMEF PROF LARRY JOSE RIBEIRO ALVES,EMEF PROF LARRY JOSE RIBEIRO ALVES,85.71428571428571,FALSE,
2026,pos_inicio_programa,1,ESC_042,,EMEF PROF LARRY JOSE RIBEIRO ALVES,EMEF PROF LARRY JOSE RIBEIRO ALVES,amanda,1,Língua Portuguesa,1ª Avaliação Formativa, 21912411500001065,14,,,PORTO ALEGRE,2026_1av_form_HABILIDADES_DESEMPENHO_TURMA_01anos_LP.csv,23,16,70,35,60,13,27,EMEF PROF LARRY JOSE RIBEIRO ALVES,EMEF PROF LARRY JOSE RIBEIRO ALVES,69.56521739130434,FALSE,
2026,pos_inicio_programa,1,ESC_043,,EMEF RINCAO,EMEF RINCAO,jalize,1,Língua Portuguesa,1ª Avaliação Formativa, 21912411500001093,11,,,PORTO ALEGRE,2026_1av_form_HABILIDADES_DESEMPENHO_TURMA_01anos_LP.csv,22,20,91,68,22,22,56,EMEF RINCAO,EMEF RINCAO,90.9090909090909,FALSE,
2026,pos_inicio_programa,1,ESC_043,,EMEF RINCAO,EMEF RINCAO,jalize,1,Língua Portuguesa,1ª Avaliação Formativa, 21912411500001094,12,,,PORTO ALEGRE,2026_1av_form_HABILIDADES_DESEMPENHO_TURMA_01anos_LP.csv,25,19,76,19,68,26,5,EMEF RINCAO,EMEF RINCAO,76,FALSE,
2026,pos_inicio_programa,1,ESC_044,,EMEF SAINT HILAIRE,EMEF SAINT HILAIRE,andreia,1,Língua Portuguesa,1ª Avaliação Formativa, 21912411500001111,11,,,PORTO ALEGRE,2026_1av_form_HABILIDADES_DESEMPENHO_TURMA_01anos_LP.csv,21,15,71,23,71,21,7,EMEF SAINT HILAIRE,EMEF SAINT HILAIRE,71.42857142857143,FALSE,
2026,pos_inicio_programa,1,ESC_044,,EMEF SAINT HILAIRE,EMEF SAINT HILAIRE,andreia,1,Língua Portuguesa,1ª Avaliação Formativa, 21912411500001112,12,,,PORTO ALEGRE,2026_1av_form_HABILIDADES_DESEMPENHO_TURMA_01anos_LP.csv,22,19,86,29,63,38,0,EMEF SAINT HILAIRE,EMEF SAINT HILAIRE,86.36363636363636,FALSE,
2026,pos_inicio_programa,1,ESC_044,,EMEF SAINT HILAIRE,EMEF SAINT HILAIRE,andreia,1,Língua Portuguesa,1ª Avaliação Formativa, 21912411500001113,13,,,PORTO ALEGRE,2026_1av_form_HABILIDADES_DESEMPENHO_TURMA_01anos_LP.csv,24,19,79,23,67,28,6,EMEF SAINT HILAIRE,EMEF SAINT HILAIRE,79.16666666666667,FALSE,
2026,pos_inicio_programa,1,ESC_044,,EMEF SAINT HILAIRE,EMEF SAINT HILAIRE,andreia,1,Língua Portuguesa,1ª Avaliação Formativa, 21912411500001114,14,,,PORTO ALEGRE,2026_1av_form_HABILIDADES_DESEMPENHO_TURMA_01anos_LP.csv,20,18,90,30,65,24,12,EMEF SAINT HILAIRE,EMEF SAINT HILAIRE,90,FALSE,
2026,pos_inicio_programa,1,ESC_045,,EMEF SAO PEDRO,EMEF SAO PEDRO,marian,1,Língua Portuguesa,1ª Avaliação Formativa, 21912411500001145,11,,,PORTO ALEGRE,2026_1av_form_HABILIDADES_DESEMPENHO_TURMA_01anos_LP.csv,24,19,79,68,24,18,59,EMEF SAO PEDRO,EMEF SAO PEDRO,79.16666666666667,FALSE,
2026,pos_inicio_programa,1,ESC_045,,EMEF SAO PEDRO,EMEF SAO PEDRO,marian,1,Língua Portuguesa,1ª Avaliação Formativa, 21912411500001146,12,,,PORTO ALEGRE,2026_1av_form_HABILIDADES_DESEMPENHO_TURMA_01anos_LP.csv,22,13,59,13,92,0,8,EMEF SAO PEDRO,EMEF SAO PEDRO,59.09090909090909,FALSE,
2026,pos_inicio_programa,1,ESC_045,,EMEF SAO PEDRO,EMEF SAO PEDRO,marian,1,Língua Portuguesa,1ª Avaliação Formativa, 21912411500001147,13,,,PORTO ALEGRE,2026_1av_form_HABILIDADES_DESEMPENHO_TURMA_01anos_LP.csv,24,21,88,21,71,19,10,EMEF SAO PEDRO,EMEF SAO PEDRO,87.5,FALSE,
2026,pos_inicio_programa,1,ESC_045,,EMEF SAO PEDRO,EMEF SAO PEDRO,marian,1,Língua Portuguesa,1ª Avaliação Formativa, 21912411500001148,14,,,PORTO ALEGRE,2026_1av_form_HABILIDADES_DESEMPENHO_TURMA_01anos_LP.csv,25,15,60,51,23,54,23,EMEF SAO PEDRO,EMEF SAO PEDRO,60,FALSE,
2026,pos_inicio_programa,1,ESC_046,,EMEF SEN ALBERTO PASQUALINI,EMEF SEN ALBERTO PASQUALINI,julia,1,Língua Portuguesa,1ª Avaliação Formativa, 21912411500001182,11,,,PORTO ALEGRE,2026_1av_form_HABILIDADES_DESEMPENHO_TURMA_01anos_LP.csv,23,17,74,40,25,69,6,EMEF SEN ALBERTO PASQUALINI,EMEF SEN ALBERTO PASQUALINI,73.91304347826087,FALSE,
2026,pos_inicio_programa,1,ESC_046,,EMEF SEN ALBERTO PASQUALINI,EMEF SEN ALBERTO PASQUALINI,julia,1,Língua Portuguesa,1ª Avaliação Formativa, 21912411500001183,12,,,PORTO ALEGRE,2026_1av_form_HABILIDADES_DESEMPENHO_TURMA_01anos_LP.csv,20,16,80,85,7,20,73,EMEF SEN ALBERTO PASQUALINI,EMEF SEN ALBERTO PASQUALINI,80,FALSE,
2026,pos_inicio_programa,1,ESC_046,,EMEF SEN ALBERTO PASQUALINI,EMEF SEN ALBERTO PASQUALINI,julia,1,Língua Portuguesa,1ª Avaliação Formativa, 21912411500001184,13,,,PORTO ALEGRE,2026_1av_form_HABILIDADES_DESEMPENHO_TURMA_01anos_LP.csv,21,17,81,70,20,20,60,EMEF SEN ALBERTO PASQUALINI,EMEF SEN ALBERTO PASQUALINI,80.95238095238095,FALSE,
2026,pos_inicio_programa,1,ESC_046,,EMEF SEN ALBERTO PASQUALINI,EMEF SEN ALBERTO PASQUALINI,julia,1,Língua Portuguesa,1ª Avaliação Formativa, 21912411500001185,14,,,PORTO ALEGRE,2026_1av_form_HABILIDADES_DESEMPENHO_TURMA_01anos_LP.csv,22,16,73,33,57,29,14,EMEF SEN ALBERTO PASQUALINI,EMEF SEN ALBERTO PASQUALINI,72.72727272727273,FALSE,
2026,pos_inicio_programa,1,ESC_047,,EMEF TIMBAUVA,EMEF TIMBAUVA,nathalia,1,Língua Portuguesa,1ª Avaliação Formativa, 21912411500001217,11,,,PORTO ALEGRE,2026_1av_form_HABILIDADES_DESEMPENHO_TURMA_01anos_LP.csv,20,18,90,96,0,6,94,EMEF TIMBAUVA,EMEF TIMBAUVA,90,FALSE,
2026,pos_inicio_programa,1,ESC_047,,EMEF TIMBAUVA,EMEF TIMBAUVA,nathalia,1,Língua Portuguesa,1ª Avaliação Formativa, 21912411500001218,12,,,PORTO ALEGRE,2026_1av_form_HABILIDADES_DESEMPENHO_TURMA_01anos_LP.csv,20,18,90,99,0,0,100,EMEF TIMBAUVA,EMEF TIMBAUVA,90,FALSE,
2026,pos_inicio_programa,1,ESC_047,,EMEF TIMBAUVA,EMEF TIMBAUVA,nathalia,1,Língua Portuguesa,1ª Avaliação Formativa, 21912411500001219,13,,,PORTO ALEGRE,2026_1av_form_HABILIDADES_DESEMPENHO_TURMA_01anos_LP.csv,22,20,91,58,0,85,15,EMEF TIMBAUVA,EMEF TIMBAUVA,90.9090909090909,FALSE,
2026,pos_inicio_programa,1,ESC_048,,EMEF VER ANTONIO GIUDICE,EMEF VER ANTONIO GIUDICE,clarissa,1,Língua Portuguesa,1ª Avaliação Formativa, 21912411500001244,11,,,PORTO ALEGRE,2026_1av_form_HABILIDADES_DESEMPENHO_TURMA_01anos_LP.csv,22,20,91,27,65,18,18,EMEF VER ANTONIO GIUDICE,EMEF VER ANTONIO GIUDICE,90.9090909090909,FALSE,
2026,pos_inicio_programa,1,ESC_048,,EMEF VER ANTONIO GIUDICE,EMEF VER ANTONIO GIUDICE,clarissa,1,Língua Portuguesa,1ª Avaliação Formativa, 21912411500001245,12,,,PORTO ALEGRE,2026_1av_form_HABILIDADES_DESEMPENHO_TURMA_01anos_LP.csv,22,17,77,42,43,29,29,EMEF VER ANTONIO GIUDICE,EMEF VER ANTONIO GIUDICE,77.27272727272727,FALSE,
2026,pos_inicio_programa,1,ESC_048,,EMEF VER ANTONIO GIUDICE,EMEF VER ANTONIO GIUDICE,clarissa,1,Língua Portuguesa,1ª Avaliação Formativa, 21912411500001246,13,,,PORTO ALEGRE,2026_1av_form_HABILIDADES_DESEMPENHO_TURMA_01anos_LP.csv,25,22,88,37,36,50,14,EMEF VER ANTONIO GIUDICE,EMEF VER ANTONIO GIUDICE,88,FALSE,
2026,pos_inicio_programa,1,ESC_048,,EMEF VER ANTONIO GIUDICE,EMEF VER ANTONIO GIUDICE,clarissa,1,Língua Portuguesa,1ª Avaliação Formativa, 21912411500001247,14,,,PORTO ALEGRE,2026_1av_form_HABILIDADES_DESEMPENHO_TURMA_01anos_LP.csv,20,17,85,45,47,20,33,EMEF VER ANTONIO GIUDICE,EMEF VER ANTONIO GIUDICE,85,FALSE,
2026,pos_inicio_programa,1,ESC_049,,EMEF VER CARLOS PESSOA DE BRUM,EMEF VER CARLOS PESSOA DE BRUM,priscila,1,Língua Portuguesa,1ª Avaliação Formativa, 21912411500001272,11,,,PORTO ALEGRE,2026_1av_form_HABILIDADES_DESEMPENHO_TURMA_01anos_LP.csv,14,12,86,12,92,8,0,EMEF VER CARLOS PESSOA DE BRUM,EMEF VER CARLOS PESSOA DE BRUM,85.71428571428571,FALSE,
2026,pos_inicio_programa,1,ESC_049,,EMEF VER CARLOS PESSOA DE BRUM,EMEF VER CARLOS PESSOA DE BRUM,priscila,1,Língua Portuguesa,1ª Avaliação Formativa, 21912411500001273,12,,,PORTO ALEGRE,2026_1av_form_HABILIDADES_DESEMPENHO_TURMA_01anos_LP.csv,19,17,89,24,59,41,0,EMEF VER CARLOS PESSOA DE BRUM,EMEF VER CARLOS PESSOA DE BRUM,89.47368421052632,FALSE,
2026,pos_inicio_programa,1,ESC_049,,EMEF VER CARLOS PESSOA DE BRUM,EMEF VER CARLOS PESSOA DE BRUM,priscila,1,Língua Portuguesa,1ª Avaliação Formativa, 21912411500001274,13,,,PORTO ALEGRE,2026_1av_form_HABILIDADES_DESEMPENHO_TURMA_01anos_LP.csv,16,13,81,3,92,8,0,EMEF VER CARLOS PESSOA DE BRUM,EMEF VER CARLOS PESSOA DE BRUM,81.25,FALSE,
2026,pos_inicio_programa,1,ESC_049,,EMEF VER CARLOS PESSOA DE BRUM,EMEF VER CARLOS PESSOA DE BRUM,priscila,1,Língua Portuguesa,1ª Avaliação Formativa, 21912411500001275,14,,,PORTO ALEGRE,2026_1av_form_HABILIDADES_DESEMPENHO_TURMA_01anos_LP.csv,22,13,59,6,100,0,0,EMEF VER CARLOS PESSOA DE BRUM,EMEF VER CARLOS PESSOA DE BRUM,59.09090909090909,FALSE,
2026,pos_inicio_programa,1,ESC_049,,EMEF VER CARLOS PESSOA DE BRUM,EMEF VER CARLOS PESSOA DE BRUM,priscila,1,Língua Portuguesa,1ª Avaliação Formativa, 21912411500001276,15,,,PORTO ALEGRE,2026_1av_form_HABILIDADES_DESEMPENHO_TURMA_01anos_LP.csv,22,18,82,7,89,11,0,EMEF VER CARLOS PESSOA DE BRUM,EMEF VER CARLOS PESSOA DE BRUM,81.81818181818181,FALSE,
2026,pos_inicio_programa,1,ESC_050,,EMEF VER MARTIM ARANHA,EMEF VER MARTIM ARANHA,priscila,1,Língua Portuguesa,1ª Avaliação Formativa, 21912411500001313,11,,,PORTO ALEGRE,2026_1av_form_HABILIDADES_DESEMPENHO_TURMA_01anos_LP.csv,22,19,86,0,100,0,0,EMEF VER MARTIM ARANHA,EMEF VER MARTIM ARANHA,86.36363636363636,FALSE,
2026,pos_inicio_programa,1,ESC_050,,EMEF VER MARTIM ARANHA,EMEF VER MARTIM ARANHA,priscila,1,Língua Portuguesa,1ª Avaliação Formativa, 21912411500001314,12,,,PORTO ALEGRE,2026_1av_form_HABILIDADES_DESEMPENHO_TURMA_01anos_LP.csv,18,13,72,2,100,0,0,EMEF VER MARTIM ARANHA,EMEF VER MARTIM ARANHA,72.22222222222223,FALSE,
2026,pos_inicio_programa,1,ESC_050,,EMEF VER MARTIM ARANHA,EMEF VER MARTIM ARANHA,priscila,1,Língua Portuguesa,1ª Avaliação Formativa, 21912411500001315,13,,,PORTO ALEGRE,2026_1av_form_HABILIDADES_DESEMPENHO_TURMA_01anos_LP.csv,14,11,79,11,89,11,0,EMEF VER MARTIM ARANHA,EMEF VER MARTIM ARANHA,78.57142857142857,FALSE,
2026,pos_inicio_programa,1,ESC_050,,EMEF VER MARTIM ARANHA,EMEF VER MARTIM ARANHA,priscila,1,Língua Portuguesa,1ª Avaliação Formativa, 21912411500001316,14,,,PORTO ALEGRE,2026_1av_form_HABILIDADES_DESEMPENHO_TURMA_01anos_LP.csv,17,14,82,31,67,17,17,EMEF VER MARTIM ARANHA,EMEF VER MARTIM ARANHA,82.3529411764706,FALSE,
2026,pos_inicio_programa,1,ESC_051,,EMEF VILA MONTE CRISTO,EMEF VILA MONTE CRISTO,graziela,1,Língua Portuguesa,1ª Avaliação Formativa, 21912411500001340,11,,,PORTO ALEGRE,2026_1av_form_HABILIDADES_DESEMPENHO_TURMA_01anos_LP.csv,13,11,85,29,67,11,22,EMEF VILA MONTE CRISTO,EMEF VILA MONTE CRISTO,84.61538461538461,FALSE,
2026,pos_inicio_programa,1,ESC_051,,EMEF VILA MONTE CRISTO,EMEF VILA MONTE CRISTO,graziela,1,Língua Portuguesa,1ª Avaliação Formativa, 21912411500001341,12,,,PORTO ALEGRE,2026_1av_form_HABILIDADES_DESEMPENHO_TURMA_01anos_LP.csv,14,11,79,28,50,50,0,EMEF VILA MONTE CRISTO,EMEF VILA MONTE CRISTO,78.57142857142857,FALSE,
2026,pos_inicio_programa,1,ESC_051,,EMEF VILA MONTE CRISTO,EMEF VILA MONTE CRISTO,graziela,1,Língua Portuguesa,1ª Avaliação Formativa, 21912411500001342,13,,,PORTO ALEGRE,2026_1av_form_HABILIDADES_DESEMPENHO_TURMA_01anos_LP.csv,13,11,85,24,60,40,0,EMEF VILA MONTE CRISTO,EMEF VILA MONTE CRISTO,84.61538461538461,FALSE,
2026,pos_inicio_programa,1,ESC_051,,EMEF VILA MONTE CRISTO,EMEF VILA MONTE CRISTO,graziela,1,Língua Portuguesa,1ª Avaliação Formativa, 21912411500001343,14,,,PORTO ALEGRE,2026_1av_form_HABILIDADES_DESEMPENHO_TURMA_01anos_LP.csv,24,19,79,48,26,53,21,EMEF VILA MONTE CRISTO,EMEF VILA MONTE CRISTO,79.16666666666667,FALSE,
2026,pos_inicio_programa,1,ESC_051,,EMEF VILA MONTE CRISTO,EMEF VILA MONTE CRISTO,graziela,1,Língua Portuguesa,1ª Avaliação Formativa, 21912411500001344,15,,,PORTO ALEGRE,2026_1av_form_HABILIDADES_DESEMPENHO_TURMA_01anos_LP.csv,20,16,80,44,50,13,38,EMEF VILA MONTE CRISTO,EMEF VILA MONTE CRISTO,80,FALSE,
2026,pos_inicio_programa,1,ESC_052,,EMEF WENCESLAU FONTOURA,EMEF WENCESLAU FONTOURA,eliane,1,Língua Portuguesa,1ª Avaliação Formativa, 21912411500001376,11,,,PORTO ALEGRE,2026_1av_form_HABILIDADES_DESEMPENHO_TURMA_01anos_LP.csv,22,17,77,24,63,31,6,EMEF WENCESLAU FONTOURA,EMEF WENCESLAU FONTOURA,77.27272727272727,FALSE,
2026,pos_inicio_programa,1,ESC_052,,EMEF WENCESLAU FONTOURA,EMEF WENCESLAU FONTOURA,eliane,1,Língua Portuguesa,1ª Avaliação Formativa, 21912411500001377,12,,,PORTO ALEGRE,2026_1av_form_HABILIDADES_DESEMPENHO_TURMA_01anos_LP.csv,23,21,91,26,74,21,5,EMEF WENCESLAU FONTOURA,EMEF WENCESLAU FONTOURA,91.30434782608695,FALSE,
2026,pos_inicio_programa,1,ESC_052,,EMEF WENCESLAU FONTOURA,EMEF WENCESLAU FONTOURA,eliane,1,Língua Portuguesa,1ª Avaliação Formativa, 21912411500001378,13,,,PORTO ALEGRE,2026_1av_form_HABILIDADES_DESEMPENHO_TURMA_01anos_LP.csv,22,21,95,40,40,50,10,EMEF WENCESLAU FONTOURA,EMEF WENCESLAU FONTOURA,95.45454545454545,FALSE,
2026,pos_inicio_programa,1,ESC_052,,EMEF WENCESLAU FONTOURA,EMEF WENCESLAU FONTOURA,eliane,1,Língua Portuguesa,1ª Avaliação Formativa, 21912411500001379,14,,,PORTO ALEGRE,2026_1av_form_HABILIDADES_DESEMPENHO_TURMA_01anos_LP.csv,23,21,91,34,50,45,5,EMEF WENCESLAU FONTOURA,EMEF WENCESLAU FONTOURA,91.30434782608695,FALSE,
2026,pos_inicio_programa,1,ESC_053,,EMEM EMILIO MEYER,EMEM EMILIO MEYER,ruti,1,Língua Portuguesa,1ª Avaliação Formativa, 21912411500001407,11,,,PORTO ALEGRE,2026_1av_form_HABILIDADES_DESEMPENHO_TURMA_01anos_LP.csv,20,16,80,7,86,14,0,EMEM EMILIO MEYER,EMEM EMILIO MEYER,80,FALSE,
2026,pos_inicio_programa,1,ESC_053,,EMEM EMILIO MEYER,EMEM EMILIO MEYER,ruti,1,Língua Portuguesa,1ª Avaliação Formativa, 21912411500001408,12,,,PORTO ALEGRE,2026_1av_form_HABILIDADES_DESEMPENHO_TURMA_01anos_LP.csv,22,16,73,29,57,36,7,EMEM EMILIO MEYER,EMEM EMILIO MEYER,72.72727272727273,FALSE,
2026,pos_inicio_programa,1,ESC_053,,EMEM EMILIO MEYER,EMEM EMILIO MEYER,ruti,1,Língua Portuguesa,1ª Avaliação Formativa, 21912411500001409,13,,,PORTO ALEGRE,2026_1av_form_HABILIDADES_DESEMPENHO_TURMA_01anos_LP.csv,17,13,76,7,85,15,0,EMEM EMILIO MEYER,EMEM EMILIO MEYER,76.47058823529412,FALSE,
2026,pos_inicio_programa,1,ESC_053,,EMEM EMILIO MEYER,EMEM EMILIO MEYER,ruti,1,Língua Portuguesa,1ª Avaliação Formativa, 21912411500001410,14,,,PORTO ALEGRE,2026_1av_form_HABILIDADES_DESEMPENHO_TURMA_01anos_LP.csv,19,10,53,52,22,44,33,EMEM EMILIO MEYER,EMEM EMILIO MEYER,52.63157894736842,FALSE,
2026,pos_inicio_programa,1,ESC_054,,ESC EST ENS FUN PROFESSORA LEOPOLDA BARNEWITZ,ESC EST ENS FUN PROFESSORA LEOPOLDA BARNEWITZ,julia,1,Língua Portuguesa,1ª Avaliação Formativa, 21912411500001440,11,,,PORTO ALEGRE,2026_1av_form_HABILIDADES_DESEMPENHO_TURMA_01anos_LP.csv,19,18,95,48,31,44,25,ESC EST ENS FUN PROFESSORA LEOPOLDA BARNEWITZ,ESC EST ENS FUN PROFESSORA LEOPOLDA BARNEWITZ,94.73684210526316,FALSE,
2026,pos_inicio_programa,1,ESC_001,,EEF PEQUENA CASA DA CRIANCA,6001 EEF PEQUENA CASA DA CRIANCA,outras,2,Língua Portuguesa,1ª Avaliação Formativa, 21912411500000004,20,,,PORTO ALEGRE,2026_1av_form_HABILIDADES_DESEMPENHO_TURMA_02anos_LP.csv,16,15,94,32,50,43,7,EEF PEQUENA CASA DA CRIANCA,EEF PEQUENA CASA DA CRIANCA,93.75,FALSE,
2026,pos_inicio_programa,1,ESC_001,,EEF PEQUENA CASA DA CRIANCA,6001 EEF PEQUENA CASA DA CRIANCA,outras,2,Língua Portuguesa,1ª Avaliação Formativa, 21912411500000005,21,,,PORTO ALEGRE,2026_1av_form_HABILIDADES_DESEMPENHO_TURMA_02anos_LP.csv,16,15,94,40,43,43,14,EEF PEQUENA CASA DA CRIANCA,EEF PEQUENA CASA DA CRIANCA,93.75,FALSE,
2026,pos_inicio_programa,1,ESC_001,,EEF PEQUENA CASA DA CRIANCA,6001 EEF PEQUENA CASA DA CRIANCA,outras,2,Língua Portuguesa,1ª Avaliação Formativa, 21912411500000006,22,,,PORTO ALEGRE,2026_1av_form_HABILIDADES_DESEMPENHO_TURMA_02anos_LP.csv,14,11,79,58,10,80,10,EEF PEQUENA CASA DA CRIANCA,EEF PEQUENA CASA DA CRIANCA,78.57142857142857,FALSE,
2026,pos_inicio_programa,1,ESC_055,,ESCOLA DE ENSINO FUNDAMENTAL MADRE RAFFO,7028 ESCOLA DE ENSINO FUNDAMENTAL MADRE RAFFO,outras,2,Língua Portuguesa,1ª Avaliação Formativa, 21912411500000023,2A,,,PORTO ALEGRE,2026_1av_form_HABILIDADES_DESEMPENHO_TURMA_02anos_LP.csv,14,14,100,65,21,29,50,ESCOLA DE ENSINO FUNDAMENTAL MADRE RAFFO,ESCOLA DE ENSINO FUNDAMENTAL MADRE RAFFO,100,FALSE,
2026,pos_inicio_programa,1,ESC_002,,EMEB DR LIBERATO SALZANO VIEIRA DA CUNHA,EMEB DR LIBERATO SALZANO VIEIRA DA CUNHA,clarissa,2,Língua Portuguesa,1ª Avaliação Formativa, 21912411500000035,21,,,PORTO ALEGRE,2026_1av_form_HABILIDADES_DESEMPENHO_TURMA_02anos_LP.csv,21,19,90,38,50,39,11,EMEB DR LIBERATO SALZANO VIEIRA DA CUNHA,EMEB DR LIBERATO SALZANO VIEIRA DA CUNHA,90.47619047619048,FALSE,
2026,pos_inicio_programa,1,ESC_002,,EMEB DR LIBERATO SALZANO VIEIRA DA CUNHA,EMEB DR LIBERATO SALZANO VIEIRA DA CUNHA,clarissa,2,Língua Portuguesa,1ª Avaliação Formativa, 21912411500000036,22,,,PORTO ALEGRE,2026_1av_form_HABILIDADES_DESEMPENHO_TURMA_02anos_LP.csv,18,17,94,35,47,47,7,EMEB DR LIBERATO SALZANO VIEIRA DA CUNHA,EMEB DR LIBERATO SALZANO VIEIRA DA CUNHA,94.44444444444444,FALSE,
2026,pos_inicio_programa,1,ESC_002,,EMEB DR LIBERATO SALZANO VIEIRA DA CUNHA,EMEB DR LIBERATO SALZANO VIEIRA DA CUNHA,clarissa,2,Língua Portuguesa,1ª Avaliação Formativa, 21912411500000037,23,,,PORTO ALEGRE,2026_1av_form_HABILIDADES_DESEMPENHO_TURMA_02anos_LP.csv,20,19,95,38,50,22,28,EMEB DR LIBERATO SALZANO VIEIRA DA CUNHA,EMEB DR LIBERATO SALZANO VIEIRA DA CUNHA,95,FALSE,
2026,pos_inicio_programa,1,ESC_002,,EMEB DR LIBERATO SALZANO VIEIRA DA CUNHA,EMEB DR LIBERATO SALZANO VIEIRA DA CUNHA,clarissa,2,Língua Portuguesa,1ª Avaliação Formativa, 21912411500000038,24,,,PORTO ALEGRE,2026_1av_form_HABILIDADES_DESEMPENHO_TURMA_02anos_LP.csv,22,19,86,41,41,41,18,EMEB DR LIBERATO SALZANO VIEIRA DA CUNHA,EMEB DR LIBERATO SALZANO VIEIRA DA CUNHA,86.36363636363636,FALSE,
2026,pos_inicio_programa,1,ESC_003,,EMEF AFONSO GUERREIRO LIMA,EMEF AFONSO GUERREIRO LIMA,graziela,2,Língua Portuguesa,1ª Avaliação Formativa, 21912411500000073,21,,,PORTO ALEGRE,2026_1av_form_HABILIDADES_DESEMPENHO_TURMA_02anos_LP.csv,23,19,83,44,44,33,22,EMEF AFONSO GUERREIRO LIMA,EMEF AFONSO GUERREIRO LIMA,82.6086956521739,FALSE,
2026,pos_inicio_programa,1,ESC_003,,EMEF AFONSO GUERREIRO LIMA,EMEF AFONSO GUERREIRO LIMA,graziela,2,Língua Portuguesa,1ª Avaliação Formativa, 21912411500000074,22,,,PORTO ALEGRE,2026_1av_form_HABILIDADES_DESEMPENHO_TURMA_02anos_LP.csv,18,17,94,58,19,31,50,EMEF AFONSO GUERREIRO LIMA,EMEF AFONSO GUERREIRO LIMA,94.44444444444444,FALSE,
2026,pos_inicio_programa,1,ESC_003,,EMEF AFONSO GUERREIRO LIMA,EMEF AFONSO GUERREIRO LIMA,graziela,2,Língua Portuguesa,1ª Avaliação Formativa, 21912411500000075,23,,,PORTO ALEGRE,2026_1av_form_HABILIDADES_DESEMPENHO_TURMA_02anos_LP.csv,19,19,100,32,63,25,13,EMEF AFONSO GUERREIRO LIMA,EMEF AFONSO GUERREIRO LIMA,100,FALSE,
2026,pos_inicio_programa,1,ESC_003,,EMEF AFONSO GUERREIRO LIMA,EMEF AFONSO GUERREIRO LIMA,graziela,2,Língua Portuguesa,1ª Avaliação Formativa, 21912411500000076,24,,,PORTO ALEGRE,2026_1av_form_HABILIDADES_DESEMPENHO_TURMA_02anos_LP.csv,21,18,86,59,31,19,50,EMEF AFONSO GUERREIRO LIMA,EMEF AFONSO GUERREIRO LIMA,85.71428571428571,FALSE,
2026,pos_inicio_programa,1,ESC_004,,EMEF AMERICA,EMEF AMERICA,nathalia,2,Língua Portuguesa,1ª Avaliação Formativa, 21912411500000107,21,,,PORTO ALEGRE,2026_1av_form_HABILIDADES_DESEMPENHO_TURMA_02anos_LP.csv,20,17,85,58,19,56,25,EMEF AMERICA,EMEF AMERICA,85,FALSE,
2026,pos_inicio_programa,1,ESC_004,,EMEF AMERICA,EMEF AMERICA,nathalia,2,Língua Portuguesa,1ª Avaliação Formativa, 21912411500000108,22,,,PORTO ALEGRE,2026_1av_form_HABILIDADES_DESEMPENHO_TURMA_02anos_LP.csv,22,20,91,46,40,30,30,EMEF AMERICA,EMEF AMERICA,90.9090909090909,FALSE,
2026,pos_inicio_programa,1,ESC_005,,EMEF ARAMY SILVA,EMEF ARAMY SILVA,priscila,2,Língua Portuguesa,1ª Avaliação Formativa, 21912411500000128,21,,,PORTO ALEGRE,2026_1av_form_HABILIDADES_DESEMPENHO_TURMA_02anos_LP.csv,18,17,94,45,44,31,25,EMEF ARAMY SILVA,EMEF ARAMY SILVA,94.44444444444444,FALSE,
2026,pos_inicio_programa,1,ESC_005,,EMEF ARAMY SILVA,EMEF ARAMY SILVA,priscila,2,Língua Portuguesa,1ª Avaliação Formativa, 21912411500000129,22,,,PORTO ALEGRE,2026_1av_form_HABILIDADES_DESEMPENHO_TURMA_02anos_LP.csv,16,11,69,74,20,10,70,EMEF ARAMY SILVA,EMEF ARAMY SILVA,68.75,FALSE,
2026,pos_inicio_programa,1,ESC_005,,EMEF ARAMY SILVA,EMEF ARAMY SILVA,priscila,2,Língua Portuguesa,1ª Avaliação Formativa, 21912411500000130,23,,,PORTO ALEGRE,2026_1av_form_HABILIDADES_DESEMPENHO_TURMA_02anos_LP.csv,23,20,87,51,33,39,28,EMEF ARAMY SILVA,EMEF ARAMY SILVA,86.95652173913044,FALSE,
2026,pos_inicio_programa,1,ESC_005,,EMEF ARAMY SILVA,EMEF ARAMY SILVA,priscila,2,Língua Portuguesa,1ª Avaliação Formativa, 21912411500000131,24,,,PORTO ALEGRE,2026_1av_form_HABILIDADES_DESEMPENHO_TURMA_02anos_LP.csv,21,21,100,39,58,21,21,EMEF ARAMY SILVA,EMEF ARAMY SILVA,100,FALSE,
2026,pos_inicio_programa,1,ESC_006,,EMEF CAMPOS DO CRISTAL,EMEF CAMPOS DO CRISTAL,andreia,2,Língua Portuguesa,1ª Avaliação Formativa, 21912411500000157,21,,,PORTO ALEGRE,2026_1av_form_HABILIDADES_DESEMPENHO_TURMA_02anos_LP.csv,15,14,93,44,33,33,33,EMEF CAMPOS DO CRISTAL,EMEF CAMPOS DO CRISTAL,93.33333333333333,FALSE,
2026,pos_inicio_programa,1,ESC_006,,EMEF CAMPOS DO CRISTAL,EMEF CAMPOS DO CRISTAL,andreia,2,Língua Portuguesa,1ª Avaliação Formativa, 21912411500000158,22,,,PORTO ALEGRE,2026_1av_form_HABILIDADES_DESEMPENHO_TURMA_02anos_LP.csv,18,18,100,66,13,44,44,EMEF CAMPOS DO CRISTAL,EMEF CAMPOS DO CRISTAL,100,FALSE,
2026,pos_inicio_programa,1,ESC_007,,EMEF CHAPEU DO SOL,EMEF CHAPEU DO SOL,ruti,2,Língua Portuguesa,1ª Avaliação Formativa, 21912411500000178,21,,,PORTO ALEGRE,2026_1av_form_HABILIDADES_DESEMPENHO_TURMA_02anos_LP.csv,21,18,86,72,13,31,56,EMEF CHAPEU DO SOL,EMEF CHAPEU DO SOL,85.71428571428571,FALSE,
2026,pos_inicio_programa,1,ESC_007,,EMEF CHAPEU DO SOL,EMEF CHAPEU DO SOL,ruti,2,Língua Portuguesa,1ª Avaliação Formativa, 21912411500000179,22,,,PORTO ALEGRE,2026_1av_form_HABILIDADES_DESEMPENHO_TURMA_02anos_LP.csv,22,18,82,64,22,22,56,EMEF CHAPEU DO SOL,EMEF CHAPEU DO SOL,81.81818181818181,FALSE,
2026,pos_inicio_programa,1,ESC_007,,EMEF CHAPEU DO SOL,EMEF CHAPEU DO SOL,ruti,2,Língua Portuguesa,1ª Avaliação Formativa, 21912411500000180,23,,,PORTO ALEGRE,2026_1av_form_HABILIDADES_DESEMPENHO_TURMA_02anos_LP.csv,24,20,83,67,20,20,60,EMEF CHAPEU DO SOL,EMEF CHAPEU DO SOL,83.33333333333333,FALSE,
2026,pos_inicio_programa,1,ESC_007,,EMEF CHAPEU DO SOL,EMEF CHAPEU DO SOL,ruti,2,Língua Portuguesa,1ª Avaliação Formativa, 21912411500000181,24,,,PORTO ALEGRE,2026_1av_form_HABILIDADES_DESEMPENHO_TURMA_02anos_LP.csv,22,20,91,71,5,37,58,EMEF CHAPEU DO SOL,EMEF CHAPEU DO SOL,90.9090909090909,FALSE,
2026,pos_inicio_programa,1,ESC_007,,EMEF CHAPEU DO SOL,EMEF CHAPEU DO SOL,ruti,2,Língua Portuguesa,1ª Avaliação Formativa, 21912411500000182,25,,,PORTO ALEGRE,2026_1av_form_HABILIDADES_DESEMPENHO_TURMA_02anos_LP.csv,22,21,95,24,70,25,5,EMEF CHAPEU DO SOL,EMEF CHAPEU DO SOL,95.45454545454545,FALSE,
2026,pos_inicio_programa,1,ESC_008,,EMEF CHICO MENDES,EMEF CHICO MENDES,eliane,2,Língua Portuguesa,1ª Avaliação Formativa, 21912411500000216,21,,,PORTO ALEGRE,2026_1av_form_HABILIDADES_DESEMPENHO_TURMA_02anos_LP.csv,26,20,77,55,22,50,28,EMEF CHICO MENDES,EMEF CHICO MENDES,76.92307692307692,FALSE,
2026,pos_inicio_programa,1,ESC_008,,EMEF CHICO MENDES,EMEF CHICO MENDES,eliane,2,Língua Portuguesa,1ª Avaliação Formativa, 21912411500000217,22,,,PORTO ALEGRE,2026_1av_form_HABILIDADES_DESEMPENHO_TURMA_02anos_LP.csv,19,16,84,71,7,33,60,EMEF CHICO MENDES,EMEF CHICO MENDES,84.21052631578948,FALSE,
2026,pos_inicio_programa,1,ESC_008,,EMEF CHICO MENDES,EMEF CHICO MENDES,eliane,2,Língua Portuguesa,1ª Avaliação Formativa, 21912411500000218,23,,,PORTO ALEGRE,2026_1av_form_HABILIDADES_DESEMPENHO_TURMA_02anos_LP.csv,25,21,84,43,48,29,24,EMEF CHICO MENDES,EMEF CHICO MENDES,84,FALSE,
2026,pos_inicio_programa,1,ESC_008,,EMEF CHICO MENDES,EMEF CHICO MENDES,eliane,2,Língua Portuguesa,1ª Avaliação Formativa, 21912411500000219,24,,,PORTO ALEGRE,2026_1av_form_HABILIDADES_DESEMPENHO_TURMA_02anos_LP.csv,22,18,82,49,35,29,35,EMEF CHICO MENDES,EMEF CHICO MENDES,81.81818181818181,FALSE,
2026,pos_inicio_programa,1,ESC_009,,EMEF DECIO MARTINS COSTA,EMEF DECIO MARTINS COSTA,nathalia,2,Língua Portuguesa,1ª Avaliação Formativa, 21912411500000255,21,,,PORTO ALEGRE,2026_1av_form_HABILIDADES_DESEMPENHO_TURMA_02anos_LP.csv,22,20,91,30,63,26,11,EMEF DECIO MARTINS COSTA,EMEF DECIO MARTINS COSTA,90.9090909090909,FALSE,
2026,pos_inicio_programa,1,ESC_009,,EMEF DECIO MARTINS COSTA,EMEF DECIO MARTINS COSTA,nathalia,2,Língua Portuguesa,1ª Avaliação Formativa, 21912411500000256,22,,,PORTO ALEGRE,2026_1av_form_HABILIDADES_DESEMPENHO_TURMA_02anos_LP.csv,26,24,92,35,46,46,8,EMEF DECIO MARTINS COSTA,EMEF DECIO MARTINS COSTA,92.3076923076923,FALSE,
2026,pos_inicio_programa,1,ESC_009,,EMEF DECIO MARTINS COSTA,EMEF DECIO MARTINS COSTA,nathalia,2,Língua Portuguesa,1ª Avaliação Formativa, 21912411500000257,23,,,PORTO ALEGRE,2026_1av_form_HABILIDADES_DESEMPENHO_TURMA_02anos_LP.csv,25,22,88,48,41,32,27,EMEF DECIO MARTINS COSTA,EMEF DECIO MARTINS COSTA,88,FALSE,
2026,pos_inicio_programa,1,ESC_009,,EMEF DECIO MARTINS COSTA,EMEF DECIO MARTINS COSTA,nathalia,2,Língua Portuguesa,1ª Avaliação Formativa, 21912411500000258,24,,,PORTO ALEGRE,2026_1av_form_HABILIDADES_DESEMPENHO_TURMA_02anos_LP.csv,23,22,96,46,36,41,23,EMEF DECIO MARTINS COSTA,EMEF DECIO MARTINS COSTA,95.65217391304348,FALSE,
2026,pos_inicio_programa,1,ESC_010,,EMEF DEP MARCIRIO GOULART LOUREIRO,EMEF DEP MARCIRIO GOULART LOUREIRO,marian,2,Língua Portuguesa,1ª Avaliação Formativa, 21912411500000289,21,,,PORTO ALEGRE,2026_1av_form_HABILIDADES_DESEMPENHO_TURMA_02anos_LP.csv,24,21,88,27,57,33,10,EMEF DEP MARCIRIO GOULART LOUREIRO,EMEF DEP MARCIRIO GOULART LOUREIRO,87.5,FALSE,
2026,pos_inicio_programa,1,ESC_010,,EMEF DEP MARCIRIO GOULART LOUREIRO,EMEF DEP MARCIRIO GOULART LOUREIRO,marian,2,Língua Portuguesa,1ª Avaliação Formativa, 21912411500000290,22,,,PORTO ALEGRE,2026_1av_form_HABILIDADES_DESEMPENHO_TURMA_02anos_LP.csv,23,20,87,33,55,35,10,EMEF DEP MARCIRIO GOULART LOUREIRO,EMEF DEP MARCIRIO GOULART LOUREIRO,86.95652173913044,FALSE,
2026,pos_inicio_programa,1,ESC_010,,EMEF DEP MARCIRIO GOULART LOUREIRO,EMEF DEP MARCIRIO GOULART LOUREIRO,marian,2,Língua Portuguesa,1ª Avaliação Formativa, 21912411500000291,23,,,PORTO ALEGRE,2026_1av_form_HABILIDADES_DESEMPENHO_TURMA_02anos_LP.csv,23,19,83,95,0,11,89,EMEF DEP MARCIRIO GOULART LOUREIRO,EMEF DEP MARCIRIO GOULART LOUREIRO,82.6086956521739,FALSE,
2026,pos_inicio_programa,1,ESC_010,,EMEF DEP MARCIRIO GOULART LOUREIRO,EMEF DEP MARCIRIO GOULART LOUREIRO,marian,2,Língua Portuguesa,1ª Avaliação Formativa, 21912411500000292,24,,,PORTO ALEGRE,2026_1av_form_HABILIDADES_DESEMPENHO_TURMA_02anos_LP.csv,22,16,73,24,63,31,6,EMEF DEP MARCIRIO GOULART LOUREIRO,EMEF DEP MARCIRIO GOULART LOUREIRO,72.72727272727273,FALSE,
2026,pos_inicio_programa,1,ESC_011,,EMEF DEP VICTOR ISSLER,EMEF DEP VICTOR ISSLER,clarissa,2,Língua Portuguesa,1ª Avaliação Formativa, 21912411500000323,21,,,PORTO ALEGRE,2026_1av_form_HABILIDADES_DESEMPENHO_TURMA_02anos_LP.csv,23,21,91,44,45,35,20,EMEF DEP VICTOR ISSLER,EMEF DEP VICTOR ISSLER,91.30434782608695,FALSE,
2026,pos_inicio_programa,1,ESC_011,,EMEF DEP VICTOR ISSLER,EMEF DEP VICTOR ISSLER,clarissa,2,Língua Portuguesa,1ª Avaliação Formativa, 21912411500000324,22,,,PORTO ALEGRE,2026_1av_form_HABILIDADES_DESEMPENHO_TURMA_02anos_LP.csv,26,22,85,43,55,20,25,EMEF DEP VICTOR ISSLER,EMEF DEP VICTOR ISSLER,84.61538461538461,FALSE,
2026,pos_inicio_programa,1,ESC_011,,EMEF DEP VICTOR ISSLER,EMEF DEP VICTOR ISSLER,clarissa,2,Língua Portuguesa,1ª Avaliação Formativa, 21912411500000325,23,,,PORTO ALEGRE,2026_1av_form_HABILIDADES_DESEMPENHO_TURMA_02anos_LP.csv,24,23,96,70,20,20,60,EMEF DEP VICTOR ISSLER,EMEF DEP VICTOR ISSLER,95.83333333333333,FALSE,
2026,pos_inicio_programa,1,ESC_011,,EMEF DEP VICTOR ISSLER,EMEF DEP VICTOR ISSLER,clarissa,2,Língua Portuguesa,1ª Avaliação Formativa, 21912411500000326,24,,,PORTO ALEGRE,2026_1av_form_HABILIDADES_DESEMPENHO_TURMA_02anos_LP.csv,24,22,92,46,45,25,30,EMEF DEP VICTOR ISSLER,EMEF DEP VICTOR ISSLER,91.66666666666667,FALSE,
2026,pos_inicio_programa,1,ESC_011,,EMEF DEP VICTOR ISSLER,EMEF DEP VICTOR ISSLER,clarissa,2,Língua Portuguesa,1ª Avaliação Formativa, 21912411500000327,25,,,PORTO ALEGRE,2026_1av_form_HABILIDADES_DESEMPENHO_TURMA_02anos_LP.csv,22,20,91,79,16,0,84,EMEF DEP VICTOR ISSLER,EMEF DEP VICTOR ISSLER,90.9090909090909,FALSE,
2026,pos_inicio_programa,1,ESC_012,,EMEF DOLORES ALCARAZ CALDAS,EMEF DOLORES ALCARAZ CALDAS,jalize,2,Língua Portuguesa,1ª Avaliação Formativa, 21912411500000364,21,,,PORTO ALEGRE,2026_1av_form_HABILIDADES_DESEMPENHO_TURMA_02anos_LP.csv,27,22,81,41,55,20,25,EMEF DOLORES ALCARAZ CALDAS,EMEF DOLORES ALCARAZ CALDAS,81.48148148148148,FALSE,
2026,pos_inicio_programa,1,ESC_012,,EMEF DOLORES ALCARAZ CALDAS,EMEF DOLORES ALCARAZ CALDAS,jalize,2,Língua Portuguesa,1ª Avaliação Formativa, 21912411500000365,22,,,PORTO ALEGRE,2026_1av_form_HABILIDADES_DESEMPENHO_TURMA_02anos_LP.csv,26,23,88,56,30,26,43,EMEF DOLORES ALCARAZ CALDAS,EMEF DOLORES ALCARAZ CALDAS,88.46153846153847,FALSE,
2026,pos_inicio_programa,1,ESC_012,,EMEF DOLORES ALCARAZ CALDAS,EMEF DOLORES ALCARAZ CALDAS,jalize,2,Língua Portuguesa,1ª Avaliação Formativa, 21912411500000366,23,,,PORTO ALEGRE,2026_1av_form_HABILIDADES_DESEMPENHO_TURMA_02anos_LP.csv,27,22,81,39,52,19,29,EMEF DOLORES ALCARAZ CALDAS,EMEF DOLORES ALCARAZ CALDAS,81.48148148148148,FALSE,
2026,pos_inicio_programa,1,ESC_012,,EMEF DOLORES ALCARAZ CALDAS,EMEF DOLORES ALCARAZ CALDAS,jalize,2,Língua Portuguesa,1ª Avaliação Formativa, 21912411500000367,24,,,PORTO ALEGRE,2026_1av_form_HABILIDADES_DESEMPENHO_TURMA_02anos_LP.csv,28,23,82,52,25,45,30,EMEF DOLORES ALCARAZ CALDAS,EMEF DOLORES ALCARAZ CALDAS,82.14285714285714,FALSE,
2026,pos_inicio_programa,1,ESC_012,,EMEF DOLORES ALCARAZ CALDAS,EMEF DOLORES ALCARAZ CALDAS,jalize,2,Língua Portuguesa,1ª Avaliação Formativa, 21912411500000368,25,,,PORTO ALEGRE,2026_1av_form_HABILIDADES_DESEMPENHO_TURMA_02anos_LP.csv,24,22,92,67,20,25,55,EMEF DOLORES ALCARAZ CALDAS,EMEF DOLORES ALCARAZ CALDAS,91.66666666666667,FALSE,
2026,pos_inicio_programa,1,ESC_013,,EMEF ESPIRITO SANTO,EMEF ESPIRITO SANTO,priscila,2,Língua Portuguesa,1ª Avaliação Formativa, 21912411500001803,21,,,PORTO ALEGRE,2026_1av_form_HABILIDADES_DESEMPENHO_TURMA_02anos_LP.csv,16,11,69,49,36,36,27,EMEF ESPIRITO SANTO,EMEF ESPIRITO SANTO,68.75,FALSE,
2026,pos_inicio_programa,1,ESC_014,,EMEF EVARISTO GONCALVES NETTO,EMEF EVARISTO GONCALVES NETTO,jalize,2,Língua Portuguesa,1ª Avaliação Formativa, 21912411500001808,21,,,PORTO ALEGRE,2026_1av_form_HABILIDADES_DESEMPENHO_TURMA_02anos_LP.csv,17,15,88,18,73,27,0,EMEF EVARISTO GONCALVES NETTO,EMEF EVARISTO GONCALVES NETTO,88.23529411764706,FALSE,
2026,pos_inicio_programa,1,ESC_014,,EMEF EVARISTO GONCALVES NETTO,EMEF EVARISTO GONCALVES NETTO,jalize,2,Língua Portuguesa,1ª Avaliação Formativa, 21912411500001809,22,,,PORTO ALEGRE,2026_1av_form_HABILIDADES_DESEMPENHO_TURMA_02anos_LP.csv,22,16,73,16,75,25,0,EMEF EVARISTO GONCALVES NETTO,EMEF EVARISTO GONCALVES NETTO,72.72727272727273,FALSE,
2026,pos_inicio_programa,1,ESC_015,,EMEF GABRIEL OBINO,EMEF GABRIEL OBINO,amanda,2,Língua Portuguesa,1ª Avaliação Formativa, 21912411500000403,21,,,PORTO ALEGRE,2026_1av_form_HABILIDADES_DESEMPENHO_TURMA_02anos_LP.csv,21,20,95,23,56,44,0,EMEF GABRIEL OBINO,EMEF GABRIEL OBINO,95.23809523809524,FALSE,
2026,pos_inicio_programa,1,ESC_015,,EMEF GABRIEL OBINO,EMEF GABRIEL OBINO,amanda,2,Língua Portuguesa,1ª Avaliação Formativa, 21912411500000404,22,,,PORTO ALEGRE,2026_1av_form_HABILIDADES_DESEMPENHO_TURMA_02anos_LP.csv,23,19,83,79,7,20,73,EMEF GABRIEL OBINO,EMEF GABRIEL OBINO,82.6086956521739,FALSE,
2026,pos_inicio_programa,1,ESC_016,,EMEF GOV ILDO MENEGHETTI,EMEF GOV ILDO MENEGHETTI,clarissa,2,Língua Portuguesa,1ª Avaliação Formativa, 21912411500000424,21,,,PORTO ALEGRE,2026_1av_form_HABILIDADES_DESEMPENHO_TURMA_02anos_LP.csv,21,14,67,39,50,43,7,EMEF GOV ILDO MENEGHETTI,EMEF GOV ILDO MENEGHETTI,66.66666666666667,FALSE,
2026,pos_inicio_programa,1,ESC_016,,EMEF GOV ILDO MENEGHETTI,EMEF GOV ILDO MENEGHETTI,clarissa,2,Língua Portuguesa,1ª Avaliação Formativa, 21912411500000425,22,,,PORTO ALEGRE,2026_1av_form_HABILIDADES_DESEMPENHO_TURMA_02anos_LP.csv,21,19,90,24,61,39,0,EMEF GOV ILDO MENEGHETTI,EMEF GOV ILDO MENEGHETTI,90.47619047619048,FALSE,
2026,pos_inicio_programa,1,ESC_016,,EMEF GOV ILDO MENEGHETTI,EMEF GOV ILDO MENEGHETTI,clarissa,2,Língua Portuguesa,1ª Avaliação Formativa, 21912411500000426,23,,,PORTO ALEGRE,2026_1av_form_HABILIDADES_DESEMPENHO_TURMA_02anos_LP.csv,23,21,91,37,58,26,16,EMEF GOV ILDO MENEGHETTI,EMEF GOV ILDO MENEGHETTI,91.30434782608695,FALSE,
2026,pos_inicio_programa,1,ESC_016,,EMEF GOV ILDO MENEGHETTI,EMEF GOV ILDO MENEGHETTI,clarissa,2,Língua Portuguesa,1ª Avaliação Formativa, 21912411500000427,24,,,PORTO ALEGRE,2026_1av_form_HABILIDADES_DESEMPENHO_TURMA_02anos_LP.csv,24,17,71,34,47,41,12,EMEF GOV ILDO MENEGHETTI,EMEF GOV ILDO MENEGHETTI,70.83333333333333,FALSE,
2026,pos_inicio_programa,1,ESC_016,,EMEF GOV ILDO MENEGHETTI,EMEF GOV ILDO MENEGHETTI,clarissa,2,Língua Portuguesa,1ª Avaliação Formativa, 21912411500000428,25,,,PORTO ALEGRE,2026_1av_form_HABILIDADES_DESEMPENHO_TURMA_02anos_LP.csv,25,19,76,33,50,33,17,EMEF GOV ILDO MENEGHETTI,EMEF GOV ILDO MENEGHETTI,76,FALSE,
2026,pos_inicio_programa,1,ESC_017,,EMEF GRANDE ORIENTE DO RGS,EMEF GRANDE ORIENTE DO RGS,andreia,2,Língua Portuguesa,1ª Avaliação Formativa, 21912411500000463,21,,,PORTO ALEGRE,2026_1av_form_HABILIDADES_DESEMPENHO_TURMA_02anos_LP.csv,20,14,70,28,62,31,8,EMEF GRANDE ORIENTE DO RGS,EMEF GRANDE ORIENTE DO RGS,70,FALSE,
2026,pos_inicio_programa,1,ESC_017,,EMEF GRANDE ORIENTE DO RGS,EMEF GRANDE ORIENTE DO RGS,andreia,2,Língua Portuguesa,1ª Avaliação Formativa, 21912411500000464,22,,,PORTO ALEGRE,2026_1av_form_HABILIDADES_DESEMPENHO_TURMA_02anos_LP.csv,18,9,50,18,89,11,0,EMEF GRANDE ORIENTE DO RGS,EMEF GRANDE ORIENTE DO RGS,50,FALSE,
2026,pos_inicio_programa,1,ESC_017,,EMEF GRANDE ORIENTE DO RGS,EMEF GRANDE ORIENTE DO RGS,andreia,2,Língua Portuguesa,1ª Avaliação Formativa, 21912411500000465,23,,,PORTO ALEGRE,2026_1av_form_HABILIDADES_DESEMPENHO_TURMA_02anos_LP.csv,24,19,79,76,0,38,63,EMEF GRANDE ORIENTE DO RGS,EMEF GRANDE ORIENTE DO RGS,79.16666666666667,FALSE,
2026,pos_inicio_programa,1,ESC_017,,EMEF GRANDE ORIENTE DO RGS,EMEF GRANDE ORIENTE DO RGS,andreia,2,Língua Portuguesa,1ª Avaliação Formativa, 21912411500000466,24,,,PORTO ALEGRE,2026_1av_form_HABILIDADES_DESEMPENHO_TURMA_02anos_LP.csv,25,19,76,34,69,19,13,EMEF GRANDE ORIENTE DO RGS,EMEF GRANDE ORIENTE DO RGS,76,FALSE,
2026,pos_inicio_programa,1,ESC_018,,EMEF HEITOR VILLA LOBOS,EMEF HEITOR VILLA LOBOS,jalize,2,Língua Portuguesa,1ª Avaliação Formativa, 21912411500000495,21,,,PORTO ALEGRE,2026_1av_form_HABILIDADES_DESEMPENHO_TURMA_02anos_LP.csv,27,24,89,32,55,36,9,EMEF HEITOR VILLA LOBOS,EMEF HEITOR VILLA LOBOS,88.88888888888889,FALSE,
2026,pos_inicio_programa,1,ESC_018,,EMEF HEITOR VILLA LOBOS,EMEF HEITOR VILLA LOBOS,jalize,2,Língua Portuguesa,1ª Avaliação Formativa, 21912411500000496,22,,,PORTO ALEGRE,2026_1av_form_HABILIDADES_DESEMPENHO_TURMA_02anos_LP.csv,25,22,88,38,50,35,15,EMEF HEITOR VILLA LOBOS,EMEF HEITOR VILLA LOBOS,88,FALSE,
2026,pos_inicio_programa,1,ESC_018,,EMEF HEITOR VILLA LOBOS,EMEF HEITOR VILLA LOBOS,jalize,2,Língua Portuguesa,1ª Avaliação Formativa, 21912411500000497,23,,,PORTO ALEGRE,2026_1av_form_HABILIDADES_DESEMPENHO_TURMA_02anos_LP.csv,24,23,96,54,29,43,29,EMEF HEITOR VILLA LOBOS,EMEF HEITOR VILLA LOBOS,95.83333333333333,FALSE,
2026,pos_inicio_programa,1,ESC_019,,EMEF JEAN PIAGET,EMEF JEAN PIAGET,clarissa,2,Língua Portuguesa,1ª Avaliação Formativa, 21912411500000525,21,,,PORTO ALEGRE,2026_1av_form_HABILIDADES_DESEMPENHO_TURMA_02anos_LP.csv,23,21,91,36,47,47,5,EMEF JEAN PIAGET,EMEF JEAN PIAGET,91.30434782608695,FALSE,
2026,pos_inicio_programa,1,ESC_019,,EMEF JEAN PIAGET,EMEF JEAN PIAGET,clarissa,2,Língua Portuguesa,1ª Avaliação Formativa, 21912411500000526,22,,,PORTO ALEGRE,2026_1av_form_HABILIDADES_DESEMPENHO_TURMA_02anos_LP.csv,16,14,88,67,10,40,50,EMEF JEAN PIAGET,EMEF JEAN PIAGET,87.5,FALSE,
2026,pos_inicio_programa,1,ESC_019,,EMEF JEAN PIAGET,EMEF JEAN PIAGET,clarissa,2,Língua Portuguesa,1ª Avaliação Formativa, 21912411500000527,23,,,PORTO ALEGRE,2026_1av_form_HABILIDADES_DESEMPENHO_TURMA_02anos_LP.csv,19,15,79,64,21,14,64,EMEF JEAN PIAGET,EMEF JEAN PIAGET,78.94736842105263,FALSE,
2026,pos_inicio_programa,1,ESC_020,,EMEF JOAO ANTONIO SATTE,EMEF JOAO ANTONIO SATTE,eliane,2,Língua Portuguesa,1ª Avaliação Formativa, 21912411500000551,21,,,PORTO ALEGRE,2026_1av_form_HABILIDADES_DESEMPENHO_TURMA_02anos_LP.csv,19,16,84,57,19,44,38,EMEF JOAO ANTONIO SATTE,EMEF JOAO ANTONIO SATTE,84.21052631578948,FALSE,
2026,pos_inicio_programa,1,ESC_020,,EMEF JOAO ANTONIO SATTE,EMEF JOAO ANTONIO SATTE,eliane,2,Língua Portuguesa,1ª Avaliação Formativa, 21912411500000552,22,,,PORTO ALEGRE,2026_1av_form_HABILIDADES_DESEMPENHO_TURMA_02anos_LP.csv,21,18,86,40,44,50,6,EMEF JOAO ANTONIO SATTE,EMEF JOAO ANTONIO SATTE,85.71428571428571,FALSE,
2026,pos_inicio_programa,1,ESC_020,,EMEF JOAO ANTONIO SATTE,EMEF JOAO ANTONIO SATTE,eliane,2,Língua Portuguesa,1ª Avaliação Formativa, 21912411500000553,23,,,PORTO ALEGRE,2026_1av_form_HABILIDADES_DESEMPENHO_TURMA_02anos_LP.csv,21,16,76,58,20,47,33,EMEF JOAO ANTONIO SATTE,EMEF JOAO ANTONIO SATTE,76.19047619047619,FALSE,
2026,pos_inicio_programa,1,ESC_021,,EMEF JOAO CARLOS DAVILA PAIXAO CORTES - LACADOR,EMEF JOAO CARLOS DAVILA PAIXAO CORTES - LACADOR,julia,2,Língua Portuguesa,1ª Avaliação Formativa, 21912411500000577,21,,,PORTO ALEGRE,2026_1av_form_HABILIDADES_DESEMPENHO_TURMA_02anos_LP.csv,20,18,90,67,19,19,63,EMEF JOAO CARLOS DAVILA PAIXAO CORTES - LACADOR,EMEF JOAO CARLOS DAVILA PAIXAO CORTES LACADOR,90,FALSE,
2026,pos_inicio_programa,1,ESC_022,,EMEF JOSE LOUREIRO DA SILVA,EMEF JOSE LOUREIRO DA SILVA,jalize,2,Língua Portuguesa,1ª Avaliação Formativa, 21912411500000585,21,,,PORTO ALEGRE,2026_1av_form_HABILIDADES_DESEMPENHO_TURMA_02anos_LP.csv,19,17,89,81,0,36,64,EMEF JOSE LOUREIRO DA SILVA,EMEF JOSE LOUREIRO DA SILVA,89.47368421052632,FALSE,
2026,pos_inicio_programa,1,ESC_022,,EMEF JOSE LOUREIRO DA SILVA,EMEF JOSE LOUREIRO DA SILVA,jalize,2,Língua Portuguesa,1ª Avaliação Formativa, 21912411500000586,22,,,PORTO ALEGRE,2026_1av_form_HABILIDADES_DESEMPENHO_TURMA_02anos_LP.csv,21,14,67,30,58,25,17,EMEF JOSE LOUREIRO DA SILVA,EMEF JOSE LOUREIRO DA SILVA,66.66666666666667,FALSE,
2026,pos_inicio_programa,1,ESC_022,,EMEF JOSE LOUREIRO DA SILVA,EMEF JOSE LOUREIRO DA SILVA,jalize,2,Língua Portuguesa,1ª Avaliação Formativa, 21912411500000587,23,,,PORTO ALEGRE,2026_1av_form_HABILIDADES_DESEMPENHO_TURMA_02anos_LP.csv,22,16,73,69,15,23,62,EMEF JOSE LOUREIRO DA SILVA,EMEF JOSE LOUREIRO DA SILVA,72.72727272727273,FALSE,
2026,pos_inicio_programa,1,ESC_022,,EMEF JOSE LOUREIRO DA SILVA,EMEF JOSE LOUREIRO DA SILVA,jalize,2,Língua Portuguesa,1ª Avaliação Formativa, 21912411500000588,24,,,PORTO ALEGRE,2026_1av_form_HABILIDADES_DESEMPENHO_TURMA_02anos_LP.csv,23,15,65,63,25,25,50,EMEF JOSE LOUREIRO DA SILVA,EMEF JOSE LOUREIRO DA SILVA,65.21739130434783,FALSE,
2026,pos_inicio_programa,1,ESC_023,,EMEF JOSE MARIANO BECK,EMEF JOSE MARIANO BECK,nathalia,2,Língua Portuguesa,1ª Avaliação Formativa, 21912411500000620,21,,,PORTO ALEGRE,2026_1av_form_HABILIDADES_DESEMPENHO_TURMA_02anos_LP.csv,20,17,85,69,21,21,57,EMEF JOSE MARIANO BECK,EMEF JOSE MARIANO BECK,85,FALSE,
2026,pos_inicio_programa,1,ESC_023,,EMEF JOSE MARIANO BECK,EMEF JOSE MARIANO BECK,nathalia,2,Língua Portuguesa,1ª Avaliação Formativa, 21912411500000621,22,,,PORTO ALEGRE,2026_1av_form_HABILIDADES_DESEMPENHO_TURMA_02anos_LP.csv,20,15,75,87,0,15,85,EMEF JOSE MARIANO BECK,EMEF JOSE MARIANO BECK,75,FALSE,
2026,pos_inicio_programa,1,ESC_023,,EMEF JOSE MARIANO BECK,EMEF JOSE MARIANO BECK,nathalia,2,Língua Portuguesa,1ª Avaliação Formativa, 21912411500000622,23,,,PORTO ALEGRE,2026_1av_form_HABILIDADES_DESEMPENHO_TURMA_02anos_LP.csv,20,16,80,24,69,31,0,EMEF JOSE MARIANO BECK,EMEF JOSE MARIANO BECK,80,FALSE,
2026,pos_inicio_programa,1,ESC_024,,EMEF LAURO RODRIGUES,EMEF LAURO RODRIGUES,clarissa,2,Língua Portuguesa,1ª Avaliação Formativa, 21912411500000650,21,,,PORTO ALEGRE,2026_1av_form_HABILIDADES_DESEMPENHO_TURMA_02anos_LP.csv,21,18,86,73,11,28,61,EMEF LAURO RODRIGUES,EMEF LAURO RODRIGUES,85.71428571428571,FALSE,
2026,pos_inicio_programa,1,ESC_024,,EMEF LAURO RODRIGUES,EMEF LAURO RODRIGUES,clarissa,2,Língua Portuguesa,1ª Avaliação Formativa, 21912411500000651,22,,,PORTO ALEGRE,2026_1av_form_HABILIDADES_DESEMPENHO_TURMA_02anos_LP.csv,22,20,91,89,5,10,85,EMEF LAURO RODRIGUES,EMEF LAURO RODRIGUES,90.9090909090909,FALSE,
2026,pos_inicio_programa,1,ESC_024,,EMEF LAURO RODRIGUES,EMEF LAURO RODRIGUES,clarissa,2,Língua Portuguesa,1ª Avaliação Formativa, 21912411500000652,23,,,PORTO ALEGRE,2026_1av_form_HABILIDADES_DESEMPENHO_TURMA_02anos_LP.csv,23,21,91,59,32,16,53,EMEF LAURO RODRIGUES,EMEF LAURO RODRIGUES,91.30434782608695,FALSE,
2026,pos_inicio_programa,1,ESC_025,,EMEF LEOCADIA FELIZARDO PRESTES,EMEF LEOCADIA FELIZARDO PRESTES,graziela,2,Língua Portuguesa,1ª Avaliação Formativa, 21912411500000673,21,,,PORTO ALEGRE,2026_1av_form_HABILIDADES_DESEMPENHO_TURMA_02anos_LP.csv,23,20,87,54,37,16,47,EMEF LEOCADIA FELIZARDO PRESTES,EMEF LEOCADIA FELIZARDO PRESTES,86.95652173913044,FALSE,
2026,pos_inicio_programa,1,ESC_025,,EMEF LEOCADIA FELIZARDO PRESTES,EMEF LEOCADIA FELIZARDO PRESTES,graziela,2,Língua Portuguesa,1ª Avaliação Formativa, 21912411500000674,22,,,PORTO ALEGRE,2026_1av_form_HABILIDADES_DESEMPENHO_TURMA_02anos_LP.csv,26,21,81,35,55,35,10,EMEF LEOCADIA FELIZARDO PRESTES,EMEF LEOCADIA FELIZARDO PRESTES,80.76923076923077,FALSE,
2026,pos_inicio_programa,1,ESC_026,,EMEF LIDOVINO FANTON,EMEF LIDOVINO FANTON,julia,2,Língua Portuguesa,1ª Avaliação Formativa, 21912411500000693,21,,,PORTO ALEGRE,2026_1av_form_HABILIDADES_DESEMPENHO_TURMA_02anos_LP.csv,23,20,87,24,75,20,5,EMEF LIDOVINO FANTON,EMEF LIDOVINO FANTON,86.95652173913044,FALSE,
2026,pos_inicio_programa,1,ESC_026,,EMEF LIDOVINO FANTON,EMEF LIDOVINO FANTON,julia,2,Língua Portuguesa,1ª Avaliação Formativa, 21912411500000694,22,,,PORTO ALEGRE,2026_1av_form_HABILIDADES_DESEMPENHO_TURMA_02anos_LP.csv,23,17,74,65,6,59,35,EMEF LIDOVINO FANTON,EMEF LIDOVINO FANTON,73.91304347826087,FALSE,
2026,pos_inicio_programa,1,ESC_026,,EMEF LIDOVINO FANTON,EMEF LIDOVINO FANTON,julia,2,Língua Portuguesa,1ª Avaliação Formativa, 21912411500000695,23,,,PORTO ALEGRE,2026_1av_form_HABILIDADES_DESEMPENHO_TURMA_02anos_LP.csv,22,17,77,28,64,21,14,EMEF LIDOVINO FANTON,EMEF LIDOVINO FANTON,77.27272727272727,FALSE,
2026,pos_inicio_programa,1,ESC_026,,EMEF LIDOVINO FANTON,EMEF LIDOVINO FANTON,julia,2,Língua Portuguesa,1ª Avaliação Formativa, 21912411500000696,24,,,PORTO ALEGRE,2026_1av_form_HABILIDADES_DESEMPENHO_TURMA_02anos_LP.csv,23,15,65,70,0,58,42,EMEF LIDOVINO FANTON,EMEF LIDOVINO FANTON,65.21739130434783,FALSE,
2026,pos_inicio_programa,1,ESC_027,,EMEF MARIO QUINTANA,EMEF MARIO QUINTANA,ruti,2,Língua Portuguesa,1ª Avaliação Formativa, 21912411500000727,21,,,PORTO ALEGRE,2026_1av_form_HABILIDADES_DESEMPENHO_TURMA_02anos_LP.csv,20,15,75,10,93,0,7,EMEF MARIO QUINTANA,EMEF MARIO QUINTANA,75,FALSE,
2026,pos_inicio_programa,1,ESC_027,,EMEF MARIO QUINTANA,EMEF MARIO QUINTANA,ruti,2,Língua Portuguesa,1ª Avaliação Formativa, 21912411500000728,22,,,PORTO ALEGRE,2026_1av_form_HABILIDADES_DESEMPENHO_TURMA_02anos_LP.csv,24,19,79,53,13,63,25,EMEF MARIO QUINTANA,EMEF MARIO QUINTANA,79.16666666666667,FALSE,
2026,pos_inicio_programa,1,ESC_028,,EMEF MIGRANTES,EMEF MIGRANTES,nathalia,2,Língua Portuguesa,1ª Avaliação Formativa, 21912411500000745,21,,,PORTO ALEGRE,2026_1av_form_HABILIDADES_DESEMPENHO_TURMA_02anos_LP.csv,18,16,89,57,40,20,40,EMEF MIGRANTES,EMEF MIGRANTES,88.88888888888889,FALSE,
2026,pos_inicio_programa,1,ESC_029,,EMEF MORADAS DA HIPICA,EMEF MORADAS DA HIPICA,amanda,2,Língua Portuguesa,1ª Avaliação Formativa, 21912411500000757,21,,,PORTO ALEGRE,2026_1av_form_HABILIDADES_DESEMPENHO_TURMA_02anos_LP.csv,25,24,96,80,5,24,71,EMEF MORADAS DA HIPICA,EMEF MORADAS DA HIPICA,96,FALSE,
2026,pos_inicio_programa,1,ESC_029,,EMEF MORADAS DA HIPICA,EMEF MORADAS DA HIPICA,amanda,2,Língua Portuguesa,1ª Avaliação Formativa, 21912411500000758,22,,,PORTO ALEGRE,2026_1av_form_HABILIDADES_DESEMPENHO_TURMA_02anos_LP.csv,26,23,88,83,10,15,75,EMEF MORADAS DA HIPICA,EMEF MORADAS DA HIPICA,88.46153846153847,FALSE,
2026,pos_inicio_programa,1,ESC_029,,EMEF MORADAS DA HIPICA,EMEF MORADAS DA HIPICA,amanda,2,Língua Portuguesa,1ª Avaliação Formativa, 21912411500000759,23,,,PORTO ALEGRE,2026_1av_form_HABILIDADES_DESEMPENHO_TURMA_02anos_LP.csv,24,24,100,90,0,10,90,EMEF MORADAS DA HIPICA,EMEF MORADAS DA HIPICA,100,FALSE,
2026,pos_inicio_programa,1,ESC_029,,EMEF MORADAS DA HIPICA,EMEF MORADAS DA HIPICA,amanda,2,Língua Portuguesa,1ª Avaliação Formativa, 21912411500000760,24,,,PORTO ALEGRE,2026_1av_form_HABILIDADES_DESEMPENHO_TURMA_02anos_LP.csv,24,21,88,93,6,6,89,EMEF MORADAS DA HIPICA,EMEF MORADAS DA HIPICA,87.5,FALSE,
2026,pos_inicio_programa,1,ESC_030,,EMEF MORRO DA CRUZ,EMEF MORRO DA CRUZ,andreia,2,Língua Portuguesa,1ª Avaliação Formativa, 21912411500000792,21,,,PORTO ALEGRE,2026_1av_form_HABILIDADES_DESEMPENHO_TURMA_02anos_LP.csv,11,9,82,61,25,38,38,EMEF MORRO DA CRUZ,EMEF MORRO DA CRUZ,81.81818181818181,FALSE,
2026,pos_inicio_programa,1,ESC_030,,EMEF MORRO DA CRUZ,EMEF MORRO DA CRUZ,andreia,2,Língua Portuguesa,1ª Avaliação Formativa, 21912411500000793,22,,,PORTO ALEGRE,2026_1av_form_HABILIDADES_DESEMPENHO_TURMA_02anos_LP.csv,17,11,65,47,33,33,33,EMEF MORRO DA CRUZ,EMEF MORRO DA CRUZ,64.70588235294117,FALSE,
2026,pos_inicio_programa,1,ESC_030,,EMEF MORRO DA CRUZ,EMEF MORRO DA CRUZ,andreia,2,Língua Portuguesa,1ª Avaliação Formativa, 21912411500000794,23,,,PORTO ALEGRE,2026_1av_form_HABILIDADES_DESEMPENHO_TURMA_02anos_LP.csv,21,17,81,30,63,19,19,EMEF MORRO DA CRUZ,EMEF MORRO DA CRUZ,80.95238095238095,FALSE,
2026,pos_inicio_programa,1,ESC_030,,EMEF MORRO DA CRUZ,EMEF MORRO DA CRUZ,andreia,2,Língua Portuguesa,1ª Avaliação Formativa, 21912411500000795,24,,,PORTO ALEGRE,2026_1av_form_HABILIDADES_DESEMPENHO_TURMA_02anos_LP.csv,25,23,92,25,67,19,14,EMEF MORRO DA CRUZ,EMEF MORRO DA CRUZ,92,FALSE,
2026,pos_inicio_programa,1,ESC_031,,EMEF NEUSA GOULART BRIZOLA,EMEF NEUSA GOULART BRIZOLA,julia,2,Língua Portuguesa,1ª Avaliação Formativa, 21912411500000823,21,,,PORTO ALEGRE,2026_1av_form_HABILIDADES_DESEMPENHO_TURMA_02anos_LP.csv,21,17,81,59,20,47,33,EMEF NEUSA GOULART BRIZOLA,EMEF NEUSA GOULART BRIZOLA,80.95238095238095,FALSE,
2026,pos_inicio_programa,1,ESC_031,,EMEF NEUSA GOULART BRIZOLA,EMEF NEUSA GOULART BRIZOLA,julia,2,Língua Portuguesa,1ª Avaliação Formativa, 21912411500000824,22,,,PORTO ALEGRE,2026_1av_form_HABILIDADES_DESEMPENHO_TURMA_02anos_LP.csv,22,18,82,86,0,19,81,EMEF NEUSA GOULART BRIZOLA,EMEF NEUSA GOULART BRIZOLA,81.81818181818181,FALSE,
2026,pos_inicio_programa,1,ESC_032,,EMEF NOSSA SENHORA DE FATIMA,EMEF NOSSA SENHORA DE FATIMA,amanda,2,Língua Portuguesa,1ª Avaliação Formativa, 21912411500000842,21,,,PORTO ALEGRE,2026_1av_form_HABILIDADES_DESEMPENHO_TURMA_02anos_LP.csv,18,12,67,35,40,60,0,EMEF NOSSA SENHORA DE FATIMA,EMEF NOSSA SENHORA DE FATIMA,66.66666666666667,FALSE,
2026,pos_inicio_programa,1,ESC_032,,EMEF NOSSA SENHORA DE FATIMA,EMEF NOSSA SENHORA DE FATIMA,amanda,2,Língua Portuguesa,1ª Avaliação Formativa, 21912411500000843,22,,,PORTO ALEGRE,2026_1av_form_HABILIDADES_DESEMPENHO_TURMA_02anos_LP.csv,20,14,70,69,14,21,64,EMEF NOSSA SENHORA DE FATIMA,EMEF NOSSA SENHORA DE FATIMA,70,FALSE,
2026,pos_inicio_programa,1,ESC_032,,EMEF NOSSA SENHORA DE FATIMA,EMEF NOSSA SENHORA DE FATIMA,amanda,2,Língua Portuguesa,1ª Avaliação Formativa, 21912411500000844,23,,,PORTO ALEGRE,2026_1av_form_HABILIDADES_DESEMPENHO_TURMA_02anos_LP.csv,22,15,68,41,43,21,36,EMEF NOSSA SENHORA DE FATIMA,EMEF NOSSA SENHORA DE FATIMA,68.18181818181819,FALSE,
2026,pos_inicio_programa,1,ESC_033,,EMEF NOSSA SENHORA DO CARMO,EMEF NOSSA SENHORA DO CARMO,amanda,2,Língua Portuguesa,1ª Avaliação Formativa, 21912411500000866,21,,,PORTO ALEGRE,2026_1av_form_HABILIDADES_DESEMPENHO_TURMA_02anos_LP.csv,20,18,90,25,56,38,6,EMEF NOSSA SENHORA DO CARMO,EMEF NOSSA SENHORA DO CARMO,90,FALSE,
2026,pos_inicio_programa,1,ESC_033,,EMEF NOSSA SENHORA DO CARMO,EMEF NOSSA SENHORA DO CARMO,amanda,2,Língua Portuguesa,1ª Avaliação Formativa, 21912411500000867,22,,,PORTO ALEGRE,2026_1av_form_HABILIDADES_DESEMPENHO_TURMA_02anos_LP.csv,25,23,92,40,61,4,35,EMEF NOSSA SENHORA DO CARMO,EMEF NOSSA SENHORA DO CARMO,92,FALSE,
2026,pos_inicio_programa,1,ESC_033,,EMEF NOSSA SENHORA DO CARMO,EMEF NOSSA SENHORA DO CARMO,amanda,2,Língua Portuguesa,1ª Avaliação Formativa, 21912411500000868,23,,,PORTO ALEGRE,2026_1av_form_HABILIDADES_DESEMPENHO_TURMA_02anos_LP.csv,21,19,90,34,58,26,16,EMEF NOSSA SENHORA DO CARMO,EMEF NOSSA SENHORA DO CARMO,90.47619047619048,FALSE,
2026,pos_inicio_programa,1,ESC_034,,EMEF PEPITA DE LEAO,EMEF PEPITA DE LEAO,nathalia,2,Língua Portuguesa,1ª Avaliação Formativa, 21912411500000893,21,,,PORTO ALEGRE,2026_1av_form_HABILIDADES_DESEMPENHO_TURMA_02anos_LP.csv,23,19,83,67,20,27,53,EMEF PEPITA DE LEAO,EMEF PEPITA DE LEAO,82.6086956521739,FALSE,
2026,pos_inicio_programa,1,ESC_034,,EMEF PEPITA DE LEAO,EMEF PEPITA DE LEAO,nathalia,2,Língua Portuguesa,1ª Avaliação Formativa, 21912411500000894,22,,,PORTO ALEGRE,2026_1av_form_HABILIDADES_DESEMPENHO_TURMA_02anos_LP.csv,20,17,85,8,94,6,0,EMEF PEPITA DE LEAO,EMEF PEPITA DE LEAO,85,FALSE,
2026,pos_inicio_programa,1,ESC_034,,EMEF PEPITA DE LEAO,EMEF PEPITA DE LEAO,nathalia,2,Língua Portuguesa,1ª Avaliação Formativa, 21912411500000895,23,,,PORTO ALEGRE,2026_1av_form_HABILIDADES_DESEMPENHO_TURMA_02anos_LP.csv,23,16,70,57,36,14,50,EMEF PEPITA DE LEAO,EMEF PEPITA DE LEAO,69.56521739130434,FALSE,
2026,pos_inicio_programa,1,ESC_035,,EMEF PORTO NOVO,EMEF PORTO NOVO,marian,2,Língua Portuguesa,1ª Avaliação Formativa, 21912411500000914,21,,,PORTO ALEGRE,2026_1av_form_HABILIDADES_DESEMPENHO_TURMA_02anos_LP.csv,21,20,95,69,11,39,50,EMEF PORTO NOVO,EMEF PORTO NOVO,95.23809523809524,FALSE,
2026,pos_inicio_programa,1,ESC_035,,EMEF PORTO NOVO,EMEF PORTO NOVO,marian,2,Língua Portuguesa,1ª Avaliação Formativa, 21912411500000915,22,,,PORTO ALEGRE,2026_1av_form_HABILIDADES_DESEMPENHO_TURMA_02anos_LP.csv,22,21,95,67,17,33,50,EMEF PORTO NOVO,EMEF PORTO NOVO,95.45454545454545,FALSE,
2026,pos_inicio_programa,1,ESC_036,,EMEF PRES JOAO BELCHIOR MARQUES GOULART,EMEF PRES JOAO BELCHIOR MARQUES GOULART,marian,2,Língua Portuguesa,1ª Avaliação Formativa, 21912411500000934,21,,,PORTO ALEGRE,2026_1av_form_HABILIDADES_DESEMPENHO_TURMA_02anos_LP.csv,22,21,95,63,14,38,48,EMEF PRES JOAO BELCHIOR MARQUES GOULART,EMEF PRES JOAO BELCHIOR MARQUES GOULART,95.45454545454545,FALSE,
2026,pos_inicio_programa,1,ESC_036,,EMEF PRES JOAO BELCHIOR MARQUES GOULART,EMEF PRES JOAO BELCHIOR MARQUES GOULART,marian,2,Língua Portuguesa,1ª Avaliação Formativa, 21912411500000935,22,,,PORTO ALEGRE,2026_1av_form_HABILIDADES_DESEMPENHO_TURMA_02anos_LP.csv,18,18,100,48,44,17,39,EMEF PRES JOAO BELCHIOR MARQUES GOULART,EMEF PRES JOAO BELCHIOR MARQUES GOULART,100,FALSE,
2026,pos_inicio_programa,1,ESC_036,,EMEF PRES JOAO BELCHIOR MARQUES GOULART,EMEF PRES JOAO BELCHIOR MARQUES GOULART,marian,2,Língua Portuguesa,1ª Avaliação Formativa, 21912411500000936,23,,,PORTO ALEGRE,2026_1av_form_HABILIDADES_DESEMPENHO_TURMA_02anos_LP.csv,18,14,78,38,46,31,23,EMEF PRES JOAO BELCHIOR MARQUES GOULART,EMEF PRES JOAO BELCHIOR MARQUES GOULART,77.77777777777777,FALSE,
2026,pos_inicio_programa,1,ESC_037,,EMEF PRESIDENTE VARGAS,EMEF PRESIDENTE VARGAS,eliane,2,Língua Portuguesa,1ª Avaliação Formativa, 21912411500000956,21,,,PORTO ALEGRE,2026_1av_form_HABILIDADES_DESEMPENHO_TURMA_02anos_LP.csv,24,19,79,49,32,47,21,EMEF PRESIDENTE VARGAS,EMEF PRESIDENTE VARGAS,79.16666666666667,FALSE,
2026,pos_inicio_programa,1,ESC_037,,EMEF PRESIDENTE VARGAS,EMEF PRESIDENTE VARGAS,eliane,2,Língua Portuguesa,1ª Avaliação Formativa, 21912411500000957,22,,,PORTO ALEGRE,2026_1av_form_HABILIDADES_DESEMPENHO_TURMA_02anos_LP.csv,23,21,91,51,30,35,35,EMEF PRESIDENTE VARGAS,EMEF PRESIDENTE VARGAS,91.30434782608695,FALSE,
2026,pos_inicio_programa,1,ESC_038,,EMEF PROF ANA IRIS DO AMARAL,EMEF PROF ANA IRIS DO AMARAL,eliane,2,Língua Portuguesa,1ª Avaliação Formativa, 21912411500000975,21,,,PORTO ALEGRE,2026_1av_form_HABILIDADES_DESEMPENHO_TURMA_02anos_LP.csv,22,19,86,78,6,41,53,EMEF PROF ANA IRIS DO AMARAL,EMEF PROF ANA IRIS DO AMARAL,86.36363636363636,FALSE,
2026,pos_inicio_programa,1,ESC_038,,EMEF PROF ANA IRIS DO AMARAL,EMEF PROF ANA IRIS DO AMARAL,eliane,2,Língua Portuguesa,1ª Avaliação Formativa, 21912411500000976,22,,,PORTO ALEGRE,2026_1av_form_HABILIDADES_DESEMPENHO_TURMA_02anos_LP.csv,22,21,95,67,15,40,45,EMEF PROF ANA IRIS DO AMARAL,EMEF PROF ANA IRIS DO AMARAL,95.45454545454545,FALSE,
2026,pos_inicio_programa,1,ESC_039,,EMEF PROF ANISIO TEIXEIRA,EMEF PROF ANISIO TEIXEIRA,andreia,2,Língua Portuguesa,1ª Avaliação Formativa, 21912411500000995,21,,,PORTO ALEGRE,2026_1av_form_HABILIDADES_DESEMPENHO_TURMA_02anos_LP.csv,17,14,82,63,9,55,36,EMEF PROF ANISIO TEIXEIRA,EMEF PROF ANISIO TEIXEIRA,82.3529411764706,FALSE,
2026,pos_inicio_programa,1,ESC_039,,EMEF PROF ANISIO TEIXEIRA,EMEF PROF ANISIO TEIXEIRA,andreia,2,Língua Portuguesa,1ª Avaliação Formativa, 21912411500000996,22,,,PORTO ALEGRE,2026_1av_form_HABILIDADES_DESEMPENHO_TURMA_02anos_LP.csv,23,20,87,72,13,25,63,EMEF PROF ANISIO TEIXEIRA,EMEF PROF ANISIO TEIXEIRA,86.95652173913044,FALSE,
2026,pos_inicio_programa,1,ESC_039,,EMEF PROF ANISIO TEIXEIRA,EMEF PROF ANISIO TEIXEIRA,andreia,2,Língua Portuguesa,1ª Avaliação Formativa, 21912411500000997,23,,,PORTO ALEGRE,2026_1av_form_HABILIDADES_DESEMPENHO_TURMA_02anos_LP.csv,15,14,93,64,25,25,50,EMEF PROF ANISIO TEIXEIRA,EMEF PROF ANISIO TEIXEIRA,93.33333333333333,FALSE,
2026,pos_inicio_programa,1,ESC_039,,EMEF PROF ANISIO TEIXEIRA,EMEF PROF ANISIO TEIXEIRA,andreia,2,Língua Portuguesa,1ª Avaliação Formativa, 21912411500000998,24,,,PORTO ALEGRE,2026_1av_form_HABILIDADES_DESEMPENHO_TURMA_02anos_LP.csv,24,21,88,63,20,25,55,EMEF PROF ANISIO TEIXEIRA,EMEF PROF ANISIO TEIXEIRA,87.5,FALSE,
2026,pos_inicio_programa,1,ESC_040,,EMEF PROF GILBERTO JORGE GONCALVES DA SILVA,EMEF PROF GILBERTO JORGE GONCALVES DA SILVA,ruti,2,Língua Portuguesa,1ª Avaliação Formativa, 21912411500001027,21,,,PORTO ALEGRE,2026_1av_form_HABILIDADES_DESEMPENHO_TURMA_02anos_LP.csv,21,21,100,41,42,37,21,EMEF PROF GILBERTO JORGE GONCALVES DA SILVA,EMEF PROF GILBERTO JORGE GONCALVES DA SILVA,100,FALSE,
2026,pos_inicio_programa,1,ESC_041,,EMEF PROF JUDITH MACEDO DE ARAUJO,EMEF PROF JUDITH MACEDO DE ARAUJO,graziela,2,Língua Portuguesa,1ª Avaliação Formativa, 21912411500001039,21,,,PORTO ALEGRE,2026_1av_form_HABILIDADES_DESEMPENHO_TURMA_02anos_LP.csv,27,25,93,59,25,38,38,EMEF PROF JUDITH MACEDO DE ARAUJO,EMEF PROF JUDITH MACEDO DE ARAUJO,92.5925925925926,FALSE,
2026,pos_inicio_programa,1,ESC_041,,EMEF PROF JUDITH MACEDO DE ARAUJO,EMEF PROF JUDITH MACEDO DE ARAUJO,graziela,2,Língua Portuguesa,1ª Avaliação Formativa, 21912411500001040,22,,,PORTO ALEGRE,2026_1av_form_HABILIDADES_DESEMPENHO_TURMA_02anos_LP.csv,25,23,92,73,15,15,70,EMEF PROF JUDITH MACEDO DE ARAUJO,EMEF PROF JUDITH MACEDO DE ARAUJO,92,FALSE,
2026,pos_inicio_programa,1,ESC_041,,EMEF PROF JUDITH MACEDO DE ARAUJO,EMEF PROF JUDITH MACEDO DE ARAUJO,graziela,2,Língua Portuguesa,1ª Avaliação Formativa, 21912411500001041,23,,,PORTO ALEGRE,2026_1av_form_HABILIDADES_DESEMPENHO_TURMA_02anos_LP.csv,27,21,78,47,47,21,32,EMEF PROF JUDITH MACEDO DE ARAUJO,EMEF PROF JUDITH MACEDO DE ARAUJO,77.77777777777777,FALSE,
2026,pos_inicio_programa,1,ESC_042,,EMEF PROF LARRY JOSE RIBEIRO ALVES,EMEF PROF LARRY JOSE RIBEIRO ALVES,amanda,2,Língua Portuguesa,1ª Avaliação Formativa, 21912411500001066,21,,,PORTO ALEGRE,2026_1av_form_HABILIDADES_DESEMPENHO_TURMA_02anos_LP.csv,25,21,84,41,47,21,32,EMEF PROF LARRY JOSE RIBEIRO ALVES,EMEF PROF LARRY JOSE RIBEIRO ALVES,84,FALSE,
2026,pos_inicio_programa,1,ESC_042,,EMEF PROF LARRY JOSE RIBEIRO ALVES,EMEF PROF LARRY JOSE RIBEIRO ALVES,amanda,2,Língua Portuguesa,1ª Avaliação Formativa, 21912411500001067,22,,,PORTO ALEGRE,2026_1av_form_HABILIDADES_DESEMPENHO_TURMA_02anos_LP.csv,23,16,70,39,53,40,7,EMEF PROF LARRY JOSE RIBEIRO ALVES,EMEF PROF LARRY JOSE RIBEIRO ALVES,69.56521739130434,FALSE,
2026,pos_inicio_programa,1,ESC_042,,EMEF PROF LARRY JOSE RIBEIRO ALVES,EMEF PROF LARRY JOSE RIBEIRO ALVES,amanda,2,Língua Portuguesa,1ª Avaliação Formativa, 21912411500001068,23,,,PORTO ALEGRE,2026_1av_form_HABILIDADES_DESEMPENHO_TURMA_02anos_LP.csv,22,21,95,47,37,37,26,EMEF PROF LARRY JOSE RIBEIRO ALVES,EMEF PROF LARRY JOSE RIBEIRO ALVES,95.45454545454545,FALSE,
2026,pos_inicio_programa,1,ESC_042,,EMEF PROF LARRY JOSE RIBEIRO ALVES,EMEF PROF LARRY JOSE RIBEIRO ALVES,amanda,2,Língua Portuguesa,1ª Avaliação Formativa, 21912411500001069,24,,,PORTO ALEGRE,2026_1av_form_HABILIDADES_DESEMPENHO_TURMA_02anos_LP.csv,27,21,78,42,52,24,24,EMEF PROF LARRY JOSE RIBEIRO ALVES,EMEF PROF LARRY JOSE RIBEIRO ALVES,77.77777777777777,FALSE,
2026,pos_inicio_programa,1,ESC_043,,EMEF RINCAO,EMEF RINCAO,jalize,2,Língua Portuguesa,1ª Avaliação Formativa, 21912411500001095,21,,,PORTO ALEGRE,2026_1av_form_HABILIDADES_DESEMPENHO_TURMA_02anos_LP.csv,23,20,87,71,0,38,63,EMEF RINCAO,EMEF RINCAO,86.95652173913044,FALSE,
2026,pos_inicio_programa,1,ESC_043,,EMEF RINCAO,EMEF RINCAO,jalize,2,Língua Portuguesa,1ª Avaliação Formativa, 21912411500001096,22,,,PORTO ALEGRE,2026_1av_form_HABILIDADES_DESEMPENHO_TURMA_02anos_LP.csv,25,24,96,74,19,14,67,EMEF RINCAO,EMEF RINCAO,96,FALSE,
2026,pos_inicio_programa,1,ESC_044,,EMEF SAINT HILAIRE,EMEF SAINT HILAIRE,andreia,2,Língua Portuguesa,1ª Avaliação Formativa, 21912411500001115,21,,,PORTO ALEGRE,2026_1av_form_HABILIDADES_DESEMPENHO_TURMA_02anos_LP.csv,24,19,79,33,50,50,0,EMEF SAINT HILAIRE,EMEF SAINT HILAIRE,79.16666666666667,FALSE,
2026,pos_inicio_programa,1,ESC_044,,EMEF SAINT HILAIRE,EMEF SAINT HILAIRE,andreia,2,Língua Portuguesa,1ª Avaliação Formativa, 21912411500001116,22,,,PORTO ALEGRE,2026_1av_form_HABILIDADES_DESEMPENHO_TURMA_02anos_LP.csv,28,20,71,53,22,50,28,EMEF SAINT HILAIRE,EMEF SAINT HILAIRE,71.42857142857143,FALSE,
2026,pos_inicio_programa,1,ESC_044,,EMEF SAINT HILAIRE,EMEF SAINT HILAIRE,andreia,2,Língua Portuguesa,1ª Avaliação Formativa, 21912411500001117,23,,,PORTO ALEGRE,2026_1av_form_HABILIDADES_DESEMPENHO_TURMA_02anos_LP.csv,22,17,77,38,53,29,18,EMEF SAINT HILAIRE,EMEF SAINT HILAIRE,77.27272727272727,FALSE,
2026,pos_inicio_programa,1,ESC_045,,EMEF SAO PEDRO,EMEF SAO PEDRO,marian,2,Língua Portuguesa,1ª Avaliação Formativa, 21912411500001149,21,,,PORTO ALEGRE,2026_1av_form_HABILIDADES_DESEMPENHO_TURMA_02anos_LP.csv,18,14,78,40,50,21,29,EMEF SAO PEDRO,EMEF SAO PEDRO,77.77777777777777,FALSE,
2026,pos_inicio_programa,1,ESC_045,,EMEF SAO PEDRO,EMEF SAO PEDRO,marian,2,Língua Portuguesa,1ª Avaliação Formativa, 21912411500001150,22,,,PORTO ALEGRE,2026_1av_form_HABILIDADES_DESEMPENHO_TURMA_02anos_LP.csv,20,19,95,30,58,37,5,EMEF SAO PEDRO,EMEF SAO PEDRO,95,FALSE,
2026,pos_inicio_programa,1,ESC_045,,EMEF SAO PEDRO,EMEF SAO PEDRO,marian,2,Língua Portuguesa,1ª Avaliação Formativa, 21912411500001151,23,,,PORTO ALEGRE,2026_1av_form_HABILIDADES_DESEMPENHO_TURMA_02anos_LP.csv,25,24,96,50,33,33,33,EMEF SAO PEDRO,EMEF SAO PEDRO,96,FALSE,
2026,pos_inicio_programa,1,ESC_045,,EMEF SAO PEDRO,EMEF SAO PEDRO,marian,2,Língua Portuguesa,1ª Avaliação Formativa, 21912411500001152,24,,,PORTO ALEGRE,2026_1av_form_HABILIDADES_DESEMPENHO_TURMA_02anos_LP.csv,23,19,83,52,29,41,29,EMEF SAO PEDRO,EMEF SAO PEDRO,82.6086956521739,FALSE,
2026,pos_inicio_programa,1,ESC_046,,EMEF SEN ALBERTO PASQUALINI,EMEF SEN ALBERTO PASQUALINI,julia,2,Língua Portuguesa,1ª Avaliação Formativa, 21912411500001186,21,,,PORTO ALEGRE,2026_1av_form_HABILIDADES_DESEMPENHO_TURMA_02anos_LP.csv,24,19,79,43,53,12,35,EMEF SEN ALBERTO PASQUALINI,EMEF SEN ALBERTO PASQUALINI,79.16666666666667,FALSE,
2026,pos_inicio_programa,1,ESC_046,,EMEF SEN ALBERTO PASQUALINI,EMEF SEN ALBERTO PASQUALINI,julia,2,Língua Portuguesa,1ª Avaliação Formativa, 21912411500001187,22,,,PORTO ALEGRE,2026_1av_form_HABILIDADES_DESEMPENHO_TURMA_02anos_LP.csv,21,15,71,63,23,31,46,EMEF SEN ALBERTO PASQUALINI,EMEF SEN ALBERTO PASQUALINI,71.42857142857143,FALSE,
2026,pos_inicio_programa,1,ESC_046,,EMEF SEN ALBERTO PASQUALINI,EMEF SEN ALBERTO PASQUALINI,julia,2,Língua Portuguesa,1ª Avaliação Formativa, 21912411500001188,23,,,PORTO ALEGRE,2026_1av_form_HABILIDADES_DESEMPENHO_TURMA_02anos_LP.csv,23,22,96,74,11,21,68,EMEF SEN ALBERTO PASQUALINI,EMEF SEN ALBERTO PASQUALINI,95.65217391304348,FALSE,
2026,pos_inicio_programa,1,ESC_047,,EMEF TIMBAUVA,EMEF TIMBAUVA,nathalia,2,Língua Portuguesa,1ª Avaliação Formativa, 21912411500001220,21,,,PORTO ALEGRE,2026_1av_form_HABILIDADES_DESEMPENHO_TURMA_02anos_LP.csv,20,20,100,92,0,5,95,EMEF TIMBAUVA,EMEF TIMBAUVA,100,FALSE,
2026,pos_inicio_programa,1,ESC_047,,EMEF TIMBAUVA,EMEF TIMBAUVA,nathalia,2,Língua Portuguesa,1ª Avaliação Formativa, 21912411500001221,22,,,PORTO ALEGRE,2026_1av_form_HABILIDADES_DESEMPENHO_TURMA_02anos_LP.csv,19,18,95,80,7,33,60,EMEF TIMBAUVA,EMEF TIMBAUVA,94.73684210526316,FALSE,
2026,pos_inicio_programa,1,ESC_047,,EMEF TIMBAUVA,EMEF TIMBAUVA,nathalia,2,Língua Portuguesa,1ª Avaliação Formativa, 21912411500001222,23,,,PORTO ALEGRE,2026_1av_form_HABILIDADES_DESEMPENHO_TURMA_02anos_LP.csv,18,18,100,37,47,40,13,EMEF TIMBAUVA,EMEF TIMBAUVA,100,FALSE,
2026,pos_inicio_programa,1,ESC_048,,EMEF VER ANTONIO GIUDICE,EMEF VER ANTONIO GIUDICE,clarissa,2,Língua Portuguesa,1ª Avaliação Formativa, 21912411500001248,21,,,PORTO ALEGRE,2026_1av_form_HABILIDADES_DESEMPENHO_TURMA_02anos_LP.csv,21,19,90,51,33,27,40,EMEF VER ANTONIO GIUDICE,EMEF VER ANTONIO GIUDICE,90.47619047619048,FALSE,
2026,pos_inicio_programa,1,ESC_048,,EMEF VER ANTONIO GIUDICE,EMEF VER ANTONIO GIUDICE,clarissa,2,Língua Portuguesa,1ª Avaliação Formativa, 21912411500001249,22,,,PORTO ALEGRE,2026_1av_form_HABILIDADES_DESEMPENHO_TURMA_02anos_LP.csv,22,17,77,77,20,7,73,EMEF VER ANTONIO GIUDICE,EMEF VER ANTONIO GIUDICE,77.27272727272727,FALSE,
2026,pos_inicio_programa,1,ESC_048,,EMEF VER ANTONIO GIUDICE,EMEF VER ANTONIO GIUDICE,clarissa,2,Língua Portuguesa,1ª Avaliação Formativa, 21912411500001250,23,,,PORTO ALEGRE,2026_1av_form_HABILIDADES_DESEMPENHO_TURMA_02anos_LP.csv,22,18,82,57,31,31,38,EMEF VER ANTONIO GIUDICE,EMEF VER ANTONIO GIUDICE,81.81818181818181,FALSE,
2026,pos_inicio_programa,1,ESC_048,,EMEF VER ANTONIO GIUDICE,EMEF VER ANTONIO GIUDICE,clarissa,2,Língua Portuguesa,1ª Avaliação Formativa, 21912411500001251,24,,,PORTO ALEGRE,2026_1av_form_HABILIDADES_DESEMPENHO_TURMA_02anos_LP.csv,22,22,100,90,5,5,89,EMEF VER ANTONIO GIUDICE,EMEF VER ANTONIO GIUDICE,100,FALSE,
2026,pos_inicio_programa,1,ESC_049,,EMEF VER CARLOS PESSOA DE BRUM,EMEF VER CARLOS PESSOA DE BRUM,priscila,2,Língua Portuguesa,1ª Avaliação Formativa, 21912411500001277,21,,,PORTO ALEGRE,2026_1av_form_HABILIDADES_DESEMPENHO_TURMA_02anos_LP.csv,28,19,68,67,16,32,53,EMEF VER CARLOS PESSOA DE BRUM,EMEF VER CARLOS PESSOA DE BRUM,67.85714285714286,FALSE,
2026,pos_inicio_programa,1,ESC_049,,EMEF VER CARLOS PESSOA DE BRUM,EMEF VER CARLOS PESSOA DE BRUM,priscila,2,Língua Portuguesa,1ª Avaliação Formativa, 21912411500001278,22,,,PORTO ALEGRE,2026_1av_form_HABILIDADES_DESEMPENHO_TURMA_02anos_LP.csv,23,17,74,23,71,18,12,EMEF VER CARLOS PESSOA DE BRUM,EMEF VER CARLOS PESSOA DE BRUM,73.91304347826087,FALSE,
2026,pos_inicio_programa,1,ESC_049,,EMEF VER CARLOS PESSOA DE BRUM,EMEF VER CARLOS PESSOA DE BRUM,priscila,2,Língua Portuguesa,1ª Avaliação Formativa, 21912411500001279,23,,,PORTO ALEGRE,2026_1av_form_HABILIDADES_DESEMPENHO_TURMA_02anos_LP.csv,24,20,83,50,30,40,30,EMEF VER CARLOS PESSOA DE BRUM,EMEF VER CARLOS PESSOA DE BRUM,83.33333333333333,FALSE,
2026,pos_inicio_programa,1,ESC_049,,EMEF VER CARLOS PESSOA DE BRUM,EMEF VER CARLOS PESSOA DE BRUM,priscila,2,Língua Portuguesa,1ª Avaliação Formativa, 21912411500001280,24,,,PORTO ALEGRE,2026_1av_form_HABILIDADES_DESEMPENHO_TURMA_02anos_LP.csv,23,19,83,23,76,18,6,EMEF VER CARLOS PESSOA DE BRUM,EMEF VER CARLOS PESSOA DE BRUM,82.6086956521739,FALSE,
2026,pos_inicio_programa,1,ESC_049,,EMEF VER CARLOS PESSOA DE BRUM,EMEF VER CARLOS PESSOA DE BRUM,priscila,2,Língua Portuguesa,1ª Avaliação Formativa, 21912411500001281,25,,,PORTO ALEGRE,2026_1av_form_HABILIDADES_DESEMPENHO_TURMA_02anos_LP.csv,21,15,71,41,47,33,20,EMEF VER CARLOS PESSOA DE BRUM,EMEF VER CARLOS PESSOA DE BRUM,71.42857142857143,FALSE,
2026,pos_inicio_programa,1,ESC_050,,EMEF VER MARTIM ARANHA,EMEF VER MARTIM ARANHA,priscila,2,Língua Portuguesa,1ª Avaliação Formativa, 21912411500001317,21,,,PORTO ALEGRE,2026_1av_form_HABILIDADES_DESEMPENHO_TURMA_02anos_LP.csv,24,16,67,63,13,50,38,EMEF VER MARTIM ARANHA,EMEF VER MARTIM ARANHA,66.66666666666667,FALSE,
2026,pos_inicio_programa,1,ESC_050,,EMEF VER MARTIM ARANHA,EMEF VER MARTIM ARANHA,priscila,2,Língua Portuguesa,1ª Avaliação Formativa, 21912411500001318,22,,,PORTO ALEGRE,2026_1av_form_HABILIDADES_DESEMPENHO_TURMA_02anos_LP.csv,14,9,64,43,57,14,29,EMEF VER MARTIM ARANHA,EMEF VER MARTIM ARANHA,64.28571428571429,FALSE,
2026,pos_inicio_programa,1,ESC_050,,EMEF VER MARTIM ARANHA,EMEF VER MARTIM ARANHA,priscila,2,Língua Portuguesa,1ª Avaliação Formativa, 21912411500001319,23,,,PORTO ALEGRE,2026_1av_form_HABILIDADES_DESEMPENHO_TURMA_02anos_LP.csv,17,14,82,61,17,42,42,EMEF VER MARTIM ARANHA,EMEF VER MARTIM ARANHA,82.3529411764706,FALSE,
2026,pos_inicio_programa,1,ESC_051,,EMEF VILA MONTE CRISTO,EMEF VILA MONTE CRISTO,graziela,2,Língua Portuguesa,1ª Avaliação Formativa, 21912411500001345,21,,,PORTO ALEGRE,2026_1av_form_HABILIDADES_DESEMPENHO_TURMA_02anos_LP.csv,23,22,96,39,55,27,18,EMEF VILA MONTE CRISTO,EMEF VILA MONTE CRISTO,95.65217391304348,FALSE,
2026,pos_inicio_programa,1,ESC_051,,EMEF VILA MONTE CRISTO,EMEF VILA MONTE CRISTO,graziela,2,Língua Portuguesa,1ª Avaliação Formativa, 21912411500001346,22,,,PORTO ALEGRE,2026_1av_form_HABILIDADES_DESEMPENHO_TURMA_02anos_LP.csv,18,16,89,43,40,33,27,EMEF VILA MONTE CRISTO,EMEF VILA MONTE CRISTO,88.88888888888889,FALSE,
2026,pos_inicio_programa,1,ESC_051,,EMEF VILA MONTE CRISTO,EMEF VILA MONTE CRISTO,graziela,2,Língua Portuguesa,1ª Avaliação Formativa, 21912411500001347,23,,,PORTO ALEGRE,2026_1av_form_HABILIDADES_DESEMPENHO_TURMA_02anos_LP.csv,19,18,95,57,36,21,43,EMEF VILA MONTE CRISTO,EMEF VILA MONTE CRISTO,94.73684210526316,FALSE,
2026,pos_inicio_programa,1,ESC_051,,EMEF VILA MONTE CRISTO,EMEF VILA MONTE CRISTO,graziela,2,Língua Portuguesa,1ª Avaliação Formativa, 21912411500001348,24,,,PORTO ALEGRE,2026_1av_form_HABILIDADES_DESEMPENHO_TURMA_02anos_LP.csv,23,21,91,49,26,53,21,EMEF VILA MONTE CRISTO,EMEF VILA MONTE CRISTO,91.30434782608695,FALSE,
2026,pos_inicio_programa,1,ESC_052,,EMEF WENCESLAU FONTOURA,EMEF WENCESLAU FONTOURA,eliane,2,Língua Portuguesa,1ª Avaliação Formativa, 21912411500001380,21,,,PORTO ALEGRE,2026_1av_form_HABILIDADES_DESEMPENHO_TURMA_02anos_LP.csv,24,21,88,74,10,20,70,EMEF WENCESLAU FONTOURA,EMEF WENCESLAU FONTOURA,87.5,FALSE,
2026,pos_inicio_programa,1,ESC_052,,EMEF WENCESLAU FONTOURA,EMEF WENCESLAU FONTOURA,eliane,2,Língua Portuguesa,1ª Avaliação Formativa, 21912411500001381,22,,,PORTO ALEGRE,2026_1av_form_HABILIDADES_DESEMPENHO_TURMA_02anos_LP.csv,25,23,92,74,13,17,70,EMEF WENCESLAU FONTOURA,EMEF WENCESLAU FONTOURA,92,FALSE,
2026,pos_inicio_programa,1,ESC_052,,EMEF WENCESLAU FONTOURA,EMEF WENCESLAU FONTOURA,eliane,2,Língua Portuguesa,1ª Avaliação Formativa, 21912411500001382,23,,,PORTO ALEGRE,2026_1av_form_HABILIDADES_DESEMPENHO_TURMA_02anos_LP.csv,25,25,100,47,27,68,5,EMEF WENCESLAU FONTOURA,EMEF WENCESLAU FONTOURA,100,FALSE,
2026,pos_inicio_programa,1,ESC_052,,EMEF WENCESLAU FONTOURA,EMEF WENCESLAU FONTOURA,eliane,2,Língua Portuguesa,1ª Avaliação Formativa, 21912411500001383,24,,,PORTO ALEGRE,2026_1av_form_HABILIDADES_DESEMPENHO_TURMA_02anos_LP.csv,23,22,96,62,25,25,50,EMEF WENCESLAU FONTOURA,EMEF WENCESLAU FONTOURA,95.65217391304348,FALSE,
2026,pos_inicio_programa,1,ESC_053,,EMEM EMILIO MEYER,EMEM EMILIO MEYER,ruti,2,Língua Portuguesa,1ª Avaliação Formativa, 21912411500001411,21,,,PORTO ALEGRE,2026_1av_form_HABILIDADES_DESEMPENHO_TURMA_02anos_LP.csv,20,20,100,44,40,25,35,EMEM EMILIO MEYER,EMEM EMILIO MEYER,100,FALSE,
2026,pos_inicio_programa,1,ESC_053,,EMEM EMILIO MEYER,EMEM EMILIO MEYER,ruti,2,Língua Portuguesa,1ª Avaliação Formativa, 21912411500001412,22,,,PORTO ALEGRE,2026_1av_form_HABILIDADES_DESEMPENHO_TURMA_02anos_LP.csv,17,16,94,55,33,27,40,EMEM EMILIO MEYER,EMEM EMILIO MEYER,94.11764705882354,FALSE,
2026,pos_inicio_programa,1,ESC_053,,EMEM EMILIO MEYER,EMEM EMILIO MEYER,ruti,2,Língua Portuguesa,1ª Avaliação Formativa, 21912411500001413,23,,,PORTO ALEGRE,2026_1av_form_HABILIDADES_DESEMPENHO_TURMA_02anos_LP.csv,19,19,100,48,29,41,29,EMEM EMILIO MEYER,EMEM EMILIO MEYER,100,FALSE,
2026,pos_inicio_programa,1,ESC_053,,EMEM EMILIO MEYER,EMEM EMILIO MEYER,ruti,2,Língua Portuguesa,1ª Avaliação Formativa, 21912411500001414,24,,,PORTO ALEGRE,2026_1av_form_HABILIDADES_DESEMPENHO_TURMA_02anos_LP.csv,19,18,95,42,47,20,33,EMEM EMILIO MEYER,EMEM EMILIO MEYER,94.73684210526316,FALSE,
2026,pos_inicio_programa,1,ESC_054,,ESC EST ENS FUN PROFESSORA LEOPOLDA BARNEWITZ,ESC EST ENS FUN PROFESSORA LEOPOLDA BARNEWITZ,julia,2,Língua Portuguesa,1ª Avaliação Formativa, 21912411500001441,21,,,PORTO ALEGRE,2026_1av_form_HABILIDADES_DESEMPENHO_TURMA_02anos_LP.csv,21,19,90,90,0,16,84,ESC EST ENS FUN PROFESSORA LEOPOLDA BARNEWITZ,ESC EST ENS FUN PROFESSORA LEOPOLDA BARNEWITZ,90.47619047619048,FALSE,
2026,pos_inicio_programa,1,ESC_001,,EEF PEQUENA CASA DA CRIANCA,6001 EEF PEQUENA CASA DA CRIANCA,outras,3,Língua Portuguesa,1ª Avaliação Formativa, 21912411500000007,30,,,PORTO ALEGRE,2026_1av_form_HABILIDADES_DESEMPENHO_TURMA_03anos_LP.csv,18,17,94,38,53,12,35,EEF PEQUENA CASA DA CRIANCA,EEF PEQUENA CASA DA CRIANCA,94.44444444444444,FALSE,
2026,pos_inicio_programa,1,ESC_001,,EEF PEQUENA CASA DA CRIANCA,6001 EEF PEQUENA CASA DA CRIANCA,outras,3,Língua Portuguesa,1ª Avaliação Formativa, 21912411500000008,31,,,PORTO ALEGRE,2026_1av_form_HABILIDADES_DESEMPENHO_TURMA_03anos_LP.csv,17,16,94,53,13,63,25,EEF PEQUENA CASA DA CRIANCA,EEF PEQUENA CASA DA CRIANCA,94.11764705882354,FALSE,
2026,pos_inicio_programa,1,ESC_001,,EEF PEQUENA CASA DA CRIANCA,6001 EEF PEQUENA CASA DA CRIANCA,outras,3,Língua Portuguesa,1ª Avaliação Formativa, 21912411500000009,32,,,PORTO ALEGRE,2026_1av_form_HABILIDADES_DESEMPENHO_TURMA_03anos_LP.csv,17,16,94,39,50,19,31,EEF PEQUENA CASA DA CRIANCA,EEF PEQUENA CASA DA CRIANCA,94.11764705882354,FALSE,
2026,pos_inicio_programa,1,ESC_001,,EEF PEQUENA CASA DA CRIANCA,6001 EEF PEQUENA CASA DA CRIANCA,outras,3,Língua Portuguesa,1ª Avaliação Formativa, 21912411500000010,33,,,PORTO ALEGRE,2026_1av_form_HABILIDADES_DESEMPENHO_TURMA_03anos_LP.csv,11,11,100,49,45,18,36,EEF PEQUENA CASA DA CRIANCA,EEF PEQUENA CASA DA CRIANCA,100,FALSE,
2026,pos_inicio_programa,1,ESC_055,,ESCOLA DE ENSINO FUNDAMENTAL MADRE RAFFO,7028 ESCOLA DE ENSINO FUNDAMENTAL MADRE RAFFO,outras,3,Língua Portuguesa,1ª Avaliação Formativa, 21912411500000024,3A,,,PORTO ALEGRE,2026_1av_form_HABILIDADES_DESEMPENHO_TURMA_03anos_LP.csv,4,4,100,77,0,50,50,ESCOLA DE ENSINO FUNDAMENTAL MADRE RAFFO,ESCOLA DE ENSINO FUNDAMENTAL MADRE RAFFO,100,FALSE,
2026,pos_inicio_programa,1,ESC_002,,EMEB DR LIBERATO SALZANO VIEIRA DA CUNHA,EMEB DR LIBERATO SALZANO VIEIRA DA CUNHA,clarissa,3,Língua Portuguesa,1ª Avaliação Formativa, 21912411500000041,31,,,PORTO ALEGRE,2026_1av_form_HABILIDADES_DESEMPENHO_TURMA_03anos_LP.csv,24,19,79,43,44,28,28,EMEB DR LIBERATO SALZANO VIEIRA DA CUNHA,EMEB DR LIBERATO SALZANO VIEIRA DA CUNHA,79.16666666666667,FALSE,
2026,pos_inicio_programa,1,ESC_002,,EMEB DR LIBERATO SALZANO VIEIRA DA CUNHA,EMEB DR LIBERATO SALZANO VIEIRA DA CUNHA,clarissa,3,Língua Portuguesa,1ª Avaliação Formativa, 21912411500000042,32,,,PORTO ALEGRE,2026_1av_form_HABILIDADES_DESEMPENHO_TURMA_03anos_LP.csv,24,20,83,24,56,33,11,EMEB DR LIBERATO SALZANO VIEIRA DA CUNHA,EMEB DR LIBERATO SALZANO VIEIRA DA CUNHA,83.33333333333333,FALSE,
2026,pos_inicio_programa,1,ESC_002,,EMEB DR LIBERATO SALZANO VIEIRA DA CUNHA,EMEB DR LIBERATO SALZANO VIEIRA DA CUNHA,clarissa,3,Língua Portuguesa,1ª Avaliação Formativa, 21912411500000043,33,,,PORTO ALEGRE,2026_1av_form_HABILIDADES_DESEMPENHO_TURMA_03anos_LP.csv,24,17,71,46,38,31,31,EMEB DR LIBERATO SALZANO VIEIRA DA CUNHA,EMEB DR LIBERATO SALZANO VIEIRA DA CUNHA,70.83333333333333,FALSE,
2026,pos_inicio_programa,1,ESC_002,,EMEB DR LIBERATO SALZANO VIEIRA DA CUNHA,EMEB DR LIBERATO SALZANO VIEIRA DA CUNHA,clarissa,3,Língua Portuguesa,1ª Avaliação Formativa, 21912411500000044,34,,,PORTO ALEGRE,2026_1av_form_HABILIDADES_DESEMPENHO_TURMA_03anos_LP.csv,26,26,100,58,15,42,42,EMEB DR LIBERATO SALZANO VIEIRA DA CUNHA,EMEB DR LIBERATO SALZANO VIEIRA DA CUNHA,100,FALSE,
2026,pos_inicio_programa,1,ESC_003,,EMEF AFONSO GUERREIRO LIMA,EMEF AFONSO GUERREIRO LIMA,graziela,3,Língua Portuguesa,1ª Avaliação Formativa, 21912411500000077,31,,,PORTO ALEGRE,2026_1av_form_HABILIDADES_DESEMPENHO_TURMA_03anos_LP.csv,22,19,86,53,37,16,47,EMEF AFONSO GUERREIRO LIMA,EMEF AFONSO GUERREIRO LIMA,86.36363636363636,FALSE,
2026,pos_inicio_programa,1,ESC_003,,EMEF AFONSO GUERREIRO LIMA,EMEF AFONSO GUERREIRO LIMA,graziela,3,Língua Portuguesa,1ª Avaliação Formativa, 21912411500000078,32,,,PORTO ALEGRE,2026_1av_form_HABILIDADES_DESEMPENHO_TURMA_03anos_LP.csv,24,18,75,70,13,13,73,EMEF AFONSO GUERREIRO LIMA,EMEF AFONSO GUERREIRO LIMA,75,FALSE,
2026,pos_inicio_programa,1,ESC_003,,EMEF AFONSO GUERREIRO LIMA,EMEF AFONSO GUERREIRO LIMA,graziela,3,Língua Portuguesa,1ª Avaliação Formativa, 21912411500000079,33,,,PORTO ALEGRE,2026_1av_form_HABILIDADES_DESEMPENHO_TURMA_03anos_LP.csv,23,14,61,40,36,50,14,EMEF AFONSO GUERREIRO LIMA,EMEF AFONSO GUERREIRO LIMA,60.869565217391305,FALSE,
2026,pos_inicio_programa,1,ESC_003,,EMEF AFONSO GUERREIRO LIMA,EMEF AFONSO GUERREIRO LIMA,graziela,3,Língua Portuguesa,1ª Avaliação Formativa, 21912411500000080,34,,,PORTO ALEGRE,2026_1av_form_HABILIDADES_DESEMPENHO_TURMA_03anos_LP.csv,25,18,72,46,19,56,25,EMEF AFONSO GUERREIRO LIMA,EMEF AFONSO GUERREIRO LIMA,72,FALSE,
2026,pos_inicio_programa,1,ESC_003,,EMEF AFONSO GUERREIRO LIMA,EMEF AFONSO GUERREIRO LIMA,graziela,3,Língua Portuguesa,1ª Avaliação Formativa, 21912411500000081,35,,,PORTO ALEGRE,2026_1av_form_HABILIDADES_DESEMPENHO_TURMA_03anos_LP.csv,26,25,96,67,17,29,54,EMEF AFONSO GUERREIRO LIMA,EMEF AFONSO GUERREIRO LIMA,96.15384615384616,FALSE,
2026,pos_inicio_programa,1,ESC_004,,EMEF AMERICA,EMEF AMERICA,nathalia,3,Língua Portuguesa,1ª Avaliação Formativa, 21912411500000109,31,,,PORTO ALEGRE,2026_1av_form_HABILIDADES_DESEMPENHO_TURMA_03anos_LP.csv,25,19,76,51,32,26,42,EMEF AMERICA,EMEF AMERICA,76,FALSE,
2026,pos_inicio_programa,1,ESC_004,,EMEF AMERICA,EMEF AMERICA,nathalia,3,Língua Portuguesa,1ª Avaliação Formativa, 21912411500000110,32,,,PORTO ALEGRE,2026_1av_form_HABILIDADES_DESEMPENHO_TURMA_03anos_LP.csv,25,21,84,50,40,15,45,EMEF AMERICA,EMEF AMERICA,84,FALSE,
2026,pos_inicio_programa,1,ESC_005,,EMEF ARAMY SILVA,EMEF ARAMY SILVA,priscila,3,Língua Portuguesa,1ª Avaliação Formativa, 21912411500000132,31,,,PORTO ALEGRE,2026_1av_form_HABILIDADES_DESEMPENHO_TURMA_03anos_LP.csv,25,20,80,61,15,30,55,EMEF ARAMY SILVA,EMEF ARAMY SILVA,80,FALSE,
2026,pos_inicio_programa,1,ESC_005,,EMEF ARAMY SILVA,EMEF ARAMY SILVA,priscila,3,Língua Portuguesa,1ª Avaliação Formativa, 21912411500000133,32,,,PORTO ALEGRE,2026_1av_form_HABILIDADES_DESEMPENHO_TURMA_03anos_LP.csv,24,20,83,42,40,35,25,EMEF ARAMY SILVA,EMEF ARAMY SILVA,83.33333333333333,FALSE,
2026,pos_inicio_programa,1,ESC_005,,EMEF ARAMY SILVA,EMEF ARAMY SILVA,priscila,3,Língua Portuguesa,1ª Avaliação Formativa, 21912411500000134,33,,,PORTO ALEGRE,2026_1av_form_HABILIDADES_DESEMPENHO_TURMA_03anos_LP.csv,27,22,81,38,45,27,27,EMEF ARAMY SILVA,EMEF ARAMY SILVA,81.48148148148148,FALSE,
2026,pos_inicio_programa,1,ESC_005,,EMEF ARAMY SILVA,EMEF ARAMY SILVA,priscila,3,Língua Portuguesa,1ª Avaliação Formativa, 21912411500000135,34,,,PORTO ALEGRE,2026_1av_form_HABILIDADES_DESEMPENHO_TURMA_03anos_LP.csv,23,17,74,74,13,19,69,EMEF ARAMY SILVA,EMEF ARAMY SILVA,73.91304347826087,FALSE,
2026,pos_inicio_programa,1,ESC_006,,EMEF CAMPOS DO CRISTAL,EMEF CAMPOS DO CRISTAL,andreia,3,Língua Portuguesa,1ª Avaliação Formativa, 21912411500000159,31,,,PORTO ALEGRE,2026_1av_form_HABILIDADES_DESEMPENHO_TURMA_03anos_LP.csv,26,25,96,77,5,23,73,EMEF CAMPOS DO CRISTAL,EMEF CAMPOS DO CRISTAL,96.15384615384616,FALSE,
2026,pos_inicio_programa,1,ESC_006,,EMEF CAMPOS DO CRISTAL,EMEF CAMPOS DO CRISTAL,andreia,3,Língua Portuguesa,1ª Avaliação Formativa, 21912411500000160,32,,,PORTO ALEGRE,2026_1av_form_HABILIDADES_DESEMPENHO_TURMA_03anos_LP.csv,26,24,92,64,20,30,50,EMEF CAMPOS DO CRISTAL,EMEF CAMPOS DO CRISTAL,92.3076923076923,FALSE,
2026,pos_inicio_programa,1,ESC_007,,EMEF CHAPEU DO SOL,EMEF CHAPEU DO SOL,ruti,3,Língua Portuguesa,1ª Avaliação Formativa, 21912411500000183,31,,,PORTO ALEGRE,2026_1av_form_HABILIDADES_DESEMPENHO_TURMA_03anos_LP.csv,23,20,87,31,53,18,29,EMEF CHAPEU DO SOL,EMEF CHAPEU DO SOL,86.95652173913044,FALSE,
2026,pos_inicio_programa,1,ESC_007,,EMEF CHAPEU DO SOL,EMEF CHAPEU DO SOL,ruti,3,Língua Portuguesa,1ª Avaliação Formativa, 21912411500000184,32,,,PORTO ALEGRE,2026_1av_form_HABILIDADES_DESEMPENHO_TURMA_03anos_LP.csv,25,24,96,32,39,57,4,EMEF CHAPEU DO SOL,EMEF CHAPEU DO SOL,96,FALSE,
2026,pos_inicio_programa,1,ESC_007,,EMEF CHAPEU DO SOL,EMEF CHAPEU DO SOL,ruti,3,Língua Portuguesa,1ª Avaliação Formativa, 21912411500000185,33,,,PORTO ALEGRE,2026_1av_form_HABILIDADES_DESEMPENHO_TURMA_03anos_LP.csv,24,22,92,12,84,11,5,EMEF CHAPEU DO SOL,EMEF CHAPEU DO SOL,91.66666666666667,FALSE,
2026,pos_inicio_programa,1,ESC_007,,EMEF CHAPEU DO SOL,EMEF CHAPEU DO SOL,ruti,3,Língua Portuguesa,1ª Avaliação Formativa, 21912411500000186,34,,,PORTO ALEGRE,2026_1av_form_HABILIDADES_DESEMPENHO_TURMA_03anos_LP.csv,24,20,83,33,68,5,26,EMEF CHAPEU DO SOL,EMEF CHAPEU DO SOL,83.33333333333333,FALSE,
2026,pos_inicio_programa,1,ESC_007,,EMEF CHAPEU DO SOL,EMEF CHAPEU DO SOL,ruti,3,Língua Portuguesa,1ª Avaliação Formativa, 21912411500000187,35,,,PORTO ALEGRE,2026_1av_form_HABILIDADES_DESEMPENHO_TURMA_03anos_LP.csv,23,23,100,20,77,14,9,EMEF CHAPEU DO SOL,EMEF CHAPEU DO SOL,100,FALSE,
2026,pos_inicio_programa,1,ESC_008,,EMEF CHICO MENDES,EMEF CHICO MENDES,eliane,3,Língua Portuguesa,1ª Avaliação Formativa, 21912411500000220,31,,,PORTO ALEGRE,2026_1av_form_HABILIDADES_DESEMPENHO_TURMA_03anos_LP.csv,25,17,68,40,38,44,19,EMEF CHICO MENDES,EMEF CHICO MENDES,68,FALSE,
2026,pos_inicio_programa,1,ESC_008,,EMEF CHICO MENDES,EMEF CHICO MENDES,eliane,3,Língua Portuguesa,1ª Avaliação Formativa, 21912411500000221,32,,,PORTO ALEGRE,2026_1av_form_HABILIDADES_DESEMPENHO_TURMA_03anos_LP.csv,23,16,70,67,8,33,58,EMEF CHICO MENDES,EMEF CHICO MENDES,69.56521739130434,FALSE,
2026,pos_inicio_programa,1,ESC_008,,EMEF CHICO MENDES,EMEF CHICO MENDES,eliane,3,Língua Portuguesa,1ª Avaliação Formativa, 21912411500000222,33,,,PORTO ALEGRE,2026_1av_form_HABILIDADES_DESEMPENHO_TURMA_03anos_LP.csv,28,23,82,38,55,27,18,EMEF CHICO MENDES,EMEF CHICO MENDES,82.14285714285714,FALSE,
2026,pos_inicio_programa,1,ESC_008,,EMEF CHICO MENDES,EMEF CHICO MENDES,eliane,3,Língua Portuguesa,1ª Avaliação Formativa, 21912411500000223,34,,,PORTO ALEGRE,2026_1av_form_HABILIDADES_DESEMPENHO_TURMA_03anos_LP.csv,24,21,88,40,42,37,21,EMEF CHICO MENDES,EMEF CHICO MENDES,87.5,FALSE,
2026,pos_inicio_programa,1,ESC_009,,EMEF DECIO MARTINS COSTA,EMEF DECIO MARTINS COSTA,nathalia,3,Língua Portuguesa,1ª Avaliação Formativa, 21912411500000259,31,,,PORTO ALEGRE,2026_1av_form_HABILIDADES_DESEMPENHO_TURMA_03anos_LP.csv,24,22,92,58,32,14,55,EMEF DECIO MARTINS COSTA,EMEF DECIO MARTINS COSTA,91.66666666666667,FALSE,
2026,pos_inicio_programa,1,ESC_009,,EMEF DECIO MARTINS COSTA,EMEF DECIO MARTINS COSTA,nathalia,3,Língua Portuguesa,1ª Avaliação Formativa, 21912411500000260,32,,,PORTO ALEGRE,2026_1av_form_HABILIDADES_DESEMPENHO_TURMA_03anos_LP.csv,26,22,85,41,32,50,18,EMEF DECIO MARTINS COSTA,EMEF DECIO MARTINS COSTA,84.61538461538461,FALSE,
2026,pos_inicio_programa,1,ESC_009,,EMEF DECIO MARTINS COSTA,EMEF DECIO MARTINS COSTA,nathalia,3,Língua Portuguesa,1ª Avaliação Formativa, 21912411500000261,33,,,PORTO ALEGRE,2026_1av_form_HABILIDADES_DESEMPENHO_TURMA_03anos_LP.csv,21,19,90,35,67,6,28,EMEF DECIO MARTINS COSTA,EMEF DECIO MARTINS COSTA,90.47619047619048,FALSE,
2026,pos_inicio_programa,1,ESC_009,,EMEF DECIO MARTINS COSTA,EMEF DECIO MARTINS COSTA,nathalia,3,Língua Portuguesa,1ª Avaliação Formativa, 21912411500000262,34,,,PORTO ALEGRE,2026_1av_form_HABILIDADES_DESEMPENHO_TURMA_03anos_LP.csv,22,18,82,55,28,33,39,EMEF DECIO MARTINS COSTA,EMEF DECIO MARTINS COSTA,81.81818181818181,FALSE,
2026,pos_inicio_programa,1,ESC_010,,EMEF DEP MARCIRIO GOULART LOUREIRO,EMEF DEP MARCIRIO GOULART LOUREIRO,marian,3,Língua Portuguesa,1ª Avaliação Formativa, 21912411500000293,31,,,PORTO ALEGRE,2026_1av_form_HABILIDADES_DESEMPENHO_TURMA_03anos_LP.csv,27,23,85,33,57,24,19,EMEF DEP MARCIRIO GOULART LOUREIRO,EMEF DEP MARCIRIO GOULART LOUREIRO,85.18518518518519,FALSE,
2026,pos_inicio_programa,1,ESC_010,,EMEF DEP MARCIRIO GOULART LOUREIRO,EMEF DEP MARCIRIO GOULART LOUREIRO,marian,3,Língua Portuguesa,1ª Avaliação Formativa, 21912411500000294,32,,,PORTO ALEGRE,2026_1av_form_HABILIDADES_DESEMPENHO_TURMA_03anos_LP.csv,25,23,92,19,76,10,14,EMEF DEP MARCIRIO GOULART LOUREIRO,EMEF DEP MARCIRIO GOULART LOUREIRO,92,FALSE,
2026,pos_inicio_programa,1,ESC_010,,EMEF DEP MARCIRIO GOULART LOUREIRO,EMEF DEP MARCIRIO GOULART LOUREIRO,marian,3,Língua Portuguesa,1ª Avaliação Formativa, 21912411500000295,33,,,PORTO ALEGRE,2026_1av_form_HABILIDADES_DESEMPENHO_TURMA_03anos_LP.csv,25,20,80,58,25,35,40,EMEF DEP MARCIRIO GOULART LOUREIRO,EMEF DEP MARCIRIO GOULART LOUREIRO,80,FALSE,
2026,pos_inicio_programa,1,ESC_010,,EMEF DEP MARCIRIO GOULART LOUREIRO,EMEF DEP MARCIRIO GOULART LOUREIRO,marian,3,Língua Portuguesa,1ª Avaliação Formativa, 21912411500000296,34,,,PORTO ALEGRE,2026_1av_form_HABILIDADES_DESEMPENHO_TURMA_03anos_LP.csv,27,24,89,26,57,30,13,EMEF DEP MARCIRIO GOULART LOUREIRO,EMEF DEP MARCIRIO GOULART LOUREIRO,88.88888888888889,FALSE,
2026,pos_inicio_programa,1,ESC_011,,EMEF DEP VICTOR ISSLER,EMEF DEP VICTOR ISSLER,clarissa,3,Língua Portuguesa,1ª Avaliação Formativa, 21912411500000328,31,,,PORTO ALEGRE,2026_1av_form_HABILIDADES_DESEMPENHO_TURMA_03anos_LP.csv,24,24,100,37,48,22,30,EMEF DEP VICTOR ISSLER,EMEF DEP VICTOR ISSLER,100,FALSE,
2026,pos_inicio_programa,1,ESC_011,,EMEF DEP VICTOR ISSLER,EMEF DEP VICTOR ISSLER,clarissa,3,Língua Portuguesa,1ª Avaliação Formativa, 21912411500000329,32,,,PORTO ALEGRE,2026_1av_form_HABILIDADES_DESEMPENHO_TURMA_03anos_LP.csv,29,21,72,53,30,25,45,EMEF DEP VICTOR ISSLER,EMEF DEP VICTOR ISSLER,72.41379310344827,FALSE,
2026,pos_inicio_programa,1,ESC_011,,EMEF DEP VICTOR ISSLER,EMEF DEP VICTOR ISSLER,clarissa,3,Língua Portuguesa,1ª Avaliação Formativa, 21912411500000330,33,,,PORTO ALEGRE,2026_1av_form_HABILIDADES_DESEMPENHO_TURMA_03anos_LP.csv,27,23,85,33,57,22,22,EMEF DEP VICTOR ISSLER,EMEF DEP VICTOR ISSLER,85.18518518518519,FALSE,
2026,pos_inicio_programa,1,ESC_011,,EMEF DEP VICTOR ISSLER,EMEF DEP VICTOR ISSLER,clarissa,3,Língua Portuguesa,1ª Avaliação Formativa, 21912411500000331,34,,,PORTO ALEGRE,2026_1av_form_HABILIDADES_DESEMPENHO_TURMA_03anos_LP.csv,27,26,96,45,40,32,28,EMEF DEP VICTOR ISSLER,EMEF DEP VICTOR ISSLER,96.29629629629629,FALSE,
2026,pos_inicio_programa,1,ESC_011,,EMEF DEP VICTOR ISSLER,EMEF DEP VICTOR ISSLER,clarissa,3,Língua Portuguesa,1ª Avaliação Formativa, 21912411500000332,35,,,PORTO ALEGRE,2026_1av_form_HABILIDADES_DESEMPENHO_TURMA_03anos_LP.csv,27,26,96,57,19,38,42,EMEF DEP VICTOR ISSLER,EMEF DEP VICTOR ISSLER,96.29629629629629,FALSE,
2026,pos_inicio_programa,1,ESC_011,,EMEF DEP VICTOR ISSLER,EMEF DEP VICTOR ISSLER,clarissa,3,Língua Portuguesa,1ª Avaliação Formativa, 21912411500000333,36,,,PORTO ALEGRE,2026_1av_form_HABILIDADES_DESEMPENHO_TURMA_03anos_LP.csv,29,27,93,60,22,26,52,EMEF DEP VICTOR ISSLER,EMEF DEP VICTOR ISSLER,93.10344827586206,FALSE,
2026,pos_inicio_programa,1,ESC_012,,EMEF DOLORES ALCARAZ CALDAS,EMEF DOLORES ALCARAZ CALDAS,jalize,3,Língua Portuguesa,1ª Avaliação Formativa, 21912411500000369,31,,,PORTO ALEGRE,2026_1av_form_HABILIDADES_DESEMPENHO_TURMA_03anos_LP.csv,24,21,88,65,19,14,67,EMEF DOLORES ALCARAZ CALDAS,EMEF DOLORES ALCARAZ CALDAS,87.5,FALSE,
2026,pos_inicio_programa,1,ESC_012,,EMEF DOLORES ALCARAZ CALDAS,EMEF DOLORES ALCARAZ CALDAS,jalize,3,Língua Portuguesa,1ª Avaliação Formativa, 21912411500000370,32,,,PORTO ALEGRE,2026_1av_form_HABILIDADES_DESEMPENHO_TURMA_03anos_LP.csv,25,23,92,45,29,43,29,EMEF DOLORES ALCARAZ CALDAS,EMEF DOLORES ALCARAZ CALDAS,92,FALSE,
2026,pos_inicio_programa,1,ESC_012,,EMEF DOLORES ALCARAZ CALDAS,EMEF DOLORES ALCARAZ CALDAS,jalize,3,Língua Portuguesa,1ª Avaliação Formativa, 21912411500000371,33,,,PORTO ALEGRE,2026_1av_form_HABILIDADES_DESEMPENHO_TURMA_03anos_LP.csv,26,22,85,52,28,28,44,EMEF DOLORES ALCARAZ CALDAS,EMEF DOLORES ALCARAZ CALDAS,84.61538461538461,FALSE,
2026,pos_inicio_programa,1,ESC_012,,EMEF DOLORES ALCARAZ CALDAS,EMEF DOLORES ALCARAZ CALDAS,jalize,3,Língua Portuguesa,1ª Avaliação Formativa, 21912411500000372,34,,,PORTO ALEGRE,2026_1av_form_HABILIDADES_DESEMPENHO_TURMA_03anos_LP.csv,29,19,66,24,63,26,11,EMEF DOLORES ALCARAZ CALDAS,EMEF DOLORES ALCARAZ CALDAS,65.51724137931035,FALSE,
2026,pos_inicio_programa,1,ESC_012,,EMEF DOLORES ALCARAZ CALDAS,EMEF DOLORES ALCARAZ CALDAS,jalize,3,Língua Portuguesa,1ª Avaliação Formativa, 21912411500000373,35,,,PORTO ALEGRE,2026_1av_form_HABILIDADES_DESEMPENHO_TURMA_03anos_LP.csv,24,21,88,61,29,19,52,EMEF DOLORES ALCARAZ CALDAS,EMEF DOLORES ALCARAZ CALDAS,87.5,FALSE,
2026,pos_inicio_programa,1,ESC_012,,EMEF DOLORES ALCARAZ CALDAS,EMEF DOLORES ALCARAZ CALDAS,jalize,3,Língua Portuguesa,1ª Avaliação Formativa, 21912411500000374,36,,,PORTO ALEGRE,2026_1av_form_HABILIDADES_DESEMPENHO_TURMA_03anos_LP.csv,30,25,83,52,27,41,32,EMEF DOLORES ALCARAZ CALDAS,EMEF DOLORES ALCARAZ CALDAS,83.33333333333333,FALSE,
2026,pos_inicio_programa,1,ESC_012,,EMEF DOLORES ALCARAZ CALDAS,EMEF DOLORES ALCARAZ CALDAS,jalize,3,Língua Portuguesa,1ª Avaliação Formativa, 21912411500000375,37,,,PORTO ALEGRE,2026_1av_form_HABILIDADES_DESEMPENHO_TURMA_03anos_LP.csv,24,19,79,18,68,26,5,EMEF DOLORES ALCARAZ CALDAS,EMEF DOLORES ALCARAZ CALDAS,79.16666666666667,FALSE,
2026,pos_inicio_programa,1,ESC_013,,EMEF ESPIRITO SANTO,EMEF ESPIRITO SANTO,priscila,3,Língua Portuguesa,1ª Avaliação Formativa, 21912411500001804,31,,,PORTO ALEGRE,2026_1av_form_HABILIDADES_DESEMPENHO_TURMA_03anos_LP.csv,24,23,96,20,70,26,4,EMEF ESPIRITO SANTO,EMEF ESPIRITO SANTO,95.83333333333333,FALSE,
2026,pos_inicio_programa,1,ESC_014,,EMEF EVARISTO GONCALVES NETTO,EMEF EVARISTO GONCALVES NETTO,jalize,3,Língua Portuguesa,1ª Avaliação Formativa, 21912411500001810,31,,,PORTO ALEGRE,2026_1av_form_HABILIDADES_DESEMPENHO_TURMA_03anos_LP.csv,25,17,68,18,76,18,6,EMEF EVARISTO GONCALVES NETTO,EMEF EVARISTO GONCALVES NETTO,68,FALSE,
2026,pos_inicio_programa,1,ESC_015,,EMEF GABRIEL OBINO,EMEF GABRIEL OBINO,amanda,3,Língua Portuguesa,1ª Avaliação Formativa, 21912411500000405,31,,,PORTO ALEGRE,2026_1av_form_HABILIDADES_DESEMPENHO_TURMA_03anos_LP.csv,21,15,71,45,40,33,27,EMEF GABRIEL OBINO,EMEF GABRIEL OBINO,71.42857142857143,FALSE,
2026,pos_inicio_programa,1,ESC_015,,EMEF GABRIEL OBINO,EMEF GABRIEL OBINO,amanda,3,Língua Portuguesa,1ª Avaliação Formativa, 21912411500000406,32,,,PORTO ALEGRE,2026_1av_form_HABILIDADES_DESEMPENHO_TURMA_03anos_LP.csv,23,16,70,49,40,13,47,EMEF GABRIEL OBINO,EMEF GABRIEL OBINO,69.56521739130434,FALSE,
2026,pos_inicio_programa,1,ESC_015,,EMEF GABRIEL OBINO,EMEF GABRIEL OBINO,amanda,3,Língua Portuguesa,1ª Avaliação Formativa, 21912411500000407,33,,,PORTO ALEGRE,2026_1av_form_HABILIDADES_DESEMPENHO_TURMA_03anos_LP.csv,22,18,82,49,28,28,44,EMEF GABRIEL OBINO,EMEF GABRIEL OBINO,81.81818181818181,FALSE,
2026,pos_inicio_programa,1,ESC_016,,EMEF GOV ILDO MENEGHETTI,EMEF GOV ILDO MENEGHETTI,clarissa,3,Língua Portuguesa,1ª Avaliação Formativa, 21912411500000429,31,,,PORTO ALEGRE,2026_1av_form_HABILIDADES_DESEMPENHO_TURMA_03anos_LP.csv,22,16,73,42,40,27,33,EMEF GOV ILDO MENEGHETTI,EMEF GOV ILDO MENEGHETTI,72.72727272727273,FALSE,
2026,pos_inicio_programa,1,ESC_016,,EMEF GOV ILDO MENEGHETTI,EMEF GOV ILDO MENEGHETTI,clarissa,3,Língua Portuguesa,1ª Avaliação Formativa, 21912411500000430,32,,,PORTO ALEGRE,2026_1av_form_HABILIDADES_DESEMPENHO_TURMA_03anos_LP.csv,24,22,92,41,38,33,29,EMEF GOV ILDO MENEGHETTI,EMEF GOV ILDO MENEGHETTI,91.66666666666667,FALSE,
2026,pos_inicio_programa,1,ESC_016,,EMEF GOV ILDO MENEGHETTI,EMEF GOV ILDO MENEGHETTI,clarissa,3,Língua Portuguesa,1ª Avaliação Formativa, 21912411500000431,33,,,PORTO ALEGRE,2026_1av_form_HABILIDADES_DESEMPENHO_TURMA_03anos_LP.csv,26,23,88,38,41,41,18,EMEF GOV ILDO MENEGHETTI,EMEF GOV ILDO MENEGHETTI,88.46153846153847,FALSE,
2026,pos_inicio_programa,1,ESC_016,,EMEF GOV ILDO MENEGHETTI,EMEF GOV ILDO MENEGHETTI,clarissa,3,Língua Portuguesa,1ª Avaliação Formativa, 21912411500000432,34,,,PORTO ALEGRE,2026_1av_form_HABILIDADES_DESEMPENHO_TURMA_03anos_LP.csv,26,20,77,46,32,37,32,EMEF GOV ILDO MENEGHETTI,EMEF GOV ILDO MENEGHETTI,76.92307692307692,FALSE,
2026,pos_inicio_programa,1,ESC_016,,EMEF GOV ILDO MENEGHETTI,EMEF GOV ILDO MENEGHETTI,clarissa,3,Língua Portuguesa,1ª Avaliação Formativa, 21912411500000433,35,,,PORTO ALEGRE,2026_1av_form_HABILIDADES_DESEMPENHO_TURMA_03anos_LP.csv,26,21,81,68,20,15,65,EMEF GOV ILDO MENEGHETTI,EMEF GOV ILDO MENEGHETTI,80.76923076923077,FALSE,
2026,pos_inicio_programa,1,ESC_017,,EMEF GRANDE ORIENTE DO RGS,EMEF GRANDE ORIENTE DO RGS,andreia,3,Língua Portuguesa,1ª Avaliação Formativa, 21912411500000467,31,,,PORTO ALEGRE,2026_1av_form_HABILIDADES_DESEMPENHO_TURMA_03anos_LP.csv,27,22,81,53,29,24,48,EMEF GRANDE ORIENTE DO RGS,EMEF GRANDE ORIENTE DO RGS,81.48148148148148,FALSE,
2026,pos_inicio_programa,1,ESC_017,,EMEF GRANDE ORIENTE DO RGS,EMEF GRANDE ORIENTE DO RGS,andreia,3,Língua Portuguesa,1ª Avaliação Formativa, 21912411500000468,32,,,PORTO ALEGRE,2026_1av_form_HABILIDADES_DESEMPENHO_TURMA_03anos_LP.csv,25,22,88,13,79,16,5,EMEF GRANDE ORIENTE DO RGS,EMEF GRANDE ORIENTE DO RGS,88,FALSE,
2026,pos_inicio_programa,1,ESC_017,,EMEF GRANDE ORIENTE DO RGS,EMEF GRANDE ORIENTE DO RGS,andreia,3,Língua Portuguesa,1ª Avaliação Formativa, 21912411500000469,33,,,PORTO ALEGRE,2026_1av_form_HABILIDADES_DESEMPENHO_TURMA_03anos_LP.csv,27,16,59,41,43,29,29,EMEF GRANDE ORIENTE DO RGS,EMEF GRANDE ORIENTE DO RGS,59.25925925925926,FALSE,
2026,pos_inicio_programa,1,ESC_017,,EMEF GRANDE ORIENTE DO RGS,EMEF GRANDE ORIENTE DO RGS,andreia,3,Língua Portuguesa,1ª Avaliação Formativa, 21912411500000470,34,,,PORTO ALEGRE,2026_1av_form_HABILIDADES_DESEMPENHO_TURMA_03anos_LP.csv,27,24,89,63,17,38,46,EMEF GRANDE ORIENTE DO RGS,EMEF GRANDE ORIENTE DO RGS,88.88888888888889,FALSE,
2026,pos_inicio_programa,1,ESC_018,,EMEF HEITOR VILLA LOBOS,EMEF HEITOR VILLA LOBOS,jalize,3,Língua Portuguesa,1ª Avaliação Formativa, 21912411500000498,31,,,PORTO ALEGRE,2026_1av_form_HABILIDADES_DESEMPENHO_TURMA_03anos_LP.csv,26,24,92,46,50,9,41,EMEF HEITOR VILLA LOBOS,EMEF HEITOR VILLA LOBOS,92.3076923076923,FALSE,
2026,pos_inicio_programa,1,ESC_018,,EMEF HEITOR VILLA LOBOS,EMEF HEITOR VILLA LOBOS,jalize,3,Língua Portuguesa,1ª Avaliação Formativa, 21912411500000499,32,,,PORTO ALEGRE,2026_1av_form_HABILIDADES_DESEMPENHO_TURMA_03anos_LP.csv,26,23,88,29,52,33,14,EMEF HEITOR VILLA LOBOS,EMEF HEITOR VILLA LOBOS,88.46153846153847,FALSE,
2026,pos_inicio_programa,1,ESC_018,,EMEF HEITOR VILLA LOBOS,EMEF HEITOR VILLA LOBOS,jalize,3,Língua Portuguesa,1ª Avaliação Formativa, 21912411500000500,33,,,PORTO ALEGRE,2026_1av_form_HABILIDADES_DESEMPENHO_TURMA_03anos_LP.csv,29,24,83,26,70,9,22,EMEF HEITOR VILLA LOBOS,EMEF HEITOR VILLA LOBOS,82.75862068965517,FALSE,
2026,pos_inicio_programa,1,ESC_018,,EMEF HEITOR VILLA LOBOS,EMEF HEITOR VILLA LOBOS,jalize,3,Língua Portuguesa,1ª Avaliação Formativa, 21912411500000501,34,,,PORTO ALEGRE,2026_1av_form_HABILIDADES_DESEMPENHO_TURMA_03anos_LP.csv,28,24,86,26,65,26,9,EMEF HEITOR VILLA LOBOS,EMEF HEITOR VILLA LOBOS,85.71428571428571,FALSE,
2026,pos_inicio_programa,1,ESC_019,,EMEF JEAN PIAGET,EMEF JEAN PIAGET,clarissa,3,Língua Portuguesa,1ª Avaliação Formativa, 21912411500000528,31,,,PORTO ALEGRE,2026_1av_form_HABILIDADES_DESEMPENHO_TURMA_03anos_LP.csv,28,21,75,57,29,24,48,EMEF JEAN PIAGET,EMEF JEAN PIAGET,75,FALSE,
2026,pos_inicio_programa,1,ESC_019,,EMEF JEAN PIAGET,EMEF JEAN PIAGET,clarissa,3,Língua Portuguesa,1ª Avaliação Formativa, 21912411500000529,32,,,PORTO ALEGRE,2026_1av_form_HABILIDADES_DESEMPENHO_TURMA_03anos_LP.csv,26,22,85,46,40,20,40,EMEF JEAN PIAGET,EMEF JEAN PIAGET,84.61538461538461,FALSE,
2026,pos_inicio_programa,1,ESC_019,,EMEF JEAN PIAGET,EMEF JEAN PIAGET,clarissa,3,Língua Portuguesa,1ª Avaliação Formativa, 21912411500000530,33,,,PORTO ALEGRE,2026_1av_form_HABILIDADES_DESEMPENHO_TURMA_03anos_LP.csv,25,22,88,53,32,27,41,EMEF JEAN PIAGET,EMEF JEAN PIAGET,88,FALSE,
2026,pos_inicio_programa,1,ESC_020,,EMEF JOAO ANTONIO SATTE,EMEF JOAO ANTONIO SATTE,eliane,3,Língua Portuguesa,1ª Avaliação Formativa, 21912411500000554,31,,,PORTO ALEGRE,2026_1av_form_HABILIDADES_DESEMPENHO_TURMA_03anos_LP.csv,17,15,88,90,0,7,93,EMEF JOAO ANTONIO SATTE,EMEF JOAO ANTONIO SATTE,88.23529411764706,FALSE,
2026,pos_inicio_programa,1,ESC_020,,EMEF JOAO ANTONIO SATTE,EMEF JOAO ANTONIO SATTE,eliane,3,Língua Portuguesa,1ª Avaliação Formativa, 21912411500000555,32,,,PORTO ALEGRE,2026_1av_form_HABILIDADES_DESEMPENHO_TURMA_03anos_LP.csv,19,19,100,51,43,7,50,EMEF JOAO ANTONIO SATTE,EMEF JOAO ANTONIO SATTE,100,FALSE,
2026,pos_inicio_programa,1,ESC_020,,EMEF JOAO ANTONIO SATTE,EMEF JOAO ANTONIO SATTE,eliane,3,Língua Portuguesa,1ª Avaliação Formativa, 21912411500000556,33,,,PORTO ALEGRE,2026_1av_form_HABILIDADES_DESEMPENHO_TURMA_03anos_LP.csv,25,19,76,59,20,20,60,EMEF JOAO ANTONIO SATTE,EMEF JOAO ANTONIO SATTE,76,FALSE,
2026,pos_inicio_programa,1,ESC_021,,EMEF JOAO CARLOS DAVILA PAIXAO CORTES - LACADOR,EMEF JOAO CARLOS DAVILA PAIXAO CORTES - LACADOR,julia,3,Língua Portuguesa,1ª Avaliação Formativa, 21912411500000578,31,,,PORTO ALEGRE,2026_1av_form_HABILIDADES_DESEMPENHO_TURMA_03anos_LP.csv,24,22,92,77,0,33,67,EMEF JOAO CARLOS DAVILA PAIXAO CORTES - LACADOR,EMEF JOAO CARLOS DAVILA PAIXAO CORTES LACADOR,91.66666666666667,FALSE,
2026,pos_inicio_programa,1,ESC_022,,EMEF JOSE LOUREIRO DA SILVA,EMEF JOSE LOUREIRO DA SILVA,jalize,3,Língua Portuguesa,1ª Avaliação Formativa, 21912411500000589,31,,,PORTO ALEGRE,2026_1av_form_HABILIDADES_DESEMPENHO_TURMA_03anos_LP.csv,26,18,69,41,29,47,24,EMEF JOSE LOUREIRO DA SILVA,EMEF JOSE LOUREIRO DA SILVA,69.23076923076923,FALSE,
2026,pos_inicio_programa,1,ESC_022,,EMEF JOSE LOUREIRO DA SILVA,EMEF JOSE LOUREIRO DA SILVA,jalize,3,Língua Portuguesa,1ª Avaliação Formativa, 21912411500000590,32,,,PORTO ALEGRE,2026_1av_form_HABILIDADES_DESEMPENHO_TURMA_03anos_LP.csv,24,20,83,21,63,32,5,EMEF JOSE LOUREIRO DA SILVA,EMEF JOSE LOUREIRO DA SILVA,83.33333333333333,FALSE,
2026,pos_inicio_programa,1,ESC_022,,EMEF JOSE LOUREIRO DA SILVA,EMEF JOSE LOUREIRO DA SILVA,jalize,3,Língua Portuguesa,1ª Avaliação Formativa, 21912411500000591,33,,,PORTO ALEGRE,2026_1av_form_HABILIDADES_DESEMPENHO_TURMA_03anos_LP.csv,26,21,81,34,56,22,22,EMEF JOSE LOUREIRO DA SILVA,EMEF JOSE LOUREIRO DA SILVA,80.76923076923077,FALSE,
2026,pos_inicio_programa,1,ESC_022,,EMEF JOSE LOUREIRO DA SILVA,EMEF JOSE LOUREIRO DA SILVA,jalize,3,Língua Portuguesa,1ª Avaliação Formativa, 21912411500000592,34,,,PORTO ALEGRE,2026_1av_form_HABILIDADES_DESEMPENHO_TURMA_03anos_LP.csv,27,17,63,52,40,7,53,EMEF JOSE LOUREIRO DA SILVA,EMEF JOSE LOUREIRO DA SILVA,62.96296296296296,FALSE,
2026,pos_inicio_programa,1,ESC_023,,EMEF JOSE MARIANO BECK,EMEF JOSE MARIANO BECK,nathalia,3,Língua Portuguesa,1ª Avaliação Formativa, 21912411500000623,31,,,PORTO ALEGRE,2026_1av_form_HABILIDADES_DESEMPENHO_TURMA_03anos_LP.csv,22,20,91,58,12,47,41,EMEF JOSE MARIANO BECK,EMEF JOSE MARIANO BECK,90.9090909090909,FALSE,
2026,pos_inicio_programa,1,ESC_023,,EMEF JOSE MARIANO BECK,EMEF JOSE MARIANO BECK,nathalia,3,Língua Portuguesa,1ª Avaliação Formativa, 21912411500000624,32,,,PORTO ALEGRE,2026_1av_form_HABILIDADES_DESEMPENHO_TURMA_03anos_LP.csv,23,21,91,41,45,30,25,EMEF JOSE MARIANO BECK,EMEF JOSE MARIANO BECK,91.30434782608695,FALSE,
2026,pos_inicio_programa,1,ESC_023,,EMEF JOSE MARIANO BECK,EMEF JOSE MARIANO BECK,nathalia,3,Língua Portuguesa,1ª Avaliação Formativa, 21912411500000625,33,,,PORTO ALEGRE,2026_1av_form_HABILIDADES_DESEMPENHO_TURMA_03anos_LP.csv,22,15,68,0,100,0,0,EMEF JOSE MARIANO BECK,EMEF JOSE MARIANO BECK,68.18181818181819,FALSE,
2026,pos_inicio_programa,1,ESC_024,,EMEF LAURO RODRIGUES,EMEF LAURO RODRIGUES,clarissa,3,Língua Portuguesa,1ª Avaliação Formativa, 21912411500000653,31,,,PORTO ALEGRE,2026_1av_form_HABILIDADES_DESEMPENHO_TURMA_03anos_LP.csv,20,20,100,55,21,37,42,EMEF LAURO RODRIGUES,EMEF LAURO RODRIGUES,100,FALSE,
2026,pos_inicio_programa,1,ESC_024,,EMEF LAURO RODRIGUES,EMEF LAURO RODRIGUES,clarissa,3,Língua Portuguesa,1ª Avaliação Formativa, 21912411500000654,32,,,PORTO ALEGRE,2026_1av_form_HABILIDADES_DESEMPENHO_TURMA_03anos_LP.csv,23,23,100,62,19,24,57,EMEF LAURO RODRIGUES,EMEF LAURO RODRIGUES,100,FALSE,
2026,pos_inicio_programa,1,ESC_024,,EMEF LAURO RODRIGUES,EMEF LAURO RODRIGUES,clarissa,3,Língua Portuguesa,1ª Avaliação Formativa, 21912411500000655,33,,,PORTO ALEGRE,2026_1av_form_HABILIDADES_DESEMPENHO_TURMA_03anos_LP.csv,22,21,95,69,5,40,55,EMEF LAURO RODRIGUES,EMEF LAURO RODRIGUES,95.45454545454545,FALSE,
2026,pos_inicio_programa,1,ESC_025,,EMEF LEOCADIA FELIZARDO PRESTES,EMEF LEOCADIA FELIZARDO PRESTES,graziela,3,Língua Portuguesa,1ª Avaliação Formativa, 21912411500000675,31,,,PORTO ALEGRE,2026_1av_form_HABILIDADES_DESEMPENHO_TURMA_03anos_LP.csv,21,19,90,40,50,28,22,EMEF LEOCADIA FELIZARDO PRESTES,EMEF LEOCADIA FELIZARDO PRESTES,90.47619047619048,FALSE,
2026,pos_inicio_programa,1,ESC_025,,EMEF LEOCADIA FELIZARDO PRESTES,EMEF LEOCADIA FELIZARDO PRESTES,graziela,3,Língua Portuguesa,1ª Avaliação Formativa, 21912411500000676,32,,,PORTO ALEGRE,2026_1av_form_HABILIDADES_DESEMPENHO_TURMA_03anos_LP.csv,21,19,90,36,53,18,29,EMEF LEOCADIA FELIZARDO PRESTES,EMEF LEOCADIA FELIZARDO PRESTES,90.47619047619048,FALSE,
2026,pos_inicio_programa,1,ESC_025,,EMEF LEOCADIA FELIZARDO PRESTES,EMEF LEOCADIA FELIZARDO PRESTES,graziela,3,Língua Portuguesa,1ª Avaliação Formativa, 21912411500000677,33,,,PORTO ALEGRE,2026_1av_form_HABILIDADES_DESEMPENHO_TURMA_03anos_LP.csv,21,16,76,10,88,6,6,EMEF LEOCADIA FELIZARDO PRESTES,EMEF LEOCADIA FELIZARDO PRESTES,76.19047619047619,FALSE,
2026,pos_inicio_programa,1,ESC_026,,EMEF LIDOVINO FANTON,EMEF LIDOVINO FANTON,julia,3,Língua Portuguesa,1ª Avaliação Formativa, 21912411500000697,31,,,PORTO ALEGRE,2026_1av_form_HABILIDADES_DESEMPENHO_TURMA_03anos_LP.csv,27,17,63,76,12,18,71,EMEF LIDOVINO FANTON,EMEF LIDOVINO FANTON,62.96296296296296,FALSE,
2026,pos_inicio_programa,1,ESC_026,,EMEF LIDOVINO FANTON,EMEF LIDOVINO FANTON,julia,3,Língua Portuguesa,1ª Avaliação Formativa, 21912411500000698,32,,,PORTO ALEGRE,2026_1av_form_HABILIDADES_DESEMPENHO_TURMA_03anos_LP.csv,28,16,57,33,47,40,13,EMEF LIDOVINO FANTON,EMEF LIDOVINO FANTON,57.142857142857146,FALSE,
2026,pos_inicio_programa,1,ESC_026,,EMEF LIDOVINO FANTON,EMEF LIDOVINO FANTON,julia,3,Língua Portuguesa,1ª Avaliação Formativa, 21912411500000699,33,,,PORTO ALEGRE,2026_1av_form_HABILIDADES_DESEMPENHO_TURMA_03anos_LP.csv,24,14,58,27,57,29,14,EMEF LIDOVINO FANTON,EMEF LIDOVINO FANTON,58.333333333333336,FALSE,
2026,pos_inicio_programa,1,ESC_026,,EMEF LIDOVINO FANTON,EMEF LIDOVINO FANTON,julia,3,Língua Portuguesa,1ª Avaliação Formativa, 21912411500000700,34,,,PORTO ALEGRE,2026_1av_form_HABILIDADES_DESEMPENHO_TURMA_03anos_LP.csv,26,20,77,59,30,15,55,EMEF LIDOVINO FANTON,EMEF LIDOVINO FANTON,76.92307692307692,FALSE,
2026,pos_inicio_programa,1,ESC_026,,EMEF LIDOVINO FANTON,EMEF LIDOVINO FANTON,julia,3,Língua Portuguesa,1ª Avaliação Formativa, 21912411500000701,35,,,PORTO ALEGRE,2026_1av_form_HABILIDADES_DESEMPENHO_TURMA_03anos_LP.csv,30,20,67,30,55,30,15,EMEF LIDOVINO FANTON,EMEF LIDOVINO FANTON,66.66666666666667,FALSE,
2026,pos_inicio_programa,1,ESC_027,,EMEF MARIO QUINTANA,EMEF MARIO QUINTANA,ruti,3,Língua Portuguesa,1ª Avaliação Formativa, 21912411500000729,31,,,PORTO ALEGRE,2026_1av_form_HABILIDADES_DESEMPENHO_TURMA_03anos_LP.csv,24,21,88,41,45,30,25,EMEF MARIO QUINTANA,EMEF MARIO QUINTANA,87.5,FALSE,
2026,pos_inicio_programa,1,ESC_027,,EMEF MARIO QUINTANA,EMEF MARIO QUINTANA,ruti,3,Língua Portuguesa,1ª Avaliação Formativa, 21912411500000730,32,,,PORTO ALEGRE,2026_1av_form_HABILIDADES_DESEMPENHO_TURMA_03anos_LP.csv,25,22,88,42,41,32,27,EMEF MARIO QUINTANA,EMEF MARIO QUINTANA,88,FALSE,
2026,pos_inicio_programa,1,ESC_028,,EMEF MIGRANTES,EMEF MIGRANTES,nathalia,3,Língua Portuguesa,1ª Avaliação Formativa, 21912411500000746,31,,,PORTO ALEGRE,2026_1av_form_HABILIDADES_DESEMPENHO_TURMA_03anos_LP.csv,18,13,72,55,23,38,38,EMEF MIGRANTES,EMEF MIGRANTES,72.22222222222223,FALSE,
2026,pos_inicio_programa,1,ESC_029,,EMEF MORADAS DA HIPICA,EMEF MORADAS DA HIPICA,amanda,3,Língua Portuguesa,1ª Avaliação Formativa, 21912411500000761,31,,,PORTO ALEGRE,2026_1av_form_HABILIDADES_DESEMPENHO_TURMA_03anos_LP.csv,26,23,88,81,9,13,78,EMEF MORADAS DA HIPICA,EMEF MORADAS DA HIPICA,88.46153846153847,FALSE,
2026,pos_inicio_programa,1,ESC_029,,EMEF MORADAS DA HIPICA,EMEF MORADAS DA HIPICA,amanda,3,Língua Portuguesa,1ª Avaliação Formativa, 21912411500000762,32,,,PORTO ALEGRE,2026_1av_form_HABILIDADES_DESEMPENHO_TURMA_03anos_LP.csv,26,22,85,87,5,16,79,EMEF MORADAS DA HIPICA,EMEF MORADAS DA HIPICA,84.61538461538461,FALSE,
2026,pos_inicio_programa,1,ESC_029,,EMEF MORADAS DA HIPICA,EMEF MORADAS DA HIPICA,amanda,3,Língua Portuguesa,1ª Avaliação Formativa, 21912411500000763,33,,,PORTO ALEGRE,2026_1av_form_HABILIDADES_DESEMPENHO_TURMA_03anos_LP.csv,25,22,88,50,20,50,30,EMEF MORADAS DA HIPICA,EMEF MORADAS DA HIPICA,88,FALSE,
2026,pos_inicio_programa,1,ESC_029,,EMEF MORADAS DA HIPICA,EMEF MORADAS DA HIPICA,amanda,3,Língua Portuguesa,1ª Avaliação Formativa, 21912411500000764,34,,,PORTO ALEGRE,2026_1av_form_HABILIDADES_DESEMPENHO_TURMA_03anos_LP.csv,27,24,89,79,9,13,78,EMEF MORADAS DA HIPICA,EMEF MORADAS DA HIPICA,88.88888888888889,FALSE,
2026,pos_inicio_programa,1,ESC_030,,EMEF MORRO DA CRUZ,EMEF MORRO DA CRUZ,andreia,3,Língua Portuguesa,1ª Avaliação Formativa, 21912411500000796,31,,,PORTO ALEGRE,2026_1av_form_HABILIDADES_DESEMPENHO_TURMA_03anos_LP.csv,27,22,81,68,18,9,73,EMEF MORRO DA CRUZ,EMEF MORRO DA CRUZ,81.48148148148148,FALSE,
2026,pos_inicio_programa,1,ESC_030,,EMEF MORRO DA CRUZ,EMEF MORRO DA CRUZ,andreia,3,Língua Portuguesa,1ª Avaliação Formativa, 21912411500000797,32,,,PORTO ALEGRE,2026_1av_form_HABILIDADES_DESEMPENHO_TURMA_03anos_LP.csv,23,17,74,27,47,41,12,EMEF MORRO DA CRUZ,EMEF MORRO DA CRUZ,73.91304347826087,FALSE,
2026,pos_inicio_programa,1,ESC_030,,EMEF MORRO DA CRUZ,EMEF MORRO DA CRUZ,andreia,3,Língua Portuguesa,1ª Avaliação Formativa, 21912411500000798,33,,,PORTO ALEGRE,2026_1av_form_HABILIDADES_DESEMPENHO_TURMA_03anos_LP.csv,27,21,78,65,24,24,52,EMEF MORRO DA CRUZ,EMEF MORRO DA CRUZ,77.77777777777777,FALSE,
2026,pos_inicio_programa,1,ESC_030,,EMEF MORRO DA CRUZ,EMEF MORRO DA CRUZ,andreia,3,Língua Portuguesa,1ª Avaliação Formativa, 21912411500000799,34,,,PORTO ALEGRE,2026_1av_form_HABILIDADES_DESEMPENHO_TURMA_03anos_LP.csv,26,18,69,46,44,19,38,EMEF MORRO DA CRUZ,EMEF MORRO DA CRUZ,69.23076923076923,FALSE,
2026,pos_inicio_programa,1,ESC_031,,EMEF NEUSA GOULART BRIZOLA,EMEF NEUSA GOULART BRIZOLA,julia,3,Língua Portuguesa,1ª Avaliação Formativa, 21912411500000825,31,,,PORTO ALEGRE,2026_1av_form_HABILIDADES_DESEMPENHO_TURMA_03anos_LP.csv,23,20,87,91,6,0,94,EMEF NEUSA GOULART BRIZOLA,EMEF NEUSA GOULART BRIZOLA,86.95652173913044,FALSE,
2026,pos_inicio_programa,1,ESC_031,,EMEF NEUSA GOULART BRIZOLA,EMEF NEUSA GOULART BRIZOLA,julia,3,Língua Portuguesa,1ª Avaliação Formativa, 21912411500000826,32,,,PORTO ALEGRE,2026_1av_form_HABILIDADES_DESEMPENHO_TURMA_03anos_LP.csv,21,18,86,76,13,19,69,EMEF NEUSA GOULART BRIZOLA,EMEF NEUSA GOULART BRIZOLA,85.71428571428571,FALSE,
2026,pos_inicio_programa,1,ESC_032,,EMEF NOSSA SENHORA DE FATIMA,EMEF NOSSA SENHORA DE FATIMA,amanda,3,Língua Portuguesa,1ª Avaliação Formativa, 21912411500000845,31,,,PORTO ALEGRE,2026_1av_form_HABILIDADES_DESEMPENHO_TURMA_03anos_LP.csv,25,23,92,39,45,27,27,EMEF NOSSA SENHORA DE FATIMA,EMEF NOSSA SENHORA DE FATIMA,92,FALSE,
2026,pos_inicio_programa,1,ESC_032,,EMEF NOSSA SENHORA DE FATIMA,EMEF NOSSA SENHORA DE FATIMA,amanda,3,Língua Portuguesa,1ª Avaliação Formativa, 21912411500000846,32,,,PORTO ALEGRE,2026_1av_form_HABILIDADES_DESEMPENHO_TURMA_03anos_LP.csv,27,24,89,50,30,35,35,EMEF NOSSA SENHORA DE FATIMA,EMEF NOSSA SENHORA DE FATIMA,88.88888888888889,FALSE,
2026,pos_inicio_programa,1,ESC_032,,EMEF NOSSA SENHORA DE FATIMA,EMEF NOSSA SENHORA DE FATIMA,amanda,3,Língua Portuguesa,1ª Avaliação Formativa, 21912411500000847,33,,,PORTO ALEGRE,2026_1av_form_HABILIDADES_DESEMPENHO_TURMA_03anos_LP.csv,27,21,78,39,40,50,10,EMEF NOSSA SENHORA DE FATIMA,EMEF NOSSA SENHORA DE FATIMA,77.77777777777777,FALSE,
2026,pos_inicio_programa,1,ESC_033,,EMEF NOSSA SENHORA DO CARMO,EMEF NOSSA SENHORA DO CARMO,amanda,3,Língua Portuguesa,1ª Avaliação Formativa, 21912411500000869,31,,,PORTO ALEGRE,2026_1av_form_HABILIDADES_DESEMPENHO_TURMA_03anos_LP.csv,27,23,85,73,5,27,68,EMEF NOSSA SENHORA DO CARMO,EMEF NOSSA SENHORA DO CARMO,85.18518518518519,FALSE,
2026,pos_inicio_programa,1,ESC_033,,EMEF NOSSA SENHORA DO CARMO,EMEF NOSSA SENHORA DO CARMO,amanda,3,Língua Portuguesa,1ª Avaliação Formativa, 21912411500000870,32,,,PORTO ALEGRE,2026_1av_form_HABILIDADES_DESEMPENHO_TURMA_03anos_LP.csv,31,27,87,31,56,33,11,EMEF NOSSA SENHORA DO CARMO,EMEF NOSSA SENHORA DO CARMO,87.09677419354838,FALSE,
2026,pos_inicio_programa,1,ESC_033,,EMEF NOSSA SENHORA DO CARMO,EMEF NOSSA SENHORA DO CARMO,amanda,3,Língua Portuguesa,1ª Avaliação Formativa, 21912411500000871,33,,,PORTO ALEGRE,2026_1av_form_HABILIDADES_DESEMPENHO_TURMA_03anos_LP.csv,25,20,80,42,39,28,33,EMEF NOSSA SENHORA DO CARMO,EMEF NOSSA SENHORA DO CARMO,80,FALSE,
2026,pos_inicio_programa,1,ESC_034,,EMEF PEPITA DE LEAO,EMEF PEPITA DE LEAO,nathalia,3,Língua Portuguesa,1ª Avaliação Formativa, 21912411500000896,31,,,PORTO ALEGRE,2026_1av_form_HABILIDADES_DESEMPENHO_TURMA_03anos_LP.csv,21,15,71,91,7,7,86,EMEF PEPITA DE LEAO,EMEF PEPITA DE LEAO,71.42857142857143,FALSE,
2026,pos_inicio_programa,1,ESC_034,,EMEF PEPITA DE LEAO,EMEF PEPITA DE LEAO,nathalia,3,Língua Portuguesa,1ª Avaliação Formativa, 21912411500000897,32,,,PORTO ALEGRE,2026_1av_form_HABILIDADES_DESEMPENHO_TURMA_03anos_LP.csv,23,20,87,58,22,39,39,EMEF PEPITA DE LEAO,EMEF PEPITA DE LEAO,86.95652173913044,FALSE,
2026,pos_inicio_programa,1,ESC_034,,EMEF PEPITA DE LEAO,EMEF PEPITA DE LEAO,nathalia,3,Língua Portuguesa,1ª Avaliação Formativa, 21912411500000898,33,,,PORTO ALEGRE,2026_1av_form_HABILIDADES_DESEMPENHO_TURMA_03anos_LP.csv,21,16,76,74,0,21,79,EMEF PEPITA DE LEAO,EMEF PEPITA DE LEAO,76.19047619047619,FALSE,
2026,pos_inicio_programa,1,ESC_035,,EMEF PORTO NOVO,EMEF PORTO NOVO,marian,3,Língua Portuguesa,1ª Avaliação Formativa, 21912411500000916,31,,,PORTO ALEGRE,2026_1av_form_HABILIDADES_DESEMPENHO_TURMA_03anos_LP.csv,23,21,91,46,30,40,30,EMEF PORTO NOVO,EMEF PORTO NOVO,91.30434782608695,FALSE,
2026,pos_inicio_programa,1,ESC_035,,EMEF PORTO NOVO,EMEF PORTO NOVO,marian,3,Língua Portuguesa,1ª Avaliação Formativa, 21912411500000917,32,,,PORTO ALEGRE,2026_1av_form_HABILIDADES_DESEMPENHO_TURMA_03anos_LP.csv,22,22,100,45,35,30,35,EMEF PORTO NOVO,EMEF PORTO NOVO,100,FALSE,
2026,pos_inicio_programa,1,ESC_036,,EMEF PRES JOAO BELCHIOR MARQUES GOULART,EMEF PRES JOAO BELCHIOR MARQUES GOULART,marian,3,Língua Portuguesa,1ª Avaliação Formativa, 21912411500000937,31,,,PORTO ALEGRE,2026_1av_form_HABILIDADES_DESEMPENHO_TURMA_03anos_LP.csv,22,21,95,48,30,35,35,EMEF PRES JOAO BELCHIOR MARQUES GOULART,EMEF PRES JOAO BELCHIOR MARQUES GOULART,95.45454545454545,FALSE,
2026,pos_inicio_programa,1,ESC_036,,EMEF PRES JOAO BELCHIOR MARQUES GOULART,EMEF PRES JOAO BELCHIOR MARQUES GOULART,marian,3,Língua Portuguesa,1ª Avaliação Formativa, 21912411500000938,32,,,PORTO ALEGRE,2026_1av_form_HABILIDADES_DESEMPENHO_TURMA_03anos_LP.csv,20,16,80,46,44,19,38,EMEF PRES JOAO BELCHIOR MARQUES GOULART,EMEF PRES JOAO BELCHIOR MARQUES GOULART,80,FALSE,
2026,pos_inicio_programa,1,ESC_036,,EMEF PRES JOAO BELCHIOR MARQUES GOULART,EMEF PRES JOAO BELCHIOR MARQUES GOULART,marian,3,Língua Portuguesa,1ª Avaliação Formativa, 21912411500000939,33,,,PORTO ALEGRE,2026_1av_form_HABILIDADES_DESEMPENHO_TURMA_03anos_LP.csv,17,12,71,53,27,45,27,EMEF PRES JOAO BELCHIOR MARQUES GOULART,EMEF PRES JOAO BELCHIOR MARQUES GOULART,70.58823529411765,FALSE,
2026,pos_inicio_programa,1,ESC_036,,EMEF PRES JOAO BELCHIOR MARQUES GOULART,EMEF PRES JOAO BELCHIOR MARQUES GOULART,marian,3,Língua Portuguesa,1ª Avaliação Formativa, 21912411500000940,34,,,PORTO ALEGRE,2026_1av_form_HABILIDADES_DESEMPENHO_TURMA_03anos_LP.csv,15,15,100,50,29,43,29,EMEF PRES JOAO BELCHIOR MARQUES GOULART,EMEF PRES JOAO BELCHIOR MARQUES GOULART,100,FALSE,
2026,pos_inicio_programa,1,ESC_037,,EMEF PRESIDENTE VARGAS,EMEF PRESIDENTE VARGAS,eliane,3,Língua Portuguesa,1ª Avaliação Formativa, 21912411500000958,31,,,PORTO ALEGRE,2026_1av_form_HABILIDADES_DESEMPENHO_TURMA_03anos_LP.csv,26,19,73,55,19,38,44,EMEF PRESIDENTE VARGAS,EMEF PRESIDENTE VARGAS,73.07692307692308,FALSE,
2026,pos_inicio_programa,1,ESC_037,,EMEF PRESIDENTE VARGAS,EMEF PRESIDENTE VARGAS,eliane,3,Língua Portuguesa,1ª Avaliação Formativa, 21912411500000959,32,,,PORTO ALEGRE,2026_1av_form_HABILIDADES_DESEMPENHO_TURMA_03anos_LP.csv,24,21,88,47,35,40,25,EMEF PRESIDENTE VARGAS,EMEF PRESIDENTE VARGAS,87.5,FALSE,
2026,pos_inicio_programa,1,ESC_038,,EMEF PROF ANA IRIS DO AMARAL,EMEF PROF ANA IRIS DO AMARAL,eliane,3,Língua Portuguesa,1ª Avaliação Formativa, 21912411500000977,31,,,PORTO ALEGRE,2026_1av_form_HABILIDADES_DESEMPENHO_TURMA_03anos_LP.csv,24,22,92,78,9,23,68,EMEF PROF ANA IRIS DO AMARAL,EMEF PROF ANA IRIS DO AMARAL,91.66666666666667,FALSE,
2026,pos_inicio_programa,1,ESC_038,,EMEF PROF ANA IRIS DO AMARAL,EMEF PROF ANA IRIS DO AMARAL,eliane,3,Língua Portuguesa,1ª Avaliação Formativa, 21912411500000978,32,,,PORTO ALEGRE,2026_1av_form_HABILIDADES_DESEMPENHO_TURMA_03anos_LP.csv,23,23,100,65,19,14,67,EMEF PROF ANA IRIS DO AMARAL,EMEF PROF ANA IRIS DO AMARAL,100,FALSE,
2026,pos_inicio_programa,1,ESC_039,,EMEF PROF ANISIO TEIXEIRA,EMEF PROF ANISIO TEIXEIRA,andreia,3,Língua Portuguesa,1ª Avaliação Formativa, 21912411500000999,31,,,PORTO ALEGRE,2026_1av_form_HABILIDADES_DESEMPENHO_TURMA_03anos_LP.csv,22,20,91,51,35,29,35,EMEF PROF ANISIO TEIXEIRA,EMEF PROF ANISIO TEIXEIRA,90.9090909090909,FALSE,
2026,pos_inicio_programa,1,ESC_039,,EMEF PROF ANISIO TEIXEIRA,EMEF PROF ANISIO TEIXEIRA,andreia,3,Língua Portuguesa,1ª Avaliação Formativa, 21912411500001000,32,,,PORTO ALEGRE,2026_1av_form_HABILIDADES_DESEMPENHO_TURMA_03anos_LP.csv,26,25,96,56,24,28,48,EMEF PROF ANISIO TEIXEIRA,EMEF PROF ANISIO TEIXEIRA,96.15384615384616,FALSE,
2026,pos_inicio_programa,1,ESC_039,,EMEF PROF ANISIO TEIXEIRA,EMEF PROF ANISIO TEIXEIRA,andreia,3,Língua Portuguesa,1ª Avaliação Formativa, 21912411500001001,33,,,PORTO ALEGRE,2026_1av_form_HABILIDADES_DESEMPENHO_TURMA_03anos_LP.csv,24,19,79,58,21,37,42,EMEF PROF ANISIO TEIXEIRA,EMEF PROF ANISIO TEIXEIRA,79.16666666666667,FALSE,
2026,pos_inicio_programa,1,ESC_040,,EMEF PROF GILBERTO JORGE GONCALVES DA SILVA,EMEF PROF GILBERTO JORGE GONCALVES DA SILVA,ruti,3,Língua Portuguesa,1ª Avaliação Formativa, 21912411500001028,31,,,PORTO ALEGRE,2026_1av_form_HABILIDADES_DESEMPENHO_TURMA_03anos_LP.csv,21,21,100,69,22,11,67,EMEF PROF GILBERTO JORGE GONCALVES DA SILVA,EMEF PROF GILBERTO JORGE GONCALVES DA SILVA,100,FALSE,
2026,pos_inicio_programa,1,ESC_041,,EMEF PROF JUDITH MACEDO DE ARAUJO,EMEF PROF JUDITH MACEDO DE ARAUJO,graziela,3,Língua Portuguesa,1ª Avaliação Formativa, 21912411500001042,31,,,PORTO ALEGRE,2026_1av_form_HABILIDADES_DESEMPENHO_TURMA_03anos_LP.csv,29,24,83,31,61,17,22,EMEF PROF JUDITH MACEDO DE ARAUJO,EMEF PROF JUDITH MACEDO DE ARAUJO,82.75862068965517,FALSE,
2026,pos_inicio_programa,1,ESC_041,,EMEF PROF JUDITH MACEDO DE ARAUJO,EMEF PROF JUDITH MACEDO DE ARAUJO,graziela,3,Língua Portuguesa,1ª Avaliação Formativa, 21912411500001043,32,,,PORTO ALEGRE,2026_1av_form_HABILIDADES_DESEMPENHO_TURMA_03anos_LP.csv,28,26,93,39,46,35,19,EMEF PROF JUDITH MACEDO DE ARAUJO,EMEF PROF JUDITH MACEDO DE ARAUJO,92.85714285714286,FALSE,
2026,pos_inicio_programa,1,ESC_041,,EMEF PROF JUDITH MACEDO DE ARAUJO,EMEF PROF JUDITH MACEDO DE ARAUJO,graziela,3,Língua Portuguesa,1ª Avaliação Formativa, 21912411500001044,33,,,PORTO ALEGRE,2026_1av_form_HABILIDADES_DESEMPENHO_TURMA_03anos_LP.csv,29,21,72,61,25,15,60,EMEF PROF JUDITH MACEDO DE ARAUJO,EMEF PROF JUDITH MACEDO DE ARAUJO,72.41379310344827,FALSE,
2026,pos_inicio_programa,1,ESC_042,,EMEF PROF LARRY JOSE RIBEIRO ALVES,EMEF PROF LARRY JOSE RIBEIRO ALVES,amanda,3,Língua Portuguesa,1ª Avaliação Formativa, 21912411500001070,31,,,PORTO ALEGRE,2026_1av_form_HABILIDADES_DESEMPENHO_TURMA_03anos_LP.csv,28,21,75,32,38,52,10,EMEF PROF LARRY JOSE RIBEIRO ALVES,EMEF PROF LARRY JOSE RIBEIRO ALVES,75,FALSE,
2026,pos_inicio_programa,1,ESC_042,,EMEF PROF LARRY JOSE RIBEIRO ALVES,EMEF PROF LARRY JOSE RIBEIRO ALVES,amanda,3,Língua Portuguesa,1ª Avaliação Formativa, 21912411500001071,32,,,PORTO ALEGRE,2026_1av_form_HABILIDADES_DESEMPENHO_TURMA_03anos_LP.csv,27,21,78,59,24,29,48,EMEF PROF LARRY JOSE RIBEIRO ALVES,EMEF PROF LARRY JOSE RIBEIRO ALVES,77.77777777777777,FALSE,
2026,pos_inicio_programa,1,ESC_042,,EMEF PROF LARRY JOSE RIBEIRO ALVES,EMEF PROF LARRY JOSE RIBEIRO ALVES,amanda,3,Língua Portuguesa,1ª Avaliação Formativa, 21912411500001072,33,,,PORTO ALEGRE,2026_1av_form_HABILIDADES_DESEMPENHO_TURMA_03anos_LP.csv,28,27,96,37,44,33,22,EMEF PROF LARRY JOSE RIBEIRO ALVES,EMEF PROF LARRY JOSE RIBEIRO ALVES,96.42857142857143,FALSE,
2026,pos_inicio_programa,1,ESC_042,,EMEF PROF LARRY JOSE RIBEIRO ALVES,EMEF PROF LARRY JOSE RIBEIRO ALVES,amanda,3,Língua Portuguesa,1ª Avaliação Formativa, 21912411500001073,34,,,PORTO ALEGRE,2026_1av_form_HABILIDADES_DESEMPENHO_TURMA_03anos_LP.csv,28,19,68,34,44,39,17,EMEF PROF LARRY JOSE RIBEIRO ALVES,EMEF PROF LARRY JOSE RIBEIRO ALVES,67.85714285714286,FALSE,
2026,pos_inicio_programa,1,ESC_043,,EMEF RINCAO,EMEF RINCAO,jalize,3,Língua Portuguesa,1ª Avaliação Formativa, 21912411500001097,31,,,PORTO ALEGRE,2026_1av_form_HABILIDADES_DESEMPENHO_TURMA_03anos_LP.csv,25,21,84,70,11,33,56,EMEF RINCAO,EMEF RINCAO,84,FALSE,
2026,pos_inicio_programa,1,ESC_043,,EMEF RINCAO,EMEF RINCAO,jalize,3,Língua Portuguesa,1ª Avaliação Formativa, 21912411500001098,32,,,PORTO ALEGRE,2026_1av_form_HABILIDADES_DESEMPENHO_TURMA_03anos_LP.csv,25,23,92,50,21,58,21,EMEF RINCAO,EMEF RINCAO,92,FALSE,
2026,pos_inicio_programa,1,ESC_044,,EMEF SAINT HILAIRE,EMEF SAINT HILAIRE,andreia,3,Língua Portuguesa,1ª Avaliação Formativa, 21912411500001118,31,,,PORTO ALEGRE,2026_1av_form_HABILIDADES_DESEMPENHO_TURMA_03anos_LP.csv,24,24,100,36,52,17,30,EMEF SAINT HILAIRE,EMEF SAINT HILAIRE,100,FALSE,
2026,pos_inicio_programa,1,ESC_044,,EMEF SAINT HILAIRE,EMEF SAINT HILAIRE,andreia,3,Língua Portuguesa,1ª Avaliação Formativa, 21912411500001119,32,,,PORTO ALEGRE,2026_1av_form_HABILIDADES_DESEMPENHO_TURMA_03anos_LP.csv,23,17,74,41,44,31,25,EMEF SAINT HILAIRE,EMEF SAINT HILAIRE,73.91304347826087,FALSE,
2026,pos_inicio_programa,1,ESC_044,,EMEF SAINT HILAIRE,EMEF SAINT HILAIRE,andreia,3,Língua Portuguesa,1ª Avaliação Formativa, 21912411500001120,33,,,PORTO ALEGRE,2026_1av_form_HABILIDADES_DESEMPENHO_TURMA_03anos_LP.csv,26,23,88,54,23,32,45,EMEF SAINT HILAIRE,EMEF SAINT HILAIRE,88.46153846153847,FALSE,
2026,pos_inicio_programa,1,ESC_044,,EMEF SAINT HILAIRE,EMEF SAINT HILAIRE,andreia,3,Língua Portuguesa,1ª Avaliação Formativa, 21912411500001121,34,,,PORTO ALEGRE,2026_1av_form_HABILIDADES_DESEMPENHO_TURMA_03anos_LP.csv,21,18,86,45,41,29,29,EMEF SAINT HILAIRE,EMEF SAINT HILAIRE,85.71428571428571,FALSE,
2026,pos_inicio_programa,1,ESC_045,,EMEF SAO PEDRO,EMEF SAO PEDRO,marian,3,Língua Portuguesa,1ª Avaliação Formativa, 21912411500001153,31,,,PORTO ALEGRE,2026_1av_form_HABILIDADES_DESEMPENHO_TURMA_03anos_LP.csv,26,20,77,76,16,16,68,EMEF SAO PEDRO,EMEF SAO PEDRO,76.92307692307692,FALSE,
2026,pos_inicio_programa,1,ESC_045,,EMEF SAO PEDRO,EMEF SAO PEDRO,marian,3,Língua Portuguesa,1ª Avaliação Formativa, 21912411500001154,32,,,PORTO ALEGRE,2026_1av_form_HABILIDADES_DESEMPENHO_TURMA_03anos_LP.csv,27,21,78,27,60,20,20,EMEF SAO PEDRO,EMEF SAO PEDRO,77.77777777777777,FALSE,
2026,pos_inicio_programa,1,ESC_045,,EMEF SAO PEDRO,EMEF SAO PEDRO,marian,3,Língua Portuguesa,1ª Avaliação Formativa, 21912411500001155,33,,,PORTO ALEGRE,2026_1av_form_HABILIDADES_DESEMPENHO_TURMA_03anos_LP.csv,28,22,79,51,35,15,50,EMEF SAO PEDRO,EMEF SAO PEDRO,78.57142857142857,FALSE,
2026,pos_inicio_programa,1,ESC_045,,EMEF SAO PEDRO,EMEF SAO PEDRO,marian,3,Língua Portuguesa,1ª Avaliação Formativa, 21912411500001156,34,,,PORTO ALEGRE,2026_1av_form_HABILIDADES_DESEMPENHO_TURMA_03anos_LP.csv,28,22,79,69,19,19,62,EMEF SAO PEDRO,EMEF SAO PEDRO,78.57142857142857,FALSE,
2026,pos_inicio_programa,1,ESC_046,,EMEF SEN ALBERTO PASQUALINI,EMEF SEN ALBERTO PASQUALINI,julia,3,Língua Portuguesa,1ª Avaliação Formativa, 21912411500001189,31,,,PORTO ALEGRE,2026_1av_form_HABILIDADES_DESEMPENHO_TURMA_03anos_LP.csv,25,20,80,59,25,19,56,EMEF SEN ALBERTO PASQUALINI,EMEF SEN ALBERTO PASQUALINI,80,FALSE,
2026,pos_inicio_programa,1,ESC_046,,EMEF SEN ALBERTO PASQUALINI,EMEF SEN ALBERTO PASQUALINI,julia,3,Língua Portuguesa,1ª Avaliação Formativa, 21912411500001190,32,,,PORTO ALEGRE,2026_1av_form_HABILIDADES_DESEMPENHO_TURMA_03anos_LP.csv,22,20,91,58,32,21,47,EMEF SEN ALBERTO PASQUALINI,EMEF SEN ALBERTO PASQUALINI,90.9090909090909,FALSE,
2026,pos_inicio_programa,1,ESC_046,,EMEF SEN ALBERTO PASQUALINI,EMEF SEN ALBERTO PASQUALINI,julia,3,Língua Portuguesa,1ª Avaliação Formativa, 21912411500001191,33,,,PORTO ALEGRE,2026_1av_form_HABILIDADES_DESEMPENHO_TURMA_03anos_LP.csv,25,19,76,38,39,39,22,EMEF SEN ALBERTO PASQUALINI,EMEF SEN ALBERTO PASQUALINI,76,FALSE,
2026,pos_inicio_programa,1,ESC_046,,EMEF SEN ALBERTO PASQUALINI,EMEF SEN ALBERTO PASQUALINI,julia,3,Língua Portuguesa,1ª Avaliação Formativa, 21912411500001192,34,,,PORTO ALEGRE,2026_1av_form_HABILIDADES_DESEMPENHO_TURMA_03anos_LP.csv,28,25,89,44,44,16,40,EMEF SEN ALBERTO PASQUALINI,EMEF SEN ALBERTO PASQUALINI,89.28571428571429,FALSE,
2026,pos_inicio_programa,1,ESC_047,,EMEF TIMBAUVA,EMEF TIMBAUVA,nathalia,3,Língua Portuguesa,1ª Avaliação Formativa, 21912411500001223,31,,,PORTO ALEGRE,2026_1av_form_HABILIDADES_DESEMPENHO_TURMA_03anos_LP.csv,23,22,96,52,29,24,48,EMEF TIMBAUVA,EMEF TIMBAUVA,95.65217391304348,FALSE,
2026,pos_inicio_programa,1,ESC_047,,EMEF TIMBAUVA,EMEF TIMBAUVA,nathalia,3,Língua Portuguesa,1ª Avaliação Formativa, 21912411500001224,32,,,PORTO ALEGRE,2026_1av_form_HABILIDADES_DESEMPENHO_TURMA_03anos_LP.csv,23,22,96,95,0,5,95,EMEF TIMBAUVA,EMEF TIMBAUVA,95.65217391304348,FALSE,
2026,pos_inicio_programa,1,ESC_047,,EMEF TIMBAUVA,EMEF TIMBAUVA,nathalia,3,Língua Portuguesa,1ª Avaliação Formativa, 21912411500001225,33,,,PORTO ALEGRE,2026_1av_form_HABILIDADES_DESEMPENHO_TURMA_03anos_LP.csv,22,21,95,34,52,19,29,EMEF TIMBAUVA,EMEF TIMBAUVA,95.45454545454545,FALSE,
2026,pos_inicio_programa,1,ESC_048,,EMEF VER ANTONIO GIUDICE,EMEF VER ANTONIO GIUDICE,clarissa,3,Língua Portuguesa,1ª Avaliação Formativa, 21912411500001252,31,,,PORTO ALEGRE,2026_1av_form_HABILIDADES_DESEMPENHO_TURMA_03anos_LP.csv,24,20,83,68,11,39,50,EMEF VER ANTONIO GIUDICE,EMEF VER ANTONIO GIUDICE,83.33333333333333,FALSE,
2026,pos_inicio_programa,1,ESC_048,,EMEF VER ANTONIO GIUDICE,EMEF VER ANTONIO GIUDICE,clarissa,3,Língua Portuguesa,1ª Avaliação Formativa, 21912411500001253,32,,,PORTO ALEGRE,2026_1av_form_HABILIDADES_DESEMPENHO_TURMA_03anos_LP.csv,23,22,96,63,20,25,55,EMEF VER ANTONIO GIUDICE,EMEF VER ANTONIO GIUDICE,95.65217391304348,FALSE,
2026,pos_inicio_programa,1,ESC_048,,EMEF VER ANTONIO GIUDICE,EMEF VER ANTONIO GIUDICE,clarissa,3,Língua Portuguesa,1ª Avaliação Formativa, 21912411500001254,33,,,PORTO ALEGRE,2026_1av_form_HABILIDADES_DESEMPENHO_TURMA_03anos_LP.csv,24,24,100,71,18,18,64,EMEF VER ANTONIO GIUDICE,EMEF VER ANTONIO GIUDICE,100,FALSE,
2026,pos_inicio_programa,1,ESC_049,,EMEF VER CARLOS PESSOA DE BRUM,EMEF VER CARLOS PESSOA DE BRUM,priscila,3,Língua Portuguesa,1ª Avaliação Formativa, 21912411500001282,31,,,PORTO ALEGRE,2026_1av_form_HABILIDADES_DESEMPENHO_TURMA_03anos_LP.csv,23,19,83,10,78,22,0,EMEF VER CARLOS PESSOA DE BRUM,EMEF VER CARLOS PESSOA DE BRUM,82.6086956521739,FALSE,
2026,pos_inicio_programa,1,ESC_049,,EMEF VER CARLOS PESSOA DE BRUM,EMEF VER CARLOS PESSOA DE BRUM,priscila,3,Língua Portuguesa,1ª Avaliação Formativa, 21912411500001283,32,,,PORTO ALEGRE,2026_1av_form_HABILIDADES_DESEMPENHO_TURMA_03anos_LP.csv,26,20,77,34,37,53,11,EMEF VER CARLOS PESSOA DE BRUM,EMEF VER CARLOS PESSOA DE BRUM,76.92307692307692,FALSE,
2026,pos_inicio_programa,1,ESC_049,,EMEF VER CARLOS PESSOA DE BRUM,EMEF VER CARLOS PESSOA DE BRUM,priscila,3,Língua Portuguesa,1ª Avaliação Formativa, 21912411500001284,33,,,PORTO ALEGRE,2026_1av_form_HABILIDADES_DESEMPENHO_TURMA_03anos_LP.csv,27,21,78,35,50,25,25,EMEF VER CARLOS PESSOA DE BRUM,EMEF VER CARLOS PESSOA DE BRUM,77.77777777777777,FALSE,
2026,pos_inicio_programa,1,ESC_049,,EMEF VER CARLOS PESSOA DE BRUM,EMEF VER CARLOS PESSOA DE BRUM,priscila,3,Língua Portuguesa,1ª Avaliação Formativa, 21912411500001285,34,,,PORTO ALEGRE,2026_1av_form_HABILIDADES_DESEMPENHO_TURMA_03anos_LP.csv,24,18,75,21,67,20,13,EMEF VER CARLOS PESSOA DE BRUM,EMEF VER CARLOS PESSOA DE BRUM,75,FALSE,
2026,pos_inicio_programa,1,ESC_049,,EMEF VER CARLOS PESSOA DE BRUM,EMEF VER CARLOS PESSOA DE BRUM,priscila,3,Língua Portuguesa,1ª Avaliação Formativa, 21912411500001286,35,,,PORTO ALEGRE,2026_1av_form_HABILIDADES_DESEMPENHO_TURMA_03anos_LP.csv,25,20,80,29,58,32,11,EMEF VER CARLOS PESSOA DE BRUM,EMEF VER CARLOS PESSOA DE BRUM,80,FALSE,
2026,pos_inicio_programa,1,ESC_049,,EMEF VER CARLOS PESSOA DE BRUM,EMEF VER CARLOS PESSOA DE BRUM,priscila,3,Língua Portuguesa,1ª Avaliação Formativa, 21912411500001287,36,,,PORTO ALEGRE,2026_1av_form_HABILIDADES_DESEMPENHO_TURMA_03anos_LP.csv,28,23,82,45,45,15,40,EMEF VER CARLOS PESSOA DE BRUM,EMEF VER CARLOS PESSOA DE BRUM,82.14285714285714,FALSE,
2026,pos_inicio_programa,1,ESC_050,,EMEF VER MARTIM ARANHA,EMEF VER MARTIM ARANHA,priscila,3,Língua Portuguesa,1ª Avaliação Formativa, 21912411500001320,31,,,PORTO ALEGRE,2026_1av_form_HABILIDADES_DESEMPENHO_TURMA_03anos_LP.csv,25,24,96,35,43,35,22,EMEF VER MARTIM ARANHA,EMEF VER MARTIM ARANHA,96,FALSE,
2026,pos_inicio_programa,1,ESC_050,,EMEF VER MARTIM ARANHA,EMEF VER MARTIM ARANHA,priscila,3,Língua Portuguesa,1ª Avaliação Formativa, 21912411500001321,32,,,PORTO ALEGRE,2026_1av_form_HABILIDADES_DESEMPENHO_TURMA_03anos_LP.csv,26,18,69,53,24,41,35,EMEF VER MARTIM ARANHA,EMEF VER MARTIM ARANHA,69.23076923076923,FALSE,
2026,pos_inicio_programa,1,ESC_050,,EMEF VER MARTIM ARANHA,EMEF VER MARTIM ARANHA,priscila,3,Língua Portuguesa,1ª Avaliação Formativa, 21912411500001322,33,,,PORTO ALEGRE,2026_1av_form_HABILIDADES_DESEMPENHO_TURMA_03anos_LP.csv,25,18,72,17,71,24,6,EMEF VER MARTIM ARANHA,EMEF VER MARTIM ARANHA,72,FALSE,
2026,pos_inicio_programa,1,ESC_051,,EMEF VILA MONTE CRISTO,EMEF VILA MONTE CRISTO,graziela,3,Língua Portuguesa,1ª Avaliação Formativa, 21912411500001349,31,,,PORTO ALEGRE,2026_1av_form_HABILIDADES_DESEMPENHO_TURMA_03anos_LP.csv,23,20,87,49,25,45,30,EMEF VILA MONTE CRISTO,EMEF VILA MONTE CRISTO,86.95652173913044,FALSE,
2026,pos_inicio_programa,1,ESC_051,,EMEF VILA MONTE CRISTO,EMEF VILA MONTE CRISTO,graziela,3,Língua Portuguesa,1ª Avaliação Formativa, 21912411500001350,32,,,PORTO ALEGRE,2026_1av_form_HABILIDADES_DESEMPENHO_TURMA_03anos_LP.csv,24,22,92,47,36,18,45,EMEF VILA MONTE CRISTO,EMEF VILA MONTE CRISTO,91.66666666666667,FALSE,
2026,pos_inicio_programa,1,ESC_051,,EMEF VILA MONTE CRISTO,EMEF VILA MONTE CRISTO,graziela,3,Língua Portuguesa,1ª Avaliação Formativa, 21912411500001351,33,,,PORTO ALEGRE,2026_1av_form_HABILIDADES_DESEMPENHO_TURMA_03anos_LP.csv,23,22,96,41,48,19,33,EMEF VILA MONTE CRISTO,EMEF VILA MONTE CRISTO,95.65217391304348,FALSE,
2026,pos_inicio_programa,1,ESC_051,,EMEF VILA MONTE CRISTO,EMEF VILA MONTE CRISTO,graziela,3,Língua Portuguesa,1ª Avaliação Formativa, 21912411500001352,34,,,PORTO ALEGRE,2026_1av_form_HABILIDADES_DESEMPENHO_TURMA_03anos_LP.csv,21,19,90,48,35,35,29,EMEF VILA MONTE CRISTO,EMEF VILA MONTE CRISTO,90.47619047619048,FALSE,
2026,pos_inicio_programa,1,ESC_052,,EMEF WENCESLAU FONTOURA,EMEF WENCESLAU FONTOURA,eliane,3,Língua Portuguesa,1ª Avaliação Formativa, 21912411500001384,31,,,PORTO ALEGRE,2026_1av_form_HABILIDADES_DESEMPENHO_TURMA_03anos_LP.csv,23,20,87,46,30,30,40,EMEF WENCESLAU FONTOURA,EMEF WENCESLAU FONTOURA,86.95652173913044,FALSE,
2026,pos_inicio_programa,1,ESC_052,,EMEF WENCESLAU FONTOURA,EMEF WENCESLAU FONTOURA,eliane,3,Língua Portuguesa,1ª Avaliação Formativa, 21912411500001385,32,,,PORTO ALEGRE,2026_1av_form_HABILIDADES_DESEMPENHO_TURMA_03anos_LP.csv,25,21,84,70,14,19,67,EMEF WENCESLAU FONTOURA,EMEF WENCESLAU FONTOURA,84,FALSE,
2026,pos_inicio_programa,1,ESC_052,,EMEF WENCESLAU FONTOURA,EMEF WENCESLAU FONTOURA,eliane,3,Língua Portuguesa,1ª Avaliação Formativa, 21912411500001386,33,,,PORTO ALEGRE,2026_1av_form_HABILIDADES_DESEMPENHO_TURMA_03anos_LP.csv,26,25,96,41,28,52,20,EMEF WENCESLAU FONTOURA,EMEF WENCESLAU FONTOURA,96.15384615384616,FALSE,
2026,pos_inicio_programa,1,ESC_052,,EMEF WENCESLAU FONTOURA,EMEF WENCESLAU FONTOURA,eliane,3,Língua Portuguesa,1ª Avaliação Formativa, 21912411500001387,34,,,PORTO ALEGRE,2026_1av_form_HABILIDADES_DESEMPENHO_TURMA_03anos_LP.csv,28,26,93,50,33,29,38,EMEF WENCESLAU FONTOURA,EMEF WENCESLAU FONTOURA,92.85714285714286,FALSE,
2026,pos_inicio_programa,1,ESC_053,,EMEM EMILIO MEYER,EMEM EMILIO MEYER,ruti,3,Língua Portuguesa,1ª Avaliação Formativa, 21912411500001416,31,,,PORTO ALEGRE,2026_1av_form_HABILIDADES_DESEMPENHO_TURMA_03anos_LP.csv,21,17,81,45,29,47,24,EMEM EMILIO MEYER,EMEM EMILIO MEYER,80.95238095238095,FALSE,
2026,pos_inicio_programa,1,ESC_053,,EMEM EMILIO MEYER,EMEM EMILIO MEYER,ruti,3,Língua Portuguesa,1ª Avaliação Formativa, 21912411500001417,32,,,PORTO ALEGRE,2026_1av_form_HABILIDADES_DESEMPENHO_TURMA_03anos_LP.csv,22,18,82,50,31,31,38,EMEM EMILIO MEYER,EMEM EMILIO MEYER,81.81818181818181,FALSE,
2026,pos_inicio_programa,1,ESC_053,,EMEM EMILIO MEYER,EMEM EMILIO MEYER,ruti,3,Língua Portuguesa,1ª Avaliação Formativa, 21912411500001418,33,,,PORTO ALEGRE,2026_1av_form_HABILIDADES_DESEMPENHO_TURMA_03anos_LP.csv,25,17,68,49,41,24,35,EMEM EMILIO MEYER,EMEM EMILIO MEYER,68,FALSE,
2026,pos_inicio_programa,1,ESC_053,,EMEM EMILIO MEYER,EMEM EMILIO MEYER,ruti,3,Língua Portuguesa,1ª Avaliação Formativa, 21912411500001419,34,,,PORTO ALEGRE,2026_1av_form_HABILIDADES_DESEMPENHO_TURMA_03anos_LP.csv,20,18,90,38,56,13,31,EMEM EMILIO MEYER,EMEM EMILIO MEYER,90,FALSE,
2026,pos_inicio_programa,1,ESC_054,,ESC EST ENS FUN PROFESSORA LEOPOLDA BARNEWITZ,ESC EST ENS FUN PROFESSORA LEOPOLDA BARNEWITZ,julia,3,Língua Portuguesa,1ª Avaliação Formativa, 21912411500001442,31,,,PORTO ALEGRE,2026_1av_form_HABILIDADES_DESEMPENHO_TURMA_03anos_LP.csv,20,20,100,85,0,20,80,ESC EST ENS FUN PROFESSORA LEOPOLDA BARNEWITZ,ESC EST ENS FUN PROFESSORA LEOPOLDA BARNEWITZ,100,FALSE,
2026,pos_inicio_programa,1,ESC_054,,ESC EST ENS FUN PROFESSORA LEOPOLDA BARNEWITZ,ESC EST ENS FUN PROFESSORA LEOPOLDA BARNEWITZ,julia,3,Língua Portuguesa,1ª Avaliação Formativa, 21912411500001443,32,,,PORTO ALEGRE,2026_1av_form_HABILIDADES_DESEMPENHO_TURMA_03anos_LP.csv,19,19,100,79,6,17,78,ESC EST ENS FUN PROFESSORA LEOPOLDA BARNEWITZ,ESC EST ENS FUN PROFESSORA LEOPOLDA BARNEWITZ,100,FALSE,
2026,pos_inicio_programa,1,ESC_001,,EEF PEQUENA CASA DA CRIANCA,6001 EEF PEQUENA CASA DA CRIANCA,outras,4,Língua Portuguesa,1ª Avaliação Formativa, 21912411500000011,40,,,PORTO ALEGRE,2026_1av_form_HABILIDADES_DESEMPENHO_TURMA_04anos_LP.csv,23,23,100,64,22,26,52,EEF PEQUENA CASA DA CRIANCA,EEF PEQUENA CASA DA CRIANCA,100,FALSE,
2026,pos_inicio_programa,1,ESC_001,,EEF PEQUENA CASA DA CRIANCA,6001 EEF PEQUENA CASA DA CRIANCA,outras,4,Língua Portuguesa,1ª Avaliação Formativa, 21912411500000012,41,,,PORTO ALEGRE,2026_1av_form_HABILIDADES_DESEMPENHO_TURMA_04anos_LP.csv,26,20,77,43,47,21,32,EEF PEQUENA CASA DA CRIANCA,EEF PEQUENA CASA DA CRIANCA,76.92307692307692,FALSE,
2026,pos_inicio_programa,1,ESC_001,,EEF PEQUENA CASA DA CRIANCA,6001 EEF PEQUENA CASA DA CRIANCA,outras,4,Língua Portuguesa,1ª Avaliação Formativa, 21912411500000013,42,,,PORTO ALEGRE,2026_1av_form_HABILIDADES_DESEMPENHO_TURMA_04anos_LP.csv,23,19,83,24,67,22,11,EEF PEQUENA CASA DA CRIANCA,EEF PEQUENA CASA DA CRIANCA,82.6086956521739,FALSE,
2026,pos_inicio_programa,1,ESC_055,,ESCOLA DE ENSINO FUNDAMENTAL MADRE RAFFO,7028 ESCOLA DE ENSINO FUNDAMENTAL MADRE RAFFO,outras,4,Língua Portuguesa,1ª Avaliação Formativa, 21912411500000025,4A,,,PORTO ALEGRE,2026_1av_form_HABILIDADES_DESEMPENHO_TURMA_04anos_LP.csv,9,8,89,91,0,25,75,ESCOLA DE ENSINO FUNDAMENTAL MADRE RAFFO,ESCOLA DE ENSINO FUNDAMENTAL MADRE RAFFO,88.88888888888889,FALSE,
2026,pos_inicio_programa,1,ESC_002,,EMEB DR LIBERATO SALZANO VIEIRA DA CUNHA,EMEB DR LIBERATO SALZANO VIEIRA DA CUNHA,clarissa,4,Língua Portuguesa,1ª Avaliação Formativa, 21912411500000046,41,,,PORTO ALEGRE,2026_1av_form_HABILIDADES_DESEMPENHO_TURMA_04anos_LP.csv,23,20,87,65,21,26,53,EMEB DR LIBERATO SALZANO VIEIRA DA CUNHA,EMEB DR LIBERATO SALZANO VIEIRA DA CUNHA,86.95652173913044,FALSE,
2026,pos_inicio_programa,1,ESC_002,,EMEB DR LIBERATO SALZANO VIEIRA DA CUNHA,EMEB DR LIBERATO SALZANO VIEIRA DA CUNHA,clarissa,4,Língua Portuguesa,1ª Avaliação Formativa, 21912411500000047,42,,,PORTO ALEGRE,2026_1av_form_HABILIDADES_DESEMPENHO_TURMA_04anos_LP.csv,23,19,83,41,50,25,25,EMEB DR LIBERATO SALZANO VIEIRA DA CUNHA,EMEB DR LIBERATO SALZANO VIEIRA DA CUNHA,82.6086956521739,FALSE,
2026,pos_inicio_programa,1,ESC_002,,EMEB DR LIBERATO SALZANO VIEIRA DA CUNHA,EMEB DR LIBERATO SALZANO VIEIRA DA CUNHA,clarissa,4,Língua Portuguesa,1ª Avaliação Formativa, 21912411500000048,43,,,PORTO ALEGRE,2026_1av_form_HABILIDADES_DESEMPENHO_TURMA_04anos_LP.csv,22,18,82,63,29,6,65,EMEB DR LIBERATO SALZANO VIEIRA DA CUNHA,EMEB DR LIBERATO SALZANO VIEIRA DA CUNHA,81.81818181818181,FALSE,
2026,pos_inicio_programa,1,ESC_002,,EMEB DR LIBERATO SALZANO VIEIRA DA CUNHA,EMEB DR LIBERATO SALZANO VIEIRA DA CUNHA,clarissa,4,Língua Portuguesa,1ª Avaliação Formativa, 21912411500000049,44,,,PORTO ALEGRE,2026_1av_form_HABILIDADES_DESEMPENHO_TURMA_04anos_LP.csv,24,24,100,60,26,30,43,EMEB DR LIBERATO SALZANO VIEIRA DA CUNHA,EMEB DR LIBERATO SALZANO VIEIRA DA CUNHA,100,FALSE,
2026,pos_inicio_programa,1,ESC_003,,EMEF AFONSO GUERREIRO LIMA,EMEF AFONSO GUERREIRO LIMA,graziela,4,Língua Portuguesa,1ª Avaliação Formativa, 21912411500000082,41,,,PORTO ALEGRE,2026_1av_form_HABILIDADES_DESEMPENHO_TURMA_04anos_LP.csv,23,19,83,59,29,18,53,EMEF AFONSO GUERREIRO LIMA,EMEF AFONSO GUERREIRO LIMA,82.6086956521739,FALSE,
2026,pos_inicio_programa,1,ESC_003,,EMEF AFONSO GUERREIRO LIMA,EMEF AFONSO GUERREIRO LIMA,graziela,4,Língua Portuguesa,1ª Avaliação Formativa, 21912411500000083,42,,,PORTO ALEGRE,2026_1av_form_HABILIDADES_DESEMPENHO_TURMA_04anos_LP.csv,24,19,79,58,26,37,37,EMEF AFONSO GUERREIRO LIMA,EMEF AFONSO GUERREIRO LIMA,79.16666666666667,FALSE,
2026,pos_inicio_programa,1,ESC_003,,EMEF AFONSO GUERREIRO LIMA,EMEF AFONSO GUERREIRO LIMA,graziela,4,Língua Portuguesa,1ª Avaliação Formativa, 21912411500000084,43,,,PORTO ALEGRE,2026_1av_form_HABILIDADES_DESEMPENHO_TURMA_04anos_LP.csv,20,19,95,68,18,24,59,EMEF AFONSO GUERREIRO LIMA,EMEF AFONSO GUERREIRO LIMA,95,FALSE,
2026,pos_inicio_programa,1,ESC_003,,EMEF AFONSO GUERREIRO LIMA,EMEF AFONSO GUERREIRO LIMA,graziela,4,Língua Portuguesa,1ª Avaliação Formativa, 21912411500000085,44,,,PORTO ALEGRE,2026_1av_form_HABILIDADES_DESEMPENHO_TURMA_04anos_LP.csv,20,16,80,61,21,43,36,EMEF AFONSO GUERREIRO LIMA,EMEF AFONSO GUERREIRO LIMA,80,FALSE,
2026,pos_inicio_programa,1,ESC_003,,EMEF AFONSO GUERREIRO LIMA,EMEF AFONSO GUERREIRO LIMA,graziela,4,Língua Portuguesa,1ª Avaliação Formativa, 21912411500000086,45,,,PORTO ALEGRE,2026_1av_form_HABILIDADES_DESEMPENHO_TURMA_04anos_LP.csv,21,21,100,64,20,25,55,EMEF AFONSO GUERREIRO LIMA,EMEF AFONSO GUERREIRO LIMA,100,FALSE,
2026,pos_inicio_programa,1,ESC_004,,EMEF AMERICA,EMEF AMERICA,nathalia,4,Língua Portuguesa,1ª Avaliação Formativa, 21912411500000111,41,,,PORTO ALEGRE,2026_1av_form_HABILIDADES_DESEMPENHO_TURMA_04anos_LP.csv,26,25,96,64,16,36,48,EMEF AMERICA,EMEF AMERICA,96.15384615384616,FALSE,
2026,pos_inicio_programa,1,ESC_004,,EMEF AMERICA,EMEF AMERICA,nathalia,4,Língua Portuguesa,1ª Avaliação Formativa, 21912411500000112,42,,,PORTO ALEGRE,2026_1av_form_HABILIDADES_DESEMPENHO_TURMA_04anos_LP.csv,27,23,85,71,13,26,61,EMEF AMERICA,EMEF AMERICA,85.18518518518519,FALSE,
2026,pos_inicio_programa,1,ESC_005,,EMEF ARAMY SILVA,EMEF ARAMY SILVA,priscila,4,Língua Portuguesa,1ª Avaliação Formativa, 21912411500000136,41,,,PORTO ALEGRE,2026_1av_form_HABILIDADES_DESEMPENHO_TURMA_04anos_LP.csv,25,24,96,75,14,23,64,EMEF ARAMY SILVA,EMEF ARAMY SILVA,96,FALSE,
2026,pos_inicio_programa,1,ESC_005,,EMEF ARAMY SILVA,EMEF ARAMY SILVA,priscila,4,Língua Portuguesa,1ª Avaliação Formativa, 21912411500000137,42,,,PORTO ALEGRE,2026_1av_form_HABILIDADES_DESEMPENHO_TURMA_04anos_LP.csv,21,19,90,59,27,40,33,EMEF ARAMY SILVA,EMEF ARAMY SILVA,90.47619047619048,FALSE,
2026,pos_inicio_programa,1,ESC_005,,EMEF ARAMY SILVA,EMEF ARAMY SILVA,priscila,4,Língua Portuguesa,1ª Avaliação Formativa, 21912411500000138,43,,,PORTO ALEGRE,2026_1av_form_HABILIDADES_DESEMPENHO_TURMA_04anos_LP.csv,16,16,100,32,38,46,15,EMEF ARAMY SILVA,EMEF ARAMY SILVA,100,FALSE,
2026,pos_inicio_programa,1,ESC_006,,EMEF CAMPOS DO CRISTAL,EMEF CAMPOS DO CRISTAL,andreia,4,Língua Portuguesa,1ª Avaliação Formativa, 21912411500000161,41,,,PORTO ALEGRE,2026_1av_form_HABILIDADES_DESEMPENHO_TURMA_04anos_LP.csv,23,21,91,76,17,22,61,EMEF CAMPOS DO CRISTAL,EMEF CAMPOS DO CRISTAL,91.30434782608695,FALSE,
2026,pos_inicio_programa,1,ESC_006,,EMEF CAMPOS DO CRISTAL,EMEF CAMPOS DO CRISTAL,andreia,4,Língua Portuguesa,1ª Avaliação Formativa, 21912411500000162,42,,,PORTO ALEGRE,2026_1av_form_HABILIDADES_DESEMPENHO_TURMA_04anos_LP.csv,22,21,95,67,11,37,53,EMEF CAMPOS DO CRISTAL,EMEF CAMPOS DO CRISTAL,95.45454545454545,FALSE,
2026,pos_inicio_programa,1,ESC_007,,EMEF CHAPEU DO SOL,EMEF CHAPEU DO SOL,ruti,4,Língua Portuguesa,1ª Avaliação Formativa, 21912411500000188,41,,,PORTO ALEGRE,2026_1av_form_HABILIDADES_DESEMPENHO_TURMA_04anos_LP.csv,27,23,85,50,45,14,41,EMEF CHAPEU DO SOL,EMEF CHAPEU DO SOL,85.18518518518519,FALSE,
2026,pos_inicio_programa,1,ESC_007,,EMEF CHAPEU DO SOL,EMEF CHAPEU DO SOL,ruti,4,Língua Portuguesa,1ª Avaliação Formativa, 21912411500000189,42,,,PORTO ALEGRE,2026_1av_form_HABILIDADES_DESEMPENHO_TURMA_04anos_LP.csv,29,28,97,45,44,19,37,EMEF CHAPEU DO SOL,EMEF CHAPEU DO SOL,96.55172413793103,FALSE,
2026,pos_inicio_programa,1,ESC_007,,EMEF CHAPEU DO SOL,EMEF CHAPEU DO SOL,ruti,4,Língua Portuguesa,1ª Avaliação Formativa, 21912411500000190,43,,,PORTO ALEGRE,2026_1av_form_HABILIDADES_DESEMPENHO_TURMA_04anos_LP.csv,27,24,89,48,36,27,36,EMEF CHAPEU DO SOL,EMEF CHAPEU DO SOL,88.88888888888889,FALSE,
2026,pos_inicio_programa,1,ESC_007,,EMEF CHAPEU DO SOL,EMEF CHAPEU DO SOL,ruti,4,Língua Portuguesa,1ª Avaliação Formativa, 21912411500000191,44,,,PORTO ALEGRE,2026_1av_form_HABILIDADES_DESEMPENHO_TURMA_04anos_LP.csv,29,28,97,36,54,19,27,EMEF CHAPEU DO SOL,EMEF CHAPEU DO SOL,96.55172413793103,FALSE,
2026,pos_inicio_programa,1,ESC_008,,EMEF CHICO MENDES,EMEF CHICO MENDES,eliane,4,Língua Portuguesa,1ª Avaliação Formativa, 21912411500000224,41,,,PORTO ALEGRE,2026_1av_form_HABILIDADES_DESEMPENHO_TURMA_04anos_LP.csv,24,21,88,65,20,25,55,EMEF CHICO MENDES,EMEF CHICO MENDES,87.5,FALSE,
2026,pos_inicio_programa,1,ESC_008,,EMEF CHICO MENDES,EMEF CHICO MENDES,eliane,4,Língua Portuguesa,1ª Avaliação Formativa, 21912411500000225,42,,,PORTO ALEGRE,2026_1av_form_HABILIDADES_DESEMPENHO_TURMA_04anos_LP.csv,25,23,92,30,57,29,14,EMEF CHICO MENDES,EMEF CHICO MENDES,92,FALSE,
2026,pos_inicio_programa,1,ESC_008,,EMEF CHICO MENDES,EMEF CHICO MENDES,eliane,4,Língua Portuguesa,1ª Avaliação Formativa, 21912411500000226,43,,,PORTO ALEGRE,2026_1av_form_HABILIDADES_DESEMPENHO_TURMA_04anos_LP.csv,25,22,88,24,65,24,12,EMEF CHICO MENDES,EMEF CHICO MENDES,88,FALSE,
2026,pos_inicio_programa,1,ESC_008,,EMEF CHICO MENDES,EMEF CHICO MENDES,eliane,4,Língua Portuguesa,1ª Avaliação Formativa, 21912411500000227,44,,,PORTO ALEGRE,2026_1av_form_HABILIDADES_DESEMPENHO_TURMA_04anos_LP.csv,28,27,96,51,42,13,46,EMEF CHICO MENDES,EMEF CHICO MENDES,96.42857142857143,FALSE,
2026,pos_inicio_programa,1,ESC_009,,EMEF DECIO MARTINS COSTA,EMEF DECIO MARTINS COSTA,nathalia,4,Língua Portuguesa,1ª Avaliação Formativa, 21912411500000263,41,,,PORTO ALEGRE,2026_1av_form_HABILIDADES_DESEMPENHO_TURMA_04anos_LP.csv,21,20,95,68,11,37,53,EMEF DECIO MARTINS COSTA,EMEF DECIO MARTINS COSTA,95.23809523809524,FALSE,
2026,pos_inicio_programa,1,ESC_009,,EMEF DECIO MARTINS COSTA,EMEF DECIO MARTINS COSTA,nathalia,4,Língua Portuguesa,1ª Avaliação Formativa, 21912411500000264,42,,,PORTO ALEGRE,2026_1av_form_HABILIDADES_DESEMPENHO_TURMA_04anos_LP.csv,27,24,89,56,22,43,35,EMEF DECIO MARTINS COSTA,EMEF DECIO MARTINS COSTA,88.88888888888889,FALSE,
2026,pos_inicio_programa,1,ESC_009,,EMEF DECIO MARTINS COSTA,EMEF DECIO MARTINS COSTA,nathalia,4,Língua Portuguesa,1ª Avaliação Formativa, 21912411500000265,43,,,PORTO ALEGRE,2026_1av_form_HABILIDADES_DESEMPENHO_TURMA_04anos_LP.csv,23,20,87,5,95,5,0,EMEF DECIO MARTINS COSTA,EMEF DECIO MARTINS COSTA,86.95652173913044,FALSE,
2026,pos_inicio_programa,1,ESC_009,,EMEF DECIO MARTINS COSTA,EMEF DECIO MARTINS COSTA,nathalia,4,Língua Portuguesa,1ª Avaliação Formativa, 21912411500000266,44,,,PORTO ALEGRE,2026_1av_form_HABILIDADES_DESEMPENHO_TURMA_04anos_LP.csv,26,24,92,57,30,26,43,EMEF DECIO MARTINS COSTA,EMEF DECIO MARTINS COSTA,92.3076923076923,FALSE,
2026,pos_inicio_programa,1,ESC_009,,EMEF DECIO MARTINS COSTA,EMEF DECIO MARTINS COSTA,nathalia,4,Língua Portuguesa,1ª Avaliação Formativa, 21912411500000267,45,,,PORTO ALEGRE,2026_1av_form_HABILIDADES_DESEMPENHO_TURMA_04anos_LP.csv,28,25,89,63,28,16,56,EMEF DECIO MARTINS COSTA,EMEF DECIO MARTINS COSTA,89.28571428571429,FALSE,
2026,pos_inicio_programa,1,ESC_010,,EMEF DEP MARCIRIO GOULART LOUREIRO,EMEF DEP MARCIRIO GOULART LOUREIRO,marian,4,Língua Portuguesa,1ª Avaliação Formativa, 21912411500000297,41,,,PORTO ALEGRE,2026_1av_form_HABILIDADES_DESEMPENHO_TURMA_04anos_LP.csv,29,25,86,56,33,25,42,EMEF DEP MARCIRIO GOULART LOUREIRO,EMEF DEP MARCIRIO GOULART LOUREIRO,86.20689655172414,FALSE,
2026,pos_inicio_programa,1,ESC_010,,EMEF DEP MARCIRIO GOULART LOUREIRO,EMEF DEP MARCIRIO GOULART LOUREIRO,marian,4,Língua Portuguesa,1ª Avaliação Formativa, 21912411500000298,42,,,PORTO ALEGRE,2026_1av_form_HABILIDADES_DESEMPENHO_TURMA_04anos_LP.csv,27,24,89,40,50,23,27,EMEF DEP MARCIRIO GOULART LOUREIRO,EMEF DEP MARCIRIO GOULART LOUREIRO,88.88888888888889,FALSE,
2026,pos_inicio_programa,1,ESC_010,,EMEF DEP MARCIRIO GOULART LOUREIRO,EMEF DEP MARCIRIO GOULART LOUREIRO,marian,4,Língua Portuguesa,1ª Avaliação Formativa, 21912411500000299,43,,,PORTO ALEGRE,2026_1av_form_HABILIDADES_DESEMPENHO_TURMA_04anos_LP.csv,26,23,88,54,32,27,41,EMEF DEP MARCIRIO GOULART LOUREIRO,EMEF DEP MARCIRIO GOULART LOUREIRO,88.46153846153847,FALSE,
2026,pos_inicio_programa,1,ESC_010,,EMEF DEP MARCIRIO GOULART LOUREIRO,EMEF DEP MARCIRIO GOULART LOUREIRO,marian,4,Língua Portuguesa,1ª Avaliação Formativa, 21912411500000300,44,,,PORTO ALEGRE,2026_1av_form_HABILIDADES_DESEMPENHO_TURMA_04anos_LP.csv,26,23,88,56,10,67,24,EMEF DEP MARCIRIO GOULART LOUREIRO,EMEF DEP MARCIRIO GOULART LOUREIRO,88.46153846153847,FALSE,
2026,pos_inicio_programa,1,ESC_011,,EMEF DEP VICTOR ISSLER,EMEF DEP VICTOR ISSLER,clarissa,4,Língua Portuguesa,1ª Avaliação Formativa, 21912411500000334,41,,,PORTO ALEGRE,2026_1av_form_HABILIDADES_DESEMPENHO_TURMA_04anos_LP.csv,28,23,82,62,26,26,48,EMEF DEP VICTOR ISSLER,EMEF DEP VICTOR ISSLER,82.14285714285714,FALSE,
2026,pos_inicio_programa,1,ESC_011,,EMEF DEP VICTOR ISSLER,EMEF DEP VICTOR ISSLER,clarissa,4,Língua Portuguesa,1ª Avaliação Formativa, 21912411500000335,42,,,PORTO ALEGRE,2026_1av_form_HABILIDADES_DESEMPENHO_TURMA_04anos_LP.csv,27,27,100,75,4,35,62,EMEF DEP VICTOR ISSLER,EMEF DEP VICTOR ISSLER,100,FALSE,
2026,pos_inicio_programa,1,ESC_011,,EMEF DEP VICTOR ISSLER,EMEF DEP VICTOR ISSLER,clarissa,4,Língua Portuguesa,1ª Avaliação Formativa, 21912411500000336,43,,,PORTO ALEGRE,2026_1av_form_HABILIDADES_DESEMPENHO_TURMA_04anos_LP.csv,28,23,82,58,23,36,41,EMEF DEP VICTOR ISSLER,EMEF DEP VICTOR ISSLER,82.14285714285714,FALSE,
2026,pos_inicio_programa,1,ESC_011,,EMEF DEP VICTOR ISSLER,EMEF DEP VICTOR ISSLER,clarissa,4,Língua Portuguesa,1ª Avaliação Formativa, 21912411500000337,44,,,PORTO ALEGRE,2026_1av_form_HABILIDADES_DESEMPENHO_TURMA_04anos_LP.csv,28,25,89,42,52,13,35,EMEF DEP VICTOR ISSLER,EMEF DEP VICTOR ISSLER,89.28571428571429,FALSE,
2026,pos_inicio_programa,1,ESC_011,,EMEF DEP VICTOR ISSLER,EMEF DEP VICTOR ISSLER,clarissa,4,Língua Portuguesa,1ª Avaliação Formativa, 21912411500000338,45,,,PORTO ALEGRE,2026_1av_form_HABILIDADES_DESEMPENHO_TURMA_04anos_LP.csv,25,23,92,37,55,18,27,EMEF DEP VICTOR ISSLER,EMEF DEP VICTOR ISSLER,92,FALSE,
2026,pos_inicio_programa,1,ESC_012,,EMEF DOLORES ALCARAZ CALDAS,EMEF DOLORES ALCARAZ CALDAS,jalize,4,Língua Portuguesa,1ª Avaliação Formativa, 21912411500000376,41,,,PORTO ALEGRE,2026_1av_form_HABILIDADES_DESEMPENHO_TURMA_04anos_LP.csv,28,25,89,66,20,28,52,EMEF DOLORES ALCARAZ CALDAS,EMEF DOLORES ALCARAZ CALDAS,89.28571428571429,FALSE,
2026,pos_inicio_programa,1,ESC_012,,EMEF DOLORES ALCARAZ CALDAS,EMEF DOLORES ALCARAZ CALDAS,jalize,4,Língua Portuguesa,1ª Avaliação Formativa, 21912411500000377,42,,,PORTO ALEGRE,2026_1av_form_HABILIDADES_DESEMPENHO_TURMA_04anos_LP.csv,32,29,91,54,23,46,31,EMEF DOLORES ALCARAZ CALDAS,EMEF DOLORES ALCARAZ CALDAS,90.625,FALSE,
2026,pos_inicio_programa,1,ESC_012,,EMEF DOLORES ALCARAZ CALDAS,EMEF DOLORES ALCARAZ CALDAS,jalize,4,Língua Portuguesa,1ª Avaliação Formativa, 21912411500000378,43,,,PORTO ALEGRE,2026_1av_form_HABILIDADES_DESEMPENHO_TURMA_04anos_LP.csv,31,30,97,41,41,34,24,EMEF DOLORES ALCARAZ CALDAS,EMEF DOLORES ALCARAZ CALDAS,96.7741935483871,FALSE,
2026,pos_inicio_programa,1,ESC_012,,EMEF DOLORES ALCARAZ CALDAS,EMEF DOLORES ALCARAZ CALDAS,jalize,4,Língua Portuguesa,1ª Avaliação Formativa, 21912411500000379,44,,,PORTO ALEGRE,2026_1av_form_HABILIDADES_DESEMPENHO_TURMA_04anos_LP.csv,31,27,87,45,42,23,35,EMEF DOLORES ALCARAZ CALDAS,EMEF DOLORES ALCARAZ CALDAS,87.09677419354838,FALSE,
2026,pos_inicio_programa,1,ESC_012,,EMEF DOLORES ALCARAZ CALDAS,EMEF DOLORES ALCARAZ CALDAS,jalize,4,Língua Portuguesa,1ª Avaliação Formativa, 21912411500000380,45,,,PORTO ALEGRE,2026_1av_form_HABILIDADES_DESEMPENHO_TURMA_04anos_LP.csv,30,29,97,56,27,38,35,EMEF DOLORES ALCARAZ CALDAS,EMEF DOLORES ALCARAZ CALDAS,96.66666666666667,FALSE,
2026,pos_inicio_programa,1,ESC_013,,EMEF ESPIRITO SANTO,EMEF ESPIRITO SANTO,priscila,4,Língua Portuguesa,1ª Avaliação Formativa, 21912411500001805,41,,,PORTO ALEGRE,2026_1av_form_HABILIDADES_DESEMPENHO_TURMA_04anos_LP.csv,17,14,82,72,14,29,57,EMEF ESPIRITO SANTO,EMEF ESPIRITO SANTO,82.3529411764706,FALSE,
2026,pos_inicio_programa,1,ESC_014,,EMEF EVARISTO GONCALVES NETTO,EMEF EVARISTO GONCALVES NETTO,jalize,4,Língua Portuguesa,1ª Avaliação Formativa, 21912411500001811,41,,,PORTO ALEGRE,2026_1av_form_HABILIDADES_DESEMPENHO_TURMA_04anos_LP.csv,18,14,78,43,43,29,29,EMEF EVARISTO GONCALVES NETTO,EMEF EVARISTO GONCALVES NETTO,77.77777777777777,FALSE,
2026,pos_inicio_programa,1,ESC_014,,EMEF EVARISTO GONCALVES NETTO,EMEF EVARISTO GONCALVES NETTO,jalize,4,Língua Portuguesa,1ª Avaliação Formativa, 21912411500001812,42,,,PORTO ALEGRE,2026_1av_form_HABILIDADES_DESEMPENHO_TURMA_04anos_LP.csv,16,12,75,37,50,25,25,EMEF EVARISTO GONCALVES NETTO,EMEF EVARISTO GONCALVES NETTO,75,FALSE,
2026,pos_inicio_programa,1,ESC_015,,EMEF GABRIEL OBINO,EMEF GABRIEL OBINO,amanda,4,Língua Portuguesa,1ª Avaliação Formativa, 21912411500000408,41,,,PORTO ALEGRE,2026_1av_form_HABILIDADES_DESEMPENHO_TURMA_04anos_LP.csv,19,16,84,56,31,19,50,EMEF GABRIEL OBINO,EMEF GABRIEL OBINO,84.21052631578948,FALSE,
2026,pos_inicio_programa,1,ESC_015,,EMEF GABRIEL OBINO,EMEF GABRIEL OBINO,amanda,4,Língua Portuguesa,1ª Avaliação Formativa, 21912411500000409,42,,,PORTO ALEGRE,2026_1av_form_HABILIDADES_DESEMPENHO_TURMA_04anos_LP.csv,19,15,79,49,43,14,43,EMEF GABRIEL OBINO,EMEF GABRIEL OBINO,78.94736842105263,FALSE,
2026,pos_inicio_programa,1,ESC_015,,EMEF GABRIEL OBINO,EMEF GABRIEL OBINO,amanda,4,Língua Portuguesa,1ª Avaliação Formativa, 21912411500000410,43,,,PORTO ALEGRE,2026_1av_form_HABILIDADES_DESEMPENHO_TURMA_04anos_LP.csv,20,18,90,45,39,39,22,EMEF GABRIEL OBINO,EMEF GABRIEL OBINO,90,FALSE,
2026,pos_inicio_programa,1,ESC_016,,EMEF GOV ILDO MENEGHETTI,EMEF GOV ILDO MENEGHETTI,clarissa,4,Língua Portuguesa,1ª Avaliação Formativa, 21912411500000434,41,,,PORTO ALEGRE,2026_1av_form_HABILIDADES_DESEMPENHO_TURMA_04anos_LP.csv,28,21,75,54,35,30,35,EMEF GOV ILDO MENEGHETTI,EMEF GOV ILDO MENEGHETTI,75,FALSE,
2026,pos_inicio_programa,1,ESC_016,,EMEF GOV ILDO MENEGHETTI,EMEF GOV ILDO MENEGHETTI,clarissa,4,Língua Portuguesa,1ª Avaliação Formativa, 21912411500000435,42,,,PORTO ALEGRE,2026_1av_form_HABILIDADES_DESEMPENHO_TURMA_04anos_LP.csv,28,24,86,88,8,0,92,EMEF GOV ILDO MENEGHETTI,EMEF GOV ILDO MENEGHETTI,85.71428571428571,FALSE,
2026,pos_inicio_programa,1,ESC_016,,EMEF GOV ILDO MENEGHETTI,EMEF GOV ILDO MENEGHETTI,clarissa,4,Língua Portuguesa,1ª Avaliação Formativa, 21912411500000436,43,,,PORTO ALEGRE,2026_1av_form_HABILIDADES_DESEMPENHO_TURMA_04anos_LP.csv,26,22,85,60,32,14,55,EMEF GOV ILDO MENEGHETTI,EMEF GOV ILDO MENEGHETTI,84.61538461538461,FALSE,
2026,pos_inicio_programa,1,ESC_016,,EMEF GOV ILDO MENEGHETTI,EMEF GOV ILDO MENEGHETTI,clarissa,4,Língua Portuguesa,1ª Avaliação Formativa, 21912411500000437,44,,,PORTO ALEGRE,2026_1av_form_HABILIDADES_DESEMPENHO_TURMA_04anos_LP.csv,24,21,88,83,10,10,81,EMEF GOV ILDO MENEGHETTI,EMEF GOV ILDO MENEGHETTI,87.5,FALSE,
2026,pos_inicio_programa,1,ESC_016,,EMEF GOV ILDO MENEGHETTI,EMEF GOV ILDO MENEGHETTI,clarissa,4,Língua Portuguesa,1ª Avaliação Formativa, 21912411500000438,45,,,PORTO ALEGRE,2026_1av_form_HABILIDADES_DESEMPENHO_TURMA_04anos_LP.csv,27,25,93,37,48,32,20,EMEF GOV ILDO MENEGHETTI,EMEF GOV ILDO MENEGHETTI,92.5925925925926,FALSE,
2026,pos_inicio_programa,1,ESC_017,,EMEF GRANDE ORIENTE DO RGS,EMEF GRANDE ORIENTE DO RGS,andreia,4,Língua Portuguesa,1ª Avaliação Formativa, 21912411500000471,41,,,PORTO ALEGRE,2026_1av_form_HABILIDADES_DESEMPENHO_TURMA_04anos_LP.csv,25,20,80,38,53,18,29,EMEF GRANDE ORIENTE DO RGS,EMEF GRANDE ORIENTE DO RGS,80,FALSE,
2026,pos_inicio_programa,1,ESC_017,,EMEF GRANDE ORIENTE DO RGS,EMEF GRANDE ORIENTE DO RGS,andreia,4,Língua Portuguesa,1ª Avaliação Formativa, 21912411500000472,42,,,PORTO ALEGRE,2026_1av_form_HABILIDADES_DESEMPENHO_TURMA_04anos_LP.csv,28,20,71,43,45,20,35,EMEF GRANDE ORIENTE DO RGS,EMEF GRANDE ORIENTE DO RGS,71.42857142857143,FALSE,
2026,pos_inicio_programa,1,ESC_017,,EMEF GRANDE ORIENTE DO RGS,EMEF GRANDE ORIENTE DO RGS,andreia,4,Língua Portuguesa,1ª Avaliação Formativa, 21912411500000473,43,,,PORTO ALEGRE,2026_1av_form_HABILIDADES_DESEMPENHO_TURMA_04anos_LP.csv,26,23,88,31,55,32,14,EMEF GRANDE ORIENTE DO RGS,EMEF GRANDE ORIENTE DO RGS,88.46153846153847,FALSE,
2026,pos_inicio_programa,1,ESC_017,,EMEF GRANDE ORIENTE DO RGS,EMEF GRANDE ORIENTE DO RGS,andreia,4,Língua Portuguesa,1ª Avaliação Formativa, 21912411500000474,44,,,PORTO ALEGRE,2026_1av_form_HABILIDADES_DESEMPENHO_TURMA_04anos_LP.csv,23,22,96,34,50,41,9,EMEF GRANDE ORIENTE DO RGS,EMEF GRANDE ORIENTE DO RGS,95.65217391304348,FALSE,
2026,pos_inicio_programa,1,ESC_018,,EMEF HEITOR VILLA LOBOS,EMEF HEITOR VILLA LOBOS,jalize,4,Língua Portuguesa,1ª Avaliação Formativa, 21912411500000502,41,,,PORTO ALEGRE,2026_1av_form_HABILIDADES_DESEMPENHO_TURMA_04anos_LP.csv,28,28,100,42,41,33,26,EMEF HEITOR VILLA LOBOS,EMEF HEITOR VILLA LOBOS,100,FALSE,
2026,pos_inicio_programa,1,ESC_018,,EMEF HEITOR VILLA LOBOS,EMEF HEITOR VILLA LOBOS,jalize,4,Língua Portuguesa,1ª Avaliação Formativa, 21912411500000503,42,,,PORTO ALEGRE,2026_1av_form_HABILIDADES_DESEMPENHO_TURMA_04anos_LP.csv,30,29,97,51,39,21,39,EMEF HEITOR VILLA LOBOS,EMEF HEITOR VILLA LOBOS,96.66666666666667,FALSE,
2026,pos_inicio_programa,1,ESC_018,,EMEF HEITOR VILLA LOBOS,EMEF HEITOR VILLA LOBOS,jalize,4,Língua Portuguesa,1ª Avaliação Formativa, 21912411500000504,43,,,PORTO ALEGRE,2026_1av_form_HABILIDADES_DESEMPENHO_TURMA_04anos_LP.csv,23,22,96,49,35,30,35,EMEF HEITOR VILLA LOBOS,EMEF HEITOR VILLA LOBOS,95.65217391304348,FALSE,
2026,pos_inicio_programa,1,ESC_018,,EMEF HEITOR VILLA LOBOS,EMEF HEITOR VILLA LOBOS,jalize,4,Língua Portuguesa,1ª Avaliação Formativa, 21912411500000505,44,,,PORTO ALEGRE,2026_1av_form_HABILIDADES_DESEMPENHO_TURMA_04anos_LP.csv,22,18,82,45,43,21,36,EMEF HEITOR VILLA LOBOS,EMEF HEITOR VILLA LOBOS,81.81818181818181,FALSE,
2026,pos_inicio_programa,1,ESC_019,,EMEF JEAN PIAGET,EMEF JEAN PIAGET,clarissa,4,Língua Portuguesa,1ª Avaliação Formativa, 21912411500000531,41,,,PORTO ALEGRE,2026_1av_form_HABILIDADES_DESEMPENHO_TURMA_04anos_LP.csv,24,24,100,70,10,43,48,EMEF JEAN PIAGET,EMEF JEAN PIAGET,100,FALSE,
2026,pos_inicio_programa,1,ESC_019,,EMEF JEAN PIAGET,EMEF JEAN PIAGET,clarissa,4,Língua Portuguesa,1ª Avaliação Formativa, 21912411500000532,42,,,PORTO ALEGRE,2026_1av_form_HABILIDADES_DESEMPENHO_TURMA_04anos_LP.csv,23,17,74,67,31,0,69,EMEF JEAN PIAGET,EMEF JEAN PIAGET,73.91304347826087,FALSE,
2026,pos_inicio_programa,1,ESC_019,,EMEF JEAN PIAGET,EMEF JEAN PIAGET,clarissa,4,Língua Portuguesa,1ª Avaliação Formativa, 21912411500000533,43,,,PORTO ALEGRE,2026_1av_form_HABILIDADES_DESEMPENHO_TURMA_04anos_LP.csv,23,21,91,80,14,14,71,EMEF JEAN PIAGET,EMEF JEAN PIAGET,91.30434782608695,FALSE,
2026,pos_inicio_programa,1,ESC_020,,EMEF JOAO ANTONIO SATTE,EMEF JOAO ANTONIO SATTE,eliane,4,Língua Portuguesa,1ª Avaliação Formativa, 21912411500000557,41,,,PORTO ALEGRE,2026_1av_form_HABILIDADES_DESEMPENHO_TURMA_04anos_LP.csv,18,18,100,31,67,7,27,EMEF JOAO ANTONIO SATTE,EMEF JOAO ANTONIO SATTE,100,FALSE,
2026,pos_inicio_programa,1,ESC_020,,EMEF JOAO ANTONIO SATTE,EMEF JOAO ANTONIO SATTE,eliane,4,Língua Portuguesa,1ª Avaliação Formativa, 21912411500000558,42,,,PORTO ALEGRE,2026_1av_form_HABILIDADES_DESEMPENHO_TURMA_04anos_LP.csv,18,13,72,68,18,27,55,EMEF JOAO ANTONIO SATTE,EMEF JOAO ANTONIO SATTE,72.22222222222223,FALSE,
2026,pos_inicio_programa,1,ESC_020,,EMEF JOAO ANTONIO SATTE,EMEF JOAO ANTONIO SATTE,eliane,4,Língua Portuguesa,1ª Avaliação Formativa, 21912411500000559,43,,,PORTO ALEGRE,2026_1av_form_HABILIDADES_DESEMPENHO_TURMA_04anos_LP.csv,27,20,74,53,35,24,41,EMEF JOAO ANTONIO SATTE,EMEF JOAO ANTONIO SATTE,74.07407407407408,FALSE,
2026,pos_inicio_programa,1,ESC_020,,EMEF JOAO ANTONIO SATTE,EMEF JOAO ANTONIO SATTE,eliane,4,Língua Portuguesa,1ª Avaliação Formativa, 21912411500000560,44,,,PORTO ALEGRE,2026_1av_form_HABILIDADES_DESEMPENHO_TURMA_04anos_LP.csv,20,18,90,78,7,29,64,EMEF JOAO ANTONIO SATTE,EMEF JOAO ANTONIO SATTE,90,FALSE,
2026,pos_inicio_programa,1,ESC_021,,EMEF JOAO CARLOS DAVILA PAIXAO CORTES - LACADOR,EMEF JOAO CARLOS DAVILA PAIXAO CORTES - LACADOR,julia,4,Língua Portuguesa,1ª Avaliação Formativa, 21912411500000579,41,,,PORTO ALEGRE,2026_1av_form_HABILIDADES_DESEMPENHO_TURMA_04anos_LP.csv,24,24,100,78,9,23,68,EMEF JOAO CARLOS DAVILA PAIXAO CORTES - LACADOR,EMEF JOAO CARLOS DAVILA PAIXAO CORTES LACADOR,100,FALSE,
2026,pos_inicio_programa,1,ESC_022,,EMEF JOSE LOUREIRO DA SILVA,EMEF JOSE LOUREIRO DA SILVA,jalize,4,Língua Portuguesa,1ª Avaliação Formativa, 21912411500000593,41,,,PORTO ALEGRE,2026_1av_form_HABILIDADES_DESEMPENHO_TURMA_04anos_LP.csv,21,14,67,64,21,29,50,EMEF JOSE LOUREIRO DA SILVA,EMEF JOSE LOUREIRO DA SILVA,66.66666666666667,FALSE,
2026,pos_inicio_programa,1,ESC_022,,EMEF JOSE LOUREIRO DA SILVA,EMEF JOSE LOUREIRO DA SILVA,jalize,4,Língua Portuguesa,1ª Avaliação Formativa, 21912411500000594,42,,,PORTO ALEGRE,2026_1av_form_HABILIDADES_DESEMPENHO_TURMA_04anos_LP.csv,26,19,73,48,33,39,28,EMEF JOSE LOUREIRO DA SILVA,EMEF JOSE LOUREIRO DA SILVA,73.07692307692308,FALSE,
2026,pos_inicio_programa,1,ESC_022,,EMEF JOSE LOUREIRO DA SILVA,EMEF JOSE LOUREIRO DA SILVA,jalize,4,Língua Portuguesa,1ª Avaliação Formativa, 21912411500000595,43,,,PORTO ALEGRE,2026_1av_form_HABILIDADES_DESEMPENHO_TURMA_04anos_LP.csv,20,17,85,54,29,35,35,EMEF JOSE LOUREIRO DA SILVA,EMEF JOSE LOUREIRO DA SILVA,85,FALSE,
2026,pos_inicio_programa,1,ESC_022,,EMEF JOSE LOUREIRO DA SILVA,EMEF JOSE LOUREIRO DA SILVA,jalize,4,Língua Portuguesa,1ª Avaliação Formativa, 21912411500000596,44,,,PORTO ALEGRE,2026_1av_form_HABILIDADES_DESEMPENHO_TURMA_04anos_LP.csv,25,22,88,58,14,48,38,EMEF JOSE LOUREIRO DA SILVA,EMEF JOSE LOUREIRO DA SILVA,88,FALSE,
2026,pos_inicio_programa,1,ESC_023,,EMEF JOSE MARIANO BECK,EMEF JOSE MARIANO BECK,nathalia,4,Língua Portuguesa,1ª Avaliação Formativa, 21912411500000626,41,,,PORTO ALEGRE,2026_1av_form_HABILIDADES_DESEMPENHO_TURMA_04anos_LP.csv,23,22,96,46,50,10,40,EMEF JOSE MARIANO BECK,EMEF JOSE MARIANO BECK,95.65217391304348,FALSE,
2026,pos_inicio_programa,1,ESC_023,,EMEF JOSE MARIANO BECK,EMEF JOSE MARIANO BECK,nathalia,4,Língua Portuguesa,1ª Avaliação Formativa, 21912411500000627,42,,,PORTO ALEGRE,2026_1av_form_HABILIDADES_DESEMPENHO_TURMA_04anos_LP.csv,22,20,91,22,75,15,10,EMEF JOSE MARIANO BECK,EMEF JOSE MARIANO BECK,90.9090909090909,FALSE,
2026,pos_inicio_programa,1,ESC_023,,EMEF JOSE MARIANO BECK,EMEF JOSE MARIANO BECK,nathalia,4,Língua Portuguesa,1ª Avaliação Formativa, 21912411500000628,43,,,PORTO ALEGRE,2026_1av_form_HABILIDADES_DESEMPENHO_TURMA_04anos_LP.csv,23,20,87,16,68,32,0,EMEF JOSE MARIANO BECK,EMEF JOSE MARIANO BECK,86.95652173913044,FALSE,
2026,pos_inicio_programa,1,ESC_024,,EMEF LAURO RODRIGUES,EMEF LAURO RODRIGUES,clarissa,4,Língua Portuguesa,1ª Avaliação Formativa, 21912411500000656,41,,,PORTO ALEGRE,2026_1av_form_HABILIDADES_DESEMPENHO_TURMA_04anos_LP.csv,18,16,89,50,27,40,33,EMEF LAURO RODRIGUES,EMEF LAURO RODRIGUES,88.88888888888889,FALSE,
2026,pos_inicio_programa,1,ESC_024,,EMEF LAURO RODRIGUES,EMEF LAURO RODRIGUES,clarissa,4,Língua Portuguesa,1ª Avaliação Formativa, 21912411500000657,42,,,PORTO ALEGRE,2026_1av_form_HABILIDADES_DESEMPENHO_TURMA_04anos_LP.csv,23,20,87,70,21,26,53,EMEF LAURO RODRIGUES,EMEF LAURO RODRIGUES,86.95652173913044,FALSE,
2026,pos_inicio_programa,1,ESC_024,,EMEF LAURO RODRIGUES,EMEF LAURO RODRIGUES,clarissa,4,Língua Portuguesa,1ª Avaliação Formativa, 21912411500000658,43,,,PORTO ALEGRE,2026_1av_form_HABILIDADES_DESEMPENHO_TURMA_04anos_LP.csv,12,9,75,15,78,22,0,EMEF LAURO RODRIGUES,EMEF LAURO RODRIGUES,75,FALSE,
2026,pos_inicio_programa,1,ESC_024,,EMEF LAURO RODRIGUES,EMEF LAURO RODRIGUES,clarissa,4,Língua Portuguesa,1ª Avaliação Formativa, 21912411500000659,44,,,PORTO ALEGRE,2026_1av_form_HABILIDADES_DESEMPENHO_TURMA_04anos_LP.csv,16,13,81,70,17,25,58,EMEF LAURO RODRIGUES,EMEF LAURO RODRIGUES,81.25,FALSE,
2026,pos_inicio_programa,1,ESC_025,,EMEF LEOCADIA FELIZARDO PRESTES,EMEF LEOCADIA FELIZARDO PRESTES,graziela,4,Língua Portuguesa,1ª Avaliação Formativa, 21912411500000678,41,,,PORTO ALEGRE,2026_1av_form_HABILIDADES_DESEMPENHO_TURMA_04anos_LP.csv,27,22,81,64,14,33,52,EMEF LEOCADIA FELIZARDO PRESTES,EMEF LEOCADIA FELIZARDO PRESTES,81.48148148148148,FALSE,
2026,pos_inicio_programa,1,ESC_025,,EMEF LEOCADIA FELIZARDO PRESTES,EMEF LEOCADIA FELIZARDO PRESTES,graziela,4,Língua Portuguesa,1ª Avaliação Formativa, 21912411500000679,42,,,PORTO ALEGRE,2026_1av_form_HABILIDADES_DESEMPENHO_TURMA_04anos_LP.csv,26,23,88,66,17,26,57,EMEF LEOCADIA FELIZARDO PRESTES,EMEF LEOCADIA FELIZARDO PRESTES,88.46153846153847,FALSE,
2026,pos_inicio_programa,1,ESC_026,,EMEF LIDOVINO FANTON,EMEF LIDOVINO FANTON,julia,4,Língua Portuguesa,1ª Avaliação Formativa, 21912411500000702,41,,,PORTO ALEGRE,2026_1av_form_HABILIDADES_DESEMPENHO_TURMA_04anos_LP.csv,27,23,85,40,52,19,29,EMEF LIDOVINO FANTON,EMEF LIDOVINO FANTON,85.18518518518519,FALSE,
2026,pos_inicio_programa,1,ESC_026,,EMEF LIDOVINO FANTON,EMEF LIDOVINO FANTON,julia,4,Língua Portuguesa,1ª Avaliação Formativa, 21912411500000703,42,,,PORTO ALEGRE,2026_1av_form_HABILIDADES_DESEMPENHO_TURMA_04anos_LP.csv,17,13,76,33,45,45,9,EMEF LIDOVINO FANTON,EMEF LIDOVINO FANTON,76.47058823529412,FALSE,
2026,pos_inicio_programa,1,ESC_026,,EMEF LIDOVINO FANTON,EMEF LIDOVINO FANTON,julia,4,Língua Portuguesa,1ª Avaliação Formativa, 21912411500000704,43,,,PORTO ALEGRE,2026_1av_form_HABILIDADES_DESEMPENHO_TURMA_04anos_LP.csv,21,19,90,20,78,11,11,EMEF LIDOVINO FANTON,EMEF LIDOVINO FANTON,90.47619047619048,FALSE,
2026,pos_inicio_programa,1,ESC_026,,EMEF LIDOVINO FANTON,EMEF LIDOVINO FANTON,julia,4,Língua Portuguesa,1ª Avaliação Formativa, 21912411500000705,44,,,PORTO ALEGRE,2026_1av_form_HABILIDADES_DESEMPENHO_TURMA_04anos_LP.csv,19,18,95,26,72,11,17,EMEF LIDOVINO FANTON,EMEF LIDOVINO FANTON,94.73684210526316,FALSE,
2026,pos_inicio_programa,1,ESC_026,,EMEF LIDOVINO FANTON,EMEF LIDOVINO FANTON,julia,4,Língua Portuguesa,1ª Avaliação Formativa, 21912411500000706,45,,,PORTO ALEGRE,2026_1av_form_HABILIDADES_DESEMPENHO_TURMA_04anos_LP.csv,27,23,85,19,67,24,10,EMEF LIDOVINO FANTON,EMEF LIDOVINO FANTON,85.18518518518519,FALSE,
2026,pos_inicio_programa,1,ESC_027,,EMEF MARIO QUINTANA,EMEF MARIO QUINTANA,ruti,4,Língua Portuguesa,1ª Avaliação Formativa, 21912411500000731,41,,,PORTO ALEGRE,2026_1av_form_HABILIDADES_DESEMPENHO_TURMA_04anos_LP.csv,25,24,96,47,42,25,33,EMEF MARIO QUINTANA,EMEF MARIO QUINTANA,96,FALSE,
2026,pos_inicio_programa,1,ESC_027,,EMEF MARIO QUINTANA,EMEF MARIO QUINTANA,ruti,4,Língua Portuguesa,1ª Avaliação Formativa, 21912411500000732,42,,,PORTO ALEGRE,2026_1av_form_HABILIDADES_DESEMPENHO_TURMA_04anos_LP.csv,21,16,76,42,47,20,33,EMEF MARIO QUINTANA,EMEF MARIO QUINTANA,76.19047619047619,FALSE,
2026,pos_inicio_programa,1,ESC_028,,EMEF MIGRANTES,EMEF MIGRANTES,nathalia,4,Língua Portuguesa,1ª Avaliação Formativa, 21912411500000747,41,,,PORTO ALEGRE,2026_1av_form_HABILIDADES_DESEMPENHO_TURMA_04anos_LP.csv,19,16,84,51,23,46,31,EMEF MIGRANTES,EMEF MIGRANTES,84.21052631578948,FALSE,
2026,pos_inicio_programa,1,ESC_029,,EMEF MORADAS DA HIPICA,EMEF MORADAS DA HIPICA,amanda,4,Língua Portuguesa,1ª Avaliação Formativa, 21912411500000765,41,,,PORTO ALEGRE,2026_1av_form_HABILIDADES_DESEMPENHO_TURMA_04anos_LP.csv,26,24,92,73,8,29,63,EMEF MORADAS DA HIPICA,EMEF MORADAS DA HIPICA,92.3076923076923,FALSE,
2026,pos_inicio_programa,1,ESC_029,,EMEF MORADAS DA HIPICA,EMEF MORADAS DA HIPICA,amanda,4,Língua Portuguesa,1ª Avaliação Formativa, 21912411500000766,43,,,PORTO ALEGRE,2026_1av_form_HABILIDADES_DESEMPENHO_TURMA_04anos_LP.csv,24,22,92,78,10,24,67,EMEF MORADAS DA HIPICA,EMEF MORADAS DA HIPICA,91.66666666666667,FALSE,
2026,pos_inicio_programa,1,ESC_029,,EMEF MORADAS DA HIPICA,EMEF MORADAS DA HIPICA,amanda,4,Língua Portuguesa,1ª Avaliação Formativa, 21912411500000767,44,,,PORTO ALEGRE,2026_1av_form_HABILIDADES_DESEMPENHO_TURMA_04anos_LP.csv,27,26,96,76,16,16,68,EMEF MORADAS DA HIPICA,EMEF MORADAS DA HIPICA,96.29629629629629,FALSE,
2026,pos_inicio_programa,1,ESC_030,,EMEF MORRO DA CRUZ,EMEF MORRO DA CRUZ,andreia,4,Língua Portuguesa,1ª Avaliação Formativa, 21912411500000800,41,,,PORTO ALEGRE,2026_1av_form_HABILIDADES_DESEMPENHO_TURMA_04anos_LP.csv,25,19,76,27,74,5,21,EMEF MORRO DA CRUZ,EMEF MORRO DA CRUZ,76,FALSE,
2026,pos_inicio_programa,1,ESC_030,,EMEF MORRO DA CRUZ,EMEF MORRO DA CRUZ,andreia,4,Língua Portuguesa,1ª Avaliação Formativa, 21912411500000801,42,,,PORTO ALEGRE,2026_1av_form_HABILIDADES_DESEMPENHO_TURMA_04anos_LP.csv,27,21,78,29,67,10,24,EMEF MORRO DA CRUZ,EMEF MORRO DA CRUZ,77.77777777777777,FALSE,
2026,pos_inicio_programa,1,ESC_030,,EMEF MORRO DA CRUZ,EMEF MORRO DA CRUZ,andreia,4,Língua Portuguesa,1ª Avaliação Formativa, 21912411500000802,43,,,PORTO ALEGRE,2026_1av_form_HABILIDADES_DESEMPENHO_TURMA_04anos_LP.csv,21,16,76,32,69,6,25,EMEF MORRO DA CRUZ,EMEF MORRO DA CRUZ,76.19047619047619,FALSE,
2026,pos_inicio_programa,1,ESC_030,,EMEF MORRO DA CRUZ,EMEF MORRO DA CRUZ,andreia,4,Língua Portuguesa,1ª Avaliação Formativa, 21912411500000803,44,,,PORTO ALEGRE,2026_1av_form_HABILIDADES_DESEMPENHO_TURMA_04anos_LP.csv,25,21,84,43,52,10,38,EMEF MORRO DA CRUZ,EMEF MORRO DA CRUZ,84,FALSE,
2026,pos_inicio_programa,1,ESC_031,,EMEF NEUSA GOULART BRIZOLA,EMEF NEUSA GOULART BRIZOLA,julia,4,Língua Portuguesa,1ª Avaliação Formativa, 21912411500000827,41,,,PORTO ALEGRE,2026_1av_form_HABILIDADES_DESEMPENHO_TURMA_04anos_LP.csv,20,18,90,69,17,28,56,EMEF NEUSA GOULART BRIZOLA,EMEF NEUSA GOULART BRIZOLA,90,FALSE,
2026,pos_inicio_programa,1,ESC_031,,EMEF NEUSA GOULART BRIZOLA,EMEF NEUSA GOULART BRIZOLA,julia,4,Língua Portuguesa,1ª Avaliação Formativa, 21912411500000828,42,,,PORTO ALEGRE,2026_1av_form_HABILIDADES_DESEMPENHO_TURMA_04anos_LP.csv,22,20,91,54,33,28,39,EMEF NEUSA GOULART BRIZOLA,EMEF NEUSA GOULART BRIZOLA,90.9090909090909,FALSE,
2026,pos_inicio_programa,1,ESC_032,,EMEF NOSSA SENHORA DE FATIMA,EMEF NOSSA SENHORA DE FATIMA,amanda,4,Língua Portuguesa,1ª Avaliação Formativa, 21912411500000848,41,,,PORTO ALEGRE,2026_1av_form_HABILIDADES_DESEMPENHO_TURMA_04anos_LP.csv,26,20,77,41,47,21,32,EMEF NOSSA SENHORA DE FATIMA,EMEF NOSSA SENHORA DE FATIMA,76.92307692307692,FALSE,
2026,pos_inicio_programa,1,ESC_032,,EMEF NOSSA SENHORA DE FATIMA,EMEF NOSSA SENHORA DE FATIMA,amanda,4,Língua Portuguesa,1ª Avaliação Formativa, 21912411500000849,42,,,PORTO ALEGRE,2026_1av_form_HABILIDADES_DESEMPENHO_TURMA_04anos_LP.csv,21,18,86,54,28,33,39,EMEF NOSSA SENHORA DE FATIMA,EMEF NOSSA SENHORA DE FATIMA,85.71428571428571,FALSE,
2026,pos_inicio_programa,1,ESC_032,,EMEF NOSSA SENHORA DE FATIMA,EMEF NOSSA SENHORA DE FATIMA,amanda,4,Língua Portuguesa,1ª Avaliação Formativa, 21912411500000850,43,,,PORTO ALEGRE,2026_1av_form_HABILIDADES_DESEMPENHO_TURMA_04anos_LP.csv,23,21,91,27,60,30,10,EMEF NOSSA SENHORA DE FATIMA,EMEF NOSSA SENHORA DE FATIMA,91.30434782608695,FALSE,
2026,pos_inicio_programa,1,ESC_033,,EMEF NOSSA SENHORA DO CARMO,EMEF NOSSA SENHORA DO CARMO,amanda,4,Língua Portuguesa,1ª Avaliação Formativa, 21912411500000872,41,,,PORTO ALEGRE,2026_1av_form_HABILIDADES_DESEMPENHO_TURMA_04anos_LP.csv,26,22,85,49,30,30,40,EMEF NOSSA SENHORA DO CARMO,EMEF NOSSA SENHORA DO CARMO,84.61538461538461,FALSE,
2026,pos_inicio_programa,1,ESC_033,,EMEF NOSSA SENHORA DO CARMO,EMEF NOSSA SENHORA DO CARMO,amanda,4,Língua Portuguesa,1ª Avaliação Formativa, 21912411500000873,42,,,PORTO ALEGRE,2026_1av_form_HABILIDADES_DESEMPENHO_TURMA_04anos_LP.csv,23,21,91,64,20,30,50,EMEF NOSSA SENHORA DO CARMO,EMEF NOSSA SENHORA DO CARMO,91.30434782608695,FALSE,
2026,pos_inicio_programa,1,ESC_033,,EMEF NOSSA SENHORA DO CARMO,EMEF NOSSA SENHORA DO CARMO,amanda,4,Língua Portuguesa,1ª Avaliação Formativa, 21912411500000874,43,,,PORTO ALEGRE,2026_1av_form_HABILIDADES_DESEMPENHO_TURMA_04anos_LP.csv,26,24,92,52,25,40,35,EMEF NOSSA SENHORA DO CARMO,EMEF NOSSA SENHORA DO CARMO,92.3076923076923,FALSE,
2026,pos_inicio_programa,1,ESC_033,,EMEF NOSSA SENHORA DO CARMO,EMEF NOSSA SENHORA DO CARMO,amanda,4,Língua Portuguesa,1ª Avaliação Formativa, 21912411500000875,44,,,PORTO ALEGRE,2026_1av_form_HABILIDADES_DESEMPENHO_TURMA_04anos_LP.csv,28,26,93,42,54,21,25,EMEF NOSSA SENHORA DO CARMO,EMEF NOSSA SENHORA DO CARMO,92.85714285714286,FALSE,
2026,pos_inicio_programa,1,ESC_034,,EMEF PEPITA DE LEAO,EMEF PEPITA DE LEAO,nathalia,4,Língua Portuguesa,1ª Avaliação Formativa, 21912411500000899,41,,,PORTO ALEGRE,2026_1av_form_HABILIDADES_DESEMPENHO_TURMA_04anos_LP.csv,24,21,88,45,42,21,37,EMEF PEPITA DE LEAO,EMEF PEPITA DE LEAO,87.5,FALSE,
2026,pos_inicio_programa,1,ESC_034,,EMEF PEPITA DE LEAO,EMEF PEPITA DE LEAO,nathalia,4,Língua Portuguesa,1ª Avaliação Formativa, 21912411500000900,42,,,PORTO ALEGRE,2026_1av_form_HABILIDADES_DESEMPENHO_TURMA_04anos_LP.csv,21,18,86,50,24,41,35,EMEF PEPITA DE LEAO,EMEF PEPITA DE LEAO,85.71428571428571,FALSE,
2026,pos_inicio_programa,1,ESC_034,,EMEF PEPITA DE LEAO,EMEF PEPITA DE LEAO,nathalia,4,Língua Portuguesa,1ª Avaliação Formativa, 21912411500000901,43,,,PORTO ALEGRE,2026_1av_form_HABILIDADES_DESEMPENHO_TURMA_04anos_LP.csv,18,16,89,56,25,42,33,EMEF PEPITA DE LEAO,EMEF PEPITA DE LEAO,88.88888888888889,FALSE,
2026,pos_inicio_programa,1,ESC_035,,EMEF PORTO NOVO,EMEF PORTO NOVO,marian,4,Língua Portuguesa,1ª Avaliação Formativa, 21912411500000918,41,,,PORTO ALEGRE,2026_1av_form_HABILIDADES_DESEMPENHO_TURMA_04anos_LP.csv,22,21,95,43,44,33,22,EMEF PORTO NOVO,EMEF PORTO NOVO,95.45454545454545,FALSE,
2026,pos_inicio_programa,1,ESC_035,,EMEF PORTO NOVO,EMEF PORTO NOVO,marian,4,Língua Portuguesa,1ª Avaliação Formativa, 21912411500000919,42,,,PORTO ALEGRE,2026_1av_form_HABILIDADES_DESEMPENHO_TURMA_04anos_LP.csv,23,21,91,62,15,35,50,EMEF PORTO NOVO,EMEF PORTO NOVO,91.30434782608695,FALSE,
2026,pos_inicio_programa,1,ESC_036,,EMEF PRES JOAO BELCHIOR MARQUES GOULART,EMEF PRES JOAO BELCHIOR MARQUES GOULART,marian,4,Língua Portuguesa,1ª Avaliação Formativa, 21912411500000941,41,,,PORTO ALEGRE,2026_1av_form_HABILIDADES_DESEMPENHO_TURMA_04anos_LP.csv,22,19,86,69,21,26,53,EMEF PRES JOAO BELCHIOR MARQUES GOULART,EMEF PRES JOAO BELCHIOR MARQUES GOULART,86.36363636363636,FALSE,
2026,pos_inicio_programa,1,ESC_036,,EMEF PRES JOAO BELCHIOR MARQUES GOULART,EMEF PRES JOAO BELCHIOR MARQUES GOULART,marian,4,Língua Portuguesa,1ª Avaliação Formativa, 21912411500000942,42,,,PORTO ALEGRE,2026_1av_form_HABILIDADES_DESEMPENHO_TURMA_04anos_LP.csv,11,10,91,59,20,40,40,EMEF PRES JOAO BELCHIOR MARQUES GOULART,EMEF PRES JOAO BELCHIOR MARQUES GOULART,90.9090909090909,FALSE,
2026,pos_inicio_programa,1,ESC_036,,EMEF PRES JOAO BELCHIOR MARQUES GOULART,EMEF PRES JOAO BELCHIOR MARQUES GOULART,marian,4,Língua Portuguesa,1ª Avaliação Formativa, 21912411500000943,43,,,PORTO ALEGRE,2026_1av_form_HABILIDADES_DESEMPENHO_TURMA_04anos_LP.csv,20,19,95,57,25,44,31,EMEF PRES JOAO BELCHIOR MARQUES GOULART,EMEF PRES JOAO BELCHIOR MARQUES GOULART,95,FALSE,
2026,pos_inicio_programa,1,ESC_037,,EMEF PRESIDENTE VARGAS,EMEF PRESIDENTE VARGAS,eliane,4,Língua Portuguesa,1ª Avaliação Formativa, 21912411500000960,41,,,PORTO ALEGRE,2026_1av_form_HABILIDADES_DESEMPENHO_TURMA_04anos_LP.csv,23,20,87,49,42,16,42,EMEF PRESIDENTE VARGAS,EMEF PRESIDENTE VARGAS,86.95652173913044,FALSE,
2026,pos_inicio_programa,1,ESC_037,,EMEF PRESIDENTE VARGAS,EMEF PRESIDENTE VARGAS,eliane,4,Língua Portuguesa,1ª Avaliação Formativa, 21912411500000961,42,,,PORTO ALEGRE,2026_1av_form_HABILIDADES_DESEMPENHO_TURMA_04anos_LP.csv,24,23,96,54,40,15,45,EMEF PRESIDENTE VARGAS,EMEF PRESIDENTE VARGAS,95.83333333333333,FALSE,
2026,pos_inicio_programa,1,ESC_038,,EMEF PROF ANA IRIS DO AMARAL,EMEF PROF ANA IRIS DO AMARAL,eliane,4,Língua Portuguesa,1ª Avaliação Formativa, 21912411500000979,41,,,PORTO ALEGRE,2026_1av_form_HABILIDADES_DESEMPENHO_TURMA_04anos_LP.csv,23,22,96,62,23,41,36,EMEF PROF ANA IRIS DO AMARAL,EMEF PROF ANA IRIS DO AMARAL,95.65217391304348,FALSE,
2026,pos_inicio_programa,1,ESC_038,,EMEF PROF ANA IRIS DO AMARAL,EMEF PROF ANA IRIS DO AMARAL,eliane,4,Língua Portuguesa,1ª Avaliação Formativa, 21912411500000980,42,,,PORTO ALEGRE,2026_1av_form_HABILIDADES_DESEMPENHO_TURMA_04anos_LP.csv,23,23,100,76,9,27,64,EMEF PROF ANA IRIS DO AMARAL,EMEF PROF ANA IRIS DO AMARAL,100,FALSE,
2026,pos_inicio_programa,1,ESC_039,,EMEF PROF ANISIO TEIXEIRA,EMEF PROF ANISIO TEIXEIRA,andreia,4,Língua Portuguesa,1ª Avaliação Formativa, 21912411500001002,41,,,PORTO ALEGRE,2026_1av_form_HABILIDADES_DESEMPENHO_TURMA_04anos_LP.csv,24,21,88,84,14,0,86,EMEF PROF ANISIO TEIXEIRA,EMEF PROF ANISIO TEIXEIRA,87.5,FALSE,
2026,pos_inicio_programa,1,ESC_039,,EMEF PROF ANISIO TEIXEIRA,EMEF PROF ANISIO TEIXEIRA,andreia,4,Língua Portuguesa,1ª Avaliação Formativa, 21912411500001003,42,,,PORTO ALEGRE,2026_1av_form_HABILIDADES_DESEMPENHO_TURMA_04anos_LP.csv,24,18,75,65,23,23,54,EMEF PROF ANISIO TEIXEIRA,EMEF PROF ANISIO TEIXEIRA,75,FALSE,
2026,pos_inicio_programa,1,ESC_039,,EMEF PROF ANISIO TEIXEIRA,EMEF PROF ANISIO TEIXEIRA,andreia,4,Língua Portuguesa,1ª Avaliação Formativa, 21912411500001004,43,,,PORTO ALEGRE,2026_1av_form_HABILIDADES_DESEMPENHO_TURMA_04anos_LP.csv,24,23,96,72,19,10,71,EMEF PROF ANISIO TEIXEIRA,EMEF PROF ANISIO TEIXEIRA,95.83333333333333,FALSE,
2026,pos_inicio_programa,1,ESC_039,,EMEF PROF ANISIO TEIXEIRA,EMEF PROF ANISIO TEIXEIRA,andreia,4,Língua Portuguesa,1ª Avaliação Formativa, 21912411500001005,44,,,PORTO ALEGRE,2026_1av_form_HABILIDADES_DESEMPENHO_TURMA_04anos_LP.csv,25,24,96,67,23,18,59,EMEF PROF ANISIO TEIXEIRA,EMEF PROF ANISIO TEIXEIRA,96,FALSE,
2026,pos_inicio_programa,1,ESC_040,,EMEF PROF GILBERTO JORGE GONCALVES DA SILVA,EMEF PROF GILBERTO JORGE GONCALVES DA SILVA,ruti,4,Língua Portuguesa,1ª Avaliação Formativa, 21912411500001029,41,,,PORTO ALEGRE,2026_1av_form_HABILIDADES_DESEMPENHO_TURMA_04anos_LP.csv,21,21,100,68,11,32,58,EMEF PROF GILBERTO JORGE GONCALVES DA SILVA,EMEF PROF GILBERTO JORGE GONCALVES DA SILVA,100,FALSE,
2026,pos_inicio_programa,1,ESC_041,,EMEF PROF JUDITH MACEDO DE ARAUJO,EMEF PROF JUDITH MACEDO DE ARAUJO,graziela,4,Língua Portuguesa,1ª Avaliação Formativa, 21912411500001045,41,,,PORTO ALEGRE,2026_1av_form_HABILIDADES_DESEMPENHO_TURMA_04anos_LP.csv,29,28,97,65,26,19,56,EMEF PROF JUDITH MACEDO DE ARAUJO,EMEF PROF JUDITH MACEDO DE ARAUJO,96.55172413793103,FALSE,
2026,pos_inicio_programa,1,ESC_041,,EMEF PROF JUDITH MACEDO DE ARAUJO,EMEF PROF JUDITH MACEDO DE ARAUJO,graziela,4,Língua Portuguesa,1ª Avaliação Formativa, 21912411500001046,42,,,PORTO ALEGRE,2026_1av_form_HABILIDADES_DESEMPENHO_TURMA_04anos_LP.csv,21,20,95,55,35,25,40,EMEF PROF JUDITH MACEDO DE ARAUJO,EMEF PROF JUDITH MACEDO DE ARAUJO,95.23809523809524,FALSE,
2026,pos_inicio_programa,1,ESC_041,,EMEF PROF JUDITH MACEDO DE ARAUJO,EMEF PROF JUDITH MACEDO DE ARAUJO,graziela,4,Língua Portuguesa,1ª Avaliação Formativa, 21912411500001047,43,,,PORTO ALEGRE,2026_1av_form_HABILIDADES_DESEMPENHO_TURMA_04anos_LP.csv,26,25,96,59,25,29,46,EMEF PROF JUDITH MACEDO DE ARAUJO,EMEF PROF JUDITH MACEDO DE ARAUJO,96.15384615384616,FALSE,
2026,pos_inicio_programa,1,ESC_042,,EMEF PROF LARRY JOSE RIBEIRO ALVES,EMEF PROF LARRY JOSE RIBEIRO ALVES,amanda,4,Língua Portuguesa,1ª Avaliação Formativa, 21912411500001074,41,,,PORTO ALEGRE,2026_1av_form_HABILIDADES_DESEMPENHO_TURMA_04anos_LP.csv,28,26,93,47,31,42,27,EMEF PROF LARRY JOSE RIBEIRO ALVES,EMEF PROF LARRY JOSE RIBEIRO ALVES,92.85714285714286,FALSE,
2026,pos_inicio_programa,1,ESC_042,,EMEF PROF LARRY JOSE RIBEIRO ALVES,EMEF PROF LARRY JOSE RIBEIRO ALVES,amanda,4,Língua Portuguesa,1ª Avaliação Formativa, 21912411500001075,42,,,PORTO ALEGRE,2026_1av_form_HABILIDADES_DESEMPENHO_TURMA_04anos_LP.csv,26,21,81,83,10,19,71,EMEF PROF LARRY JOSE RIBEIRO ALVES,EMEF PROF LARRY JOSE RIBEIRO ALVES,80.76923076923077,FALSE,
2026,pos_inicio_programa,1,ESC_042,,EMEF PROF LARRY JOSE RIBEIRO ALVES,EMEF PROF LARRY JOSE RIBEIRO ALVES,amanda,4,Língua Portuguesa,1ª Avaliação Formativa, 21912411500001076,43,,,PORTO ALEGRE,2026_1av_form_HABILIDADES_DESEMPENHO_TURMA_04anos_LP.csv,22,18,82,70,6,33,61,EMEF PROF LARRY JOSE RIBEIRO ALVES,EMEF PROF LARRY JOSE RIBEIRO ALVES,81.81818181818181,FALSE,
2026,pos_inicio_programa,1,ESC_042,,EMEF PROF LARRY JOSE RIBEIRO ALVES,EMEF PROF LARRY JOSE RIBEIRO ALVES,amanda,4,Língua Portuguesa,1ª Avaliação Formativa, 21912411500001077,44,,,PORTO ALEGRE,2026_1av_form_HABILIDADES_DESEMPENHO_TURMA_04anos_LP.csv,25,24,96,50,32,36,32,EMEF PROF LARRY JOSE RIBEIRO ALVES,EMEF PROF LARRY JOSE RIBEIRO ALVES,96,FALSE,
2026,pos_inicio_programa,1,ESC_043,,EMEF RINCAO,EMEF RINCAO,jalize,4,Língua Portuguesa,1ª Avaliação Formativa, 21912411500001099,41,,,PORTO ALEGRE,2026_1av_form_HABILIDADES_DESEMPENHO_TURMA_04anos_LP.csv,25,23,92,77,10,19,71,EMEF RINCAO,EMEF RINCAO,92,FALSE,
2026,pos_inicio_programa,1,ESC_043,,EMEF RINCAO,EMEF RINCAO,jalize,4,Língua Portuguesa,1ª Avaliação Formativa, 21912411500001100,42,,,PORTO ALEGRE,2026_1av_form_HABILIDADES_DESEMPENHO_TURMA_04anos_LP.csv,24,19,79,45,24,59,18,EMEF RINCAO,EMEF RINCAO,79.16666666666667,FALSE,
2026,pos_inicio_programa,1,ESC_044,,EMEF SAINT HILAIRE,EMEF SAINT HILAIRE,andreia,4,Língua Portuguesa,1ª Avaliação Formativa, 21912411500001122,41,,,PORTO ALEGRE,2026_1av_form_HABILIDADES_DESEMPENHO_TURMA_04anos_LP.csv,24,20,83,77,10,20,70,EMEF SAINT HILAIRE,EMEF SAINT HILAIRE,83.33333333333333,FALSE,
2026,pos_inicio_programa,1,ESC_044,,EMEF SAINT HILAIRE,EMEF SAINT HILAIRE,andreia,4,Língua Portuguesa,1ª Avaliação Formativa, 21912411500001123,42,,,PORTO ALEGRE,2026_1av_form_HABILIDADES_DESEMPENHO_TURMA_04anos_LP.csv,23,17,74,39,38,38,25,EMEF SAINT HILAIRE,EMEF SAINT HILAIRE,73.91304347826087,FALSE,
2026,pos_inicio_programa,1,ESC_044,,EMEF SAINT HILAIRE,EMEF SAINT HILAIRE,andreia,4,Língua Portuguesa,1ª Avaliação Formativa, 21912411500001124,43,,,PORTO ALEGRE,2026_1av_form_HABILIDADES_DESEMPENHO_TURMA_04anos_LP.csv,26,22,85,43,43,29,29,EMEF SAINT HILAIRE,EMEF SAINT HILAIRE,84.61538461538461,FALSE,
2026,pos_inicio_programa,1,ESC_044,,EMEF SAINT HILAIRE,EMEF SAINT HILAIRE,andreia,4,Língua Portuguesa,1ª Avaliação Formativa, 21912411500001125,44,,,PORTO ALEGRE,2026_1av_form_HABILIDADES_DESEMPENHO_TURMA_04anos_LP.csv,25,23,92,55,36,14,50,EMEF SAINT HILAIRE,EMEF SAINT HILAIRE,92,FALSE,
2026,pos_inicio_programa,1,ESC_045,,EMEF SAO PEDRO,EMEF SAO PEDRO,marian,4,Língua Portuguesa,1ª Avaliação Formativa, 21912411500001157,41,,,PORTO ALEGRE,2026_1av_form_HABILIDADES_DESEMPENHO_TURMA_04anos_LP.csv,27,24,89,66,25,21,54,EMEF SAO PEDRO,EMEF SAO PEDRO,88.88888888888889,FALSE,
2026,pos_inicio_programa,1,ESC_045,,EMEF SAO PEDRO,EMEF SAO PEDRO,marian,4,Língua Portuguesa,1ª Avaliação Formativa, 21912411500001158,42,,,PORTO ALEGRE,2026_1av_form_HABILIDADES_DESEMPENHO_TURMA_04anos_LP.csv,26,24,92,47,42,25,33,EMEF SAO PEDRO,EMEF SAO PEDRO,92.3076923076923,FALSE,
2026,pos_inicio_programa,1,ESC_045,,EMEF SAO PEDRO,EMEF SAO PEDRO,marian,4,Língua Portuguesa,1ª Avaliação Formativa, 21912411500001159,43,,,PORTO ALEGRE,2026_1av_form_HABILIDADES_DESEMPENHO_TURMA_04anos_LP.csv,28,27,96,64,19,30,52,EMEF SAO PEDRO,EMEF SAO PEDRO,96.42857142857143,FALSE,
2026,pos_inicio_programa,1,ESC_045,,EMEF SAO PEDRO,EMEF SAO PEDRO,marian,4,Língua Portuguesa,1ª Avaliação Formativa, 21912411500001160,44,,,PORTO ALEGRE,2026_1av_form_HABILIDADES_DESEMPENHO_TURMA_04anos_LP.csv,28,22,79,45,41,36,23,EMEF SAO PEDRO,EMEF SAO PEDRO,78.57142857142857,FALSE,
2026,pos_inicio_programa,1,ESC_046,,EMEF SEN ALBERTO PASQUALINI,EMEF SEN ALBERTO PASQUALINI,julia,4,Língua Portuguesa,1ª Avaliação Formativa, 21912411500001193,41,,,PORTO ALEGRE,2026_1av_form_HABILIDADES_DESEMPENHO_TURMA_04anos_LP.csv,27,22,81,50,40,20,40,EMEF SEN ALBERTO PASQUALINI,EMEF SEN ALBERTO PASQUALINI,81.48148148148148,FALSE,
2026,pos_inicio_programa,1,ESC_046,,EMEF SEN ALBERTO PASQUALINI,EMEF SEN ALBERTO PASQUALINI,julia,4,Língua Portuguesa,1ª Avaliação Formativa, 21912411500001194,42,,,PORTO ALEGRE,2026_1av_form_HABILIDADES_DESEMPENHO_TURMA_04anos_LP.csv,22,21,95,38,44,39,17,EMEF SEN ALBERTO PASQUALINI,EMEF SEN ALBERTO PASQUALINI,95.45454545454545,FALSE,
2026,pos_inicio_programa,1,ESC_046,,EMEF SEN ALBERTO PASQUALINI,EMEF SEN ALBERTO PASQUALINI,julia,4,Língua Portuguesa,1ª Avaliação Formativa, 21912411500001195,43,,,PORTO ALEGRE,2026_1av_form_HABILIDADES_DESEMPENHO_TURMA_04anos_LP.csv,24,19,79,57,37,11,53,EMEF SEN ALBERTO PASQUALINI,EMEF SEN ALBERTO PASQUALINI,79.16666666666667,FALSE,
2026,pos_inicio_programa,1,ESC_046,,EMEF SEN ALBERTO PASQUALINI,EMEF SEN ALBERTO PASQUALINI,julia,4,Língua Portuguesa,1ª Avaliação Formativa, 21912411500001196,44,,,PORTO ALEGRE,2026_1av_form_HABILIDADES_DESEMPENHO_TURMA_04anos_LP.csv,24,20,83,55,37,21,42,EMEF SEN ALBERTO PASQUALINI,EMEF SEN ALBERTO PASQUALINI,83.33333333333333,FALSE,
2026,pos_inicio_programa,1,ESC_046,,EMEF SEN ALBERTO PASQUALINI,EMEF SEN ALBERTO PASQUALINI,julia,4,Língua Portuguesa,1ª Avaliação Formativa, 21912411500001197,45,,,PORTO ALEGRE,2026_1av_form_HABILIDADES_DESEMPENHO_TURMA_04anos_LP.csv,28,21,75,33,50,30,20,EMEF SEN ALBERTO PASQUALINI,EMEF SEN ALBERTO PASQUALINI,75,FALSE,
2026,pos_inicio_programa,1,ESC_047,,EMEF TIMBAUVA,EMEF TIMBAUVA,nathalia,4,Língua Portuguesa,1ª Avaliação Formativa, 21912411500001226,41,,,PORTO ALEGRE,2026_1av_form_HABILIDADES_DESEMPENHO_TURMA_04anos_LP.csv,25,24,96,55,30,26,43,EMEF TIMBAUVA,EMEF TIMBAUVA,96,FALSE,
2026,pos_inicio_programa,1,ESC_047,,EMEF TIMBAUVA,EMEF TIMBAUVA,nathalia,4,Língua Portuguesa,1ª Avaliação Formativa, 21912411500001227,42,,,PORTO ALEGRE,2026_1av_form_HABILIDADES_DESEMPENHO_TURMA_04anos_LP.csv,22,22,100,54,23,45,32,EMEF TIMBAUVA,EMEF TIMBAUVA,100,FALSE,
2026,pos_inicio_programa,1,ESC_047,,EMEF TIMBAUVA,EMEF TIMBAUVA,nathalia,4,Língua Portuguesa,1ª Avaliação Formativa, 21912411500001228,43,,,PORTO ALEGRE,2026_1av_form_HABILIDADES_DESEMPENHO_TURMA_04anos_LP.csv,21,21,100,48,37,32,32,EMEF TIMBAUVA,EMEF TIMBAUVA,100,FALSE,
2026,pos_inicio_programa,1,ESC_048,,EMEF VER ANTONIO GIUDICE,EMEF VER ANTONIO GIUDICE,clarissa,4,Língua Portuguesa,1ª Avaliação Formativa, 21912411500001255,41,,,PORTO ALEGRE,2026_1av_form_HABILIDADES_DESEMPENHO_TURMA_04anos_LP.csv,27,25,93,72,8,29,63,EMEF VER ANTONIO GIUDICE,EMEF VER ANTONIO GIUDICE,92.5925925925926,FALSE,
2026,pos_inicio_programa,1,ESC_048,,EMEF VER ANTONIO GIUDICE,EMEF VER ANTONIO GIUDICE,clarissa,4,Língua Portuguesa,1ª Avaliação Formativa, 21912411500001256,42,,,PORTO ALEGRE,2026_1av_form_HABILIDADES_DESEMPENHO_TURMA_04anos_LP.csv,26,26,100,71,17,21,63,EMEF VER ANTONIO GIUDICE,EMEF VER ANTONIO GIUDICE,100,FALSE,
2026,pos_inicio_programa,1,ESC_048,,EMEF VER ANTONIO GIUDICE,EMEF VER ANTONIO GIUDICE,clarissa,4,Língua Portuguesa,1ª Avaliação Formativa, 21912411500001257,43,,,PORTO ALEGRE,2026_1av_form_HABILIDADES_DESEMPENHO_TURMA_04anos_LP.csv,24,20,83,62,24,24,53,EMEF VER ANTONIO GIUDICE,EMEF VER ANTONIO GIUDICE,83.33333333333333,FALSE,
2026,pos_inicio_programa,1,ESC_049,,EMEF VER CARLOS PESSOA DE BRUM,EMEF VER CARLOS PESSOA DE BRUM,priscila,4,Língua Portuguesa,1ª Avaliação Formativa, 21912411500001288,41,,,PORTO ALEGRE,2026_1av_form_HABILIDADES_DESEMPENHO_TURMA_04anos_LP.csv,30,22,73,44,53,5,42,EMEF VER CARLOS PESSOA DE BRUM,EMEF VER CARLOS PESSOA DE BRUM,73.33333333333333,FALSE,
2026,pos_inicio_programa,1,ESC_049,,EMEF VER CARLOS PESSOA DE BRUM,EMEF VER CARLOS PESSOA DE BRUM,priscila,4,Língua Portuguesa,1ª Avaliação Formativa, 21912411500001289,42,,,PORTO ALEGRE,2026_1av_form_HABILIDADES_DESEMPENHO_TURMA_04anos_LP.csv,25,14,56,27,71,7,21,EMEF VER CARLOS PESSOA DE BRUM,EMEF VER CARLOS PESSOA DE BRUM,56,FALSE,
2026,pos_inicio_programa,1,ESC_049,,EMEF VER CARLOS PESSOA DE BRUM,EMEF VER CARLOS PESSOA DE BRUM,priscila,4,Língua Portuguesa,1ª Avaliação Formativa, 21912411500001290,43,,,PORTO ALEGRE,2026_1av_form_HABILIDADES_DESEMPENHO_TURMA_04anos_LP.csv,23,15,65,22,75,8,17,EMEF VER CARLOS PESSOA DE BRUM,EMEF VER CARLOS PESSOA DE BRUM,65.21739130434783,FALSE,
2026,pos_inicio_programa,1,ESC_049,,EMEF VER CARLOS PESSOA DE BRUM,EMEF VER CARLOS PESSOA DE BRUM,priscila,4,Língua Portuguesa,1ª Avaliação Formativa, 21912411500001291,44,,,PORTO ALEGRE,2026_1av_form_HABILIDADES_DESEMPENHO_TURMA_04anos_LP.csv,28,26,93,46,38,33,29,EMEF VER CARLOS PESSOA DE BRUM,EMEF VER CARLOS PESSOA DE BRUM,92.85714285714286,FALSE,
2026,pos_inicio_programa,1,ESC_050,,EMEF VER MARTIM ARANHA,EMEF VER MARTIM ARANHA,priscila,4,Língua Portuguesa,1ª Avaliação Formativa, 21912411500001323,41,,,PORTO ALEGRE,2026_1av_form_HABILIDADES_DESEMPENHO_TURMA_04anos_LP.csv,27,24,89,44,45,23,32,EMEF VER MARTIM ARANHA,EMEF VER MARTIM ARANHA,88.88888888888889,FALSE,
2026,pos_inicio_programa,1,ESC_050,,EMEF VER MARTIM ARANHA,EMEF VER MARTIM ARANHA,priscila,4,Língua Portuguesa,1ª Avaliação Formativa, 21912411500001324,42,,,PORTO ALEGRE,2026_1av_form_HABILIDADES_DESEMPENHO_TURMA_04anos_LP.csv,22,21,95,57,28,28,44,EMEF VER MARTIM ARANHA,EMEF VER MARTIM ARANHA,95.45454545454545,FALSE,
2026,pos_inicio_programa,1,ESC_050,,EMEF VER MARTIM ARANHA,EMEF VER MARTIM ARANHA,priscila,4,Língua Portuguesa,1ª Avaliação Formativa, 21912411500001325,43,,,PORTO ALEGRE,2026_1av_form_HABILIDADES_DESEMPENHO_TURMA_04anos_LP.csv,23,20,87,49,41,18,41,EMEF VER MARTIM ARANHA,EMEF VER MARTIM ARANHA,86.95652173913044,FALSE,
2026,pos_inicio_programa,1,ESC_051,,EMEF VILA MONTE CRISTO,EMEF VILA MONTE CRISTO,graziela,4,Língua Portuguesa,1ª Avaliação Formativa, 21912411500001353,41,,,PORTO ALEGRE,2026_1av_form_HABILIDADES_DESEMPENHO_TURMA_04anos_LP.csv,26,24,92,75,10,30,60,EMEF VILA MONTE CRISTO,EMEF VILA MONTE CRISTO,92.3076923076923,FALSE,
2026,pos_inicio_programa,1,ESC_051,,EMEF VILA MONTE CRISTO,EMEF VILA MONTE CRISTO,graziela,4,Língua Portuguesa,1ª Avaliação Formativa, 21912411500001354,42,,,PORTO ALEGRE,2026_1av_form_HABILIDADES_DESEMPENHO_TURMA_04anos_LP.csv,24,22,92,82,6,17,78,EMEF VILA MONTE CRISTO,EMEF VILA MONTE CRISTO,91.66666666666667,FALSE,
2026,pos_inicio_programa,1,ESC_051,,EMEF VILA MONTE CRISTO,EMEF VILA MONTE CRISTO,graziela,4,Língua Portuguesa,1ª Avaliação Formativa, 21912411500001355,43,,,PORTO ALEGRE,2026_1av_form_HABILIDADES_DESEMPENHO_TURMA_04anos_LP.csv,23,19,83,76,21,14,64,EMEF VILA MONTE CRISTO,EMEF VILA MONTE CRISTO,82.6086956521739,FALSE,
2026,pos_inicio_programa,1,ESC_051,,EMEF VILA MONTE CRISTO,EMEF VILA MONTE CRISTO,graziela,4,Língua Portuguesa,1ª Avaliação Formativa, 21912411500001356,44,,,PORTO ALEGRE,2026_1av_form_HABILIDADES_DESEMPENHO_TURMA_04anos_LP.csv,22,18,82,58,23,31,46,EMEF VILA MONTE CRISTO,EMEF VILA MONTE CRISTO,81.81818181818181,FALSE,
2026,pos_inicio_programa,1,ESC_052,,EMEF WENCESLAU FONTOURA,EMEF WENCESLAU FONTOURA,eliane,4,Língua Portuguesa,1ª Avaliação Formativa, 21912411500001388,41,,,PORTO ALEGRE,2026_1av_form_HABILIDADES_DESEMPENHO_TURMA_04anos_LP.csv,27,26,96,41,48,32,20,EMEF WENCESLAU FONTOURA,EMEF WENCESLAU FONTOURA,96.29629629629629,FALSE,
2026,pos_inicio_programa,1,ESC_052,,EMEF WENCESLAU FONTOURA,EMEF WENCESLAU FONTOURA,eliane,4,Língua Portuguesa,1ª Avaliação Formativa, 21912411500001389,42,,,PORTO ALEGRE,2026_1av_form_HABILIDADES_DESEMPENHO_TURMA_04anos_LP.csv,27,25,93,45,29,46,25,EMEF WENCESLAU FONTOURA,EMEF WENCESLAU FONTOURA,92.5925925925926,FALSE,
2026,pos_inicio_programa,1,ESC_052,,EMEF WENCESLAU FONTOURA,EMEF WENCESLAU FONTOURA,eliane,4,Língua Portuguesa,1ª Avaliação Formativa, 21912411500001390,43,,,PORTO ALEGRE,2026_1av_form_HABILIDADES_DESEMPENHO_TURMA_04anos_LP.csv,26,25,96,45,33,42,25,EMEF WENCESLAU FONTOURA,EMEF WENCESLAU FONTOURA,96.15384615384616,FALSE,
2026,pos_inicio_programa,1,ESC_052,,EMEF WENCESLAU FONTOURA,EMEF WENCESLAU FONTOURA,eliane,4,Língua Portuguesa,1ª Avaliação Formativa, 21912411500001391,44,,,PORTO ALEGRE,2026_1av_form_HABILIDADES_DESEMPENHO_TURMA_04anos_LP.csv,27,22,81,10,82,14,5,EMEF WENCESLAU FONTOURA,EMEF WENCESLAU FONTOURA,81.48148148148148,FALSE,
2026,pos_inicio_programa,1,ESC_053,,EMEM EMILIO MEYER,EMEM EMILIO MEYER,ruti,4,Língua Portuguesa,1ª Avaliação Formativa, 21912411500001421,41,,,PORTO ALEGRE,2026_1av_form_HABILIDADES_DESEMPENHO_TURMA_04anos_LP.csv,26,22,85,35,55,20,25,EMEM EMILIO MEYER,EMEM EMILIO MEYER,84.61538461538461,FALSE,
2026,pos_inicio_programa,1,ESC_053,,EMEM EMILIO MEYER,EMEM EMILIO MEYER,ruti,4,Língua Portuguesa,1ª Avaliação Formativa, 21912411500001422,42,,,PORTO ALEGRE,2026_1av_form_HABILIDADES_DESEMPENHO_TURMA_04anos_LP.csv,18,15,83,48,50,8,42,EMEM EMILIO MEYER,EMEM EMILIO MEYER,83.33333333333333,FALSE,
2026,pos_inicio_programa,1,ESC_053,,EMEM EMILIO MEYER,EMEM EMILIO MEYER,ruti,4,Língua Portuguesa,1ª Avaliação Formativa, 21912411500001423,43,,,PORTO ALEGRE,2026_1av_form_HABILIDADES_DESEMPENHO_TURMA_04anos_LP.csv,23,23,100,48,41,18,41,EMEM EMILIO MEYER,EMEM EMILIO MEYER,100,FALSE,
2026,pos_inicio_programa,1,ESC_053,,EMEM EMILIO MEYER,EMEM EMILIO MEYER,ruti,4,Língua Portuguesa,1ª Avaliação Formativa, 21912411500001424,44,,,PORTO ALEGRE,2026_1av_form_HABILIDADES_DESEMPENHO_TURMA_04anos_LP.csv,24,21,88,69,19,29,52,EMEM EMILIO MEYER,EMEM EMILIO MEYER,87.5,FALSE,
2026,pos_inicio_programa,1,ESC_054,,ESC EST ENS FUN PROFESSORA LEOPOLDA BARNEWITZ,ESC EST ENS FUN PROFESSORA LEOPOLDA BARNEWITZ,julia,4,Língua Portuguesa,1ª Avaliação Formativa, 21912411500001444,41,,,PORTO ALEGRE,2026_1av_form_HABILIDADES_DESEMPENHO_TURMA_04anos_LP.csv,25,25,100,83,8,20,72,ESC EST ENS FUN PROFESSORA LEOPOLDA BARNEWITZ,ESC EST ENS FUN PROFESSORA LEOPOLDA BARNEWITZ,100,FALSE,
2026,pos_inicio_programa,1,ESC_001,,EEF PEQUENA CASA DA CRIANCA,6001 EEF PEQUENA CASA DA CRIANCA,outras,5,Língua Portuguesa,1ª Avaliação Formativa, 21912411500000014,50,,,PORTO ALEGRE,2026_1av_form_HABILIDADES_DESEMPENHO_TURMA_05anos_LP.csv,19,19,100,62,11,58,32,EEF PEQUENA CASA DA CRIANCA,EEF PEQUENA CASA DA CRIANCA,100,FALSE,
2026,pos_inicio_programa,1,ESC_001,,EEF PEQUENA CASA DA CRIANCA,6001 EEF PEQUENA CASA DA CRIANCA,outras,5,Língua Portuguesa,1ª Avaliação Formativa, 21912411500000015,51,,,PORTO ALEGRE,2026_1av_form_HABILIDADES_DESEMPENHO_TURMA_05anos_LP.csv,19,17,89,48,29,41,29,EEF PEQUENA CASA DA CRIANCA,EEF PEQUENA CASA DA CRIANCA,89.47368421052632,FALSE,
2026,pos_inicio_programa,1,ESC_055,,ESCOLA DE ENSINO FUNDAMENTAL MADRE RAFFO,7028 ESCOLA DE ENSINO FUNDAMENTAL MADRE RAFFO,outras,5,Língua Portuguesa,1ª Avaliação Formativa, 21912411500000026,5A,,,PORTO ALEGRE,2026_1av_form_HABILIDADES_DESEMPENHO_TURMA_05anos_LP.csv,5,5,100,88,0,20,80,ESCOLA DE ENSINO FUNDAMENTAL MADRE RAFFO,ESCOLA DE ENSINO FUNDAMENTAL MADRE RAFFO,100,FALSE,
2026,pos_inicio_programa,1,ESC_002,,EMEB DR LIBERATO SALZANO VIEIRA DA CUNHA,EMEB DR LIBERATO SALZANO VIEIRA DA CUNHA,clarissa,5,Língua Portuguesa,1ª Avaliação Formativa, 21912411500000050,51,,,PORTO ALEGRE,2026_1av_form_HABILIDADES_DESEMPENHO_TURMA_05anos_LP.csv,28,27,96,77,4,33,63,EMEB DR LIBERATO SALZANO VIEIRA DA CUNHA,EMEB DR LIBERATO SALZANO VIEIRA DA CUNHA,96.42857142857143,FALSE,
2026,pos_inicio_programa,1,ESC_002,,EMEB DR LIBERATO SALZANO VIEIRA DA CUNHA,EMEB DR LIBERATO SALZANO VIEIRA DA CUNHA,clarissa,5,Língua Portuguesa,1ª Avaliação Formativa, 21912411500000051,52,,,PORTO ALEGRE,2026_1av_form_HABILIDADES_DESEMPENHO_TURMA_05anos_LP.csv,23,20,87,38,61,11,28,EMEB DR LIBERATO SALZANO VIEIRA DA CUNHA,EMEB DR LIBERATO SALZANO VIEIRA DA CUNHA,86.95652173913044,FALSE,
2026,pos_inicio_programa,1,ESC_002,,EMEB DR LIBERATO SALZANO VIEIRA DA CUNHA,EMEB DR LIBERATO SALZANO VIEIRA DA CUNHA,clarissa,5,Língua Portuguesa,1ª Avaliação Formativa, 21912411500000052,53,,,PORTO ALEGRE,2026_1av_form_HABILIDADES_DESEMPENHO_TURMA_05anos_LP.csv,25,22,88,63,24,19,57,EMEB DR LIBERATO SALZANO VIEIRA DA CUNHA,EMEB DR LIBERATO SALZANO VIEIRA DA CUNHA,88,FALSE,
2026,pos_inicio_programa,1,ESC_002,,EMEB DR LIBERATO SALZANO VIEIRA DA CUNHA,EMEB DR LIBERATO SALZANO VIEIRA DA CUNHA,clarissa,5,Língua Portuguesa,1ª Avaliação Formativa, 21912411500000053,54,,,PORTO ALEGRE,2026_1av_form_HABILIDADES_DESEMPENHO_TURMA_05anos_LP.csv,23,21,91,59,29,29,43,EMEB DR LIBERATO SALZANO VIEIRA DA CUNHA,EMEB DR LIBERATO SALZANO VIEIRA DA CUNHA,91.30434782608695,FALSE,
2026,pos_inicio_programa,1,ESC_003,,EMEF AFONSO GUERREIRO LIMA,EMEF AFONSO GUERREIRO LIMA,graziela,5,Língua Portuguesa,1ª Avaliação Formativa, 21912411500000087,51,,,PORTO ALEGRE,2026_1av_form_HABILIDADES_DESEMPENHO_TURMA_05anos_LP.csv,22,19,86,75,6,33,61,EMEF AFONSO GUERREIRO LIMA,EMEF AFONSO GUERREIRO LIMA,86.36363636363636,FALSE,
2026,pos_inicio_programa,1,ESC_003,,EMEF AFONSO GUERREIRO LIMA,EMEF AFONSO GUERREIRO LIMA,graziela,5,Língua Portuguesa,1ª Avaliação Formativa, 21912411500000088,52,,,PORTO ALEGRE,2026_1av_form_HABILIDADES_DESEMPENHO_TURMA_05anos_LP.csv,26,25,96,55,27,36,36,EMEF AFONSO GUERREIRO LIMA,EMEF AFONSO GUERREIRO LIMA,96.15384615384616,FALSE,
2026,pos_inicio_programa,1,ESC_003,,EMEF AFONSO GUERREIRO LIMA,EMEF AFONSO GUERREIRO LIMA,graziela,5,Língua Portuguesa,1ª Avaliação Formativa, 21912411500000089,53,,,PORTO ALEGRE,2026_1av_form_HABILIDADES_DESEMPENHO_TURMA_05anos_LP.csv,22,22,100,61,14,52,33,EMEF AFONSO GUERREIRO LIMA,EMEF AFONSO GUERREIRO LIMA,100,FALSE,
2026,pos_inicio_programa,1,ESC_003,,EMEF AFONSO GUERREIRO LIMA,EMEF AFONSO GUERREIRO LIMA,graziela,5,Língua Portuguesa,1ª Avaliação Formativa, 21912411500000090,54,,,PORTO ALEGRE,2026_1av_form_HABILIDADES_DESEMPENHO_TURMA_05anos_LP.csv,23,18,78,70,12,35,53,EMEF AFONSO GUERREIRO LIMA,EMEF AFONSO GUERREIRO LIMA,78.26086956521739,FALSE,
2026,pos_inicio_programa,1,ESC_003,,EMEF AFONSO GUERREIRO LIMA,EMEF AFONSO GUERREIRO LIMA,graziela,5,Língua Portuguesa,1ª Avaliação Formativa, 21912411500000091,55,,,PORTO ALEGRE,2026_1av_form_HABILIDADES_DESEMPENHO_TURMA_05anos_LP.csv,24,21,88,75,17,11,72,EMEF AFONSO GUERREIRO LIMA,EMEF AFONSO GUERREIRO LIMA,87.5,FALSE,
2026,pos_inicio_programa,1,ESC_004,,EMEF AMERICA,EMEF AMERICA,nathalia,5,Língua Portuguesa,1ª Avaliação Formativa, 21912411500000113,51,,,PORTO ALEGRE,2026_1av_form_HABILIDADES_DESEMPENHO_TURMA_05anos_LP.csv,20,19,95,51,21,47,32,EMEF AMERICA,EMEF AMERICA,95,FALSE,
2026,pos_inicio_programa,1,ESC_004,,EMEF AMERICA,EMEF AMERICA,nathalia,5,Língua Portuguesa,1ª Avaliação Formativa, 21912411500000114,52,,,PORTO ALEGRE,2026_1av_form_HABILIDADES_DESEMPENHO_TURMA_05anos_LP.csv,26,25,96,56,20,56,24,EMEF AMERICA,EMEF AMERICA,96.15384615384616,FALSE,
2026,pos_inicio_programa,1,ESC_005,,EMEF ARAMY SILVA,EMEF ARAMY SILVA,priscila,5,Língua Portuguesa,1ª Avaliação Formativa, 21912411500000140,51,,,PORTO ALEGRE,2026_1av_form_HABILIDADES_DESEMPENHO_TURMA_05anos_LP.csv,26,25,96,72,13,39,48,EMEF ARAMY SILVA,EMEF ARAMY SILVA,96.15384615384616,FALSE,
2026,pos_inicio_programa,1,ESC_005,,EMEF ARAMY SILVA,EMEF ARAMY SILVA,priscila,5,Língua Portuguesa,1ª Avaliação Formativa, 21912411500000141,52,,,PORTO ALEGRE,2026_1av_form_HABILIDADES_DESEMPENHO_TURMA_05anos_LP.csv,21,19,90,61,21,37,42,EMEF ARAMY SILVA,EMEF ARAMY SILVA,90.47619047619048,FALSE,
2026,pos_inicio_programa,1,ESC_005,,EMEF ARAMY SILVA,EMEF ARAMY SILVA,priscila,5,Língua Portuguesa,1ª Avaliação Formativa, 21912411500000142,53,,,PORTO ALEGRE,2026_1av_form_HABILIDADES_DESEMPENHO_TURMA_05anos_LP.csv,22,21,95,58,30,20,50,EMEF ARAMY SILVA,EMEF ARAMY SILVA,95.45454545454545,FALSE,
2026,pos_inicio_programa,1,ESC_005,,EMEF ARAMY SILVA,EMEF ARAMY SILVA,priscila,5,Língua Portuguesa,1ª Avaliação Formativa, 21912411500000143,54,,,PORTO ALEGRE,2026_1av_form_HABILIDADES_DESEMPENHO_TURMA_05anos_LP.csv,22,22,100,66,23,27,50,EMEF ARAMY SILVA,EMEF ARAMY SILVA,100,FALSE,
2026,pos_inicio_programa,1,ESC_006,,EMEF CAMPOS DO CRISTAL,EMEF CAMPOS DO CRISTAL,andreia,5,Língua Portuguesa,1ª Avaliação Formativa, 21912411500000163,51,,,PORTO ALEGRE,2026_1av_form_HABILIDADES_DESEMPENHO_TURMA_05anos_LP.csv,31,30,97,76,7,36,57,EMEF CAMPOS DO CRISTAL,EMEF CAMPOS DO CRISTAL,96.7741935483871,FALSE,
2026,pos_inicio_programa,1,ESC_006,,EMEF CAMPOS DO CRISTAL,EMEF CAMPOS DO CRISTAL,andreia,5,Língua Portuguesa,1ª Avaliação Formativa, 21912411500000164,52,,,PORTO ALEGRE,2026_1av_form_HABILIDADES_DESEMPENHO_TURMA_05anos_LP.csv,24,22,92,69,10,45,45,EMEF CAMPOS DO CRISTAL,EMEF CAMPOS DO CRISTAL,91.66666666666667,FALSE,
2026,pos_inicio_programa,1,ESC_007,,EMEF CHAPEU DO SOL,EMEF CHAPEU DO SOL,ruti,5,Língua Portuguesa,1ª Avaliação Formativa, 21912411500000192,51,,,PORTO ALEGRE,2026_1av_form_HABILIDADES_DESEMPENHO_TURMA_05anos_LP.csv,30,26,87,45,35,46,19,EMEF CHAPEU DO SOL,EMEF CHAPEU DO SOL,86.66666666666667,FALSE,
2026,pos_inicio_programa,1,ESC_007,,EMEF CHAPEU DO SOL,EMEF CHAPEU DO SOL,ruti,5,Língua Portuguesa,1ª Avaliação Formativa, 21912411500000193,52,,,PORTO ALEGRE,2026_1av_form_HABILIDADES_DESEMPENHO_TURMA_05anos_LP.csv,24,20,83,30,59,29,12,EMEF CHAPEU DO SOL,EMEF CHAPEU DO SOL,83.33333333333333,FALSE,
2026,pos_inicio_programa,1,ESC_007,,EMEF CHAPEU DO SOL,EMEF CHAPEU DO SOL,ruti,5,Língua Portuguesa,1ª Avaliação Formativa, 21912411500000194,53,,,PORTO ALEGRE,2026_1av_form_HABILIDADES_DESEMPENHO_TURMA_05anos_LP.csv,26,23,88,79,9,14,77,EMEF CHAPEU DO SOL,EMEF CHAPEU DO SOL,88.46153846153847,FALSE,
2026,pos_inicio_programa,1,ESC_007,,EMEF CHAPEU DO SOL,EMEF CHAPEU DO SOL,ruti,5,Língua Portuguesa,1ª Avaliação Formativa, 21912411500000195,54,,,PORTO ALEGRE,2026_1av_form_HABILIDADES_DESEMPENHO_TURMA_05anos_LP.csv,25,20,80,72,10,40,50,EMEF CHAPEU DO SOL,EMEF CHAPEU DO SOL,80,FALSE,
2026,pos_inicio_programa,1,ESC_008,,EMEF CHICO MENDES,EMEF CHICO MENDES,eliane,5,Língua Portuguesa,1ª Avaliação Formativa, 21912411500000228,51,,,PORTO ALEGRE,2026_1av_form_HABILIDADES_DESEMPENHO_TURMA_05anos_LP.csv,28,26,93,53,30,35,35,EMEF CHICO MENDES,EMEF CHICO MENDES,92.85714285714286,FALSE,
2026,pos_inicio_programa,1,ESC_008,,EMEF CHICO MENDES,EMEF CHICO MENDES,eliane,5,Língua Portuguesa,1ª Avaliação Formativa, 21912411500000229,52,,,PORTO ALEGRE,2026_1av_form_HABILIDADES_DESEMPENHO_TURMA_05anos_LP.csv,27,24,89,61,30,30,39,EMEF CHICO MENDES,EMEF CHICO MENDES,88.88888888888889,FALSE,
2026,pos_inicio_programa,1,ESC_008,,EMEF CHICO MENDES,EMEF CHICO MENDES,eliane,5,Língua Portuguesa,1ª Avaliação Formativa, 21912411500000230,53,,,PORTO ALEGRE,2026_1av_form_HABILIDADES_DESEMPENHO_TURMA_05anos_LP.csv,22,20,91,30,47,47,6,EMEF CHICO MENDES,EMEF CHICO MENDES,90.9090909090909,FALSE,
2026,pos_inicio_programa,1,ESC_008,,EMEF CHICO MENDES,EMEF CHICO MENDES,eliane,5,Língua Portuguesa,1ª Avaliação Formativa, 21912411500000231,54,,,PORTO ALEGRE,2026_1av_form_HABILIDADES_DESEMPENHO_TURMA_05anos_LP.csv,23,23,100,55,20,50,30,EMEF CHICO MENDES,EMEF CHICO MENDES,100,FALSE,
2026,pos_inicio_programa,1,ESC_008,,EMEF CHICO MENDES,EMEF CHICO MENDES,eliane,5,Língua Portuguesa,1ª Avaliação Formativa, 21912411500000232,55,,,PORTO ALEGRE,2026_1av_form_HABILIDADES_DESEMPENHO_TURMA_05anos_LP.csv,23,23,100,57,29,29,43,EMEF CHICO MENDES,EMEF CHICO MENDES,100,FALSE,
2026,pos_inicio_programa,1,ESC_009,,EMEF DECIO MARTINS COSTA,EMEF DECIO MARTINS COSTA,nathalia,5,Língua Portuguesa,1ª Avaliação Formativa, 21912411500000268,51,,,PORTO ALEGRE,2026_1av_form_HABILIDADES_DESEMPENHO_TURMA_05anos_LP.csv,28,25,89,63,24,32,44,EMEF DECIO MARTINS COSTA,EMEF DECIO MARTINS COSTA,89.28571428571429,FALSE,
2026,pos_inicio_programa,1,ESC_009,,EMEF DECIO MARTINS COSTA,EMEF DECIO MARTINS COSTA,nathalia,5,Língua Portuguesa,1ª Avaliação Formativa, 21912411500000269,52,,,PORTO ALEGRE,2026_1av_form_HABILIDADES_DESEMPENHO_TURMA_05anos_LP.csv,23,20,87,43,50,15,35,EMEF DECIO MARTINS COSTA,EMEF DECIO MARTINS COSTA,86.95652173913044,FALSE,
2026,pos_inicio_programa,1,ESC_009,,EMEF DECIO MARTINS COSTA,EMEF DECIO MARTINS COSTA,nathalia,5,Língua Portuguesa,1ª Avaliação Formativa, 21912411500000270,53,,,PORTO ALEGRE,2026_1av_form_HABILIDADES_DESEMPENHO_TURMA_05anos_LP.csv,26,22,85,81,0,38,62,EMEF DECIO MARTINS COSTA,EMEF DECIO MARTINS COSTA,84.61538461538461,FALSE,
2026,pos_inicio_programa,1,ESC_009,,EMEF DECIO MARTINS COSTA,EMEF DECIO MARTINS COSTA,nathalia,5,Língua Portuguesa,1ª Avaliação Formativa, 21912411500000271,54,,,PORTO ALEGRE,2026_1av_form_HABILIDADES_DESEMPENHO_TURMA_05anos_LP.csv,29,28,97,63,18,43,39,EMEF DECIO MARTINS COSTA,EMEF DECIO MARTINS COSTA,96.55172413793103,FALSE,
2026,pos_inicio_programa,1,ESC_010,,EMEF DEP MARCIRIO GOULART LOUREIRO,EMEF DEP MARCIRIO GOULART LOUREIRO,marian,5,Língua Portuguesa,1ª Avaliação Formativa, 21912411500000301,51,,,PORTO ALEGRE,2026_1av_form_HABILIDADES_DESEMPENHO_TURMA_05anos_LP.csv,27,27,100,50,41,22,37,EMEF DEP MARCIRIO GOULART LOUREIRO,EMEF DEP MARCIRIO GOULART LOUREIRO,100,FALSE,
2026,pos_inicio_programa,1,ESC_010,,EMEF DEP MARCIRIO GOULART LOUREIRO,EMEF DEP MARCIRIO GOULART LOUREIRO,marian,5,Língua Portuguesa,1ª Avaliação Formativa, 21912411500000302,52,,,PORTO ALEGRE,2026_1av_form_HABILIDADES_DESEMPENHO_TURMA_05anos_LP.csv,28,27,96,36,50,27,23,EMEF DEP MARCIRIO GOULART LOUREIRO,EMEF DEP MARCIRIO GOULART LOUREIRO,96.42857142857143,FALSE,
2026,pos_inicio_programa,1,ESC_010,,EMEF DEP MARCIRIO GOULART LOUREIRO,EMEF DEP MARCIRIO GOULART LOUREIRO,marian,5,Língua Portuguesa,1ª Avaliação Formativa, 21912411500000303,53,,,PORTO ALEGRE,2026_1av_form_HABILIDADES_DESEMPENHO_TURMA_05anos_LP.csv,29,22,76,34,57,29,14,EMEF DEP MARCIRIO GOULART LOUREIRO,EMEF DEP MARCIRIO GOULART LOUREIRO,75.86206896551724,FALSE,
2026,pos_inicio_programa,1,ESC_010,,EMEF DEP MARCIRIO GOULART LOUREIRO,EMEF DEP MARCIRIO GOULART LOUREIRO,marian,5,Língua Portuguesa,1ª Avaliação Formativa, 21912411500000304,54,,,PORTO ALEGRE,2026_1av_form_HABILIDADES_DESEMPENHO_TURMA_05anos_LP.csv,31,25,81,53,28,40,32,EMEF DEP MARCIRIO GOULART LOUREIRO,EMEF DEP MARCIRIO GOULART LOUREIRO,80.64516129032258,FALSE,
2026,pos_inicio_programa,1,ESC_011,,EMEF DEP VICTOR ISSLER,EMEF DEP VICTOR ISSLER,clarissa,5,Língua Portuguesa,1ª Avaliação Formativa, 21912411500000339,51,,,PORTO ALEGRE,2026_1av_form_HABILIDADES_DESEMPENHO_TURMA_05anos_LP.csv,29,24,83,54,30,30,39,EMEF DEP VICTOR ISSLER,EMEF DEP VICTOR ISSLER,82.75862068965517,FALSE,
2026,pos_inicio_programa,1,ESC_011,,EMEF DEP VICTOR ISSLER,EMEF DEP VICTOR ISSLER,clarissa,5,Língua Portuguesa,1ª Avaliação Formativa, 21912411500000340,52,,,PORTO ALEGRE,2026_1av_form_HABILIDADES_DESEMPENHO_TURMA_05anos_LP.csv,30,29,97,69,7,48,45,EMEF DEP VICTOR ISSLER,EMEF DEP VICTOR ISSLER,96.66666666666667,FALSE,
2026,pos_inicio_programa,1,ESC_011,,EMEF DEP VICTOR ISSLER,EMEF DEP VICTOR ISSLER,clarissa,5,Língua Portuguesa,1ª Avaliação Formativa, 21912411500000341,53,,,PORTO ALEGRE,2026_1av_form_HABILIDADES_DESEMPENHO_TURMA_05anos_LP.csv,28,25,89,62,21,38,42,EMEF DEP VICTOR ISSLER,EMEF DEP VICTOR ISSLER,89.28571428571429,FALSE,
2026,pos_inicio_programa,1,ESC_011,,EMEF DEP VICTOR ISSLER,EMEF DEP VICTOR ISSLER,clarissa,5,Língua Portuguesa,1ª Avaliação Formativa, 21912411500000342,54,,,PORTO ALEGRE,2026_1av_form_HABILIDADES_DESEMPENHO_TURMA_05anos_LP.csv,29,26,90,77,4,38,58,EMEF DEP VICTOR ISSLER,EMEF DEP VICTOR ISSLER,89.65517241379311,FALSE,
2026,pos_inicio_programa,1,ESC_012,,EMEF DOLORES ALCARAZ CALDAS,EMEF DOLORES ALCARAZ CALDAS,jalize,5,Língua Portuguesa,1ª Avaliação Formativa, 21912411500000381,51,,,PORTO ALEGRE,2026_1av_form_HABILIDADES_DESEMPENHO_TURMA_05anos_LP.csv,26,25,96,66,25,20,55,EMEF DOLORES ALCARAZ CALDAS,EMEF DOLORES ALCARAZ CALDAS,96.15384615384616,FALSE,
2026,pos_inicio_programa,1,ESC_012,,EMEF DOLORES ALCARAZ CALDAS,EMEF DOLORES ALCARAZ CALDAS,jalize,5,Língua Portuguesa,1ª Avaliação Formativa, 21912411500000382,52,,,PORTO ALEGRE,2026_1av_form_HABILIDADES_DESEMPENHO_TURMA_05anos_LP.csv,26,26,100,76,9,26,65,EMEF DOLORES ALCARAZ CALDAS,EMEF DOLORES ALCARAZ CALDAS,100,FALSE,
2026,pos_inicio_programa,1,ESC_012,,EMEF DOLORES ALCARAZ CALDAS,EMEF DOLORES ALCARAZ CALDAS,jalize,5,Língua Portuguesa,1ª Avaliação Formativa, 21912411500000383,53,,,PORTO ALEGRE,2026_1av_form_HABILIDADES_DESEMPENHO_TURMA_05anos_LP.csv,27,24,89,45,43,43,14,EMEF DOLORES ALCARAZ CALDAS,EMEF DOLORES ALCARAZ CALDAS,88.88888888888889,FALSE,
2026,pos_inicio_programa,1,ESC_012,,EMEF DOLORES ALCARAZ CALDAS,EMEF DOLORES ALCARAZ CALDAS,jalize,5,Língua Portuguesa,1ª Avaliação Formativa, 21912411500000384,54,,,PORTO ALEGRE,2026_1av_form_HABILIDADES_DESEMPENHO_TURMA_05anos_LP.csv,29,26,90,64,20,28,52,EMEF DOLORES ALCARAZ CALDAS,EMEF DOLORES ALCARAZ CALDAS,89.65517241379311,FALSE,
2026,pos_inicio_programa,1,ESC_012,,EMEF DOLORES ALCARAZ CALDAS,EMEF DOLORES ALCARAZ CALDAS,jalize,5,Língua Portuguesa,1ª Avaliação Formativa, 21912411500000385,55,,,PORTO ALEGRE,2026_1av_form_HABILIDADES_DESEMPENHO_TURMA_05anos_LP.csv,27,25,93,69,16,32,52,EMEF DOLORES ALCARAZ CALDAS,EMEF DOLORES ALCARAZ CALDAS,92.5925925925926,FALSE,
2026,pos_inicio_programa,1,ESC_013,,EMEF ESPIRITO SANTO,EMEF ESPIRITO SANTO,priscila,5,Língua Portuguesa,1ª Avaliação Formativa, 21912411500001806,51,,,PORTO ALEGRE,2026_1av_form_HABILIDADES_DESEMPENHO_TURMA_05anos_LP.csv,13,11,85,49,18,73,9,EMEF ESPIRITO SANTO,EMEF ESPIRITO SANTO,84.61538461538461,FALSE,
2026,pos_inicio_programa,1,ESC_014,,EMEF EVARISTO GONCALVES NETTO,EMEF EVARISTO GONCALVES NETTO,jalize,5,Língua Portuguesa,1ª Avaliação Formativa, 21912411500001813,51,,,PORTO ALEGRE,2026_1av_form_HABILIDADES_DESEMPENHO_TURMA_05anos_LP.csv,17,11,65,63,0,64,36,EMEF EVARISTO GONCALVES NETTO,EMEF EVARISTO GONCALVES NETTO,64.70588235294117,FALSE,
2026,pos_inicio_programa,1,ESC_015,,EMEF GABRIEL OBINO,EMEF GABRIEL OBINO,amanda,5,Língua Portuguesa,1ª Avaliação Formativa, 21912411500000411,51,,,PORTO ALEGRE,2026_1av_form_HABILIDADES_DESEMPENHO_TURMA_05anos_LP.csv,19,17,89,28,53,40,7,EMEF GABRIEL OBINO,EMEF GABRIEL OBINO,89.47368421052632,FALSE,
2026,pos_inicio_programa,1,ESC_015,,EMEF GABRIEL OBINO,EMEF GABRIEL OBINO,amanda,5,Língua Portuguesa,1ª Avaliação Formativa, 21912411500000412,52,,,PORTO ALEGRE,2026_1av_form_HABILIDADES_DESEMPENHO_TURMA_05anos_LP.csv,20,17,85,36,47,29,24,EMEF GABRIEL OBINO,EMEF GABRIEL OBINO,85,FALSE,
2026,pos_inicio_programa,1,ESC_016,,EMEF GOV ILDO MENEGHETTI,EMEF GOV ILDO MENEGHETTI,clarissa,5,Língua Portuguesa,1ª Avaliação Formativa, 21912411500000439,51,,,PORTO ALEGRE,2026_1av_form_HABILIDADES_DESEMPENHO_TURMA_05anos_LP.csv,29,26,90,58,13,58,29,EMEF GOV ILDO MENEGHETTI,EMEF GOV ILDO MENEGHETTI,89.65517241379311,FALSE,
2026,pos_inicio_programa,1,ESC_016,,EMEF GOV ILDO MENEGHETTI,EMEF GOV ILDO MENEGHETTI,clarissa,5,Língua Portuguesa,1ª Avaliação Formativa, 21912411500000440,52,,,PORTO ALEGRE,2026_1av_form_HABILIDADES_DESEMPENHO_TURMA_05anos_LP.csv,29,25,86,55,20,48,32,EMEF GOV ILDO MENEGHETTI,EMEF GOV ILDO MENEGHETTI,86.20689655172414,FALSE,
2026,pos_inicio_programa,1,ESC_016,,EMEF GOV ILDO MENEGHETTI,EMEF GOV ILDO MENEGHETTI,clarissa,5,Língua Portuguesa,1ª Avaliação Formativa, 21912411500000441,53,,,PORTO ALEGRE,2026_1av_form_HABILIDADES_DESEMPENHO_TURMA_05anos_LP.csv,25,25,100,52,36,20,44,EMEF GOV ILDO MENEGHETTI,EMEF GOV ILDO MENEGHETTI,100,FALSE,
2026,pos_inicio_programa,1,ESC_016,,EMEF GOV ILDO MENEGHETTI,EMEF GOV ILDO MENEGHETTI,clarissa,5,Língua Portuguesa,1ª Avaliação Formativa, 21912411500000442,54,,,PORTO ALEGRE,2026_1av_form_HABILIDADES_DESEMPENHO_TURMA_05anos_LP.csv,28,25,89,46,32,44,24,EMEF GOV ILDO MENEGHETTI,EMEF GOV ILDO MENEGHETTI,89.28571428571429,FALSE,
2026,pos_inicio_programa,1,ESC_017,,EMEF GRANDE ORIENTE DO RGS,EMEF GRANDE ORIENTE DO RGS,andreia,5,Língua Portuguesa,1ª Avaliação Formativa, 21912411500000475,51,,,PORTO ALEGRE,2026_1av_form_HABILIDADES_DESEMPENHO_TURMA_05anos_LP.csv,26,22,85,41,50,25,25,EMEF GRANDE ORIENTE DO RGS,EMEF GRANDE ORIENTE DO RGS,84.61538461538461,FALSE,
2026,pos_inicio_programa,1,ESC_017,,EMEF GRANDE ORIENTE DO RGS,EMEF GRANDE ORIENTE DO RGS,andreia,5,Língua Portuguesa,1ª Avaliação Formativa, 21912411500000476,52,,,PORTO ALEGRE,2026_1av_form_HABILIDADES_DESEMPENHO_TURMA_05anos_LP.csv,25,22,88,61,11,44,44,EMEF GRANDE ORIENTE DO RGS,EMEF GRANDE ORIENTE DO RGS,88,FALSE,
2026,pos_inicio_programa,1,ESC_017,,EMEF GRANDE ORIENTE DO RGS,EMEF GRANDE ORIENTE DO RGS,andreia,5,Língua Portuguesa,1ª Avaliação Formativa, 21912411500000477,53,,,PORTO ALEGRE,2026_1av_form_HABILIDADES_DESEMPENHO_TURMA_05anos_LP.csv,25,22,88,51,21,58,21,EMEF GRANDE ORIENTE DO RGS,EMEF GRANDE ORIENTE DO RGS,88,FALSE,
2026,pos_inicio_programa,1,ESC_017,,EMEF GRANDE ORIENTE DO RGS,EMEF GRANDE ORIENTE DO RGS,andreia,5,Língua Portuguesa,1ª Avaliação Formativa, 21912411500000478,54,,,PORTO ALEGRE,2026_1av_form_HABILIDADES_DESEMPENHO_TURMA_05anos_LP.csv,28,23,82,37,52,30,17,EMEF GRANDE ORIENTE DO RGS,EMEF GRANDE ORIENTE DO RGS,82.14285714285714,FALSE,
2026,pos_inicio_programa,1,ESC_018,,EMEF HEITOR VILLA LOBOS,EMEF HEITOR VILLA LOBOS,jalize,5,Língua Portuguesa,1ª Avaliação Formativa, 21912411500000506,51,,,PORTO ALEGRE,2026_1av_form_HABILIDADES_DESEMPENHO_TURMA_05anos_LP.csv,26,21,81,68,11,42,47,EMEF HEITOR VILLA LOBOS,EMEF HEITOR VILLA LOBOS,80.76923076923077,FALSE,
2026,pos_inicio_programa,1,ESC_018,,EMEF HEITOR VILLA LOBOS,EMEF HEITOR VILLA LOBOS,jalize,5,Língua Portuguesa,1ª Avaliação Formativa, 21912411500000507,52,,,PORTO ALEGRE,2026_1av_form_HABILIDADES_DESEMPENHO_TURMA_05anos_LP.csv,26,25,96,42,35,48,17,EMEF HEITOR VILLA LOBOS,EMEF HEITOR VILLA LOBOS,96.15384615384616,FALSE,
2026,pos_inicio_programa,1,ESC_018,,EMEF HEITOR VILLA LOBOS,EMEF HEITOR VILLA LOBOS,jalize,5,Língua Portuguesa,1ª Avaliação Formativa, 21912411500000508,53,,,PORTO ALEGRE,2026_1av_form_HABILIDADES_DESEMPENHO_TURMA_05anos_LP.csv,28,26,93,58,27,42,31,EMEF HEITOR VILLA LOBOS,EMEF HEITOR VILLA LOBOS,92.85714285714286,FALSE,
2026,pos_inicio_programa,1,ESC_018,,EMEF HEITOR VILLA LOBOS,EMEF HEITOR VILLA LOBOS,jalize,5,Língua Portuguesa,1ª Avaliação Formativa, 21912411500000509,54,,,PORTO ALEGRE,2026_1av_form_HABILIDADES_DESEMPENHO_TURMA_05anos_LP.csv,24,21,88,57,19,50,31,EMEF HEITOR VILLA LOBOS,EMEF HEITOR VILLA LOBOS,87.5,FALSE,
2026,pos_inicio_programa,1,ESC_019,,EMEF JEAN PIAGET,EMEF JEAN PIAGET,clarissa,5,Língua Portuguesa,1ª Avaliação Formativa, 21912411500000534,51,,,PORTO ALEGRE,2026_1av_form_HABILIDADES_DESEMPENHO_TURMA_05anos_LP.csv,23,21,91,66,11,50,39,EMEF JEAN PIAGET,EMEF JEAN PIAGET,91.30434782608695,FALSE,
2026,pos_inicio_programa,1,ESC_019,,EMEF JEAN PIAGET,EMEF JEAN PIAGET,clarissa,5,Língua Portuguesa,1ª Avaliação Formativa, 21912411500000535,52,,,PORTO ALEGRE,2026_1av_form_HABILIDADES_DESEMPENHO_TURMA_05anos_LP.csv,22,20,91,61,25,25,50,EMEF JEAN PIAGET,EMEF JEAN PIAGET,90.9090909090909,FALSE,
2026,pos_inicio_programa,1,ESC_019,,EMEF JEAN PIAGET,EMEF JEAN PIAGET,clarissa,5,Língua Portuguesa,1ª Avaliação Formativa, 21912411500000536,53,,,PORTO ALEGRE,2026_1av_form_HABILIDADES_DESEMPENHO_TURMA_05anos_LP.csv,23,22,96,75,10,25,65,EMEF JEAN PIAGET,EMEF JEAN PIAGET,95.65217391304348,FALSE,
2026,pos_inicio_programa,1,ESC_019,,EMEF JEAN PIAGET,EMEF JEAN PIAGET,clarissa,5,Língua Portuguesa,1ª Avaliação Formativa, 21912411500000537,54,,,PORTO ALEGRE,2026_1av_form_HABILIDADES_DESEMPENHO_TURMA_05anos_LP.csv,21,19,90,51,41,18,41,EMEF JEAN PIAGET,EMEF JEAN PIAGET,90.47619047619048,FALSE,
2026,pos_inicio_programa,1,ESC_020,,EMEF JOAO ANTONIO SATTE,EMEF JOAO ANTONIO SATTE,eliane,5,Língua Portuguesa,1ª Avaliação Formativa, 21912411500000561,51,,,PORTO ALEGRE,2026_1av_form_HABILIDADES_DESEMPENHO_TURMA_05anos_LP.csv,21,19,90,51,33,33,33,EMEF JOAO ANTONIO SATTE,EMEF JOAO ANTONIO SATTE,90.47619047619048,FALSE,
2026,pos_inicio_programa,1,ESC_020,,EMEF JOAO ANTONIO SATTE,EMEF JOAO ANTONIO SATTE,eliane,5,Língua Portuguesa,1ª Avaliação Formativa, 21912411500000562,52,,,PORTO ALEGRE,2026_1av_form_HABILIDADES_DESEMPENHO_TURMA_05anos_LP.csv,22,17,77,76,0,36,64,EMEF JOAO ANTONIO SATTE,EMEF JOAO ANTONIO SATTE,77.27272727272727,FALSE,
2026,pos_inicio_programa,1,ESC_020,,EMEF JOAO ANTONIO SATTE,EMEF JOAO ANTONIO SATTE,eliane,5,Língua Portuguesa,1ª Avaliação Formativa, 21912411500000563,53,,,PORTO ALEGRE,2026_1av_form_HABILIDADES_DESEMPENHO_TURMA_05anos_LP.csv,24,21,88,65,15,35,50,EMEF JOAO ANTONIO SATTE,EMEF JOAO ANTONIO SATTE,87.5,FALSE,
2026,pos_inicio_programa,1,ESC_020,,EMEF JOAO ANTONIO SATTE,EMEF JOAO ANTONIO SATTE,eliane,5,Língua Portuguesa,1ª Avaliação Formativa, 21912411500000564,54,,,PORTO ALEGRE,2026_1av_form_HABILIDADES_DESEMPENHO_TURMA_05anos_LP.csv,23,22,96,75,10,29,62,EMEF JOAO ANTONIO SATTE,EMEF JOAO ANTONIO SATTE,95.65217391304348,FALSE,
2026,pos_inicio_programa,1,ESC_021,,EMEF JOAO CARLOS DAVILA PAIXAO CORTES - LACADOR,EMEF JOAO CARLOS DAVILA PAIXAO CORTES - LACADOR,julia,5,Língua Portuguesa,1ª Avaliação Formativa, 21912411500000580,51,,,PORTO ALEGRE,2026_1av_form_HABILIDADES_DESEMPENHO_TURMA_05anos_LP.csv,22,21,95,78,10,19,71,EMEF JOAO CARLOS DAVILA PAIXAO CORTES - LACADOR,EMEF JOAO CARLOS DAVILA PAIXAO CORTES LACADOR,95.45454545454545,FALSE,
2026,pos_inicio_programa,1,ESC_022,,EMEF JOSE LOUREIRO DA SILVA,EMEF JOSE LOUREIRO DA SILVA,jalize,5,Língua Portuguesa,1ª Avaliação Formativa, 21912411500000597,51,,,PORTO ALEGRE,2026_1av_form_HABILIDADES_DESEMPENHO_TURMA_05anos_LP.csv,20,17,85,58,31,13,56,EMEF JOSE LOUREIRO DA SILVA,EMEF JOSE LOUREIRO DA SILVA,85,FALSE,
2026,pos_inicio_programa,1,ESC_022,,EMEF JOSE LOUREIRO DA SILVA,EMEF JOSE LOUREIRO DA SILVA,jalize,5,Língua Portuguesa,1ª Avaliação Formativa, 21912411500000598,52,,,PORTO ALEGRE,2026_1av_form_HABILIDADES_DESEMPENHO_TURMA_05anos_LP.csv,22,14,64,51,25,50,25,EMEF JOSE LOUREIRO DA SILVA,EMEF JOSE LOUREIRO DA SILVA,63.63636363636363,FALSE,
2026,pos_inicio_programa,1,ESC_022,,EMEF JOSE LOUREIRO DA SILVA,EMEF JOSE LOUREIRO DA SILVA,jalize,5,Língua Portuguesa,1ª Avaliação Formativa, 21912411500000599,53,,,PORTO ALEGRE,2026_1av_form_HABILIDADES_DESEMPENHO_TURMA_05anos_LP.csv,19,14,74,47,43,29,29,EMEF JOSE LOUREIRO DA SILVA,EMEF JOSE LOUREIRO DA SILVA,73.6842105263158,FALSE,
2026,pos_inicio_programa,1,ESC_022,,EMEF JOSE LOUREIRO DA SILVA,EMEF JOSE LOUREIRO DA SILVA,jalize,5,Língua Portuguesa,1ª Avaliação Formativa, 21912411500000600,54,,,PORTO ALEGRE,2026_1av_form_HABILIDADES_DESEMPENHO_TURMA_05anos_LP.csv,20,14,70,46,31,46,23,EMEF JOSE LOUREIRO DA SILVA,EMEF JOSE LOUREIRO DA SILVA,70,FALSE,
2026,pos_inicio_programa,1,ESC_023,,EMEF JOSE MARIANO BECK,EMEF JOSE MARIANO BECK,nathalia,5,Língua Portuguesa,1ª Avaliação Formativa, 21912411500000629,51,,,PORTO ALEGRE,2026_1av_form_HABILIDADES_DESEMPENHO_TURMA_05anos_LP.csv,25,25,100,65,16,48,36,EMEF JOSE MARIANO BECK,EMEF JOSE MARIANO BECK,100,FALSE,
2026,pos_inicio_programa,1,ESC_023,,EMEF JOSE MARIANO BECK,EMEF JOSE MARIANO BECK,nathalia,5,Língua Portuguesa,1ª Avaliação Formativa, 21912411500000630,52,,,PORTO ALEGRE,2026_1av_form_HABILIDADES_DESEMPENHO_TURMA_05anos_LP.csv,22,17,77,41,35,59,6,EMEF JOSE MARIANO BECK,EMEF JOSE MARIANO BECK,77.27272727272727,FALSE,
2026,pos_inicio_programa,1,ESC_023,,EMEF JOSE MARIANO BECK,EMEF JOSE MARIANO BECK,nathalia,5,Língua Portuguesa,1ª Avaliação Formativa, 21912411500000631,53,,,PORTO ALEGRE,2026_1av_form_HABILIDADES_DESEMPENHO_TURMA_05anos_LP.csv,21,21,100,30,57,33,10,EMEF JOSE MARIANO BECK,EMEF JOSE MARIANO BECK,100,FALSE,
2026,pos_inicio_programa,1,ESC_024,,EMEF LAURO RODRIGUES,EMEF LAURO RODRIGUES,clarissa,5,Língua Portuguesa,1ª Avaliação Formativa, 21912411500000660,51,,,PORTO ALEGRE,2026_1av_form_HABILIDADES_DESEMPENHO_TURMA_05anos_LP.csv,24,24,100,65,13,46,42,EMEF LAURO RODRIGUES,EMEF LAURO RODRIGUES,100,FALSE,
2026,pos_inicio_programa,1,ESC_024,,EMEF LAURO RODRIGUES,EMEF LAURO RODRIGUES,clarissa,5,Língua Portuguesa,1ª Avaliação Formativa, 21912411500000661,52,,,PORTO ALEGRE,2026_1av_form_HABILIDADES_DESEMPENHO_TURMA_05anos_LP.csv,28,27,96,65,15,38,46,EMEF LAURO RODRIGUES,EMEF LAURO RODRIGUES,96.42857142857143,FALSE,
2026,pos_inicio_programa,1,ESC_024,,EMEF LAURO RODRIGUES,EMEF LAURO RODRIGUES,clarissa,5,Língua Portuguesa,1ª Avaliação Formativa, 21912411500000662,53,,,PORTO ALEGRE,2026_1av_form_HABILIDADES_DESEMPENHO_TURMA_05anos_LP.csv,27,22,81,71,9,45,45,EMEF LAURO RODRIGUES,EMEF LAURO RODRIGUES,81.48148148148148,FALSE,
2026,pos_inicio_programa,1,ESC_025,,EMEF LEOCADIA FELIZARDO PRESTES,EMEF LEOCADIA FELIZARDO PRESTES,graziela,5,Língua Portuguesa,1ª Avaliação Formativa, 21912411500000680,51,,,PORTO ALEGRE,2026_1av_form_HABILIDADES_DESEMPENHO_TURMA_05anos_LP.csv,27,24,89,42,39,39,22,EMEF LEOCADIA FELIZARDO PRESTES,EMEF LEOCADIA FELIZARDO PRESTES,88.88888888888889,FALSE,
2026,pos_inicio_programa,1,ESC_025,,EMEF LEOCADIA FELIZARDO PRESTES,EMEF LEOCADIA FELIZARDO PRESTES,graziela,5,Língua Portuguesa,1ª Avaliação Formativa, 21912411500000681,52,,,PORTO ALEGRE,2026_1av_form_HABILIDADES_DESEMPENHO_TURMA_05anos_LP.csv,25,21,84,70,19,19,62,EMEF LEOCADIA FELIZARDO PRESTES,EMEF LEOCADIA FELIZARDO PRESTES,84,FALSE,
2026,pos_inicio_programa,1,ESC_026,,EMEF LIDOVINO FANTON,EMEF LIDOVINO FANTON,julia,5,Língua Portuguesa,1ª Avaliação Formativa, 21912411500000707,51,,,PORTO ALEGRE,2026_1av_form_HABILIDADES_DESEMPENHO_TURMA_05anos_LP.csv,20,14,70,55,21,50,29,EMEF LIDOVINO FANTON,EMEF LIDOVINO FANTON,70,FALSE,
2026,pos_inicio_programa,1,ESC_026,,EMEF LIDOVINO FANTON,EMEF LIDOVINO FANTON,julia,5,Língua Portuguesa,1ª Avaliação Formativa, 21912411500000708,52,,,PORTO ALEGRE,2026_1av_form_HABILIDADES_DESEMPENHO_TURMA_05anos_LP.csv,16,11,69,26,78,11,11,EMEF LIDOVINO FANTON,EMEF LIDOVINO FANTON,68.75,FALSE,
2026,pos_inicio_programa,1,ESC_026,,EMEF LIDOVINO FANTON,EMEF LIDOVINO FANTON,julia,5,Língua Portuguesa,1ª Avaliação Formativa, 21912411500000709,53,,,PORTO ALEGRE,2026_1av_form_HABILIDADES_DESEMPENHO_TURMA_05anos_LP.csv,27,15,56,28,62,31,8,EMEF LIDOVINO FANTON,EMEF LIDOVINO FANTON,55.55555555555556,FALSE,
2026,pos_inicio_programa,1,ESC_026,,EMEF LIDOVINO FANTON,EMEF LIDOVINO FANTON,julia,5,Língua Portuguesa,1ª Avaliação Formativa, 21912411500000710,54,,,PORTO ALEGRE,2026_1av_form_HABILIDADES_DESEMPENHO_TURMA_05anos_LP.csv,18,13,72,54,15,62,23,EMEF LIDOVINO FANTON,EMEF LIDOVINO FANTON,72.22222222222223,FALSE,
2026,pos_inicio_programa,1,ESC_026,,EMEF LIDOVINO FANTON,EMEF LIDOVINO FANTON,julia,5,Língua Portuguesa,1ª Avaliação Formativa, 21912411500000711,55,,,PORTO ALEGRE,2026_1av_form_HABILIDADES_DESEMPENHO_TURMA_05anos_LP.csv,25,21,84,40,37,47,16,EMEF LIDOVINO FANTON,EMEF LIDOVINO FANTON,84,FALSE,
2026,pos_inicio_programa,1,ESC_027,,EMEF MARIO QUINTANA,EMEF MARIO QUINTANA,ruti,5,Língua Portuguesa,1ª Avaliação Formativa, 21912411500000733,51,,,PORTO ALEGRE,2026_1av_form_HABILIDADES_DESEMPENHO_TURMA_05anos_LP.csv,24,20,83,37,50,33,17,EMEF MARIO QUINTANA,EMEF MARIO QUINTANA,83.33333333333333,FALSE,
2026,pos_inicio_programa,1,ESC_027,,EMEF MARIO QUINTANA,EMEF MARIO QUINTANA,ruti,5,Língua Portuguesa,1ª Avaliação Formativa, 21912411500000734,52,,,PORTO ALEGRE,2026_1av_form_HABILIDADES_DESEMPENHO_TURMA_05anos_LP.csv,24,21,88,69,22,22,56,EMEF MARIO QUINTANA,EMEF MARIO QUINTANA,87.5,FALSE,
2026,pos_inicio_programa,1,ESC_028,,EMEF MIGRANTES,EMEF MIGRANTES,nathalia,5,Língua Portuguesa,1ª Avaliação Formativa, 21912411500000748,51,,,PORTO ALEGRE,2026_1av_form_HABILIDADES_DESEMPENHO_TURMA_05anos_LP.csv,8,7,88,56,14,57,29,EMEF MIGRANTES,EMEF MIGRANTES,87.5,FALSE,
2026,pos_inicio_programa,1,ESC_029,,EMEF MORADAS DA HIPICA,EMEF MORADAS DA HIPICA,amanda,5,Língua Portuguesa,1ª Avaliação Formativa, 21912411500000768,51,,,PORTO ALEGRE,2026_1av_form_HABILIDADES_DESEMPENHO_TURMA_05anos_LP.csv,28,24,86,86,5,18,77,EMEF MORADAS DA HIPICA,EMEF MORADAS DA HIPICA,85.71428571428571,FALSE,
2026,pos_inicio_programa,1,ESC_029,,EMEF MORADAS DA HIPICA,EMEF MORADAS DA HIPICA,amanda,5,Língua Portuguesa,1ª Avaliação Formativa, 21912411500000769,52,,,PORTO ALEGRE,2026_1av_form_HABILIDADES_DESEMPENHO_TURMA_05anos_LP.csv,25,24,96,82,4,26,70,EMEF MORADAS DA HIPICA,EMEF MORADAS DA HIPICA,96,FALSE,
2026,pos_inicio_programa,1,ESC_029,,EMEF MORADAS DA HIPICA,EMEF MORADAS DA HIPICA,amanda,5,Língua Portuguesa,1ª Avaliação Formativa, 21912411500000770,53,,,PORTO ALEGRE,2026_1av_form_HABILIDADES_DESEMPENHO_TURMA_05anos_LP.csv,27,25,93,70,16,32,52,EMEF MORADAS DA HIPICA,EMEF MORADAS DA HIPICA,92.5925925925926,FALSE,
2026,pos_inicio_programa,1,ESC_029,,EMEF MORADAS DA HIPICA,EMEF MORADAS DA HIPICA,amanda,5,Língua Portuguesa,1ª Avaliação Formativa, 21912411500000771,54,,,PORTO ALEGRE,2026_1av_form_HABILIDADES_DESEMPENHO_TURMA_05anos_LP.csv,27,27,100,89,0,22,78,EMEF MORADAS DA HIPICA,EMEF MORADAS DA HIPICA,100,FALSE,
2026,pos_inicio_programa,1,ESC_030,,EMEF MORRO DA CRUZ,EMEF MORRO DA CRUZ,andreia,5,Língua Portuguesa,1ª Avaliação Formativa, 21912411500000804,51,,,PORTO ALEGRE,2026_1av_form_HABILIDADES_DESEMPENHO_TURMA_05anos_LP.csv,23,19,83,47,32,37,32,EMEF MORRO DA CRUZ,EMEF MORRO DA CRUZ,82.6086956521739,FALSE,
2026,pos_inicio_programa,1,ESC_030,,EMEF MORRO DA CRUZ,EMEF MORRO DA CRUZ,andreia,5,Língua Portuguesa,1ª Avaliação Formativa, 21912411500000805,52,,,PORTO ALEGRE,2026_1av_form_HABILIDADES_DESEMPENHO_TURMA_05anos_LP.csv,24,21,88,36,43,43,14,EMEF MORRO DA CRUZ,EMEF MORRO DA CRUZ,87.5,FALSE,
2026,pos_inicio_programa,1,ESC_030,,EMEF MORRO DA CRUZ,EMEF MORRO DA CRUZ,andreia,5,Língua Portuguesa,1ª Avaliação Formativa, 21912411500000806,53,,,PORTO ALEGRE,2026_1av_form_HABILIDADES_DESEMPENHO_TURMA_05anos_LP.csv,27,22,81,50,36,36,27,EMEF MORRO DA CRUZ,EMEF MORRO DA CRUZ,81.48148148148148,FALSE,
2026,pos_inicio_programa,1,ESC_030,,EMEF MORRO DA CRUZ,EMEF MORRO DA CRUZ,andreia,5,Língua Portuguesa,1ª Avaliação Formativa, 21912411500000807,54,,,PORTO ALEGRE,2026_1av_form_HABILIDADES_DESEMPENHO_TURMA_05anos_LP.csv,28,24,86,28,63,29,8,EMEF MORRO DA CRUZ,EMEF MORRO DA CRUZ,85.71428571428571,FALSE,
2026,pos_inicio_programa,1,ESC_031,,EMEF NEUSA GOULART BRIZOLA,EMEF NEUSA GOULART BRIZOLA,julia,5,Língua Portuguesa,1ª Avaliação Formativa, 21912411500000829,51,,,PORTO ALEGRE,2026_1av_form_HABILIDADES_DESEMPENHO_TURMA_05anos_LP.csv,23,21,91,67,11,44,44,EMEF NEUSA GOULART BRIZOLA,EMEF NEUSA GOULART BRIZOLA,91.30434782608695,FALSE,
2026,pos_inicio_programa,1,ESC_031,,EMEF NEUSA GOULART BRIZOLA,EMEF NEUSA GOULART BRIZOLA,julia,5,Língua Portuguesa,1ª Avaliação Formativa, 21912411500000830,52,,,PORTO ALEGRE,2026_1av_form_HABILIDADES_DESEMPENHO_TURMA_05anos_LP.csv,26,25,96,66,17,38,46,EMEF NEUSA GOULART BRIZOLA,EMEF NEUSA GOULART BRIZOLA,96.15384615384616,FALSE,
2026,pos_inicio_programa,1,ESC_032,,EMEF NOSSA SENHORA DE FATIMA,EMEF NOSSA SENHORA DE FATIMA,amanda,5,Língua Portuguesa,1ª Avaliação Formativa, 21912411500000851,51,,,PORTO ALEGRE,2026_1av_form_HABILIDADES_DESEMPENHO_TURMA_05anos_LP.csv,23,19,83,61,5,53,42,EMEF NOSSA SENHORA DE FATIMA,EMEF NOSSA SENHORA DE FATIMA,82.6086956521739,FALSE,
2026,pos_inicio_programa,1,ESC_032,,EMEF NOSSA SENHORA DE FATIMA,EMEF NOSSA SENHORA DE FATIMA,amanda,5,Língua Portuguesa,1ª Avaliação Formativa, 21912411500000852,52,,,PORTO ALEGRE,2026_1av_form_HABILIDADES_DESEMPENHO_TURMA_05anos_LP.csv,27,23,85,43,30,61,9,EMEF NOSSA SENHORA DE FATIMA,EMEF NOSSA SENHORA DE FATIMA,85.18518518518519,FALSE,
2026,pos_inicio_programa,1,ESC_032,,EMEF NOSSA SENHORA DE FATIMA,EMEF NOSSA SENHORA DE FATIMA,amanda,5,Língua Portuguesa,1ª Avaliação Formativa, 21912411500000853,53,,,PORTO ALEGRE,2026_1av_form_HABILIDADES_DESEMPENHO_TURMA_05anos_LP.csv,22,15,68,44,38,38,23,EMEF NOSSA SENHORA DE FATIMA,EMEF NOSSA SENHORA DE FATIMA,68.18181818181819,FALSE,
2026,pos_inicio_programa,1,ESC_033,,EMEF NOSSA SENHORA DO CARMO,EMEF NOSSA SENHORA DO CARMO,amanda,5,Língua Portuguesa,1ª Avaliação Formativa, 21912411500000876,51,,,PORTO ALEGRE,2026_1av_form_HABILIDADES_DESEMPENHO_TURMA_05anos_LP.csv,28,23,82,65,22,26,52,EMEF NOSSA SENHORA DO CARMO,EMEF NOSSA SENHORA DO CARMO,82.14285714285714,FALSE,
2026,pos_inicio_programa,1,ESC_033,,EMEF NOSSA SENHORA DO CARMO,EMEF NOSSA SENHORA DO CARMO,amanda,5,Língua Portuguesa,1ª Avaliação Formativa, 21912411500000877,52,,,PORTO ALEGRE,2026_1av_form_HABILIDADES_DESEMPENHO_TURMA_05anos_LP.csv,29,28,97,64,14,39,46,EMEF NOSSA SENHORA DO CARMO,EMEF NOSSA SENHORA DO CARMO,96.55172413793103,FALSE,
2026,pos_inicio_programa,1,ESC_033,,EMEF NOSSA SENHORA DO CARMO,EMEF NOSSA SENHORA DO CARMO,amanda,5,Língua Portuguesa,1ª Avaliação Formativa, 21912411500000878,53,,,PORTO ALEGRE,2026_1av_form_HABILIDADES_DESEMPENHO_TURMA_05anos_LP.csv,25,20,80,63,22,39,39,EMEF NOSSA SENHORA DO CARMO,EMEF NOSSA SENHORA DO CARMO,80,FALSE,
2026,pos_inicio_programa,1,ESC_034,,EMEF PEPITA DE LEAO,EMEF PEPITA DE LEAO,nathalia,5,Língua Portuguesa,1ª Avaliação Formativa, 21912411500000902,51,,,PORTO ALEGRE,2026_1av_form_HABILIDADES_DESEMPENHO_TURMA_05anos_LP.csv,28,21,75,67,15,45,40,EMEF PEPITA DE LEAO,EMEF PEPITA DE LEAO,75,FALSE,
2026,pos_inicio_programa,1,ESC_034,,EMEF PEPITA DE LEAO,EMEF PEPITA DE LEAO,nathalia,5,Língua Portuguesa,1ª Avaliação Formativa, 21912411500000903,52,,,PORTO ALEGRE,2026_1av_form_HABILIDADES_DESEMPENHO_TURMA_05anos_LP.csv,27,25,93,69,21,29,50,EMEF PEPITA DE LEAO,EMEF PEPITA DE LEAO,92.5925925925926,FALSE,
2026,pos_inicio_programa,1,ESC_035,,EMEF PORTO NOVO,EMEF PORTO NOVO,marian,5,Língua Portuguesa,1ª Avaliação Formativa, 21912411500000920,51,,,PORTO ALEGRE,2026_1av_form_HABILIDADES_DESEMPENHO_TURMA_05anos_LP.csv,21,20,95,65,6,61,33,EMEF PORTO NOVO,EMEF PORTO NOVO,95.23809523809524,FALSE,
2026,pos_inicio_programa,1,ESC_035,,EMEF PORTO NOVO,EMEF PORTO NOVO,marian,5,Língua Portuguesa,1ª Avaliação Formativa, 21912411500000921,52,,,PORTO ALEGRE,2026_1av_form_HABILIDADES_DESEMPENHO_TURMA_05anos_LP.csv,24,23,96,61,22,35,43,EMEF PORTO NOVO,EMEF PORTO NOVO,95.83333333333333,FALSE,
2026,pos_inicio_programa,1,ESC_036,,EMEF PRES JOAO BELCHIOR MARQUES GOULART,EMEF PRES JOAO BELCHIOR MARQUES GOULART,marian,5,Língua Portuguesa,1ª Avaliação Formativa, 21912411500000944,51,,,PORTO ALEGRE,2026_1av_form_HABILIDADES_DESEMPENHO_TURMA_05anos_LP.csv,23,21,91,57,24,29,48,EMEF PRES JOAO BELCHIOR MARQUES GOULART,EMEF PRES JOAO BELCHIOR MARQUES GOULART,91.30434782608695,FALSE,
2026,pos_inicio_programa,1,ESC_036,,EMEF PRES JOAO BELCHIOR MARQUES GOULART,EMEF PRES JOAO BELCHIOR MARQUES GOULART,marian,5,Língua Portuguesa,1ª Avaliação Formativa, 21912411500000945,52,,,PORTO ALEGRE,2026_1av_form_HABILIDADES_DESEMPENHO_TURMA_05anos_LP.csv,22,21,95,55,24,48,29,EMEF PRES JOAO BELCHIOR MARQUES GOULART,EMEF PRES JOAO BELCHIOR MARQUES GOULART,95.45454545454545,FALSE,
2026,pos_inicio_programa,1,ESC_036,,EMEF PRES JOAO BELCHIOR MARQUES GOULART,EMEF PRES JOAO BELCHIOR MARQUES GOULART,marian,5,Língua Portuguesa,1ª Avaliação Formativa, 21912411500000946,53,,,PORTO ALEGRE,2026_1av_form_HABILIDADES_DESEMPENHO_TURMA_05anos_LP.csv,26,26,100,75,4,46,50,EMEF PRES JOAO BELCHIOR MARQUES GOULART,EMEF PRES JOAO BELCHIOR MARQUES GOULART,100,FALSE,
2026,pos_inicio_programa,1,ESC_037,,EMEF PRESIDENTE VARGAS,EMEF PRESIDENTE VARGAS,eliane,5,Língua Portuguesa,1ª Avaliação Formativa, 21912411500000963,51,,,PORTO ALEGRE,2026_1av_form_HABILIDADES_DESEMPENHO_TURMA_05anos_LP.csv,23,22,96,68,12,47,41,EMEF PRESIDENTE VARGAS,EMEF PRESIDENTE VARGAS,95.65217391304348,FALSE,
2026,pos_inicio_programa,1,ESC_037,,EMEF PRESIDENTE VARGAS,EMEF PRESIDENTE VARGAS,eliane,5,Língua Portuguesa,1ª Avaliação Formativa, 21912411500000964,52,,,PORTO ALEGRE,2026_1av_form_HABILIDADES_DESEMPENHO_TURMA_05anos_LP.csv,24,23,96,64,16,37,47,EMEF PRESIDENTE VARGAS,EMEF PRESIDENTE VARGAS,95.83333333333333,FALSE,
2026,pos_inicio_programa,1,ESC_038,,EMEF PROF ANA IRIS DO AMARAL,EMEF PROF ANA IRIS DO AMARAL,eliane,5,Língua Portuguesa,1ª Avaliação Formativa, 21912411500000981,51,,,PORTO ALEGRE,2026_1av_form_HABILIDADES_DESEMPENHO_TURMA_05anos_LP.csv,20,19,95,81,0,22,78,EMEF PROF ANA IRIS DO AMARAL,EMEF PROF ANA IRIS DO AMARAL,95,FALSE,
2026,pos_inicio_programa,1,ESC_038,,EMEF PROF ANA IRIS DO AMARAL,EMEF PROF ANA IRIS DO AMARAL,eliane,5,Língua Portuguesa,1ª Avaliação Formativa, 21912411500000982,52,,,PORTO ALEGRE,2026_1av_form_HABILIDADES_DESEMPENHO_TURMA_05anos_LP.csv,19,17,89,80,0,41,59,EMEF PROF ANA IRIS DO AMARAL,EMEF PROF ANA IRIS DO AMARAL,89.47368421052632,FALSE,
2026,pos_inicio_programa,1,ESC_039,,EMEF PROF ANISIO TEIXEIRA,EMEF PROF ANISIO TEIXEIRA,andreia,5,Língua Portuguesa,1ª Avaliação Formativa, 21912411500001006,51,,,PORTO ALEGRE,2026_1av_form_HABILIDADES_DESEMPENHO_TURMA_05anos_LP.csv,29,27,93,81,4,27,69,EMEF PROF ANISIO TEIXEIRA,EMEF PROF ANISIO TEIXEIRA,93.10344827586206,FALSE,
2026,pos_inicio_programa,1,ESC_039,,EMEF PROF ANISIO TEIXEIRA,EMEF PROF ANISIO TEIXEIRA,andreia,5,Língua Portuguesa,1ª Avaliação Formativa, 21912411500001007,52,,,PORTO ALEGRE,2026_1av_form_HABILIDADES_DESEMPENHO_TURMA_05anos_LP.csv,29,28,97,78,0,36,64,EMEF PROF ANISIO TEIXEIRA,EMEF PROF ANISIO TEIXEIRA,96.55172413793103,FALSE,
2026,pos_inicio_programa,1,ESC_039,,EMEF PROF ANISIO TEIXEIRA,EMEF PROF ANISIO TEIXEIRA,andreia,5,Língua Portuguesa,1ª Avaliação Formativa, 21912411500001008,53,,,PORTO ALEGRE,2026_1av_form_HABILIDADES_DESEMPENHO_TURMA_05anos_LP.csv,28,25,89,80,5,24,71,EMEF PROF ANISIO TEIXEIRA,EMEF PROF ANISIO TEIXEIRA,89.28571428571429,FALSE,
2026,pos_inicio_programa,1,ESC_040,,EMEF PROF GILBERTO JORGE GONCALVES DA SILVA,EMEF PROF GILBERTO JORGE GONCALVES DA SILVA,ruti,5,Língua Portuguesa,1ª Avaliação Formativa, 21912411500001030,51,,,PORTO ALEGRE,2026_1av_form_HABILIDADES_DESEMPENHO_TURMA_05anos_LP.csv,21,19,90,74,6,44,50,EMEF PROF GILBERTO JORGE GONCALVES DA SILVA,EMEF PROF GILBERTO JORGE GONCALVES DA SILVA,90.47619047619048,FALSE,
2026,pos_inicio_programa,1,ESC_041,,EMEF PROF JUDITH MACEDO DE ARAUJO,EMEF PROF JUDITH MACEDO DE ARAUJO,graziela,5,Língua Portuguesa,1ª Avaliação Formativa, 21912411500001048,51,,,PORTO ALEGRE,2026_1av_form_HABILIDADES_DESEMPENHO_TURMA_05anos_LP.csv,28,27,96,64,16,36,48,EMEF PROF JUDITH MACEDO DE ARAUJO,EMEF PROF JUDITH MACEDO DE ARAUJO,96.42857142857143,FALSE,
2026,pos_inicio_programa,1,ESC_041,,EMEF PROF JUDITH MACEDO DE ARAUJO,EMEF PROF JUDITH MACEDO DE ARAUJO,graziela,5,Língua Portuguesa,1ª Avaliação Formativa, 21912411500001049,52,,,PORTO ALEGRE,2026_1av_form_HABILIDADES_DESEMPENHO_TURMA_05anos_LP.csv,28,24,86,68,0,61,39,EMEF PROF JUDITH MACEDO DE ARAUJO,EMEF PROF JUDITH MACEDO DE ARAUJO,85.71428571428571,FALSE,
2026,pos_inicio_programa,1,ESC_041,,EMEF PROF JUDITH MACEDO DE ARAUJO,EMEF PROF JUDITH MACEDO DE ARAUJO,graziela,5,Língua Portuguesa,1ª Avaliação Formativa, 21912411500001050,53,,,PORTO ALEGRE,2026_1av_form_HABILIDADES_DESEMPENHO_TURMA_05anos_LP.csv,25,20,80,59,21,37,42,EMEF PROF JUDITH MACEDO DE ARAUJO,EMEF PROF JUDITH MACEDO DE ARAUJO,80,FALSE,
2026,pos_inicio_programa,1,ESC_042,,EMEF PROF LARRY JOSE RIBEIRO ALVES,EMEF PROF LARRY JOSE RIBEIRO ALVES,amanda,5,Língua Portuguesa,1ª Avaliação Formativa, 21912411500001078,51,,,PORTO ALEGRE,2026_1av_form_HABILIDADES_DESEMPENHO_TURMA_05anos_LP.csv,25,23,92,65,10,48,43,EMEF PROF LARRY JOSE RIBEIRO ALVES,EMEF PROF LARRY JOSE RIBEIRO ALVES,92,FALSE,
2026,pos_inicio_programa,1,ESC_042,,EMEF PROF LARRY JOSE RIBEIRO ALVES,EMEF PROF LARRY JOSE RIBEIRO ALVES,amanda,5,Língua Portuguesa,1ª Avaliação Formativa, 21912411500001079,52,,,PORTO ALEGRE,2026_1av_form_HABILIDADES_DESEMPENHO_TURMA_05anos_LP.csv,25,22,88,67,24,29,48,EMEF PROF LARRY JOSE RIBEIRO ALVES,EMEF PROF LARRY JOSE RIBEIRO ALVES,88,FALSE,
2026,pos_inicio_programa,1,ESC_042,,EMEF PROF LARRY JOSE RIBEIRO ALVES,EMEF PROF LARRY JOSE RIBEIRO ALVES,amanda,5,Língua Portuguesa,1ª Avaliação Formativa, 21912411500001080,53,,,PORTO ALEGRE,2026_1av_form_HABILIDADES_DESEMPENHO_TURMA_05anos_LP.csv,27,27,100,77,0,44,56,EMEF PROF LARRY JOSE RIBEIRO ALVES,EMEF PROF LARRY JOSE RIBEIRO ALVES,100,FALSE,
2026,pos_inicio_programa,1,ESC_043,,EMEF RINCAO,EMEF RINCAO,jalize,5,Língua Portuguesa,1ª Avaliação Formativa, 21912411500001101,51,,,PORTO ALEGRE,2026_1av_form_HABILIDADES_DESEMPENHO_TURMA_05anos_LP.csv,29,25,86,49,33,42,25,EMEF RINCAO,EMEF RINCAO,86.20689655172414,FALSE,
2026,pos_inicio_programa,1,ESC_043,,EMEF RINCAO,EMEF RINCAO,jalize,5,Língua Portuguesa,1ª Avaliação Formativa, 21912411500001102,52,,,PORTO ALEGRE,2026_1av_form_HABILIDADES_DESEMPENHO_TURMA_05anos_LP.csv,29,25,86,46,39,35,26,EMEF RINCAO,EMEF RINCAO,86.20689655172414,FALSE,
2026,pos_inicio_programa,1,ESC_044,,EMEF SAINT HILAIRE,EMEF SAINT HILAIRE,andreia,5,Língua Portuguesa,1ª Avaliação Formativa, 21912411500001126,51,,,PORTO ALEGRE,2026_1av_form_HABILIDADES_DESEMPENHO_TURMA_05anos_LP.csv,23,22,96,70,10,43,48,EMEF SAINT HILAIRE,EMEF SAINT HILAIRE,95.65217391304348,FALSE,
2026,pos_inicio_programa,1,ESC_044,,EMEF SAINT HILAIRE,EMEF SAINT HILAIRE,andreia,5,Língua Portuguesa,1ª Avaliação Formativa, 21912411500001127,52,,,PORTO ALEGRE,2026_1av_form_HABILIDADES_DESEMPENHO_TURMA_05anos_LP.csv,26,24,92,72,8,29,63,EMEF SAINT HILAIRE,EMEF SAINT HILAIRE,92.3076923076923,FALSE,
2026,pos_inicio_programa,1,ESC_044,,EMEF SAINT HILAIRE,EMEF SAINT HILAIRE,andreia,5,Língua Portuguesa,1ª Avaliação Formativa, 21912411500001128,53,,,PORTO ALEGRE,2026_1av_form_HABILIDADES_DESEMPENHO_TURMA_05anos_LP.csv,26,25,96,60,21,38,42,EMEF SAINT HILAIRE,EMEF SAINT HILAIRE,96.15384615384616,FALSE,
2026,pos_inicio_programa,1,ESC_044,,EMEF SAINT HILAIRE,EMEF SAINT HILAIRE,andreia,5,Língua Portuguesa,1ª Avaliação Formativa, 21912411500001129,54,,,PORTO ALEGRE,2026_1av_form_HABILIDADES_DESEMPENHO_TURMA_05anos_LP.csv,21,18,86,66,11,39,50,EMEF SAINT HILAIRE,EMEF SAINT HILAIRE,85.71428571428571,FALSE,
2026,pos_inicio_programa,1,ESC_045,,EMEF SAO PEDRO,EMEF SAO PEDRO,marian,5,Língua Portuguesa,1ª Avaliação Formativa, 21912411500001162,51,,,PORTO ALEGRE,2026_1av_form_HABILIDADES_DESEMPENHO_TURMA_05anos_LP.csv,27,21,78,53,30,40,30,EMEF SAO PEDRO,EMEF SAO PEDRO,77.77777777777777,FALSE,
2026,pos_inicio_programa,1,ESC_045,,EMEF SAO PEDRO,EMEF SAO PEDRO,marian,5,Língua Portuguesa,1ª Avaliação Formativa, 21912411500001163,52,,,PORTO ALEGRE,2026_1av_form_HABILIDADES_DESEMPENHO_TURMA_05anos_LP.csv,25,23,92,55,26,43,30,EMEF SAO PEDRO,EMEF SAO PEDRO,92,FALSE,
2026,pos_inicio_programa,1,ESC_045,,EMEF SAO PEDRO,EMEF SAO PEDRO,marian,5,Língua Portuguesa,1ª Avaliação Formativa, 21912411500001164,53,,,PORTO ALEGRE,2026_1av_form_HABILIDADES_DESEMPENHO_TURMA_05anos_LP.csv,26,25,96,50,22,57,22,EMEF SAO PEDRO,EMEF SAO PEDRO,96.15384615384616,FALSE,
2026,pos_inicio_programa,1,ESC_045,,EMEF SAO PEDRO,EMEF SAO PEDRO,marian,5,Língua Portuguesa,1ª Avaliação Formativa, 21912411500001165,54,,,PORTO ALEGRE,2026_1av_form_HABILIDADES_DESEMPENHO_TURMA_05anos_LP.csv,26,24,92,61,22,35,43,EMEF SAO PEDRO,EMEF SAO PEDRO,92.3076923076923,FALSE,
2026,pos_inicio_programa,1,ESC_046,,EMEF SEN ALBERTO PASQUALINI,EMEF SEN ALBERTO PASQUALINI,julia,5,Língua Portuguesa,1ª Avaliação Formativa, 21912411500001198,51,,,PORTO ALEGRE,2026_1av_form_HABILIDADES_DESEMPENHO_TURMA_05anos_LP.csv,28,23,82,59,29,33,38,EMEF SEN ALBERTO PASQUALINI,EMEF SEN ALBERTO PASQUALINI,82.14285714285714,FALSE,
2026,pos_inicio_programa,1,ESC_046,,EMEF SEN ALBERTO PASQUALINI,EMEF SEN ALBERTO PASQUALINI,julia,5,Língua Portuguesa,1ª Avaliação Formativa, 21912411500001199,52,,,PORTO ALEGRE,2026_1av_form_HABILIDADES_DESEMPENHO_TURMA_05anos_LP.csv,27,20,74,56,24,41,35,EMEF SEN ALBERTO PASQUALINI,EMEF SEN ALBERTO PASQUALINI,74.07407407407408,FALSE,
2026,pos_inicio_programa,1,ESC_046,,EMEF SEN ALBERTO PASQUALINI,EMEF SEN ALBERTO PASQUALINI,julia,5,Língua Portuguesa,1ª Avaliação Formativa, 21912411500001200,53,,,PORTO ALEGRE,2026_1av_form_HABILIDADES_DESEMPENHO_TURMA_05anos_LP.csv,27,24,89,47,39,35,26,EMEF SEN ALBERTO PASQUALINI,EMEF SEN ALBERTO PASQUALINI,88.88888888888889,FALSE,
2026,pos_inicio_programa,1,ESC_046,,EMEF SEN ALBERTO PASQUALINI,EMEF SEN ALBERTO PASQUALINI,julia,5,Língua Portuguesa,1ª Avaliação Formativa, 21912411500001201,54,,,PORTO ALEGRE,2026_1av_form_HABILIDADES_DESEMPENHO_TURMA_05anos_LP.csv,26,21,81,72,10,30,60,EMEF SEN ALBERTO PASQUALINI,EMEF SEN ALBERTO PASQUALINI,80.76923076923077,FALSE,
2026,pos_inicio_programa,1,ESC_047,,EMEF TIMBAUVA,EMEF TIMBAUVA,nathalia,5,Língua Portuguesa,1ª Avaliação Formativa, 21912411500001229,51,,,PORTO ALEGRE,2026_1av_form_HABILIDADES_DESEMPENHO_TURMA_05anos_LP.csv,19,19,100,43,35,35,29,EMEF TIMBAUVA,EMEF TIMBAUVA,100,FALSE,
2026,pos_inicio_programa,1,ESC_047,,EMEF TIMBAUVA,EMEF TIMBAUVA,nathalia,5,Língua Portuguesa,1ª Avaliação Formativa, 21912411500001230,52,,,PORTO ALEGRE,2026_1av_form_HABILIDADES_DESEMPENHO_TURMA_05anos_LP.csv,24,22,92,40,25,60,15,EMEF TIMBAUVA,EMEF TIMBAUVA,91.66666666666667,FALSE,
2026,pos_inicio_programa,1,ESC_047,,EMEF TIMBAUVA,EMEF TIMBAUVA,nathalia,5,Língua Portuguesa,1ª Avaliação Formativa, 21912411500001231,53,,,PORTO ALEGRE,2026_1av_form_HABILIDADES_DESEMPENHO_TURMA_05anos_LP.csv,27,25,93,82,4,25,71,EMEF TIMBAUVA,EMEF TIMBAUVA,92.5925925925926,FALSE,
2026,pos_inicio_programa,1,ESC_048,,EMEF VER ANTONIO GIUDICE,EMEF VER ANTONIO GIUDICE,clarissa,5,Língua Portuguesa,1ª Avaliação Formativa, 21912411500001258,51,,,PORTO ALEGRE,2026_1av_form_HABILIDADES_DESEMPENHO_TURMA_05anos_LP.csv,27,24,89,73,9,35,57,EMEF VER ANTONIO GIUDICE,EMEF VER ANTONIO GIUDICE,88.88888888888889,FALSE,
2026,pos_inicio_programa,1,ESC_048,,EMEF VER ANTONIO GIUDICE,EMEF VER ANTONIO GIUDICE,clarissa,5,Língua Portuguesa,1ª Avaliação Formativa, 21912411500001259,52,,,PORTO ALEGRE,2026_1av_form_HABILIDADES_DESEMPENHO_TURMA_05anos_LP.csv,25,23,92,69,9,35,57,EMEF VER ANTONIO GIUDICE,EMEF VER ANTONIO GIUDICE,92,FALSE,
2026,pos_inicio_programa,1,ESC_048,,EMEF VER ANTONIO GIUDICE,EMEF VER ANTONIO GIUDICE,clarissa,5,Língua Portuguesa,1ª Avaliação Formativa, 21912411500001260,53,,,PORTO ALEGRE,2026_1av_form_HABILIDADES_DESEMPENHO_TURMA_05anos_LP.csv,24,22,92,83,5,20,75,EMEF VER ANTONIO GIUDICE,EMEF VER ANTONIO GIUDICE,91.66666666666667,FALSE,
2026,pos_inicio_programa,1,ESC_049,,EMEF VER CARLOS PESSOA DE BRUM,EMEF VER CARLOS PESSOA DE BRUM,priscila,5,Língua Portuguesa,1ª Avaliação Formativa, 21912411500001292,51,,,PORTO ALEGRE,2026_1av_form_HABILIDADES_DESEMPENHO_TURMA_05anos_LP.csv,27,22,81,51,26,47,26,EMEF VER CARLOS PESSOA DE BRUM,EMEF VER CARLOS PESSOA DE BRUM,81.48148148148148,FALSE,
2026,pos_inicio_programa,1,ESC_049,,EMEF VER CARLOS PESSOA DE BRUM,EMEF VER CARLOS PESSOA DE BRUM,priscila,5,Língua Portuguesa,1ª Avaliação Formativa, 21912411500001293,52,,,PORTO ALEGRE,2026_1av_form_HABILIDADES_DESEMPENHO_TURMA_05anos_LP.csv,24,21,88,61,14,48,38,EMEF VER CARLOS PESSOA DE BRUM,EMEF VER CARLOS PESSOA DE BRUM,87.5,FALSE,
2026,pos_inicio_programa,1,ESC_049,,EMEF VER CARLOS PESSOA DE BRUM,EMEF VER CARLOS PESSOA DE BRUM,priscila,5,Língua Portuguesa,1ª Avaliação Formativa, 21912411500001294,53,,,PORTO ALEGRE,2026_1av_form_HABILIDADES_DESEMPENHO_TURMA_05anos_LP.csv,27,19,70,46,28,50,22,EMEF VER CARLOS PESSOA DE BRUM,EMEF VER CARLOS PESSOA DE BRUM,70.37037037037037,FALSE,
2026,pos_inicio_programa,1,ESC_049,,EMEF VER CARLOS PESSOA DE BRUM,EMEF VER CARLOS PESSOA DE BRUM,priscila,5,Língua Portuguesa,1ª Avaliação Formativa, 21912411500001295,54,,,PORTO ALEGRE,2026_1av_form_HABILIDADES_DESEMPENHO_TURMA_05anos_LP.csv,24,18,75,74,7,53,40,EMEF VER CARLOS PESSOA DE BRUM,EMEF VER CARLOS PESSOA DE BRUM,75,FALSE,
2026,pos_inicio_programa,1,ESC_049,,EMEF VER CARLOS PESSOA DE BRUM,EMEF VER CARLOS PESSOA DE BRUM,priscila,5,Língua Portuguesa,1ª Avaliação Formativa, 21912411500001296,55,,,PORTO ALEGRE,2026_1av_form_HABILIDADES_DESEMPENHO_TURMA_05anos_LP.csv,27,25,93,67,17,38,46,EMEF VER CARLOS PESSOA DE BRUM,EMEF VER CARLOS PESSOA DE BRUM,92.5925925925926,FALSE,
2026,pos_inicio_programa,1,ESC_049,,EMEF VER CARLOS PESSOA DE BRUM,EMEF VER CARLOS PESSOA DE BRUM,priscila,5,Língua Portuguesa,1ª Avaliação Formativa, 21912411500001297,56,,,PORTO ALEGRE,2026_1av_form_HABILIDADES_DESEMPENHO_TURMA_05anos_LP.csv,23,18,78,29,60,27,13,EMEF VER CARLOS PESSOA DE BRUM,EMEF VER CARLOS PESSOA DE BRUM,78.26086956521739,FALSE,
2026,pos_inicio_programa,1,ESC_050,,EMEF VER MARTIM ARANHA,EMEF VER MARTIM ARANHA,priscila,5,Língua Portuguesa,1ª Avaliação Formativa, 21912411500001326,51,,,PORTO ALEGRE,2026_1av_form_HABILIDADES_DESEMPENHO_TURMA_05anos_LP.csv,22,18,82,45,31,63,6,EMEF VER MARTIM ARANHA,EMEF VER MARTIM ARANHA,81.81818181818181,FALSE,
2026,pos_inicio_programa,1,ESC_050,,EMEF VER MARTIM ARANHA,EMEF VER MARTIM ARANHA,priscila,5,Língua Portuguesa,1ª Avaliação Formativa, 21912411500001327,52,,,PORTO ALEGRE,2026_1av_form_HABILIDADES_DESEMPENHO_TURMA_05anos_LP.csv,18,16,89,43,27,73,0,EMEF VER MARTIM ARANHA,EMEF VER MARTIM ARANHA,88.88888888888889,FALSE,
2026,pos_inicio_programa,1,ESC_050,,EMEF VER MARTIM ARANHA,EMEF VER MARTIM ARANHA,priscila,5,Língua Portuguesa,1ª Avaliação Formativa, 21912411500001329,54,,,PORTO ALEGRE,2026_1av_form_HABILIDADES_DESEMPENHO_TURMA_05anos_LP.csv,23,21,91,50,40,25,35,EMEF VER MARTIM ARANHA,EMEF VER MARTIM ARANHA,91.30434782608695,FALSE,
2026,pos_inicio_programa,1,ESC_051,,EMEF VILA MONTE CRISTO,EMEF VILA MONTE CRISTO,graziela,5,Língua Portuguesa,1ª Avaliação Formativa, 21912411500001357,51,,,PORTO ALEGRE,2026_1av_form_HABILIDADES_DESEMPENHO_TURMA_05anos_LP.csv,21,17,81,68,14,43,43,EMEF VILA MONTE CRISTO,EMEF VILA MONTE CRISTO,80.95238095238095,FALSE,
2026,pos_inicio_programa,1,ESC_051,,EMEF VILA MONTE CRISTO,EMEF VILA MONTE CRISTO,graziela,5,Língua Portuguesa,1ª Avaliação Formativa, 21912411500001358,52,,,PORTO ALEGRE,2026_1av_form_HABILIDADES_DESEMPENHO_TURMA_05anos_LP.csv,23,22,96,64,14,43,43,EMEF VILA MONTE CRISTO,EMEF VILA MONTE CRISTO,95.65217391304348,FALSE,
2026,pos_inicio_programa,1,ESC_051,,EMEF VILA MONTE CRISTO,EMEF VILA MONTE CRISTO,graziela,5,Língua Portuguesa,1ª Avaliação Formativa, 21912411500001359,53,,,PORTO ALEGRE,2026_1av_form_HABILIDADES_DESEMPENHO_TURMA_05anos_LP.csv,21,18,86,70,13,31,56,EMEF VILA MONTE CRISTO,EMEF VILA MONTE CRISTO,85.71428571428571,FALSE,
2026,pos_inicio_programa,1,ESC_051,,EMEF VILA MONTE CRISTO,EMEF VILA MONTE CRISTO,graziela,5,Língua Portuguesa,1ª Avaliação Formativa, 21912411500001360,54,,,PORTO ALEGRE,2026_1av_form_HABILIDADES_DESEMPENHO_TURMA_05anos_LP.csv,19,16,84,76,14,29,57,EMEF VILA MONTE CRISTO,EMEF VILA MONTE CRISTO,84.21052631578948,FALSE,
2026,pos_inicio_programa,1,ESC_052,,EMEF WENCESLAU FONTOURA,EMEF WENCESLAU FONTOURA,eliane,5,Língua Portuguesa,1ª Avaliação Formativa, 21912411500001392,51,,,PORTO ALEGRE,2026_1av_form_HABILIDADES_DESEMPENHO_TURMA_05anos_LP.csv,27,24,89,25,61,26,13,EMEF WENCESLAU FONTOURA,EMEF WENCESLAU FONTOURA,88.88888888888889,FALSE,
2026,pos_inicio_programa,1,ESC_052,,EMEF WENCESLAU FONTOURA,EMEF WENCESLAU FONTOURA,eliane,5,Língua Portuguesa,1ª Avaliação Formativa, 21912411500001393,52,,,PORTO ALEGRE,2026_1av_form_HABILIDADES_DESEMPENHO_TURMA_05anos_LP.csv,29,28,97,67,18,29,54,EMEF WENCESLAU FONTOURA,EMEF WENCESLAU FONTOURA,96.55172413793103,FALSE,
2026,pos_inicio_programa,1,ESC_052,,EMEF WENCESLAU FONTOURA,EMEF WENCESLAU FONTOURA,eliane,5,Língua Portuguesa,1ª Avaliação Formativa, 21912411500001394,53,,,PORTO ALEGRE,2026_1av_form_HABILIDADES_DESEMPENHO_TURMA_05anos_LP.csv,26,22,85,62,27,27,45,EMEF WENCESLAU FONTOURA,EMEF WENCESLAU FONTOURA,84.61538461538461,FALSE,
2026,pos_inicio_programa,1,ESC_053,,EMEM EMILIO MEYER,EMEM EMILIO MEYER,ruti,5,Língua Portuguesa,1ª Avaliação Formativa, 21912411500001425,51,,,PORTO ALEGRE,2026_1av_form_HABILIDADES_DESEMPENHO_TURMA_05anos_LP.csv,19,19,100,61,24,35,41,EMEM EMILIO MEYER,EMEM EMILIO MEYER,100,FALSE,
2026,pos_inicio_programa,1,ESC_053,,EMEM EMILIO MEYER,EMEM EMILIO MEYER,ruti,5,Língua Portuguesa,1ª Avaliação Formativa, 21912411500001426,52,,,PORTO ALEGRE,2026_1av_form_HABILIDADES_DESEMPENHO_TURMA_05anos_LP.csv,23,19,83,61,18,47,35,EMEM EMILIO MEYER,EMEM EMILIO MEYER,82.6086956521739,FALSE,
2026,pos_inicio_programa,1,ESC_053,,EMEM EMILIO MEYER,EMEM EMILIO MEYER,ruti,5,Língua Portuguesa,1ª Avaliação Formativa, 21912411500001427,53,,,PORTO ALEGRE,2026_1av_form_HABILIDADES_DESEMPENHO_TURMA_05anos_LP.csv,24,22,92,68,26,11,63,EMEM EMILIO MEYER,EMEM EMILIO MEYER,91.66666666666667,FALSE,
2026,pos_inicio_programa,1,ESC_054,,ESC EST ENS FUN PROFESSORA LEOPOLDA BARNEWITZ,ESC EST ENS FUN PROFESSORA LEOPOLDA BARNEWITZ,julia,5,Língua Portuguesa,1ª Avaliação Formativa, 21912411500001445,51,,,PORTO ALEGRE,2026_1av_form_HABILIDADES_DESEMPENHO_TURMA_05anos_LP.csv,20,19,95,73,16,26,58,ESC EST ENS FUN PROFESSORA LEOPOLDA BARNEWITZ,ESC EST ENS FUN PROFESSORA LEOPOLDA BARNEWITZ,95,FALSE,
