ano,periodo_programa,exposicao_programa,id_escola,codigo_inep,nome_canonico,assessora,ano_escolar,componente,avaliacao,numero_turmas,previstos,avaliados,proficiencia_min_turma,proficiencia_max_turma,desvio_proficiencia_entre_turmas,cv_proficiencia_entre_turmas,menor_participacao_turma,maior_participacao_turma,taxa_participacao,proficiencia_media,pct_defasagem,pct_intermediario,pct_adequado,soma_niveis_aprendizagem,diferenca_soma_100,participacao_70,participacao_80,participacao_90,presente_2025,presente_2026,painel_balanceado
2025,linha_base_pre_programa,0,ESC_001,,EEF PEQUENA CASA DA CRIANCA,outras,1,Língua Portuguesa,1ª Avaliação Formativa,3,46,36,26,92,33,55.932203389830505,68.75,85.71428571428571,78.26086956521739,59.916666666666664,19.694444444444443,39.05555555555556,41.611111111111114,100.36111111111111,0.36111111111111427,TRUE,FALSE,FALSE,TRUE,TRUE,TRUE
2026,pos_inicio_programa,1,ESC_001,,EEF PEQUENA CASA DA CRIANCA,outras,1,Língua Portuguesa,1ª Avaliação Formativa,3,49,38,12,52,20.984120980716188,74.06160346135125,62.5,94.11764705882354,77.55102040816327,31.210526315789473,62.8421052631579,18.842105263157894,18.31578947368421,100,0,TRUE,FALSE,FALSE,TRUE,TRUE,TRUE
2025,linha_base_pre_programa,0,ESC_001,,EEF PEQUENA CASA DA CRIANCA,outras,2,Língua Portuguesa,1ª Avaliação Formativa,3,56,37,49,64,7.505553499465135,13.323467750529826,57.89473684210526,80,66.07142857142857,57.37837837837838,18.864864864864863,51.67567567567568,29.89189189189189,100.43243243243244,0.4324324324324351,FALSE,FALSE,FALSE,TRUE,TRUE,TRUE
2026,pos_inicio_programa,1,ESC_001,,EEF PEQUENA CASA DA CRIANCA,outras,2,Língua Portuguesa,1ª Avaliação Formativa,3,46,41,32,58,13.316656236958787,30.730745162212582,78.57142857142857,93.75,89.1304347826087,41.90243902439025,36.707317073170735,52.926829268292686,10.365853658536585,100,0,TRUE,TRUE,FALSE,TRUE,TRUE,TRUE
2025,linha_base_pre_programa,0,ESC_001,,EEF PEQUENA CASA DA CRIANCA,outras,3,Língua Portuguesa,1ª Avaliação Formativa,4,70,55,19,84,28.902133715927157,51.61095306415564,58.8235294117647,88.88888888888889,78.57142857142857,56.527272727272724,30.963636363636365,29.21818181818182,39.81818181818182,100,0,TRUE,FALSE,FALSE,TRUE,TRUE,TRUE
2026,pos_inicio_programa,1,ESC_001,,EEF PEQUENA CASA DA CRIANCA,outras,3,Língua Portuguesa,1ª Avaliação Formativa,4,63,60,38,53,7.41057802513857,16.559950894164402,94.11764705882354,100,95.23809523809524,44.28333333333333,40.06666666666667,28.566666666666666,31.45,100.08333333333334,0.08333333333334281,TRUE,TRUE,TRUE,TRUE,TRUE,TRUE
2025,linha_base_pre_programa,0,ESC_001,,EEF PEQUENA CASA DA CRIANCA,outras,4,Língua Portuguesa,1ª Avaliação Formativa,3,57,46,55,60,2.516611478423583,4.364066147555347,78.94736842105263,83.33333333333333,80.70175438596492,57.71739130434783,24.08695652173913,35,41.58695652173913,100.67391304347825,0.673913043478251,TRUE,TRUE,FALSE,TRUE,TRUE,TRUE
2026,pos_inicio_programa,1,ESC_001,,EEF PEQUENA CASA DA CRIANCA,outras,4,Língua Portuguesa,1ª Avaliação Formativa,3,72,62,24,64,20.008331597945226,45.820606712851664,76.92307692307692,100,86.11111111111111,44.96774193548387,43.854838709677416,23.161290322580644,32.983870967741936,100,0,TRUE,TRUE,FALSE,TRUE,TRUE,TRUE
2025,linha_base_pre_programa,0,ESC_001,,EEF PEQUENA CASA DA CRIANCA,outras,5,Língua Portuguesa,1ª Avaliação Formativa,2,29,20,72,77,3.5355339059327378,4.745683095211729,57.142857142857146,80,68.96551724137932,74,0,45.2,54.8,100,0,FALSE,FALSE,FALSE,TRUE,TRUE,TRUE
2026,pos_inicio_programa,1,ESC_001,,EEF PEQUENA CASA DA CRIANCA,outras,5,Língua Portuguesa,1ª Avaliação Formativa,2,38,36,48,62,9.899494936611665,17.9990817029303,89.47368421052632,100,94.73684210526316,55.388888888888886,19.5,49.97222222222222,30.583333333333332,100.05555555555556,0.055555555555557135,TRUE,TRUE,TRUE,TRUE,TRUE,TRUE
2025,linha_base_pre_programa,0,ESC_002,,EMEB DR LIBERATO SALZANO VIEIRA DA CUNHA,clarissa,1,Língua Portuguesa,1ª Avaliação Formativa,4,90,75,21,54,16.214705259938174,42.39138630049196,78.26086956521739,86.95652173913044,83.33333333333333,38.53333333333333,49.266666666666666,29.573333333333334,21.4,100.24000000000001,0.2400000000000091,TRUE,TRUE,FALSE,TRUE,TRUE,TRUE
2026,pos_inicio_programa,1,ESC_002,,EMEB DR LIBERATO SALZANO VIEIRA DA CUNHA,clarissa,1,Língua Portuguesa,1ª Avaliação Formativa,4,75,57,15,49,16.673332000533065,41.68333000133266,62.5,90,76,39.49122807017544,48.80701754385965,24.31578947368421,27.05263157894737,100.17543859649123,0.17543859649123306,TRUE,FALSE,FALSE,TRUE,TRUE,TRUE
2025,linha_base_pre_programa,0,ESC_002,,EMEB DR LIBERATO SALZANO VIEIRA DA CUNHA,clarissa,2,Língua Portuguesa,1ª Avaliação Formativa,4,88,69,48,82,18.300728582946274,27.623741257277395,63.63636363636363,90.9090909090909,78.4090909090909,65.71014492753623,21.92753623188406,30.594202898550726,47.98550724637681,100.5072463768116,0.5072463768115938,TRUE,FALSE,FALSE,TRUE,TRUE,TRUE
2026,pos_inicio_programa,1,ESC_002,,EMEB DR LIBERATO SALZANO VIEIRA DA CUNHA,clarissa,2,Língua Portuguesa,1ª Avaliação Formativa,4,81,74,35,41,2.449489742783178,6.4460256389031,86.36363636363636,95,91.35802469135803,38.08108108108108,47,36.986486486486484,16.243243243243242,100.22972972972973,0.22972972972972627,TRUE,TRUE,TRUE,TRUE,TRUE,TRUE
2025,linha_base_pre_programa,0,ESC_002,,EMEB DR LIBERATO SALZANO VIEIRA DA CUNHA,clarissa,3,Língua Portuguesa,1ª Avaliação Formativa,4,97,77,22,79,23.837994882120434,44.76618757205715,75,86.36363636363636,79.38144329896907,53.116883116883116,33.5974025974026,33.753246753246756,32.4025974025974,99.75324675324674,0.24675324675325783,TRUE,FALSE,FALSE,TRUE,TRUE,TRUE
2026,pos_inicio_programa,1,ESC_002,,EMEB DR LIBERATO SALZANO VIEIRA DA CUNHA,clarissa,3,Língua Portuguesa,1ª Avaliação Formativa,4,98,82,24,58,14.080127840328723,32.935971556324496,70.83333333333333,100,83.6734693877551,43.74390243902439,36.48780487804878,34.28048780487805,28.914634146341463,99.6829268292683,0.31707317073170316,TRUE,TRUE,FALSE,TRUE,TRUE,TRUE
2025,linha_base_pre_programa,0,ESC_002,,EMEB DR LIBERATO SALZANO VIEIRA DA CUNHA,clarissa,4,Língua Portuguesa,1ª Avaliação Formativa,4,99,80,9,82,32.64965543462902,57.280097253735114,72,92,80.8080808080808,56.5875,36.2875,16.225,47.775,100.2875,0.2874999999999943,TRUE,TRUE,FALSE,TRUE,TRUE,TRUE
2026,pos_inicio_programa,1,ESC_002,,EMEB DR LIBERATO SALZANO VIEIRA DA CUNHA,clarissa,4,Língua Portuguesa,1ª Avaliação Formativa,4,92,81,41,65,11.026483271348727,19.260232788382055,81.81818181818181,100,88.04347826086956,57.44444444444444,31.061728395061728,22.506172839506174,46.135802469135804,99.7037037037037,0.2962962962963047,TRUE,TRUE,FALSE,TRUE,TRUE,TRUE
2025,linha_base_pre_programa,0,ESC_002,,EMEB DR LIBERATO SALZANO VIEIRA DA CUNHA,clarissa,5,Língua Portuguesa,1ª Avaliação Formativa,4,82,62,32,76,21.11081871142535,33.24538379752023,70,82.6086956521739,75.60975609756098,64.30645161290323,19.387096774193548,22.532258064516128,57.854838709677416,99.7741935483871,0.2258064516128968,TRUE,FALSE,FALSE,TRUE,TRUE,TRUE
2026,pos_inicio_programa,1,ESC_002,,EMEB DR LIBERATO SALZANO VIEIRA DA CUNHA,clarissa,5,Língua Portuguesa,1ª Avaliação Formativa,4,99,90,38,77,16.132265804901678,27.227452835277095,86.95652173913044,96.42857142857144,90.9090909090909,60.71111111111111,27.38888888888889,23.755555555555556,49.08888888888889,100.23333333333333,0.23333333333333428,TRUE,TRUE,TRUE,TRUE,TRUE,TRUE
2025,linha_base_pre_programa,0,ESC_003,,EMEF AFONSO GUERREIRO LIMA,graziela,1,Língua Portuguesa,1ª Avaliação Formativa,4,87,64,35,79,21.2602916254693,40.885176202825576,59.09090909090909,86.36363636363636,73.5632183908046,52.9375,28,30.96875,40.828125,99.796875,0.203125,TRUE,FALSE,FALSE,TRUE,TRUE,TRUE
2026,pos_inicio_programa,1,ESC_003,,EMEF AFONSO GUERREIRO LIMA,graziela,1,Língua Portuguesa,1ª Avaliação Formativa,4,94,77,7,22,6.137317546507322,42.32632790694705,78.26086956521739,84,81.91489361702128,14.480519480519481,81.6103896103896,14.155844155844155,4.48051948051948,100.24675324675323,0.2467532467532294,TRUE,TRUE,FALSE,TRUE,TRUE,TRUE
2025,linha_base_pre_programa,0,ESC_003,,EMEF AFONSO GUERREIRO LIMA,graziela,2,Língua Portuguesa,1ª Avaliação Formativa,4,97,74,62,74,5.477225575051661,7.824607964359516,70.83333333333333,84,76.28865979381443,70.14864864864865,18.93243243243243,25.58108108108108,55.472972972972975,99.98648648648648,0.013513513513515818,TRUE,FALSE,FALSE,TRUE,TRUE,TRUE
2026,pos_inicio_programa,1,ESC_003,,EMEF AFONSO GUERREIRO LIMA,graziela,2,Língua Portuguesa,1ª Avaliação Formativa,4,81,73,32,59,12.816005617976296,26.56166967456227,82.6086956521739,100,90.12345679012346,47.83561643835616,39.917808219178085,27,33.082191780821915,100,0,TRUE,TRUE,TRUE,TRUE,TRUE,TRUE
2025,linha_base_pre_programa,0,ESC_003,,EMEF AFONSO GUERREIRO LIMA,graziela,3,Língua Portuguesa,1ª Avaliação Formativa,5,121,97,34,72,14.24078649513432,26.66813950399685,70.83333333333333,91.30434782608695,80.16528925619835,53.28865979381443,34.75257731958763,29.938144329896907,34.91752577319588,99.60824742268042,0.39175257731957913,TRUE,TRUE,FALSE,TRUE,TRUE,TRUE
2026,pos_inicio_programa,1,ESC_003,,EMEF AFONSO GUERREIRO LIMA,graziela,3,Língua Portuguesa,1ª Avaliação Formativa,5,120,94,40,70,13.026895255585652,23.5994479267856,60.869565217391305,96.15384615384616,78.33333333333333,56.702127659574465,23.48936170212766,31.606382978723403,44.712765957446805,99.80851063829786,0.19148936170213915,TRUE,FALSE,FALSE,TRUE,TRUE,TRUE
2025,linha_base_pre_programa,0,ESC_003,,EMEF AFONSO GUERREIRO LIMA,graziela,4,Língua Portuguesa,1ª Avaliação Formativa,5,131,109,55,82,11.157956802210698,16.40876000325103,73.07692307692308,89.28571428571429,83.20610687022901,68.1743119266055,19.24770642201835,24.71559633027523,56.03669724770642,100,0,TRUE,TRUE,FALSE,TRUE,TRUE,TRUE
2026,pos_inicio_programa,1,ESC_003,,EMEF AFONSO GUERREIRO LIMA,graziela,4,Língua Portuguesa,1ª Avaliação Formativa,5,108,94,58,68,4.06201920231798,6.5516438747064205,79.16666666666667,100,87.03703703703704,62.07446808510638,22.79787234042553,28.872340425531913,48.53191489361702,100.20212765957447,0.20212765957447232,TRUE,TRUE,FALSE,TRUE,TRUE,TRUE
2025,linha_base_pre_programa,0,ESC_003,,EMEF AFONSO GUERREIRO LIMA,graziela,5,Língua Portuguesa,1ª Avaliação Formativa,3,81,69,56,64,4.041451884327381,6.698539034796763,77.77777777777777,92.5925925925926,85.18518518518519,60.10144927536232,23.26086956521739,21.884057971014492,55.18840579710145,100.33333333333334,0.3333333333333428,TRUE,TRUE,FALSE,TRUE,TRUE,TRUE
2026,pos_inicio_programa,1,ESC_003,,EMEF AFONSO GUERREIRO LIMA,graziela,5,Língua Portuguesa,1ª Avaliação Formativa,5,117,105,55,75,8.899438184514796,13.243211584099399,78.26086956521739,100,89.74358974358974,66.44761904761904,15.904761904761905,33.63809523809524,50.00952380952381,99.55238095238096,0.4476190476190425,TRUE,TRUE,FALSE,TRUE,TRUE,TRUE
2025,linha_base_pre_programa,0,ESC_004,,EMEF AMERICA,nathalia,1,Língua Portuguesa,1ª Avaliação Formativa,2,47,38,25,27,1.4142135623730951,5.439282932204212,78.26086956521739,83.33333333333333,80.85106382978724,26.05263157894737,55.473684210526315,41.89473684210526,2.6315789473684212,100,0,TRUE,TRUE,FALSE,TRUE,TRUE,TRUE
2026,pos_inicio_programa,1,ESC_004,,EMEF AMERICA,nathalia,1,Língua Portuguesa,1ª Avaliação Formativa,3,38,35,25,50,13.428824718989125,38.7369943816994,80,95,92.10526315789474,30.02857142857143,55.857142857142854,32.22857142857143,11.571428571428571,99.65714285714286,0.34285714285714164,TRUE,TRUE,TRUE,TRUE,TRUE,TRUE
2025,linha_base_pre_programa,0,ESC_004,,EMEF AMERICA,nathalia,2,Língua Portuguesa,1ª Avaliação Formativa,2,52,44,51,55,2.8284271247461903,5.336654952351302,76.92307692307692,92.3076923076923,84.61538461538461,53.18181818181818,31.90909090909091,34.18181818181818,33.90909090909091,100,0,TRUE,TRUE,FALSE,TRUE,TRUE,TRUE
2026,pos_inicio_programa,1,ESC_004,,EMEF AMERICA,nathalia,2,Língua Portuguesa,1ª Avaliação Formativa,2,42,37,46,58,8.48528137423857,16.317848796612633,85,90.9090909090909,88.0952380952381,51.513513513513516,30.35135135135135,41.945945945945944,27.7027027027027,100,0,TRUE,TRUE,FALSE,TRUE,TRUE,TRUE
2025,linha_base_pre_programa,0,ESC_004,,EMEF AMERICA,nathalia,3,Língua Portuguesa,1ª Avaliação Formativa,2,57,43,75,76,0.7071067811865476,0.936565273094765,68.96551724137932,82.14285714285714,75.43859649122807,75.53488372093024,11.604651162790697,23.3953488372093,65,100,0,TRUE,FALSE,FALSE,TRUE,TRUE,TRUE
2026,pos_inicio_programa,1,ESC_004,,EMEF AMERICA,nathalia,3,Língua Portuguesa,1ª Avaliação Formativa,2,50,40,50,51,0.7071067811865476,1.4002114478941536,76,84,80,50.475,36.2,20.225,43.575,100,0,TRUE,TRUE,FALSE,TRUE,TRUE,TRUE
2025,linha_base_pre_programa,0,ESC_004,,EMEF AMERICA,nathalia,4,Língua Portuguesa,1ª Avaliação Formativa,2,53,44,61,61,0,0,77.77777777777777,88.46153846153847,83.01886792452831,61,20.636363636363637,45.31818181818182,34.04545454545455,100,0,TRUE,TRUE,FALSE,TRUE,TRUE,TRUE
2026,pos_inicio_programa,1,ESC_004,,EMEF AMERICA,nathalia,4,Língua Portuguesa,1ª Avaliação Formativa,2,53,48,64,71,4.949747468305833,7.332959212304938,85.18518518518519,96.15384615384616,90.56603773584905,67.35416666666667,14.5625,31.208333333333332,54.229166666666664,100,0,TRUE,TRUE,TRUE,TRUE,TRUE,TRUE
2025,linha_base_pre_programa,0,ESC_004,,EMEF AMERICA,nathalia,5,Língua Portuguesa,1ª Avaliação Formativa,2,54,46,46,59,9.192388155425117,17.50931077223832,76.92307692307692,92.85714285714286,85.18518518518519,53.34782608695652,30.47826086956522,32.65217391304348,36.869565217391305,100,0,TRUE,TRUE,FALSE,TRUE,TRUE,TRUE
2026,pos_inicio_programa,1,ESC_004,,EMEF AMERICA,nathalia,5,Língua Portuguesa,1ª Avaliação Formativa,2,46,44,51,56,3.5355339059327378,6.608474590528481,95,96.15384615384616,95.65217391304348,53.84090909090909,20.431818181818183,52.11363636363637,27.454545454545453,100,0,TRUE,TRUE,TRUE,TRUE,TRUE,TRUE
2025,linha_base_pre_programa,0,ESC_005,,EMEF ARAMY SILVA,priscila,1,Língua Portuguesa,1ª Avaliação Formativa,4,83,64,57,95,18.384776310850235,24.513035081133644,68.18181818181819,90,77.10843373493977,75.3125,15.578125,15.875,68.5625,100.015625,0.015625,TRUE,FALSE,FALSE,TRUE,TRUE,TRUE
2026,pos_inicio_programa,1,ESC_005,,EMEF ARAMY SILVA,priscila,1,Língua Portuguesa,1ª Avaliação Formativa,5,83,69,3,42,19.60357110324545,80.34250452149774,73.33333333333333,88.23529411764706,83.13253012048193,25.55072463768116,66.52173913043478,22.07246376811594,11.405797101449275,100,0,TRUE,TRUE,FALSE,TRUE,TRUE,TRUE
2025,linha_base_pre_programa,0,ESC_005,,EMEF ARAMY SILVA,priscila,2,Língua Portuguesa,1ª Avaliação Formativa,4,82,59,42,79,16.593171286204857,25.527955824930547,65,78.26086956521739,71.95121951219512,63.016949152542374,25.305084745762713,25.47457627118644,49.25423728813559,100.03389830508473,0.03389830508473324,TRUE,FALSE,FALSE,TRUE,TRUE,TRUE
2026,pos_inicio_programa,1,ESC_005,,EMEF ARAMY SILVA,priscila,2,Língua Portuguesa,1ª Avaliação Formativa,4,78,69,39,74,15.305227865013967,29.292302133998025,68.75,100,88.46153846153847,49.53623188405797,41.2463768115942,26.92753623188406,31.82608695652174,100,0,TRUE,TRUE,FALSE,TRUE,TRUE,TRUE
2025,linha_base_pre_programa,0,ESC_005,,EMEF ARAMY SILVA,priscila,3,Língua Portuguesa,1ª Avaliação Formativa,4,90,65,12,78,27.110883423451916,63.79031393753392,57.89473684210526,84,72.22222222222223,40.01538461538462,55.43076923076923,16.753846153846155,27.815384615384616,100,0,TRUE,FALSE,FALSE,TRUE,TRUE,TRUE
2026,pos_inicio_programa,1,ESC_005,,EMEF ARAMY SILVA,priscila,3,Língua Portuguesa,1ª Avaliação Formativa,4,99,79,38,74,16.82012683265696,31.293259223547835,73.91304347826087,83.33333333333333,79.79797979797979,52.58227848101266,29.253164556962027,28.063291139240505,42.620253164556964,99.9367088607595,0.06329113924050489,TRUE,FALSE,FALSE,TRUE,TRUE,TRUE
2025,linha_base_pre_programa,0,ESC_005,,EMEF ARAMY SILVA,priscila,4,Língua Portuguesa,1ª Avaliação Formativa,4,95,78,58,82,11.146748404803978,15.981001297210003,75,86.36363636363636,82.10526315789474,70.14102564102564,23.46153846153846,15.564102564102564,61.73076923076923,100.75641025641025,0.7564102564102484,TRUE,TRUE,FALSE,TRUE,TRUE,TRUE
2026,pos_inicio_programa,1,ESC_005,,EMEF ARAMY SILVA,priscila,4,Língua Portuguesa,1ª Avaliação Formativa,3,62,59,32,75,21.73323108360405,39.27692364506756,90.47619047619048,100,95.16129032258064,58.186440677966104,24.694915254237287,34.71186440677966,40.728813559322035,100.13559322033899,0.1355932203389898,TRUE,TRUE,TRUE,TRUE,TRUE,TRUE
2025,linha_base_pre_programa,0,ESC_005,,EMEF ARAMY SILVA,priscila,5,Língua Portuguesa,1ª Avaliação Formativa,4,90,77,66,80,6.3966136874651625,8.792596133972731,80,88.88888888888889,85.55555555555556,73.32467532467533,12.03896103896104,23.363636363636363,65.05194805194805,100.45454545454544,0.45454545454543904,TRUE,TRUE,FALSE,TRUE,TRUE,TRUE
2026,pos_inicio_programa,1,ESC_005,,EMEF ARAMY SILVA,priscila,5,Língua Portuguesa,1ª Avaliação Formativa,4,91,87,58,72,6.13052471924984,9.541672714785744,90.47619047619048,100,95.6043956043956,64.70114942528735,21.379310344827587,30.942528735632184,47.67816091954023,100,0,TRUE,TRUE,TRUE,TRUE,TRUE,TRUE
2025,linha_base_pre_programa,0,ESC_006,,EMEF CAMPOS DO CRISTAL,andreia,1,Língua Portuguesa,1ª Avaliação Formativa,2,38,32,47,83,25.45584412271571,39.162837111870324,83.33333333333333,85,84.21052631578948,66.125,15.46875,34.15625,50.375,100,0,TRUE,TRUE,FALSE,TRUE,TRUE,TRUE
2026,pos_inicio_programa,1,ESC_006,,EMEF CAMPOS DO CRISTAL,andreia,1,Língua Portuguesa,1ª Avaliação Formativa,2,45,45,38,55,12.020815280171307,25.85121565628238,100,100,100,47.06666666666667,23.066666666666666,53.266666666666666,23.133333333333333,99.46666666666667,0.5333333333333314,TRUE,TRUE,TRUE,TRUE,TRUE,TRUE
2025,linha_base_pre_programa,0,ESC_006,,EMEF CAMPOS DO CRISTAL,andreia,2,Língua Portuguesa,1ª Avaliação Formativa,2,50,43,42,78,25.45584412271571,42.42640687119285,84,88,86,59.58139534883721,34.86046511627907,14.093023255813954,51.04651162790697,100,0,TRUE,TRUE,FALSE,TRUE,TRUE,TRUE
2026,pos_inicio_programa,1,ESC_006,,EMEF CAMPOS DO CRISTAL,andreia,2,Língua Portuguesa,1ª Avaliação Formativa,2,33,32,44,66,15.556349186104045,28.284271247461902,93.33333333333331,100,96.96969696969697,56.375,21.75,39.1875,39.1875,100.125,0.125,TRUE,TRUE,TRUE,TRUE,TRUE,TRUE
2025,linha_base_pre_programa,0,ESC_006,,EMEF CAMPOS DO CRISTAL,andreia,3,Língua Portuguesa,1ª Avaliação Formativa,2,54,47,47,57,7.0710678118654755,13.59820733051053,80.76923076923077,92.85714285714286,87.03703703703704,52.53191489361702,31.893617021276597,27.46808510638298,40.191489361702125,99.5531914893617,0.44680851063830573,TRUE,TRUE,FALSE,TRUE,TRUE,TRUE
2026,pos_inicio_programa,1,ESC_006,,EMEF CAMPOS DO CRISTAL,andreia,3,Língua Portuguesa,1ª Avaliação Formativa,2,52,49,64,77,9.192388155425117,13.038848447411514,92.3076923076923,96.15384615384616,94.23076923076923,70.63265306122449,12.346938775510203,26.428571428571427,61.734693877551024,100.51020408163265,0.5102040816326507,TRUE,TRUE,TRUE,TRUE,TRUE,TRUE
2025,linha_base_pre_programa,0,ESC_006,,EMEF CAMPOS DO CRISTAL,andreia,4,Língua Portuguesa,1ª Avaliação Formativa,2,56,51,61,75,9.899494936611665,14.558080789134802,89.28571428571429,92.85714285714286,91.07142857142857,68.13725490196079,13.96078431372549,35.333333333333336,51.21568627450981,100.50980392156863,0.5098039215686327,TRUE,TRUE,TRUE,TRUE,TRUE,TRUE
2026,pos_inicio_programa,1,ESC_006,,EMEF CAMPOS DO CRISTAL,andreia,4,Língua Portuguesa,1ª Avaliação Formativa,2,45,42,67,76,6.363961030678928,8.900644798152348,91.30434782608695,95.45454545454544,93.33333333333333,71.5,14,29.5,57,100.5,0.5,TRUE,TRUE,TRUE,TRUE,TRUE,TRUE
2025,linha_base_pre_programa,0,ESC_006,,EMEF CAMPOS DO CRISTAL,andreia,5,Língua Portuguesa,1ª Avaliação Formativa,2,52,47,69,80,7.7781745930520225,10.440502809465803,83.33333333333333,96.42857142857144,90.38461538461539,73.68085106382979,10.74468085106383,23.617021276595743,66.2127659574468,100.57446808510637,0.5744680851063748,TRUE,TRUE,TRUE,TRUE,TRUE,TRUE
2026,pos_inicio_programa,1,ESC_006,,EMEF CAMPOS DO CRISTAL,andreia,5,Língua Portuguesa,1ª Avaliação Formativa,2,55,52,69,76,4.949747468305833,6.8272378873183905,91.66666666666669,96.7741935483871,94.54545454545455,73.03846153846153,8.26923076923077,39.80769230769231,51.92307692307692,100,0,TRUE,TRUE,TRUE,TRUE,TRUE,TRUE
2025,linha_base_pre_programa,0,ESC_007,,EMEF CHAPEU DO SOL,ruti,1,Língua Portuguesa,1ª Avaliação Formativa,5,114,77,16,92,34.193566646373704,66.01074642157086,47.61904761904762,80,67.54385964912281,45.285714285714285,42.714285714285715,24.818181818181817,32.467532467532465,100,0,FALSE,FALSE,FALSE,TRUE,TRUE,TRUE
2026,pos_inicio_programa,1,ESC_007,,EMEF CHAPEU DO SOL,ruti,1,Língua Portuguesa,1ª Avaliação Formativa,5,95,81,7,24,7.12039324756716,50.14361441948704,73.6842105263158,94.11764705882354,85.26315789473684,13.777777777777779,84.18518518518519,8.012345679012345,7.802469135802469,100,0,TRUE,TRUE,FALSE,TRUE,TRUE,TRUE
2025,linha_base_pre_programa,0,ESC_007,,EMEF CHAPEU DO SOL,ruti,2,Língua Portuguesa,1ª Avaliação Formativa,4,98,74,32,75,19.465781943365815,35.23218451287931,62.5,91.66666666666669,75.51020408163265,56.486486486486484,37.71621621621622,20.18918918918919,41.891891891891895,99.79729729729729,0.20270270270270885,TRUE,FALSE,FALSE,TRUE,TRUE,TRUE
2026,pos_inicio_programa,1,ESC_007,,EMEF CHAPEU DO SOL,ruti,2,Língua Portuguesa,1ª Avaliação Formativa,5,111,97,24,72,20.15688467993008,33.82027630860752,81.81818181818181,95.45454545454544,87.38738738738739,58.88659793814433,26.804123711340207,27,46.1958762886598,100,0,TRUE,TRUE,FALSE,TRUE,TRUE,TRUE
2025,linha_base_pre_programa,0,ESC_007,,EMEF CHAPEU DO SOL,ruti,3,Língua Portuguesa,1ª Avaliação Formativa,5,130,102,19,57,14.370107863199914,35.04904356878028,69.23076923076923,85.71428571428571,78.46153846153847,41.11764705882353,50.029411764705884,23.705882352941178,26.441176470588236,100.17647058823529,0.17647058823528994,TRUE,FALSE,FALSE,TRUE,TRUE,TRUE
2026,pos_inicio_programa,1,ESC_007,,EMEF CHAPEU DO SOL,ruti,3,Língua Portuguesa,1ª Avaliação Formativa,5,119,109,12,33,9.235799911215054,36.077343403183804,83.33333333333333,100,91.59663865546219,25.431192660550458,63.99082568807339,21.94495412844037,13.880733944954128,99.81651376146789,0.18348623853211166,TRUE,TRUE,TRUE,TRUE,TRUE,TRUE
2025,linha_base_pre_programa,0,ESC_007,,EMEF CHAPEU DO SOL,ruti,4,Língua Portuguesa,1ª Avaliação Formativa,4,109,82,34,77,20.320351046836436,39.649465457241824,57.69230769230769,83.33333333333333,75.22935779816514,53.76829268292683,28.134146341463413,39.03658536585366,33.08536585365854,100.2560975609756,0.2560975609756042,TRUE,FALSE,FALSE,TRUE,TRUE,TRUE
2026,pos_inicio_programa,1,ESC_007,,EMEF CHAPEU DO SOL,ruti,4,Língua Portuguesa,1ª Avaliação Formativa,4,112,103,36,50,6.18465843842649,13.820465784193274,85.18518518518519,96.55172413793105,91.96428571428571,44.36893203883495,45.077669902912625,19.74757281553398,34.94174757281554,99.76699029126215,0.23300970873785332,TRUE,TRUE,TRUE,TRUE,TRUE,TRUE
2025,linha_base_pre_programa,0,ESC_007,,EMEF CHAPEU DO SOL,ruti,5,Língua Portuguesa,1ª Avaliação Formativa,5,133,101,38,58,8.814760348415605,18.063033500851652,69.23076923076923,82.75862068965517,75.93984962406014,48.89108910891089,36.603960396039604,29.613861386138613,33.742574257425744,99.96039603960396,0.039603960396036086,TRUE,FALSE,FALSE,TRUE,TRUE,TRUE
2026,pos_inicio_programa,1,ESC_007,,EMEF CHAPEU DO SOL,ruti,5,Língua Portuguesa,1ª Avaliação Formativa,4,105,89,30,79,22.956480566497994,40.63093905574866,80,88.46153846153847,84.76190476190476,56.48314606741573,28.0561797752809,32.561797752808985,39.38202247191011,100,0,TRUE,TRUE,FALSE,TRUE,TRUE,TRUE
2025,linha_base_pre_programa,0,ESC_008,,EMEF CHICO MENDES,eliane,1,Língua Portuguesa,1ª Avaliação Formativa,4,97,72,38,78,17.44276354251241,30.203919554134043,65.21739130434783,87.5,74.22680412371135,58.611111111111114,19.680555555555557,38.97222222222222,41.56944444444444,100.22222222222223,0.22222222222222854,TRUE,FALSE,FALSE,TRUE,TRUE,TRUE
2026,pos_inicio_programa,1,ESC_008,,EMEF CHICO MENDES,eliane,1,Língua Portuguesa,1ª Avaliação Formativa,4,92,78,5,29,10.5,76.36363636363636,78.26086956521739,91.30434782608695,84.78260869565217,13.884615384615385,83.15384615384616,11.294871794871796,5.82051282051282,100.26923076923077,0.2692307692307736,TRUE,TRUE,FALSE,TRUE,TRUE,TRUE
2025,linha_base_pre_programa,0,ESC_008,,EMEF CHICO MENDES,eliane,2,Língua Portuguesa,1ª Avaliação Formativa,4,90,62,33,87,28.077274321652617,44.92363891464419,62.96296296296296,80,68.88888888888889,62.61290322580645,27.596774193548388,22.693548387096776,49.96774193548387,100.25806451612904,0.25806451612903913,FALSE,FALSE,FALSE,TRUE,TRUE,TRUE
2026,pos_inicio_programa,1,ESC_008,,EMEF CHICO MENDES,eliane,2,Língua Portuguesa,1ª Avaliação Formativa,4,92,75,43,71,12.041594578792296,22.09466895191247,76.92307692307692,84.21052631578948,81.52173913043478,53.61333333333334,29.2,35.45333333333333,35.38666666666666,100.03999999999999,0.03999999999999204,TRUE,TRUE,FALSE,TRUE,TRUE,TRUE
2025,linha_base_pre_programa,0,ESC_008,,EMEF CHICO MENDES,eliane,3,Língua Portuguesa,1ª Avaliação Formativa,4,99,63,52,81,12.609520212918492,19.549643740958903,55.55555555555556,70.83333333333333,63.63636363636363,63.857142857142854,19.07936507936508,33.523809523809526,47.63492063492063,100.23809523809524,0.2380952380952408,FALSE,FALSE,FALSE,TRUE,TRUE,TRUE
2026,pos_inicio_programa,1,ESC_008,,EMEF CHICO MENDES,eliane,3,Língua Portuguesa,1ª Avaliação Formativa,4,100,77,38,67,13.865424623862047,29.979296484026047,68,87.5,77,45.01298701298701,37.935064935064936,34.72727272727273,27.350649350649352,100.01298701298701,0.012987012987011326,TRUE,FALSE,FALSE,TRUE,TRUE,TRUE
2025,linha_base_pre_programa,0,ESC_008,,EMEF CHICO MENDES,eliane,4,Língua Portuguesa,1ª Avaliação Formativa,5,128,97,33,58,10.96813566655701,23.536771816645945,69.56521739130434,84.61538461538461,75.78125,45.845360824742265,39.06185567010309,32.06185567010309,28.876288659793815,100,0,TRUE,FALSE,FALSE,TRUE,TRUE,TRUE
2026,pos_inicio_programa,1,ESC_008,,EMEF CHICO MENDES,eliane,4,Língua Portuguesa,1ª Avaliação Formativa,4,102,93,24,65,18.947295321496416,44.58187134469745,87.5,96.42857142857144,91.17647058823529,42.58064516129032,46.18279569892473,22.268817204301076,32.075268817204304,100.52688172043011,0.5268817204301115,TRUE,TRUE,TRUE,TRUE,TRUE,TRUE
2025,linha_base_pre_programa,0,ESC_008,,EMEF CHICO MENDES,eliane,5,Língua Portuguesa,1ª Avaliação Formativa,4,106,79,50,67,7.937253933193772,13.803919883815256,66.66666666666667,81.48148148148148,74.52830188679245,56.75949367088607,22.873417721518987,36.46835443037975,40.379746835443036,99.72151898734177,0.2784810126582329,TRUE,FALSE,FALSE,TRUE,TRUE,TRUE
2026,pos_inicio_programa,1,ESC_008,,EMEF CHICO MENDES,eliane,5,Língua Portuguesa,1ª Avaliação Formativa,5,123,116,30,61,12.214745187681975,23.85692419469136,88.88888888888889,100,94.3089430894309,51.87931034482759,30.75,37.81896551724138,31.42241379310345,99.99137931034483,0.008620689655174374,TRUE,TRUE,TRUE,TRUE,TRUE,TRUE
2025,linha_base_pre_programa,0,ESC_009,,EMEF DECIO MARTINS COSTA,nathalia,1,Língua Portuguesa,1ª Avaliação Formativa,4,98,76,32,39,2.886751345948129,8.13169393224825,69.56521739130434,82.6086956521739,77.55102040816327,35.38157894736842,52.55263157894737,27.63157894736842,19.81578947368421,100,0,TRUE,FALSE,FALSE,TRUE,TRUE,TRUE
2026,pos_inicio_programa,1,ESC_009,,EMEF DECIO MARTINS COSTA,nathalia,1,Língua Portuguesa,1ª Avaliação Formativa,4,83,71,21,42,9.39858145324779,28.918712163839356,75,90.9090909090909,85.5421686746988,32.80281690140845,53.08450704225352,33.29577464788732,13.366197183098592,99.74647887323943,0.2535211267605746,TRUE,TRUE,FALSE,TRUE,TRUE,TRUE
2025,linha_base_pre_programa,0,ESC_009,,EMEF DECIO MARTINS COSTA,nathalia,2,Língua Portuguesa,1ª Avaliação Formativa,4,104,73,29,45,7.0710678118654755,19.641855032959654,63.63636363636363,73.07692307692308,70.1923076923077,35.31506849315068,63.12328767123287,19.136986301369863,17.73972602739726,100,0,TRUE,FALSE,FALSE,TRUE,TRUE,TRUE
2026,pos_inicio_programa,1,ESC_009,,EMEF DECIO MARTINS COSTA,nathalia,2,Língua Portuguesa,1ª Avaliação Formativa,4,96,88,30,48,8.65544144839919,21.774695467670917,88,95.65217391304348,91.66666666666667,39.86363636363637,46.11363636363637,36.70454545454545,17.181818181818183,100,0,TRUE,TRUE,TRUE,TRUE,TRUE,TRUE
2025,linha_base_pre_programa,0,ESC_009,,EMEF DECIO MARTINS COSTA,nathalia,3,Língua Portuguesa,1ª Avaliação Formativa,4,113,95,28,85,24.99333244420733,39.052081944073954,81.48148148148148,90.3225806451613,84.070796460177,61.8421052631579,28.326315789473686,23.021052631578947,48.642105263157895,99.98947368421054,0.010526315789462615,TRUE,TRUE,FALSE,TRUE,TRUE,TRUE
2026,pos_inicio_programa,1,ESC_009,,EMEF DECIO MARTINS COSTA,nathalia,3,Língua Portuguesa,1ª Avaliação Formativa,4,93,81,35,58,11.026483271348727,23.33647253195498,81.81818181818181,91.66666666666669,87.09677419354838,47.32098765432099,39.32098765432099,26.123456790123456,35.06172839506173,100.50617283950618,0.5061728395061778,TRUE,TRUE,FALSE,TRUE,TRUE,TRUE
2025,linha_base_pre_programa,0,ESC_009,,EMEF DECIO MARTINS COSTA,nathalia,4,Língua Portuguesa,1ª Avaliação Formativa,5,121,100,64,80,6.59545297913646,9.422075684480657,59.09090909090909,93.10344827586206,82.64462809917356,71.15,17.04,23.23,59.94,100.21,0.20999999999999375,TRUE,TRUE,FALSE,TRUE,TRUE,TRUE
2026,pos_inicio_programa,1,ESC_009,,EMEF DECIO MARTINS COSTA,nathalia,4,Língua Portuguesa,1ª Avaliação Formativa,5,125,113,5,68,25.508822003377578,51.222534143328474,86.95652173913044,95.23809523809524,90.4,50.85840707964602,36,25.628318584070797,38.336283185840706,99.9646017699115,0.035398230088503624,TRUE,TRUE,TRUE,TRUE,TRUE,TRUE
2025,linha_base_pre_programa,0,ESC_009,,EMEF DECIO MARTINS COSTA,nathalia,5,Língua Portuguesa,1ª Avaliação Formativa,4,106,92,61,75,6.2182527020592095,8.88321814579887,81.48148148148148,92.85714285714286,86.79245283018868,70.23913043478261,18.32608695652174,19.47826086956522,61.91304347826087,99.71739130434781,0.28260869565218627,TRUE,TRUE,FALSE,TRUE,TRUE,TRUE
2026,pos_inicio_programa,1,ESC_009,,EMEF DECIO MARTINS COSTA,nathalia,5,Língua Portuguesa,1ª Avaliação Formativa,4,106,95,43,81,15.524174696260024,24.83867951401604,84.61538461538461,96.55172413793105,89.62264150943396,62.95789473684211,22.147368421052633,33.05263157894737,44.8,100,0,TRUE,TRUE,FALSE,TRUE,TRUE,TRUE
2025,linha_base_pre_programa,0,ESC_010,,EMEF DEP MARCIRIO GOULART LOUREIRO,marian,1,Língua Portuguesa,1ª Avaliação Formativa,4,95,66,12,36,10.327955589886445,43.03314829119352,66.66666666666667,70.83333333333333,69.47368421052632,24,63.45454545454545,31.818181818181817,4.7272727272727275,100,0,FALSE,FALSE,FALSE,TRUE,TRUE,TRUE
2026,pos_inicio_programa,1,ESC_010,,EMEF DEP MARCIRIO GOULART LOUREIRO,marian,1,Língua Portuguesa,1ª Avaliação Formativa,4,85,66,6,26,9.742518497116988,61.85726029915548,66.66666666666667,86.95652173913044,77.6470588235294,14.787878787878787,75.93939393939394,19.21212121212121,4.545454545454546,99.6969696969697,0.30303030303029743,TRUE,FALSE,FALSE,TRUE,TRUE,TRUE
2025,linha_base_pre_programa,0,ESC_010,,EMEF DEP MARCIRIO GOULART LOUREIRO,marian,2,Língua Portuguesa,1ª Avaliação Formativa,4,108,74,19,49,13.503086067019396,42.86693989529967,55.55555555555556,85.18518518518519,68.51851851851852,32.486486486486484,56.810810810810814,28.45945945945946,14.95945945945946,100.22972972972974,0.22972972972974048,FALSE,FALSE,FALSE,TRUE,TRUE,TRUE
2026,pos_inicio_programa,1,ESC_010,,EMEF DEP MARCIRIO GOULART LOUREIRO,marian,2,Língua Portuguesa,1ª Avaliação Formativa,4,92,76,24,95,33.70830758136635,75.3258269974667,72.72727272727273,87.5,82.6086956521739,44.94736842105263,43.48684210526316,27.605263157894736,28.907894736842106,100,0,TRUE,TRUE,FALSE,TRUE,TRUE,TRUE
2025,linha_base_pre_programa,0,ESC_010,,EMEF DEP MARCIRIO GOULART LOUREIRO,marian,3,Língua Portuguesa,1ª Avaliação Formativa,4,106,74,23,65,19.95828983989694,48.092264674450455,68,70.37037037037037,69.81132075471699,42,43.270270270270274,33.75675675675676,23.2027027027027,100.22972972972974,0.22972972972974048,FALSE,FALSE,FALSE,TRUE,TRUE,TRUE
2026,pos_inicio_programa,1,ESC_010,,EMEF DEP MARCIRIO GOULART LOUREIRO,marian,3,Língua Portuguesa,1ª Avaliação Formativa,4,104,90,19,58,16.990193249832878,49.97115661715552,80,92,86.53846153846153,33.111111111111114,54.74444444444445,24.466666666666665,20.788888888888888,100,0,TRUE,TRUE,FALSE,TRUE,TRUE,TRUE
2025,linha_base_pre_programa,0,ESC_010,,EMEF DEP MARCIRIO GOULART LOUREIRO,marian,4,Língua Portuguesa,1ª Avaliação Formativa,4,112,80,17,74,26.119915773217954,61.09921818296598,62.96296296296296,81.48148148148148,71.42857142857143,44.7625,50.075,17.525,32.3375,99.9375,0.0625,TRUE,FALSE,FALSE,TRUE,TRUE,TRUE
2026,pos_inicio_programa,1,ESC_010,,EMEF DEP MARCIRIO GOULART LOUREIRO,marian,4,Língua Portuguesa,1ª Avaliação Formativa,4,108,95,40,56,7.724420150837645,14.9988740792964,86.20689655172414,88.88888888888889,87.96296296296296,51.473684210526315,31.48421052631579,35.14736842105263,33.61052631578947,100.2421052631579,0.24210526315789593,TRUE,TRUE,FALSE,TRUE,TRUE,TRUE
2025,linha_base_pre_programa,0,ESC_010,,EMEF DEP MARCIRIO GOULART LOUREIRO,marian,5,Língua Portuguesa,1ª Avaliação Formativa,4,116,81,25,55,16.206994374857626,40.51748593714406,63.333333333333336,80,69.82758620689656,40.58024691358025,50.34567901234568,22.246913580246915,27.185185185185187,99.77777777777779,0.22222222222221433,FALSE,FALSE,FALSE,TRUE,TRUE,TRUE
2026,pos_inicio_programa,1,ESC_010,,EMEF DEP MARCIRIO GOULART LOUREIRO,marian,5,Língua Portuguesa,1ª Avaliação Formativa,4,115,101,34,53,9.6393291606141691,22.287466267316,75.86206896551724,100,87.82608695652173,43.51485148514851,43.67326732673267,29.316831683168317,27.00990099009901,100,0,TRUE,TRUE,FALSE,TRUE,TRUE,TRUE
2025,linha_base_pre_programa,0,ESC_011,,EMEF DEP VICTOR ISSLER,clarissa,1,Língua Portuguesa,1ª Avaliação Formativa,5,116,90,23,69,18.20164827701052,35.27451216474907,69.56521739130434,86.95652173913044,77.58620689655173,51.82222222222222,27.933333333333334,35.37777777777778,36.48888888888889,99.80000000000001,0.19999999999998863,TRUE,FALSE,FALSE,TRUE,TRUE,TRUE
2026,pos_inicio_programa,1,ESC_011,,EMEF DEP VICTOR ISSLER,clarissa,1,Língua Portuguesa,1ª Avaliação Formativa,5,102,86,24,56,13.784048752090222,34.46012188022555,76.19047619047619,90,84.31372549019608,39.7906976744186,40.72093023255814,38.18604651162791,21.302325581395348,100.20930232558139,0.2093023255813904,TRUE,TRUE,FALSE,TRUE,TRUE,TRUE
2025,linha_base_pre_programa,0,ESC_011,,EMEF DEP VICTOR ISSLER,clarissa,2,Língua Portuguesa,1ª Avaliação Formativa,5,133,116,33,83,20.074859899884732,34.61182741359436,77.77777777777777,92.5925925925926,87.21804511278195,58.37068965517241,31.939655172413794,21.54310344827586,46.51724137931034,100,0,TRUE,TRUE,FALSE,TRUE,TRUE,TRUE
2026,pos_inicio_programa,1,ESC_011,,EMEF DEP VICTOR ISSLER,clarissa,2,Língua Portuguesa,1ª Avaliação Formativa,5,119,108,43,79,16.861198059449986,29.895741240159552,84.61538461538461,95.83333333333331,90.75630252100841,56.22222222222222,36.342592592592595,20.23148148148148,43.425925925925924,100,0,TRUE,TRUE,TRUE,TRUE,TRUE,TRUE
2025,linha_base_pre_programa,0,ESC_011,,EMEF DEP VICTOR ISSLER,clarissa,3,Língua Portuguesa,1ª Avaliação Formativa,6,157,133,43,70,10.132456102380443,18.202016950384028,80,88.46153846153847,84.71337579617834,55.50375939849624,32.21052631578947,28.661654135338345,39.12781954887218,100,0,TRUE,TRUE,FALSE,TRUE,TRUE,TRUE
2026,pos_inicio_programa,1,ESC_011,,EMEF DEP VICTOR ISSLER,clarissa,3,Língua Portuguesa,1ª Avaliação Formativa,6,163,147,33,60,10.986355173577815,23.12916878647961,72.41379310344827,100,90.1840490797546,47.83673469387755,35.51700680272109,27.761904761904763,36.70068027210884,99.9795918367347,0.020408163265301482,TRUE,TRUE,TRUE,TRUE,TRUE,TRUE
2025,linha_base_pre_programa,0,ESC_011,,EMEF DEP VICTOR ISSLER,clarissa,4,Língua Portuguesa,1ª Avaliação Formativa,4,115,101,56,78,10.177589760514683,14.385285880586126,83.33333333333333,90,87.82608695652173,70.74257425742574,15.712871287128714,26.85148514851485,57.43564356435643,100,0,TRUE,TRUE,FALSE,TRUE,TRUE,TRUE
2026,pos_inicio_programa,1,ESC_011,,EMEF DEP VICTOR ISSLER,clarissa,4,Língua Portuguesa,1ª Avaliação Formativa,5,136,121,37,75,15.417522498767433,28.13416514373619,82.14285714285714,100,88.97058823529412,55.256198347107436,31.40495867768595,25.702479338842974,43.11570247933884,100.22314049586777,0.22314049586776719,TRUE,TRUE,FALSE,TRUE,TRUE,TRUE
2025,linha_base_pre_programa,0,ESC_011,,EMEF DEP VICTOR ISSLER,clarissa,5,Língua Portuguesa,1ª Avaliação Formativa,4,113,97,44,77,15.286159317064135,22.986705739946068,81.48148148148148,90,85.84070796460178,67.0721649484536,20.711340206185568,19.762886597938145,59.75257731958763,100.22680412371135,0.2268041237113465,TRUE,TRUE,FALSE,TRUE,TRUE,TRUE
2026,pos_inicio_programa,1,ESC_011,,EMEF DEP VICTOR ISSLER,clarissa,5,Língua Portuguesa,1ª Avaliação Formativa,4,116,104,54,77,9.814954576223638,14.984663475150592,82.75862068965517,96.66666666666669,89.65517241379311,65.85576923076923,14.923076923076923,38.94230769230769,46.14423076923077,100.00961538461539,0.009615384615386802,TRUE,TRUE,FALSE,TRUE,TRUE,TRUE
2025,linha_base_pre_programa,0,ESC_012,,EMEF DOLORES ALCARAZ CALDAS,jalize,1,Língua Portuguesa,1ª Avaliação Formativa,6,142,94,24,56,12.501999840025595,31.650632506393915,59.09090909090909,76,66.19718309859155,40.170212765957444,46.97872340425532,28.70212765957447,24.329787234042552,100.01063829787235,0.01063829787234738,FALSE,FALSE,FALSE,TRUE,TRUE,TRUE
2026,pos_inicio_programa,1,ESC_012,,EMEF DOLORES ALCARAZ CALDAS,jalize,1,Língua Portuguesa,1ª Avaliação Formativa,6,142,106,11,37,10.17185659880568,40.15206552160137,69.56521739130434,87.5,74.64788732394366,24.28301886792453,62.4811320754717,31.433962264150942,6.443396226415095,100.35849056603773,0.3584905660377302,TRUE,FALSE,FALSE,TRUE,TRUE,TRUE
2025,linha_base_pre_programa,0,ESC_012,,EMEF DOLORES ALCARAZ CALDAS,jalize,2,Língua Portuguesa,1ª Avaliação Formativa,6,154,112,17,67,20.156057815621253,40.04514797805547,57.69230769230769,79.16666666666667,72.72727272727273,49.625,41.089285714285715,24.982142857142858,34.0625,100.13392857142857,0.1339285714285694,TRUE,FALSE,FALSE,TRUE,TRUE,TRUE
2026,pos_inicio_programa,1,ESC_012,,EMEF DOLORES ALCARAZ CALDAS,jalize,2,Língua Portuguesa,1ª Avaliação Formativa,5,132,112,39,67,11.467344941179714,22.484990080744538,81.48148148148148,91.66666666666669,84.84848484848484,51.05357142857143,36.24107142857143,27.151785714285715,36.401785714285715,99.79464285714286,0.2053571428571388,TRUE,TRUE,FALSE,TRUE,TRUE,TRUE
2025,linha_base_pre_programa,0,ESC_012,,EMEF DOLORES ALCARAZ CALDAS,jalize,3,Língua Portuguesa,1ª Avaliação Formativa,6,163,125,22,74,17.431771759252317,38.45243770423305,70.37037037037037,82.14285714285714,76.68711656441718,45.4,44.688,25.6,29.528,99.816,0.1839999999999975,TRUE,FALSE,FALSE,TRUE,TRUE,TRUE
2026,pos_inicio_programa,1,ESC_012,,EMEF DOLORES ALCARAZ CALDAS,jalize,3,Língua Portuguesa,1ª Avaliação Formativa,7,182,150,18,65,17.90450861016377,39.53676980162347,65.51724137931035,92,82.41758241758242,46.153333333333336,36.36666666666667,28.74,34.92,100.02666666666667,0.026666666666670835,TRUE,TRUE,FALSE,TRUE,TRUE,TRUE
2025,linha_base_pre_programa,0,ESC_012,,EMEF DOLORES ALCARAZ CALDAS,jalize,4,Língua Portuguesa,1ª Avaliação Formativa,5,136,110,35,82,17.93599732381782,27.25835459546781,76.92307692307692,85.71428571428571,80.88235294117646,66.6,24.736363636363638,18.3,57.38181818181818,100.41818181818182,0.41818181818182154,TRUE,TRUE,FALSE,TRUE,TRUE,TRUE
2026,pos_inicio_programa,1,ESC_012,,EMEF DOLORES ALCARAZ CALDAS,jalize,4,Língua Portuguesa,1ª Avaliação Formativa,5,152,140,41,66,9.813256340277675,18.72758843564442,87.09677419354838,96.7741935483871,92.10526315789474,52.035714285714285,30.814285714285713,34.121428571428574,34.85,99.78571428571428,0.2142857142857224,TRUE,TRUE,TRUE,TRUE,TRUE,TRUE
2025,linha_base_pre_programa,0,ESC_012,,EMEF DOLORES ALCARAZ CALDAS,jalize,5,Língua Portuguesa,1ª Avaliação Formativa,3,94,83,54,70,8.020806277010642,12.86760365295825,83.87096774193549,93.5483870967742,88.29787234042553,62.21686746987952,24.012048192771083,25.518072289156628,50.46987951807229,100,0,TRUE,TRUE,FALSE,TRUE,TRUE,TRUE
2026,pos_inicio_programa,1,ESC_012,,EMEF DOLORES ALCARAZ CALDAS,jalize,5,Língua Portuguesa,1ª Avaliação Formativa,5,135,126,45,76,11.554220008291344,18.053468762955223,88.88888888888889,100,93.33333333333333,64.24603174603175,22.30952380952381,29.650793650793652,48.03968253968254,100,0,TRUE,TRUE,TRUE,TRUE,TRUE,TRUE
2026,pos_inicio_programa,1,ESC_013,,EMEF ESPIRITO SANTO,priscila,1,Língua Portuguesa,1ª Avaliação Formativa,1,18,15,41,41,,,83.33333333333333,83.33333333333333,83.33333333333333,41,53,20,27,100,0,TRUE,TRUE,FALSE,FALSE,TRUE,FALSE
2026,pos_inicio_programa,1,ESC_013,,EMEF ESPIRITO SANTO,priscila,2,Língua Portuguesa,1ª Avaliação Formativa,1,16,11,49,49,,,68.75,68.75,68.75,49,36,36,27,99,1,FALSE,FALSE,FALSE,FALSE,TRUE,FALSE
2026,pos_inicio_programa,1,ESC_013,,EMEF ESPIRITO SANTO,priscila,3,Língua Portuguesa,1ª Avaliação Formativa,1,24,23,20,20,,,95.83333333333331,95.83333333333331,95.83333333333333,20,70,26,4,100,0,TRUE,TRUE,TRUE,FALSE,TRUE,FALSE
2026,pos_inicio_programa,1,ESC_013,,EMEF ESPIRITO SANTO,priscila,4,Língua Portuguesa,1ª Avaliação Formativa,1,17,14,72,72,,,82.3529411764706,82.3529411764706,82.3529411764706,72,14,29,57,100,0,TRUE,TRUE,FALSE,FALSE,TRUE,FALSE
2026,pos_inicio_programa,1,ESC_013,,EMEF ESPIRITO SANTO,priscila,5,Língua Portuguesa,1ª Avaliação Formativa,1,13,11,49,49,,,84.61538461538461,84.61538461538461,84.61538461538461,49,18,73,9,100,0,TRUE,TRUE,FALSE,FALSE,TRUE,FALSE
2026,pos_inicio_programa,1,ESC_014,,EMEF EVARISTO GONCALVES NETTO,jalize,1,Língua Portuguesa,1ª Avaliação Formativa,1,24,17,6,6,,,70.83333333333333,70.83333333333333,70.83333333333333,6,94,6,0,100,0,TRUE,FALSE,FALSE,FALSE,TRUE,FALSE
2026,pos_inicio_programa,1,ESC_014,,EMEF EVARISTO GONCALVES NETTO,jalize,2,Língua Portuguesa,1ª Avaliação Formativa,2,39,31,16,18,1.4142135623730951,8.31890330807703,72.72727272727273,88.23529411764706,79.48717948717949,16.967741935483872,74.03225806451613,25.967741935483872,0,100,0,TRUE,FALSE,FALSE,FALSE,TRUE,FALSE
2026,pos_inicio_programa,1,ESC_014,,EMEF EVARISTO GONCALVES NETTO,jalize,3,Língua Portuguesa,1ª Avaliação Formativa,1,25,17,18,18,,,68,68,68,18,76,18,6,100,0,FALSE,FALSE,FALSE,FALSE,TRUE,FALSE
2026,pos_inicio_programa,1,ESC_014,,EMEF EVARISTO GONCALVES NETTO,jalize,4,Língua Portuguesa,1ª Avaliação Formativa,2,34,26,37,43,4.242640687119285,10.606601717798211,75,77.77777777777777,76.47058823529412,40.23076923076923,46.23076923076923,27.153846153846153,27.153846153846153,100.53846153846155,0.5384615384615472,TRUE,FALSE,FALSE,FALSE,TRUE,FALSE
2026,pos_inicio_programa,1,ESC_014,,EMEF EVARISTO GONCALVES NETTO,jalize,5,Língua Portuguesa,1ª Avaliação Formativa,1,17,11,63,63,,,64.70588235294117,64.70588235294117,64.70588235294117,63,0,64,36,100,0,FALSE,FALSE,FALSE,FALSE,TRUE,FALSE
2025,linha_base_pre_programa,0,ESC_015,,EMEF GABRIEL OBINO,amanda,1,Língua Portuguesa,1ª Avaliação Formativa,3,45,27,49,100,26.083200212652844,33.583519587106665,42.857142857142854,73.6842105263158,60,78.48148148148148,7.518518518518518,22.037037037037038,70.44444444444444,100,0,FALSE,FALSE,FALSE,TRUE,TRUE,TRUE
2026,pos_inicio_programa,1,ESC_015,,EMEF GABRIEL OBINO,amanda,1,Língua Portuguesa,1ª Avaliação Formativa,3,57,43,28,52,12.055427546683417,30.64939206783919,71.42857142857143,82.3529411764706,75.43859649122807,39.30232558139535,48.30232558139535,35.604651162790695,16.41860465116279,100.32558139534883,0.32558139534883423,TRUE,FALSE,FALSE,TRUE,TRUE,TRUE
2025,linha_base_pre_programa,0,ESC_015,,EMEF GABRIEL OBINO,amanda,2,Língua Portuguesa,1ª Avaliação Formativa,3,56,48,72,84,6,7.6923076923076925,75,88.88888888888889,85.71428571428571,76.875,14.8125,20.8125,64.375,100,0,TRUE,TRUE,FALSE,TRUE,TRUE,TRUE
2026,pos_inicio_programa,1,ESC_015,,EMEF GABRIEL OBINO,amanda,2,Língua Portuguesa,1ª Avaliação Formativa,2,44,39,23,79,39.59797974644666,77.64309754205227,82.6086956521739,95.23809523809524,88.63636363636364,50.282051282051285,32.12820512820513,32.30769230769231,35.56410256410256,100,0,TRUE,TRUE,FALSE,TRUE,TRUE,TRUE
2025,linha_base_pre_programa,0,ESC_015,,EMEF GABRIEL OBINO,amanda,3,Língua Portuguesa,1ª Avaliação Formativa,3,73,59,33,45,6.244997998398398,15.612494995995997,73.07692307692308,86.36363636363636,80.82191780821918,40.067796610169495,52.50847457627118,25.779661016949152,22.06779661016949,100.35593220338983,0.3559322033898269,TRUE,TRUE,FALSE,TRUE,TRUE,TRUE
2026,pos_inicio_programa,1,ESC_015,,EMEF GABRIEL OBINO,amanda,3,Língua Portuguesa,1ª Avaliação Formativa,3,66,49,45,49,2.309401076758503,4.844897363829028,69.56521739130434,81.81818181818181,74.24242424242425,47.775510204081634,35.59183673469388,24.632653061224488,39.775510204081634,100,0,TRUE,FALSE,FALSE,TRUE,TRUE,TRUE
2025,linha_base_pre_programa,0,ESC_015,,EMEF GABRIEL OBINO,amanda,4,Língua Portuguesa,1ª Avaliação Formativa,2,41,32,35,43,5.656854249492381,14.504754485877898,71.42857142857143,85,78.04878048780488,39.25,56.375,18.6875,25.40625,100.46875,0.46875,TRUE,FALSE,FALSE,TRUE,TRUE,TRUE
2026,pos_inicio_programa,1,ESC_015,,EMEF GABRIEL OBINO,amanda,4,Língua Portuguesa,1ª Avaliação Formativa,3,58,49,45,56,5.5677643628300215,11.135528725660043,78.94736842105263,90,84.48275862068965,49.816326530612244,37.61224489795919,24.816326530612244,37.57142857142857,100,0,TRUE,TRUE,FALSE,TRUE,TRUE,TRUE
2025,linha_base_pre_programa,0,ESC_015,,EMEF GABRIEL OBINO,amanda,5,Língua Portuguesa,1ª Avaliação Formativa,3,60,48,33,69,19.087517736293876,34.91619098102539,75,92.85714285714286,80,55.895833333333336,29.416666666666668,27.1875,43.875,100.47916666666667,0.4791666666666714,TRUE,TRUE,FALSE,TRUE,TRUE,TRUE
2026,pos_inicio_programa,1,ESC_015,,EMEF GABRIEL OBINO,amanda,5,Língua Portuguesa,1ª Avaliação Formativa,2,39,34,28,36,5.656854249492381,17.67766952966369,85,89.47368421052632,87.17948717948718,32,50,34.5,15.5,100,0,TRUE,TRUE,FALSE,TRUE,TRUE,TRUE
2025,linha_base_pre_programa,0,ESC_016,,EMEF GOV ILDO MENEGHETTI,clarissa,1,Língua Portuguesa,1ª Avaliação Formativa,5,109,79,28,57,11.717508267545622,24.110099315937493,47.36842105263158,91.30434782608695,72.4770642201835,49.10126582278481,31.645569620253166,38.037974683544306,30.20253164556962,99.8860759493671,0.11392405063290312,TRUE,FALSE,FALSE,TRUE,TRUE,TRUE
2026,pos_inicio_programa,1,ESC_016,,EMEF GOV ILDO MENEGHETTI,clarissa,1,Língua Portuguesa,1ª Avaliação Formativa,5,114,87,28,46,7.162401831787993,20.232773536124274,62.96296296296296,90.9090909090909,76.3157894736842,34.632183908045974,47.44827586206897,37.12643678160919,15.839080459770114,100.41379310344828,0.4137931034482847,TRUE,FALSE,FALSE,TRUE,TRUE,TRUE
2025,linha_base_pre_programa,0,ESC_016,,EMEF GOV ILDO MENEGHETTI,clarissa,2,Língua Portuguesa,1ª Avaliação Formativa,5,113,93,45,60,5.890670590009257,11.072689078964766,71.42857142857143,95.45454545454544,82.30088495575221,53.483870967741936,37.61290322580645,25.591397849462364,36.59139784946237,99.79569892473118,0.20430107526881613,TRUE,TRUE,FALSE,TRUE,TRUE,TRUE
2026,pos_inicio_programa,1,ESC_016,,EMEF GOV ILDO MENEGHETTI,clarissa,2,Língua Portuguesa,1ª Avaliação Formativa,5,114,90,24,39,5.770615218501403,17.277291073357492,66.66666666666667,91.30434782608695,78.94736842105263,33.15555555555556,53.62222222222222,35.7,10.677777777777777,100,0,TRUE,FALSE,FALSE,TRUE,TRUE,TRUE
2025,linha_base_pre_programa,0,ESC_016,,EMEF GOV ILDO MENEGHETTI,clarissa,3,Língua Portuguesa,1ª Avaliação Formativa,5,128,90,15,61,18.253766734567417,40.745015032516555,44,85.18518518518519,70.3125,44.98888888888889,42.37777777777778,32.17777777777778,25.444444444444443,100,0,TRUE,FALSE,FALSE,TRUE,TRUE,TRUE
2026,pos_inicio_programa,1,ESC_016,,EMEF GOV ILDO MENEGHETTI,clarissa,3,Língua Portuguesa,1ª Avaliação Formativa,5,124,102,38,68,12.083045973594572,25.708608454456535,72.72727272727273,91.66666666666669,82.25806451612904,47.01960784313726,34.1078431372549,30.941176470588236,35.14705882352941,100.19607843137254,0.19607843137254122,TRUE,TRUE,FALSE,TRUE,TRUE,TRUE
2025,linha_base_pre_programa,0,ESC_016,,EMEF GOV ILDO MENEGHETTI,clarissa,4,Língua Portuguesa,1ª Avaliação Formativa,4,112,93,51,59,3.6514837167011076,6.639061303092923,77.77777777777777,89.65517241379311,83.03571428571429,54.956989247311824,29.107526881720432,35.516129032258064,35.376344086021504,100,0,TRUE,TRUE,FALSE,TRUE,TRUE,TRUE
2026,pos_inicio_programa,1,ESC_016,,EMEF GOV ILDO MENEGHETTI,clarissa,4,Língua Portuguesa,1ª Avaliação Formativa,5,133,113,37,88,21.10213259365034,32.76728663610301,75,92.5925925925926,84.9624060150376,64.01769911504425,26.911504424778762,17.238938053097346,56.230088495575224,100.38053097345133,0.3805309734513287,TRUE,TRUE,FALSE,TRUE,TRUE,TRUE
2025,linha_base_pre_programa,0,ESC_016,,EMEF GOV ILDO MENEGHETTI,clarissa,5,Língua Portuguesa,1ª Avaliação Formativa,5,119,101,16,68,21.924871721403527,40.00889000256119,72.72727272727273,95,84.87394957983193,56.57425742574257,28.673267326732674,25.623762376237625,45.7029702970297,100,0,TRUE,TRUE,FALSE,TRUE,TRUE,TRUE
2026,pos_inicio_programa,1,ESC_016,,EMEF GOV ILDO MENEGHETTI,clarissa,5,Língua Portuguesa,1ª Avaliação Formativa,4,111,101,46,58,5.123475382979799,9.712749541193931,86.20689655172414,100,90.990990990991,52.801980198019805,25.128712871287128,42.65346534653465,32.21782178217822,100,0,TRUE,TRUE,TRUE,TRUE,TRUE,TRUE
2025,linha_base_pre_programa,0,ESC_017,,EMEF GRANDE ORIENTE DO RGS,andreia,1,Língua Portuguesa,1ª Avaliação Formativa,4,85,51,56,93,16.91892431568863,22.188753200903125,47.61904761904762,76.19047619047619,60,74.62745098039215,9.941176470588236,23.49019607843137,66.62745098039215,100.05882352941177,0.05882352941176805,FALSE,FALSE,FALSE,TRUE,TRUE,TRUE
2026,pos_inicio_programa,1,ESC_017,,EMEF GRANDE ORIENTE DO RGS,andreia,1,Língua Portuguesa,1ª Avaliação Formativa,4,82,65,7,33,11.74734012447073,61.828105918267,71.42857142857143,90.47619047619048,79.26829268292683,19.123076923076923,77.3076923076923,17.246153846153845,5.676923076923077,100.23076923076923,0.2307692307692264,TRUE,FALSE,FALSE,TRUE,TRUE,TRUE
2025,linha_base_pre_programa,0,ESC_017,,EMEF GRANDE ORIENTE DO RGS,andreia,2,Língua Portuguesa,1ª Avaliação Formativa,4,98,67,36,48,5.744562646538029,13.205891141466735,62.5,76,68.36734693877551,43.97014925373134,38.74626865671642,43.507462686567166,18.253731343283583,100.50746268656718,0.5074626865671803,FALSE,FALSE,FALSE,TRUE,TRUE,TRUE
2026,pos_inicio_programa,1,ESC_017,,EMEF GRANDE ORIENTE DO RGS,andreia,2,Língua Portuguesa,1ª Avaliação Formativa,4,87,61,18,76,25.534290669607408,65.47254017848053,50,79.16666666666667,70.11494252873563,43.34426229508197,48.85245901639344,26.491803278688526,25.508196721311474,100.85245901639344,0.8524590163934391,TRUE,FALSE,FALSE,TRUE,TRUE,TRUE
2025,linha_base_pre_programa,0,ESC_017,,EMEF GRANDE ORIENTE DO RGS,andreia,3,Língua Portuguesa,1ª Avaliação Formativa,4,106,71,29,42,5.909032633745278,17.004410456820946,62.5,74.07407407407408,66.98113207547169,34.971830985915496,52.15492957746479,30.887323943661972,17,100.04225352112677,0.04225352112676717,FALSE,FALSE,FALSE,TRUE,TRUE,TRUE
2026,pos_inicio_programa,1,ESC_017,,EMEF GRANDE ORIENTE DO RGS,andreia,3,Língua Portuguesa,1ª Avaliação Formativa,4,106,84,13,63,21.625602111078127,50.88376967312501,59.25925925925926,88.88888888888889,79.24528301886792,43.095238095238095,41.333333333333336,26.857142857142858,32.54761904761905,100.73809523809524,0.7380952380952408,TRUE,FALSE,FALSE,TRUE,TRUE,TRUE
2025,linha_base_pre_programa,0,ESC_017,,EMEF GRANDE ORIENTE DO RGS,andreia,4,Língua Portuguesa,1ª Avaliação Formativa,4,108,75,36,64,12.685293322058685,23.16948551974189,57.69230769230769,93.10344827586206,69.44444444444444,52.053333333333335,34.733333333333334,27.866666666666667,37.4,100,0,FALSE,FALSE,FALSE,TRUE,TRUE,TRUE
2026,pos_inicio_programa,1,ESC_017,,EMEF GRANDE ORIENTE DO RGS,andreia,4,Língua Portuguesa,1ª Avaliação Formativa,4,102,85,31,43,5.196152422706632,14.23603403481269,71.42857142857143,95.65217391304348,83.33333333333333,36.247058823529414,50.88235294117647,28.211764705882352,21.176470588235293,100.27058823529411,0.27058823529411313,TRUE,TRUE,FALSE,TRUE,TRUE,TRUE
2025,linha_base_pre_programa,0,ESC_017,,EMEF GRANDE ORIENTE DO RGS,andreia,5,Língua Portuguesa,1ª Avaliação Formativa,4,99,76,39,62,10.847426730181986,21.913993394307045,68.18181818181819,81.81818181818181,76.76767676767676,50.01315789473684,39.30263157894737,14.552631578947368,46.14473684210526,100,0,TRUE,FALSE,FALSE,TRUE,TRUE,TRUE
2026,pos_inicio_programa,1,ESC_017,,EMEF GRANDE ORIENTE DO RGS,andreia,5,Língua Portuguesa,1ª Avaliação Formativa,4,104,89,37,61,10.754843869934453,22.641776568283056,82.14285714285714,88,85.57692307692308,47.38202247191011,33.70786516853933,39.146067415730336,26.640449438202246,99.49438202247191,0.5056179775280896,TRUE,TRUE,FALSE,TRUE,TRUE,TRUE
2025,linha_base_pre_programa,0,ESC_018,,EMEF HEITOR VILLA LOBOS,jalize,1,Língua Portuguesa,1ª Avaliação Formativa,3,68,48,55,99,22.89832599412746,28.38635453817454,60,76,70.58823529411765,78.83333333333333,4.354166666666667,24.958333333333332,71.08333333333333,100.39583333333333,0.3958333333333286,TRUE,FALSE,FALSE,TRUE,TRUE,TRUE
2026,pos_inicio_programa,1,ESC_018,,EMEF HEITOR VILLA LOBOS,jalize,1,Língua Portuguesa,1ª Avaliação Formativa,3,69,59,7,8,0.5773502691896257,7.87295821622217,77.27272727272727,95.65217391304348,85.5072463768116,7.338983050847458,88.79661016949153,9.3389830508474585,1.8644067796610169,100,0,TRUE,TRUE,FALSE,TRUE,TRUE,TRUE
2025,linha_base_pre_programa,0,ESC_018,,EMEF HEITOR VILLA LOBOS,jalize,2,Língua Portuguesa,1ª Avaliação Formativa,4,96,73,6,74,31.822423959633664,60.04230935779937,52.17391304347826,84.61538461538461,76.04166666666667,58.47945205479452,27.54794520547945,23.28767123287671,49.42465753424658,100.26027397260273,0.26027397260273233,TRUE,FALSE,FALSE,TRUE,TRUE,TRUE
2026,pos_inicio_programa,1,ESC_018,,EMEF HEITOR VILLA LOBOS,jalize,2,Língua Portuguesa,1ª Avaliação Formativa,3,76,69,32,54,11.372481406154654,27.514067918116098,88,95.83333333333331,90.78947368421052,41.2463768115942,44.73913043478261,38.01449275362319,17.579710144927535,100.33333333333333,0.3333333333333286,TRUE,TRUE,TRUE,TRUE,TRUE,TRUE
2025,linha_base_pre_programa,0,ESC_018,,EMEF HEITOR VILLA LOBOS,jalize,3,Língua Portuguesa,1ª Avaliação Formativa,4,105,83,5,39,14.430869689661812,69.5463599501774,64,100,79.04761904761905,19.518072289156628,72.53012048192771,19.228915662650603,8.46987951807229,100.2289156626506,0.22891566265060703,TRUE,FALSE,FALSE,TRUE,TRUE,TRUE
2026,pos_inicio_programa,1,ESC_018,,EMEF HEITOR VILLA LOBOS,jalize,3,Língua Portuguesa,1ª Avaliação Formativa,4,109,95,26,46,9.604686356149273,30.250980649289048,82.75862068965517,92.3076923076923,87.1559633027523,31.778947368421054,59.32631578947368,19.105263157894736,21.57894736842105,100.01052631578948,0.010526315789476826,TRUE,TRUE,FALSE,TRUE,TRUE,TRUE
2025,linha_base_pre_programa,0,ESC_018,,EMEF HEITOR VILLA LOBOS,jalize,4,Língua Portuguesa,1ª Avaliação Formativa,4,112,93,48,72,11.489125293076057,20.156360163291332,64.28571428571429,92.85714285714286,83.03571428571429,57.806451612903224,26.795698924731184,29.096774193548388,43.8494623655914,99.74193548387098,0.2580645161290249,TRUE,TRUE,FALSE,TRUE,TRUE,TRUE
2026,pos_inicio_programa,1,ESC_018,,EMEF HEITOR VILLA LOBOS,jalize,4,Língua Portuguesa,1ª Avaliação Formativa,4,103,97,42,51,4.031128874149275,8.622735559677592,81.81818181818181,100,94.1747572815534,46.83505154639175,39.41237113402062,26.50515463917526,33.78350515463917,99.70103092783505,0.29896907216495094,TRUE,TRUE,TRUE,TRUE,TRUE,TRUE
2025,linha_base_pre_programa,0,ESC_018,,EMEF HEITOR VILLA LOBOS,jalize,5,Língua Portuguesa,1ª Avaliação Formativa,4,104,88,56,68,5.507570547286102,8.95539926387984,81.48148148148148,88.46153846153847,84.61538461538461,61.47727272727273,24.977272727272727,20.386363636363637,54.63636363636363,100,0,TRUE,TRUE,FALSE,TRUE,TRUE,TRUE
2026,pos_inicio_programa,1,ESC_018,,EMEF HEITOR VILLA LOBOS,jalize,5,Língua Portuguesa,1ª Avaliação Formativa,4,104,93,42,68,10.719919153924002,19.057634051420447,80.76923076923077,96.15384615384616,89.42307692307692,55.73118279569893,23.731182795698924,45.41935483870968,30.849462365591396,100,0,TRUE,TRUE,FALSE,TRUE,TRUE,TRUE
2025,linha_base_pre_programa,0,ESC_019,,EMEF JEAN PIAGET,clarissa,1,Língua Portuguesa,1ª Avaliação Formativa,3,61,51,33,94,33.15116890850155,46.691787195072614,76.19047619047619,88.23529411764706,83.60655737704919,72.92156862745098,23.627450980392158,1.8823529411764706,74.49019607843137,100,0,TRUE,TRUE,FALSE,TRUE,TRUE,TRUE
2026,pos_inicio_programa,1,ESC_019,,EMEF JEAN PIAGET,clarissa,1,Língua Portuguesa,1ª Avaliação Formativa,5,109,90,29,42,5.357238094391549,14.557712213020515,70.83333333333333,95,82.56880733944953,36.84444444444444,45.13333333333333,37.18888888888889,17.866666666666667,100.1888888888889,0.1888888888888971,TRUE,TRUE,FALSE,TRUE,TRUE,TRUE
2025,linha_base_pre_programa,0,ESC_019,,EMEF JEAN PIAGET,clarissa,2,Língua Portuguesa,1ª Avaliação Formativa,3,77,54,49,55,3.2145502536643185,6.1035764310082,50,83.33333333333333,70.12987012987013,53.18518518518518,38.74074074074074,23.925925925925927,37.092592592592595,99.75925925925927,0.24074074074073337,TRUE,FALSE,FALSE,TRUE,TRUE,TRUE
2026,pos_inicio_programa,1,ESC_019,,EMEF JEAN PIAGET,clarissa,2,Língua Portuguesa,1ª Avaliação Formativa,3,58,50,36,67,17.09775813764288,30.71453557660398,78.94736842105263,91.30434782608695,86.20689655172414,53.08,28.84,35.14,35.3,99.28,0.7199999999999989,TRUE,TRUE,FALSE,TRUE,TRUE,TRUE
2025,linha_base_pre_programa,0,ESC_019,,EMEF JEAN PIAGET,clarissa,3,Língua Portuguesa,1ª Avaliação Formativa,3,77,54,40,79,20.79262689833426,32.65857628010617,61.53846153846154,80,70.12987012987013,62.22222222222222,16.555555555555557,40.81481481481482,42.629629629629626,100,0,TRUE,FALSE,FALSE,TRUE,TRUE,TRUE
2026,pos_inicio_programa,1,ESC_019,,EMEF JEAN PIAGET,clarissa,3,Língua Portuguesa,1ª Avaliação Formativa,3,79,65,46,57,5.5677643628300215,10.707239159288502,75,88,82.27848101265823,51.92307692307692,33.738461538461536,23.661538461538463,42.92307692307692,100.32307692307691,0.32307692307691127,TRUE,TRUE,FALSE,TRUE,TRUE,TRUE
2025,linha_base_pre_programa,0,ESC_019,,EMEF JEAN PIAGET,clarissa,4,Língua Portuguesa,1ª Avaliação Formativa,4,97,73,58,88,14.522970311429637,21.92146462102587,62.5,88,75.25773195876289,67.68493150684931,20.493150684931507,27.424657534246574,52.082191780821915,100,0,TRUE,FALSE,FALSE,TRUE,TRUE,TRUE
2026,pos_inicio_programa,1,ESC_019,,EMEF JEAN PIAGET,clarissa,4,Língua Portuguesa,1ª Avaliação Formativa,3,70,62,67,80,6.8068592855540455,9.410404542240617,73.91304347826087,100,88.57142857142857,72.56451612903226,17.112903225806452,21.387096774193548,61.54838709677419,100.04838709677419,0.04838709677419217,TRUE,TRUE,FALSE,TRUE,TRUE,TRUE
2025,linha_base_pre_programa,0,ESC_019,,EMEF JEAN PIAGET,clarissa,5,Língua Portuguesa,1ª Avaliação Formativa,4,85,72,69,92,10.626225419530053,13.845244846293228,78.26086956521739,95.23809523809524,84.70588235294117,76.11111111111111,15.444444444444445,13.916666666666666,70.88888888888889,100.25,0.25,TRUE,TRUE,FALSE,TRUE,TRUE,TRUE
2026,pos_inicio_programa,1,ESC_019,,EMEF JEAN PIAGET,clarissa,5,Língua Portuguesa,1ª Avaliação Formativa,4,89,82,51,75,10.012492197250394,15.830027189328685,90.47619047619048,95.65217391304348,92.13483146067416,63.71951219512195,21.097560975609756,29.78048780487805,49.1219512195122,100,0,TRUE,TRUE,TRUE,TRUE,TRUE,TRUE
2025,linha_base_pre_programa,0,ESC_020,,EMEF JOAO ANTONIO SATTE,eliane,1,Língua Portuguesa,1ª Avaliação Formativa,3,61,45,54,98,22.120880030716076,29.62617861256617,72.22222222222223,75,73.77049180327869,72.71111111111111,9.133333333333333,24.355555555555554,66.5111111111111,100,0,TRUE,FALSE,FALSE,TRUE,TRUE,TRUE
2026,pos_inicio_programa,1,ESC_020,,EMEF JOAO ANTONIO SATTE,eliane,1,Língua Portuguesa,1ª Avaliação Formativa,5,114,92,2,70,27.18087562975115,65.65428896075157,69.56521739130434,95.23809523809524,80.70175438596492,40.28260869565217,49.65217391304348,22.304347826086957,28.217391304347824,100.17391304347827,0.1739130434782652,TRUE,TRUE,FALSE,TRUE,TRUE,TRUE
2025,linha_base_pre_programa,0,ESC_020,,EMEF JOAO ANTONIO SATTE,eliane,2,Língua Portuguesa,1ª Avaliação Formativa,3,57,35,49,78,15.30795000427338,25.23288462242865,44.44444444444444,76.19047619047619,61.40350877192982,64.14285714285714,19.771428571428572,31.34285714285714,48.57142857142857,99.68571428571428,0.3142857142857167,FALSE,FALSE,FALSE,TRUE,TRUE,TRUE
2026,pos_inicio_programa,1,ESC_020,,EMEF JOAO ANTONIO SATTE,eliane,2,Língua Portuguesa,1ª Avaliação Formativa,3,61,50,40,58,10.115993936995679,19.579343103862605,76.19047619047619,85.71428571428571,81.9672131147541,51.2,28.32,47.12,24.88,100.32,0.3199999999999932,TRUE,TRUE,FALSE,TRUE,TRUE,TRUE
2025,linha_base_pre_programa,0,ESC_020,,EMEF JOAO ANTONIO SATTE,eliane,3,Língua Portuguesa,1ª Avaliação Formativa,4,95,67,50,78,13.098982148752373,22.296139827663612,58.333333333333336,84.21052631578948,70.52631578947368,60.44776119402985,28.417910447761194,24,47.82089552238806,100.23880597014926,0.23880597014925797,TRUE,FALSE,FALSE,TRUE,TRUE,TRUE
2026,pos_inicio_programa,1,ESC_020,,EMEF JOAO ANTONIO SATTE,eliane,3,Língua Portuguesa,1ª Avaliação Formativa,3,61,53,51,90,20.5993527406405,30.89902911096075,76,100,86.88524590163935,64.90566037735849,22.58490566037736,11.660377358490566,65.75471698113208,100,0,TRUE,TRUE,FALSE,TRUE,TRUE,TRUE
2025,linha_base_pre_programa,0,ESC_020,,EMEF JOAO ANTONIO SATTE,eliane,4,Língua Portuguesa,1ª Avaliação Formativa,5,107,85,46,82,15.401298646542765,22.06489777441657,73.91304347826087,87.5,79.4392523364486,70.84705882352941,17.611764705882354,20.011764705882353,62.576470588235296,100.2,0.20000000000000284,TRUE,FALSE,FALSE,TRUE,TRUE,TRUE
2026,pos_inicio_programa,1,ESC_020,,EMEF JOAO ANTONIO SATTE,eliane,4,Língua Portuguesa,1ª Avaliação Formativa,4,83,69,31,78,20.43689474129244,35.542425637030334,72.22222222222223,100,83.13253012048193,56.608695652173914,32.84057971014493,21.434782608695652,45.98550724637681,100.26086956521739,0.2608695652173907,TRUE,TRUE,FALSE,TRUE,TRUE,TRUE
2025,linha_base_pre_programa,0,ESC_020,,EMEF JOAO ANTONIO SATTE,eliane,5,Língua Portuguesa,1ª Avaliação Formativa,4,101,77,60,77,7.804912982645397,11.605818561554493,65.38461538461539,87.5,76.23762376237623,67.36363636363636,16.935064935064936,26.103896103896105,57.18181818181818,100.22077922077922,0.22077922077922096,TRUE,FALSE,FALSE,TRUE,TRUE,TRUE
2026,pos_inicio_programa,1,ESC_020,,EMEF JOAO ANTONIO SATTE,eliane,5,Língua Portuguesa,1ª Avaliação Formativa,4,90,79,51,76,11.615363389350618,17.401293467191937,77.27272727272727,95.65217391304348,87.77777777777777,66.78481012658227,14.708860759493671,33.063291139240505,52.265822784810126,100.0379746835443,0.037974683544305776,TRUE,TRUE,FALSE,TRUE,TRUE,TRUE
2025,linha_base_pre_programa,0,ESC_021,,EMEF JOAO CARLOS DAVILA PAIXAO CORTES - LACADOR,julia,1,Língua Portuguesa,1ª Avaliação Formativa,1,19,12,69,69,,,63.1578947368421,63.1578947368421,63.1578947368421,69,8,33,58,99,1,FALSE,FALSE,FALSE,TRUE,TRUE,TRUE
2026,pos_inicio_programa,1,ESC_021,,EMEF JOAO CARLOS DAVILA PAIXAO CORTES - LACADOR,julia,1,Língua Portuguesa,1ª Avaliação Formativa,2,41,36,39,53,9.899494936611665,21.5206411665471,85.71428571428571,90,87.8048780487805,46,31.5,52,17,100.5,0.5,TRUE,TRUE,FALSE,TRUE,TRUE,TRUE
2025,linha_base_pre_programa,0,ESC_021,,EMEF JOAO CARLOS DAVILA PAIXAO CORTES - LACADOR,julia,2,Língua Portuguesa,1ª Avaliação Formativa,1,25,22,95,95,,,88,88,88,95,0,9,91,100,0,TRUE,TRUE,FALSE,TRUE,TRUE,TRUE
2026,pos_inicio_programa,1,ESC_021,,EMEF JOAO CARLOS DAVILA PAIXAO CORTES - LACADOR,julia,2,Língua Portuguesa,1ª Avaliação Formativa,1,20,18,67,67,,,90,90,90,67,19,19,63,101,1,TRUE,TRUE,TRUE,TRUE,TRUE,TRUE
2025,linha_base_pre_programa,0,ESC_021,,EMEF JOAO CARLOS DAVILA PAIXAO CORTES - LACADOR,julia,3,Língua Portuguesa,1ª Avaliação Formativa,1,23,19,86,86,,,82.6086956521739,82.6086956521739,82.6086956521739,86,0,32,68,100,0,TRUE,TRUE,FALSE,TRUE,TRUE,TRUE
2026,pos_inicio_programa,1,ESC_021,,EMEF JOAO CARLOS DAVILA PAIXAO CORTES - LACADOR,julia,3,Língua Portuguesa,1ª Avaliação Formativa,1,24,22,77,77,,,91.66666666666669,91.66666666666669,91.66666666666667,77,0,33,67,100,0,TRUE,TRUE,TRUE,TRUE,TRUE,TRUE
2025,linha_base_pre_programa,0,ESC_021,,EMEF JOAO CARLOS DAVILA PAIXAO CORTES - LACADOR,julia,4,Língua Portuguesa,1ª Avaliação Formativa,1,23,19,75,75,,,82.6086956521739,82.6086956521739,82.6086956521739,75,26,5,68,99,1,TRUE,TRUE,FALSE,TRUE,TRUE,TRUE
2026,pos_inicio_programa,1,ESC_021,,EMEF JOAO CARLOS DAVILA PAIXAO CORTES - LACADOR,julia,4,Língua Portuguesa,1ª Avaliação Formativa,1,24,24,78,78,,,100,100,100,78,9,23,68,100,0,TRUE,TRUE,TRUE,TRUE,TRUE,TRUE
2026,pos_inicio_programa,1,ESC_021,,EMEF JOAO CARLOS DAVILA PAIXAO CORTES - LACADOR,julia,5,Língua Portuguesa,1ª Avaliação Formativa,1,22,21,78,78,,,95.45454545454544,95.45454545454544,95.45454545454545,78,10,19,71,100,0,TRUE,TRUE,TRUE,FALSE,TRUE,FALSE
2025,linha_base_pre_programa,0,ESC_022,,EMEF JOSE LOUREIRO DA SILVA,jalize,1,Língua Portuguesa,1ª Avaliação Formativa,4,79,42,71,99,11.972189997378647,13.604761360657555,40,60,53.164556962025316,87.45238095238095,2.2857142857142856,7.214285714285714,90.5,100,0,FALSE,FALSE,FALSE,TRUE,TRUE,TRUE
2026,pos_inicio_programa,1,ESC_022,,EMEF JOSE LOUREIRO DA SILVA,jalize,1,Língua Portuguesa,1ª Avaliação Formativa,4,70,51,6,44,16.680827317612277,66.06268244598921,58.8235294117647,86.36363636363636,72.85714285714286,26.84313725490196,54.21568627450981,39.80392156862745,6.549019607843137,100.5686274509804,0.5686274509804008,TRUE,FALSE,FALSE,TRUE,TRUE,TRUE
2025,linha_base_pre_programa,0,ESC_022,,EMEF JOSE LOUREIRO DA SILVA,jalize,2,Língua Portuguesa,1ª Avaliação Formativa,4,93,65,54,76,9.535023160258536,15.317306281539818,57.69230769230769,78.26086956521739,69.89247311827957,61.84615384615385,24.476923076923075,32,42.98461538461538,99.46153846153845,0.5384615384615472,FALSE,FALSE,FALSE,TRUE,TRUE,TRUE
2026,pos_inicio_programa,1,ESC_022,,EMEF JOSE LOUREIRO DA SILVA,jalize,2,Língua Portuguesa,1ª Avaliação Formativa,4,85,62,30,81,21.823152842795196,35.92288533793448,65.21739130434783,89.47368421052632,72.94117647058823,62.03225806451613,23.016129032258064,27.5,49.483870967741936,100,0,TRUE,FALSE,FALSE,TRUE,TRUE,TRUE
2025,linha_base_pre_programa,0,ESC_022,,EMEF JOSE LOUREIRO DA SILVA,jalize,3,Língua Portuguesa,1ª Avaliação Formativa,4,103,65,40,75,15.478479684172259,25.270987239464915,53.57142857142857,72,63.10679611650485,61.61538461538461,23.16923076923077,32.323076923076925,44.738461538461536,100.23076923076923,0.2307692307692264,FALSE,FALSE,FALSE,TRUE,TRUE,TRUE
2026,pos_inicio_programa,1,ESC_022,,EMEF JOSE LOUREIRO DA SILVA,jalize,3,Língua Portuguesa,1ª Avaliação Formativa,4,103,76,21,52,12.987173159185437,35.100467997798475,62.96296296296296,83.33333333333333,73.7864077669903,36.26315789473684,47.86842105263158,27.19736842105263,24.93421052631579,100.00000000000001,1.4210854715202004e-14,TRUE,FALSE,FALSE,TRUE,TRUE,TRUE
2025,linha_base_pre_programa,0,ESC_022,,EMEF JOSE LOUREIRO DA SILVA,jalize,4,Língua Portuguesa,1ª Avaliação Formativa,4,82,60,48,64,7.544313531837517,14.167724942417873,54.166666666666664,89.47368421052632,73.17073170731707,52.88333333333333,39.88333333333333,19.85,39.766666666666666,99.5,0.5,TRUE,FALSE,FALSE,TRUE,TRUE,TRUE
2026,pos_inicio_programa,1,ESC_022,,EMEF JOSE LOUREIRO DA SILVA,jalize,4,Língua Portuguesa,1ª Avaliação Formativa,4,92,72,48,64,6.733003292241386,12.023220164716761,66.66666666666667,88,78.26086956521739,55.583333333333336,23.916666666666668,38.861111111111114,36.986111111111114,99.7638888888889,0.23611111111110006,TRUE,FALSE,FALSE,TRUE,TRUE,TRUE
2025,linha_base_pre_programa,0,ESC_022,,EMEF JOSE LOUREIRO DA SILVA,jalize,5,Língua Portuguesa,1ª Avaliação Formativa,4,100,72,43,53,4.43471156521669,9.143735186013796,65.38461538461539,76,72,48.52777777777778,38.69444444444444,23.791666666666668,37.513888888888886,100,0,TRUE,FALSE,FALSE,TRUE,TRUE,TRUE
2026,pos_inicio_programa,1,ESC_022,,EMEF JOSE LOUREIRO DA SILVA,jalize,5,Língua Portuguesa,1ª Avaliação Formativa,4,81,59,46,58,5.446711546122731,10.785567418064813,63.63636363636363,85,72.8395061728395,50.88135593220339,32.42372881355932,33.40677966101695,34.40677966101695,100.23728813559322,0.23728813559321793,TRUE,FALSE,FALSE,TRUE,TRUE,TRUE
2025,linha_base_pre_programa,0,ESC_023,,EMEF JOSE MARIANO BECK,nathalia,1,Língua Portuguesa,1ª Avaliação Formativa,3,65,44,54,87,17.3877351409933,25.82336902127718,63.63636363636363,71.42857142857143,67.6923076923077,66.88636363636364,9.204545454545455,31.727272727272727,59.06818181818182,100,0,FALSE,FALSE,FALSE,TRUE,TRUE,TRUE
2026,pos_inicio_programa,1,ESC_023,,EMEF JOSE MARIANO BECK,nathalia,1,Língua Portuguesa,1ª Avaliação Formativa,3,71,55,4,30,13.051181300301263,73.87461113378072,76,79.16666666666667,77.46478873239437,17.21818181818182,72.9090909090909,21.78181818181818,5.963636363636364,100.65454545454546,0.6545454545454561,TRUE,FALSE,FALSE,TRUE,TRUE,TRUE
2025,linha_base_pre_programa,0,ESC_023,,EMEF JOSE MARIANO BECK,nathalia,2,Língua Portuguesa,1ª Avaliação Formativa,3,65,52,20,82,33.08070938376826,57.36539199497386,71.42857142857143,95.65217391304348,80,60.94230769230769,24.865384615384617,30.692307692307693,44.44230769230769,100,0,TRUE,TRUE,FALSE,TRUE,TRUE,TRUE
2026,pos_inicio_programa,1,ESC_023,,EMEF JOSE MARIANO BECK,nathalia,2,Língua Portuguesa,1ª Avaliação Formativa,3,60,48,24,87,32.449961479175904,54.08326913195984,75,85,80,59.625,30.4375,22.458333333333332,46.75,99.64583333333333,0.3541666666666714,TRUE,TRUE,FALSE,TRUE,TRUE,TRUE
2025,linha_base_pre_programa,0,ESC_023,,EMEF JOSE MARIANO BECK,nathalia,3,Língua Portuguesa,1ª Avaliação Formativa,3,68,54,22,54,16.010413278030438,41.76629550790548,68.18181818181819,86.95652173913044,79.41176470588235,38.574074074074076,48.092592592592595,35.333333333333336,16.574074074074073,100,0,TRUE,FALSE,FALSE,TRUE,TRUE,TRUE
2026,pos_inicio_programa,1,ESC_023,,EMEF JOSE MARIANO BECK,nathalia,3,Língua Portuguesa,1ª Avaliação Formativa,3,67,56,0,58,29.816103031751148,90.35182736894288,68.18181818181819,91.30434782608695,83.58208955223881,36.089285714285715,47.94642857142857,28.035714285714285,24.017857142857142,100,0,TRUE,TRUE,FALSE,TRUE,TRUE,TRUE
2025,linha_base_pre_programa,0,ESC_023,,EMEF JOSE MARIANO BECK,nathalia,4,Língua Portuguesa,1ª Avaliação Formativa,3,63,43,26,69,22.18858565419016,50.04944132524096,52.94117647058823,76.19047619047619,68.25396825396825,48.46511627906977,35.27906976744186,37.16279069767442,27.976744186046513,100.4186046511628,0.418604651162795,FALSE,FALSE,FALSE,TRUE,TRUE,TRUE
2026,pos_inicio_programa,1,ESC_023,,EMEF JOSE MARIANO BECK,nathalia,4,Língua Portuguesa,1ª Avaliação Formativa,3,68,62,16,46,15.874507866387544,56.69467095138408,86.95652173913044,95.65217391304348,91.17647058823529,28.580645161290324,63.87096774193548,18.70967741935484,17.419354838709676,100,0,TRUE,TRUE,TRUE,TRUE,TRUE,TRUE
2025,linha_base_pre_programa,0,ESC_023,,EMEF JOSE MARIANO BECK,nathalia,5,Língua Portuguesa,1ª Avaliação Formativa,3,57,36,29,64,17.61628034896508,38.8594419462465,40,85,63.1578947368421,43.97222222222222,38.77777777777778,25.13888888888889,36.388888888888886,100.30555555555556,0.30555555555555713,FALSE,FALSE,FALSE,TRUE,TRUE,TRUE
2026,pos_inicio_programa,1,ESC_023,,EMEF JOSE MARIANO BECK,nathalia,5,Língua Portuguesa,1ª Avaliação Formativa,3,68,63,30,65,17.897858344878397,39.480569878408225,77.27272727272727,100,92.6470588235294,46.857142857142854,34.79365079365079,45.96825396825397,19.238095238095237,100,0,TRUE,TRUE,TRUE,TRUE,TRUE,TRUE
2025,linha_base_pre_programa,0,ESC_024,,EMEF LAURO RODRIGUES,clarissa,1,Língua Portuguesa,1ª Avaliação Formativa,3,63,51,40,86,24.020824298928627,35.85197656556512,65,95.65217391304348,80.95238095238095,63.35294117647059,23.392156862745097,25.313725490196077,51.03921568627451,99.74509803921569,0.25490196078430927,TRUE,TRUE,FALSE,TRUE,TRUE,TRUE
2026,pos_inicio_programa,1,ESC_024,,EMEF LAURO RODRIGUES,clarissa,1,Língua Portuguesa,1ª Avaliação Formativa,5,88,79,26,77,19.227584351654787,34.8325803472007,82.3529411764706,100,89.77272727272727,57.30379746835443,23.645569620253166,37.607594936708864,39,100.25316455696203,0.25316455696203377,TRUE,TRUE,FALSE,TRUE,TRUE,TRUE
2025,linha_base_pre_programa,0,ESC_024,,EMEF LAURO RODRIGUES,clarissa,2,Língua Portuguesa,1ª Avaliação Formativa,3,72,62,58,79,11.150485789118488,16.80977757153541,76,100,86.11111111111111,65.91935483870968,24.080645161290324,22.322580645161292,52.91935483870968,99.3225806451613,0.6774193548387046,TRUE,TRUE,FALSE,TRUE,TRUE,TRUE
2026,pos_inicio_programa,1,ESC_024,,EMEF LAURO RODRIGUES,clarissa,2,Língua Portuguesa,1ª Avaliação Formativa,3,66,59,59,89,15.01110699893027,20.37706832433973,85.71428571428571,91.30434782608695,89.39393939393939,73.44067796610169,16.440677966101696,17.627118644067796,66.28813559322033,100.35593220338983,0.3559322033898269,TRUE,TRUE,FALSE,TRUE,TRUE,TRUE
2025,linha_base_pre_programa,0,ESC_024,,EMEF LAURO RODRIGUES,clarissa,3,Língua Portuguesa,1ª Avaliação Formativa,3,73,61,28,93,32.60368077380221,55.26047588780036,83.33333333333333,84,83.56164383561644,59.557377049180324,29.508196721311474,26.39344262295082,44.09836065573771,100,0,TRUE,TRUE,FALSE,TRUE,TRUE,TRUE
2026,pos_inicio_programa,1,ESC_024,,EMEF LAURO RODRIGUES,clarissa,3,Língua Portuguesa,1ª Avaliação Formativa,3,65,64,55,69,7,11.290322580645162,95.45454545454544,100,98.46153846153847,62.109375,15.03125,33.3125,51.65625,100,0,TRUE,TRUE,TRUE,TRUE,TRUE,TRUE
2025,linha_base_pre_programa,0,ESC_024,,EMEF LAURO RODRIGUES,clarissa,4,Língua Portuguesa,1ª Avaliação Formativa,4,93,80,9,77,31.728010758108784,56.6571620680514,81.48148148148148,89.28571428571429,86.02150537634408,63.95,22.4375,24.9375,52.625,100,0,TRUE,TRUE,FALSE,TRUE,TRUE,TRUE
2026,pos_inicio_programa,1,ESC_024,,EMEF LAURO RODRIGUES,clarissa,4,Língua Portuguesa,1ª Avaliação Formativa,4,69,58,15,70,25.940637360455632,50.61587777649879,75,88.88888888888889,84.05797101449275,55.94827586206897,30.603448275862068,29.017241379310345,40.37931034482759,100,0,TRUE,TRUE,FALSE,TRUE,TRUE,TRUE
2025,linha_base_pre_programa,0,ESC_024,,EMEF LAURO RODRIGUES,clarissa,5,Língua Portuguesa,1ª Avaliação Formativa,3,73,64,65,79,7.371114795831994,10.051520176134538,84.21052631578948,92.85714285714286,87.67123287671232,74.46875,11.09375,19.03125,70.28125,100.40625,0.40625,TRUE,TRUE,FALSE,TRUE,TRUE,TRUE
2026,pos_inicio_programa,1,ESC_024,,EMEF LAURO RODRIGUES,clarissa,5,Língua Portuguesa,1ª Avaliação Formativa,3,79,73,65,71,3.4641016151377544,5.170300918116052,81.48148148148148,100,92.40506329113924,66.8082191780822,12.534246575342467,42.73972602739726,44.38356164383562,99.65753424657535,0.3424657534246478,TRUE,TRUE,TRUE,TRUE,TRUE,TRUE
2025,linha_base_pre_programa,0,ESC_025,,EMEF LEOCADIA FELIZARDO PRESTES,graziela,1,Língua Portuguesa,1ª Avaliação Formativa,2,49,36,40,40,0,0,66.66666666666667,80,73.46938775510205,40,41.888888888888886,39,19.555555555555557,100.44444444444444,0.44444444444444287,TRUE,FALSE,FALSE,TRUE,TRUE,TRUE
2026,pos_inicio_programa,1,ESC_025,,EMEF LEOCADIA FELIZARDO PRESTES,graziela,1,Língua Portuguesa,1ª Avaliação Formativa,2,41,35,37,68,21.920310216782973,41.75297184149138,85,85.71428571428571,85.36585365853658,52.05714285714286,34.94285714285714,32.02857142857143,33.02857142857143,100,0,TRUE,TRUE,FALSE,TRUE,TRUE,TRUE
2025,linha_base_pre_programa,0,ESC_025,,EMEF LEOCADIA FELIZARDO PRESTES,graziela,2,Língua Portuguesa,1ª Avaliação Formativa,2,53,36,54,83,20.506096654409877,29.93590752468595,65.38461538461539,70.37037037037037,67.9245283018868,67.69444444444444,25.194444444444443,11.083333333333334,63.72222222222222,100,0,FALSE,FALSE,FALSE,TRUE,TRUE,TRUE
2026,pos_inicio_programa,1,ESC_025,,EMEF LEOCADIA FELIZARDO PRESTES,graziela,2,Língua Portuguesa,1ª Avaliação Formativa,2,49,41,35,54,13.435028842544403,30.19107605066158,80.76923076923077,86.95652173913044,83.6734693877551,44.26829268292683,46.21951219512195,25.73170731707317,28.048780487804876,100,0,TRUE,TRUE,FALSE,TRUE,TRUE,TRUE
2025,linha_base_pre_programa,0,ESC_025,,EMEF LEOCADIA FELIZARDO PRESTES,graziela,3,Língua Portuguesa,1ª Avaliação Formativa,3,66,51,48,77,14.571661996262929,23.629722156102048,69.56521739130434,82.6086956521739,77.27272727272727,60.86274509803921,21.627450980392158,41.3921568627451,36.98039215686274,100,0,TRUE,FALSE,FALSE,TRUE,TRUE,TRUE
2026,pos_inicio_programa,1,ESC_025,,EMEF LEOCADIA FELIZARDO PRESTES,graziela,3,Língua Portuguesa,1ª Avaliação Formativa,3,63,54,10,40,16.289055630494154,56.822287083119136,76.19047619047619,90.47619047619048,85.71428571428571,29.703703703703702,62.31481481481482,17.962962962962962,19.72222222222222,100,0,TRUE,TRUE,FALSE,TRUE,TRUE,TRUE
2025,linha_base_pre_programa,0,ESC_025,,EMEF LEOCADIA FELIZARDO PRESTES,graziela,4,Língua Portuguesa,1ª Avaliação Formativa,2,53,38,60,74,9.899494936611665,14.775365577032337,70.37037037037037,73.07692307692308,71.69811320754717,67,23.5,16,60.5,100,0,TRUE,FALSE,FALSE,TRUE,TRUE,TRUE
2026,pos_inicio_programa,1,ESC_025,,EMEF LEOCADIA FELIZARDO PRESTES,graziela,4,Língua Portuguesa,1ª Avaliação Formativa,2,53,45,64,66,1.4142135623730951,2.175713172881685,81.48148148148148,88.46153846153847,84.90566037735849,65.02222222222223,15.533333333333333,29.42222222222222,54.55555555555556,99.51111111111112,0.48888888888888005,TRUE,TRUE,FALSE,TRUE,TRUE,TRUE
2025,linha_base_pre_programa,0,ESC_025,,EMEF LEOCADIA FELIZARDO PRESTES,graziela,5,Língua Portuguesa,1ª Avaliação Formativa,3,75,54,18,61,22.501851775650227,51.92735025150051,60,78.57142857142857,72,47.74074074074074,44.25925925925926,22,33.111111111111114,99.37037037037038,0.6296296296296191,TRUE,FALSE,FALSE,TRUE,TRUE,TRUE
2026,pos_inicio_programa,1,ESC_025,,EMEF LEOCADIA FELIZARDO PRESTES,graziela,5,Língua Portuguesa,1ª Avaliação Formativa,2,52,45,42,70,19.79898987322333,35.35533905932738,84,88.88888888888889,86.53846153846153,55.06666666666667,29.666666666666668,29.666666666666668,40.666666666666664,100,0,TRUE,TRUE,FALSE,TRUE,TRUE,TRUE
2025,linha_base_pre_programa,0,ESC_026,,EMEF LIDOVINO FANTON,julia,1,Língua Portuguesa,1ª Avaliação Formativa,4,97,77,26,61,15.340577998671801,39.33481538120975,72.72727272727273,87.5,79.38144329896907,39.64935064935065,48.20779220779221,29.83116883116883,22.16883116883117,100.20779220779221,0.20779220779220964,TRUE,FALSE,FALSE,TRUE,TRUE,TRUE
2026,pos_inicio_programa,1,ESC_026,,EMEF LIDOVINO FANTON,julia,1,Língua Portuguesa,1ª Avaliação Formativa,4,92,64,38,58,8.386497083606082,16.942418350719358,66.66666666666667,76.19047619047619,69.56521739130434,48.9375,34.828125,38.296875,26.875,100,0,FALSE,FALSE,FALSE,TRUE,TRUE,TRUE
2025,linha_base_pre_programa,0,ESC_026,,EMEF LIDOVINO FANTON,julia,2,Língua Portuguesa,1ª Avaliação Formativa,4,109,78,17,57,17.839562774911272,44.32189509294726,60.714285714285715,85.18518518518519,71.55963302752293,40.47435897435897,51.15384615384615,29.487179487179485,19.064102564102566,99.7051282051282,0.2948717948717956,TRUE,FALSE,FALSE,TRUE,TRUE,TRUE
2026,pos_inicio_programa,1,ESC_026,,EMEF LIDOVINO FANTON,julia,2,Língua Portuguesa,1ª Avaliação Formativa,4,91,69,24,70,24.102212899787162,51.555535614518,65.21739130434783,86.95652173913044,75.82417582417582,45.08695652173913,38.98550724637681,38.11594202898551,22.652173913043477,99.75362318840578,0.24637681159421732,TRUE,FALSE,FALSE,TRUE,TRUE,TRUE
2025,linha_base_pre_programa,0,ESC_026,,EMEF LIDOVINO FANTON,julia,3,Língua Portuguesa,1ª Avaliação Formativa,6,143,103,0,29,10.53407170407847,54.96037410823549,23.076923076923077,90.47619047619048,72.02797202797203,21.796116504854368,75.54368932038835,21.475728155339805,2.9805825242718447,100,0,TRUE,FALSE,FALSE,TRUE,TRUE,TRUE
2026,pos_inicio_programa,1,ESC_026,,EMEF LIDOVINO FANTON,julia,3,Língua Portuguesa,1ª Avaliação Formativa,5,135,87,27,76,21.50581316760657,47.7906959280146,57.142857142857146,76.92307692307692,64.44444444444444,45.724137931034484,39.701149425287355,25.885057471264368,34.60919540229885,100.19540229885057,0.19540229885056704,FALSE,FALSE,FALSE,TRUE,TRUE,TRUE
2025,linha_base_pre_programa,0,ESC_026,,EMEF LIDOVINO FANTON,julia,4,Língua Portuguesa,1ª Avaliação Formativa,5,122,97,13,66,21.196697856034085,57.91447501648656,57.89473684210526,95.83333333333331,79.50819672131148,41.03092783505155,46.24742268041237,26.762886597938145,26.917525773195877,99.9278350515464,0.07216494845360444,TRUE,FALSE,FALSE,TRUE,TRUE,TRUE
2026,pos_inicio_programa,1,ESC_026,,EMEF LIDOVINO FANTON,julia,4,Língua Portuguesa,1ª Avaliação Formativa,5,111,96,19,40,8.905054744357274,32.26469110274375,76.47058823529412,94.73684210526316,86.48648648648648,27.4375,63.541666666666664,20.635416666666668,15.927083333333334,100.10416666666666,0.10416666666665719,TRUE,TRUE,FALSE,TRUE,TRUE,TRUE
2025,linha_base_pre_programa,0,ESC_026,,EMEF LIDOVINO FANTON,julia,5,Língua Portuguesa,1ª Avaliação Formativa,4,107,87,26,61,16.391054470858997,32.78210894171799,67.85714285714286,92.85714285714286,81.30841121495327,51.55172413793103,31.160919540229884,30.160919540229884,39.0919540229885,100.41379310344827,0.41379310344827047,TRUE,TRUE,FALSE,TRUE,TRUE,TRUE
2026,pos_inicio_programa,1,ESC_026,,EMEF LIDOVINO FANTON,julia,5,Língua Portuguesa,1ª Avaliação Formativa,5,106,74,26,55,13.77679207943562,33.932985417329114,55.55555555555556,84,69.81132075471699,40.78378378378378,41.270270270270274,41.608108108108105,17.324324324324323,100.20270270270271,0.20270270270270885,FALSE,FALSE,FALSE,TRUE,TRUE,TRUE
2025,linha_base_pre_programa,0,ESC_027,,EMEF MARIO QUINTANA,ruti,1,Língua Portuguesa,1ª Avaliação Formativa,2,45,32,2,31,20.506096654409877,124.27937366309015,69.56521739130434,72.72727272727273,71.11111111111111,16.5,81.5,6.5,12.5,100.5,0.5,TRUE,FALSE,FALSE,TRUE,TRUE,TRUE
2026,pos_inicio_programa,1,ESC_027,,EMEF MARIO QUINTANA,ruti,1,Língua Portuguesa,1ª Avaliação Formativa,2,46,41,2,6,2.8284271247461903,70.71067811865476,81.81818181818181,95.83333333333331,89.1304347826087,3.7560975609756095,91.92682926829268,8.073170731707316,0,100,0,TRUE,TRUE,FALSE,TRUE,TRUE,TRUE
2025,linha_base_pre_programa,0,ESC_027,,EMEF MARIO QUINTANA,ruti,2,Língua Portuguesa,1ª Avaliação Formativa,2,49,46,41,57,11.313708498984761,23.089201018336247,92,95.83333333333331,93.87755102040816,49,37,32.5,30.5,100,0,TRUE,TRUE,TRUE,TRUE,TRUE,TRUE
2026,pos_inicio_programa,1,ESC_027,,EMEF MARIO QUINTANA,ruti,2,Língua Portuguesa,1ª Avaliação Formativa,2,44,34,10,53,30.405591591021544,96.52568759054458,75,79.16666666666667,77.27272727272727,34.029411764705884,48.294117647058826,35.205882352941174,17.058823529411764,100.55882352941177,0.558823529411768,TRUE,FALSE,FALSE,TRUE,TRUE,TRUE
2025,linha_base_pre_programa,0,ESC_027,,EMEF MARIO QUINTANA,ruti,3,Língua Portuguesa,1ª Avaliação Formativa,2,51,42,45,65,14.142135623730951,25.712973861329,80.76923076923077,84,82.3529411764706,55,36,31,33.5,100.5,0.5,TRUE,TRUE,FALSE,TRUE,TRUE,TRUE
2026,pos_inicio_programa,1,ESC_027,,EMEF MARIO QUINTANA,ruti,3,Língua Portuguesa,1ª Avaliação Formativa,2,49,43,41,42,0.7071067811865476,1.7038717618952952,87.5,88,87.75510204081633,41.51162790697674,42.95348837209303,31.023255813953487,26.023255813953487,100,0,TRUE,TRUE,FALSE,TRUE,TRUE,TRUE
2025,linha_base_pre_programa,0,ESC_027,,EMEF MARIO QUINTANA,ruti,4,Língua Portuguesa,1ª Avaliação Formativa,2,50,41,44,45,0.7071067811865476,1.589004002666399,80,84,82,44.51219512195122,46.41463414634146,24.609756097560975,29.48780487804878,100.51219512195122,0.5121951219512226,TRUE,TRUE,FALSE,TRUE,TRUE,TRUE
2026,pos_inicio_programa,1,ESC_027,,EMEF MARIO QUINTANA,ruti,4,Língua Portuguesa,1ª Avaliação Formativa,2,46,40,42,47,3.5355339059327378,7.945020013331995,76.19047619047619,96,86.95652173913044,45,44,23,33,100,0,TRUE,TRUE,FALSE,TRUE,TRUE,TRUE
2025,linha_base_pre_programa,0,ESC_027,,EMEF MARIO QUINTANA,ruti,5,Língua Portuguesa,1ª Avaliação Formativa,2,50,44,59,61,1.4142135623730951,2.3570226039551585,80.76923076923077,95.83333333333331,88,59.95454545454545,25.045454545454547,29.522727272727273,45.38636363636363,99.95454545454545,0.045454545454546746,TRUE,TRUE,FALSE,TRUE,TRUE,TRUE
2026,pos_inicio_programa,1,ESC_027,,EMEF MARIO QUINTANA,ruti,5,Língua Portuguesa,1ª Avaliação Formativa,2,48,41,37,69,22.627416997969522,42.693239618810416,83.33333333333333,87.5,85.41666666666667,53.390243902439025,35.65853658536585,27.365853658536587,36.97560975609756,100,0,TRUE,TRUE,FALSE,TRUE,TRUE,TRUE
2025,linha_base_pre_programa,0,ESC_028,,EMEF MIGRANTES,nathalia,1,Língua Portuguesa,1ª Avaliação Formativa,1,18,14,74,74,,,77.77777777777777,77.77777777777777,77.77777777777777,74,14,14,71,99,1,TRUE,FALSE,FALSE,TRUE,TRUE,TRUE
2026,pos_inicio_programa,1,ESC_028,,EMEF MIGRANTES,nathalia,1,Língua Portuguesa,1ª Avaliação Formativa,2,23,18,25,40,10.606601717798213,32.63569759322527,54.54545454545455,100,78.26086956521739,35,36.666666666666664,58,5.333333333333333,99.99999999999999,1.4210854715202004e-14,TRUE,FALSE,FALSE,TRUE,TRUE,TRUE
2025,linha_base_pre_programa,0,ESC_028,,EMEF MIGRANTES,nathalia,2,Língua Portuguesa,1ª Avaliação Formativa,1,21,19,62,62,,,90.47619047619048,90.47619047619048,90.47619047619048,62,16,42,42,100,0,TRUE,TRUE,TRUE,TRUE,TRUE,TRUE
2026,pos_inicio_programa,1,ESC_028,,EMEF MIGRANTES,nathalia,2,Língua Portuguesa,1ª Avaliação Formativa,1,18,16,57,57,,,88.88888888888889,88.88888888888889,88.88888888888889,57,40,20,40,100,0,TRUE,TRUE,FALSE,TRUE,TRUE,TRUE
2025,linha_base_pre_programa,0,ESC_028,,EMEF MIGRANTES,nathalia,3,Língua Portuguesa,1ª Avaliação Formativa,2,27,26,41,63,15.556349186104045,29.916056127123166,93.33333333333331,100,96.29629629629629,51.15384615384615,34.61538461538461,34.38461538461539,30.53846153846154,99.53846153846155,0.4615384615384528,TRUE,TRUE,TRUE,TRUE,TRUE,TRUE
2026,pos_inicio_programa,1,ESC_028,,EMEF MIGRANTES,nathalia,3,Língua Portuguesa,1ª Avaliação Formativa,1,18,13,55,55,,,72.22222222222223,72.22222222222223,72.22222222222223,55,23,38,38,99,1,TRUE,FALSE,FALSE,TRUE,TRUE,TRUE
2025,linha_base_pre_programa,0,ESC_028,,EMEF MIGRANTES,nathalia,4,Língua Portuguesa,1ª Avaliação Formativa,1,7,5,82,82,,,71.42857142857143,71.42857142857143,71.42857142857143,82,0,40,60,100,0,TRUE,FALSE,FALSE,TRUE,TRUE,TRUE
2026,pos_inicio_programa,1,ESC_028,,EMEF MIGRANTES,nathalia,4,Língua Portuguesa,1ª Avaliação Formativa,1,19,16,51,51,,,84.21052631578948,84.21052631578948,84.21052631578948,51,23,46,31,100,0,TRUE,TRUE,FALSE,TRUE,TRUE,TRUE
2025,linha_base_pre_programa,0,ESC_028,,EMEF MIGRANTES,nathalia,5,Língua Portuguesa,1ª Avaliação Formativa,1,14,10,38,38,,,71.42857142857143,71.42857142857143,71.42857142857143,38,30,60,10,100,0,TRUE,FALSE,FALSE,TRUE,TRUE,TRUE
2026,pos_inicio_programa,1,ESC_028,,EMEF MIGRANTES,nathalia,5,Língua Portuguesa,1ª Avaliação Formativa,1,8,7,56,56,,,87.5,87.5,87.5,56,14,57,29,100,0,TRUE,TRUE,FALSE,TRUE,TRUE,TRUE
2025,linha_base_pre_programa,0,ESC_029,,EMEF MORADAS DA HIPICA,amanda,1,Língua Portuguesa,1ª Avaliação Formativa,4,88,66,65,75,4.760952285695233,7.001400420140049,68.18181818181819,83.33333333333333,75,68.51515151515152,12.257575757575758,30.393939393939394,57.57575757575758,100.22727272727273,0.22727272727273373,TRUE,FALSE,FALSE,TRUE,TRUE,TRUE
2026,pos_inicio_programa,1,ESC_029,,EMEF MORADAS DA HIPICA,amanda,1,Língua Portuguesa,1ª Avaliação Formativa,4,91,81,26,90,28.442925306655784,58.645206817846976,82.6086956521739,91.30434782608695,89.01098901098901,47.75308641975309,38.28395061728395,33.27160493827161,28.691358024691358,100.24691358024691,0.24691358024691112,TRUE,TRUE,FALSE,TRUE,TRUE,TRUE
2025,linha_base_pre_programa,0,ESC_029,,EMEF MORADAS DA HIPICA,amanda,2,Língua Portuguesa,1ª Avaliação Formativa,4,99,79,57,86,12.284814474246922,17.121692647034035,64,100,79.79797979797979,71.15189873417721,19.063291139240505,19.227848101265824,62.21518987341772,100.50632911392404,0.5063291139240391,TRUE,FALSE,FALSE,TRUE,TRUE,TRUE
2026,pos_inicio_programa,1,ESC_029,,EMEF MORADAS DA HIPICA,amanda,2,Língua Portuguesa,1ª Avaliação Formativa,4,99,92,80,93,6.027713773341708,6.968455229296772,87.5,100,92.92929292929293,86.32608695652173,5.173913043478261,13.98913043478261,81.06521739130434,100.22826086956522,0.22826086956521863,TRUE,TRUE,TRUE,TRUE,TRUE,TRUE
2025,linha_base_pre_programa,0,ESC_029,,EMEF MORADAS DA HIPICA,amanda,3,Língua Portuguesa,1ª Avaliação Formativa,3,79,69,65,75,5.507570547286102,8.020733806727334,84.61538461538461,92.5925925925926,87.34177215189874,68.5072463768116,16,33.30434782608695,50.69565217391305,100,0,TRUE,TRUE,FALSE,TRUE,TRUE,TRUE
2026,pos_inicio_programa,1,ESC_029,,EMEF MORADAS DA HIPICA,amanda,3,Língua Portuguesa,1ª Avaliação Formativa,4,104,91,50,87,16.520189667999176,22.249413694274985,84.61538461538461,88.88888888888889,87.5,74.42857142857143,10.692307692307692,22.67032967032967,66.63736263736264,100,0,TRUE,TRUE,FALSE,TRUE,TRUE,TRUE
2025,linha_base_pre_programa,0,ESC_029,,EMEF MORADAS DA HIPICA,amanda,4,Língua Portuguesa,1ª Avaliação Formativa,4,107,96,76,88,4.924428900898052,5.987147599876051,80.76923076923077,100,89.7196261682243,82.10416666666667,8.322916666666666,17.947916666666668,73.94791666666667,100.21875,0.21875,TRUE,TRUE,FALSE,TRUE,TRUE,TRUE
2026,pos_inicio_programa,1,ESC_029,,EMEF MORADAS DA HIPICA,amanda,4,Língua Portuguesa,1ª Avaliação Formativa,3,77,72,73,78,2.516611478423583,3.325918253423237,91.66666666666669,96.29629629629628,93.50649350649351,75.61111111111111,11.5,22.77777777777778,66.02777777777777,100.30555555555554,0.3055555555555429,TRUE,TRUE,TRUE,TRUE,TRUE,TRUE
2025,linha_base_pre_programa,0,ESC_029,,EMEF MORADAS DA HIPICA,amanda,5,Língua Portuguesa,1ª Avaliação Formativa,4,105,96,72,77,2.449489742783178,3.2659863237109037,84.61538461538461,96.15384615384616,91.42857142857143,74.91666666666667,11.520833333333334,19.770833333333332,68.70833333333333,100,0,TRUE,TRUE,TRUE,TRUE,TRUE,TRUE
2026,pos_inicio_programa,1,ESC_029,,EMEF MORADAS DA HIPICA,amanda,5,Língua Portuguesa,1ª Avaliação Formativa,4,107,100,70,89,8.341662504161466,10.20386850661953,85.71428571428571,100,93.45794392523365,81.85,6.16,24.5,69.34,100,0,TRUE,TRUE,TRUE,TRUE,TRUE,TRUE
2025,linha_base_pre_programa,0,ESC_030,,EMEF MORRO DA CRUZ,andreia,1,Língua Portuguesa,1ª Avaliação Formativa,4,84,61,4,52,22.983689869122408,129.4855767274502,38.095238095238095,95.45454545454544,72.61904761904762,17.60655737704918,76.98360655737704,14.901639344262295,8.114754098360656,100,0,TRUE,FALSE,FALSE,TRUE,TRUE,TRUE
2026,pos_inicio_programa,1,ESC_030,,EMEF MORRO DA CRUZ,andreia,1,Língua Portuguesa,1ª Avaliação Formativa,4,93,67,27,57,13.5,35.294117647058826,69.56521739130434,76,72.04301075268818,38.6865671641791,42.61194029850746,40.92537313432836,16.46268656716418,100,0,TRUE,FALSE,FALSE,TRUE,TRUE,TRUE
2025,linha_base_pre_programa,0,ESC_030,,EMEF MORRO DA CRUZ,andreia,2,Língua Portuguesa,1ª Avaliação Formativa,4,94,77,38,52,7.54983443527075,16.965920079260112,76.92307692307692,85,81.91489361702128,44.753246753246756,37.62337662337662,45.493506493506494,16.883116883116884,100,0,TRUE,TRUE,FALSE,TRUE,TRUE,TRUE
2026,pos_inicio_programa,1,ESC_030,,EMEF MORRO DA CRUZ,andreia,2,Língua Portuguesa,1ª Avaliação Formativa,4,74,60,25,61,16.45954636879968,40.39152483141026,64.70588235294117,92,81.08108108108108,35.85,53.333333333333336,24.416666666666668,22.5,100.25,0.25,TRUE,TRUE,FALSE,TRUE,TRUE,TRUE
2025,linha_base_pre_programa,0,ESC_030,,EMEF MORRO DA CRUZ,andreia,3,Língua Portuguesa,1ª Avaliação Formativa,4,103,84,34,79,19.80530232033836,34.59441453334211,76,84.61538461538461,81.55339805825243,57.42857142857143,33.57142857142857,21.345238095238095,45.345238095238095,100.26190476190476,0.2619047619047592,TRUE,TRUE,FALSE,TRUE,TRUE,TRUE
2026,pos_inicio_programa,1,ESC_030,,EMEF MORRO DA CRUZ,andreia,3,Língua Portuguesa,1ª Avaliação Formativa,4,103,78,27,68,19.017535767461215,36.92725391740042,69.23076923076923,81.48148148148148,75.72815533980582,53.17948717948718,31.935897435897434,22.32051282051282,45.97435897435897,100.23076923076923,0.2307692307692264,TRUE,FALSE,FALSE,TRUE,TRUE,TRUE
2025,linha_base_pre_programa,0,ESC_030,,EMEF MORRO DA CRUZ,andreia,4,Língua Portuguesa,1ª Avaliação Formativa,4,107,89,28,42,5.887840577551898,16.35511271542194,70.37037037037037,92.85714285714286,83.17757009345794,35.93258426966292,56.258426966292134,18.04494382022472,25.910112359550563,100.21348314606742,0.2134831460674178,TRUE,TRUE,FALSE,TRUE,TRUE,TRUE
2026,pos_inicio_programa,1,ESC_030,,EMEF MORRO DA CRUZ,andreia,4,Língua Portuguesa,1ª Avaliação Formativa,4,98,77,27,43,7.135591542869215,21.788065779753328,76,84,78.57142857142857,32.94805194805195,65.05194805194805,7.935064935064935,27.285714285714285,100.27272727272725,0.27272727272725206,TRUE,FALSE,FALSE,TRUE,TRUE,TRUE
2025,linha_base_pre_programa,0,ESC_030,,EMEF MORRO DA CRUZ,andreia,5,Língua Portuguesa,1ª Avaliação Formativa,4,111,86,35,53,8.139410298049853,19.264876445088408,68,87.09677419354838,77.47747747747748,41.27906976744186,39.19767441860465,38.174418604651166,22.11627906976744,99.48837209302326,0.5116279069767415,TRUE,FALSE,FALSE,TRUE,TRUE,TRUE
2026,pos_inicio_programa,1,ESC_030,,EMEF MORRO DA CRUZ,andreia,5,Língua Portuguesa,1ª Avaliação Formativa,4,102,86,28,50,10.1447851956888,25.20443526879205,81.48148148148148,87.5,84.31372549019608,39.77906976744186,44.36046511627907,35.97674418604651,19.627906976744185,99.96511627906978,0.034883720930224626,TRUE,TRUE,FALSE,TRUE,TRUE,TRUE
2025,linha_base_pre_programa,0,ESC_031,,EMEF NEUSA GOULART BRIZOLA,julia,1,Língua Portuguesa,1ª Avaliação Formativa,2,42,30,78,81,2.1213203435596424,2.6683274761756506,71.42857142857143,71.42857142857143,71.42857142857143,79.5,7,20,73.5,100.5,0.5,TRUE,FALSE,FALSE,TRUE,TRUE,TRUE
2026,pos_inicio_programa,1,ESC_031,,EMEF NEUSA GOULART BRIZOLA,julia,1,Língua Portuguesa,1ª Avaliação Formativa,3,63,52,33,45,6.110100926607787,15.93939372158553,65,95.23809523809524,82.53968253968254,38.92307692307692,54.65384615384615,21.442307692307693,23.903846153846153,100,0,TRUE,TRUE,FALSE,TRUE,TRUE,TRUE
2025,linha_base_pre_programa,0,ESC_031,,EMEF NEUSA GOULART BRIZOLA,julia,2,Língua Portuguesa,1ª Avaliação Formativa,2,43,36,51,67,11.313708498984761,19.175777116923324,81.81818181818181,85.71428571428571,83.72093023255815,59,28,28,44.5,100.5,0.5,TRUE,TRUE,FALSE,TRUE,TRUE,TRUE
2026,pos_inicio_programa,1,ESC_031,,EMEF NEUSA GOULART BRIZOLA,julia,2,Língua Portuguesa,1ª Avaliação Formativa,2,43,35,59,86,19.091883092036785,26.333631851085222,80.95238095238095,81.81818181818181,81.3953488372093,72.88571428571429,9.714285714285714,32.6,57.68571428571428,100,0,TRUE,TRUE,FALSE,TRUE,TRUE,TRUE
2025,linha_base_pre_programa,0,ESC_031,,EMEF NEUSA GOULART BRIZOLA,julia,3,Língua Portuguesa,1ª Avaliação Formativa,2,44,30,23,48,17.67766952966369,49.79625219623575,63.63636363636363,72.72727272727273,68.18181818181819,34.666666666666664,50.333333333333336,39.93333333333333,9.733333333333333,100,0,FALSE,FALSE,FALSE,TRUE,TRUE,TRUE
2026,pos_inicio_programa,1,ESC_031,,EMEF NEUSA GOULART BRIZOLA,julia,3,Língua Portuguesa,1ª Avaliação Formativa,2,44,38,76,91,10.606601717798213,12.702517027303248,85.71428571428571,86.95652173913044,86.36363636363636,83.89473684210526,9.31578947368421,9,82.15789473684211,100.47368421052633,0.47368421052632925,TRUE,TRUE,FALSE,TRUE,TRUE,TRUE
2025,linha_base_pre_programa,0,ESC_031,,EMEF NEUSA GOULART BRIZOLA,julia,4,Língua Portuguesa,1ª Avaliação Formativa,2,47,38,60,73,9.192388155425117,13.82314008334604,78.26086956521739,83.33333333333333,80.85106382978724,66.84210526315789,23.526315789473685,18.36842105263158,58.10526315789474,100,0,TRUE,TRUE,FALSE,TRUE,TRUE,TRUE
2026,pos_inicio_programa,1,ESC_031,,EMEF NEUSA GOULART BRIZOLA,julia,4,Língua Portuguesa,1ª Avaliação Formativa,2,42,38,54,69,10.606601717798213,17.246506858208473,90,90.9090909090909,90.47619047619048,61.10526315789474,25.42105263157895,28,47.05263157894737,100.47368421052632,0.47368421052631504,TRUE,TRUE,TRUE,TRUE,TRUE,TRUE
2025,linha_base_pre_programa,0,ESC_031,,EMEF NEUSA GOULART BRIZOLA,julia,5,Língua Portuguesa,1ª Avaliação Formativa,2,40,30,52,53,0.7071067811865476,1.3468700594029477,75,75,75,52.5,30,26.5,43.5,100,0,TRUE,FALSE,FALSE,TRUE,TRUE,TRUE
2026,pos_inicio_programa,1,ESC_031,,EMEF NEUSA GOULART BRIZOLA,julia,5,Língua Portuguesa,1ª Avaliação Formativa,2,49,46,66,67,0.7071067811865476,1.0633184679496956,91.30434782608695,96.15384615384616,93.87755102040816,66.45652173913044,14.26086956521739,40.73913043478261,45.08695652173913,100.08695652173913,0.08695652173912549,TRUE,TRUE,TRUE,TRUE,TRUE,TRUE
2025,linha_base_pre_programa,0,ESC_032,,EMEF NOSSA SENHORA DE FATIMA,amanda,1,Língua Portuguesa,1ª Avaliação Formativa,3,70,44,18,72,27.024680078279065,59.17813155827533,58.333333333333336,71.42857142857143,62.857142857142854,46.29545454545455,41.15909090909091,27.295454545454547,31.886363636363637,100.3409090909091,0.3409090909090935,FALSE,FALSE,FALSE,TRUE,TRUE,TRUE
2026,pos_inicio_programa,1,ESC_032,,EMEF NOSSA SENHORA DE FATIMA,amanda,1,Língua Portuguesa,1ª Avaliação Formativa,4,91,71,11,55,20.534523775015252,51.98613613927911,73.91304347826087,84.21052631578948,78.02197802197803,40.74647887323944,43.23943661971831,35.04225352112676,21.95774647887324,100.2394366197183,0.23943661971830466,TRUE,FALSE,FALSE,TRUE,TRUE,TRUE
2025,linha_base_pre_programa,0,ESC_032,,EMEF NOSSA SENHORA DE FATIMA,amanda,2,Língua Portuguesa,1ª Avaliação Formativa,3,75,56,38,55,9.539392014169456,19.468146967692768,69.23076923076923,84.61538461538461,74.66666666666667,49.82142857142857,42.67857142857143,26.642857142857142,30.285714285714285,99.60714285714286,0.3928571428571388,TRUE,FALSE,FALSE,TRUE,TRUE,TRUE
2026,pos_inicio_programa,1,ESC_032,,EMEF NOSSA SENHORA DE FATIMA,amanda,2,Língua Portuguesa,1ª Avaliação Formativa,3,60,41,35,69,18.14754345175493,37.54664162432055,66.66666666666667,70,68.33333333333333,48.80487804878049,32.21951219512195,32.41463414634146,35.02439024390244,99.65853658536585,0.3414634146341484,FALSE,FALSE,FALSE,TRUE,TRUE,TRUE
2025,linha_base_pre_programa,0,ESC_032,,EMEF NOSSA SENHORA DE FATIMA,amanda,3,Língua Portuguesa,1ª Avaliação Formativa,3,75,62,39,68,14.571661996262929,27.667712651132145,77.77777777777777,86.95652173913044,82.66666666666667,52.88709677419355,34,28.983870967741936,37.016129032258064,100,0,TRUE,TRUE,FALSE,TRUE,TRUE,TRUE
2026,pos_inicio_programa,1,ESC_032,,EMEF NOSSA SENHORA DE FATIMA,amanda,3,Língua Portuguesa,1ª Avaliação Formativa,3,79,68,39,50,6.3508529610858835,14.884811627545039,77.77777777777777,92,86.07594936708861,42.88235294117647,38.161764705882355,36.9264705882353,24.573529411764707,99.66176470588236,0.33823529411763786,TRUE,TRUE,FALSE,TRUE,TRUE,TRUE
2025,linha_base_pre_programa,0,ESC_032,,EMEF NOSSA SENHORA DE FATIMA,amanda,4,Língua Portuguesa,1ª Avaliação Formativa,4,90,71,23,59,15.628499608087784,34.538120680856984,66.66666666666667,91.66666666666669,78.88888888888889,47.32394366197183,32.33802816901409,42.45070422535211,25.43661971830986,100.22535211267606,0.22535211267606314,TRUE,FALSE,FALSE,TRUE,TRUE,TRUE
2026,pos_inicio_programa,1,ESC_032,,EMEF NOSSA SENHORA DE FATIMA,amanda,4,Língua Portuguesa,1ª Avaliação Formativa,3,70,59,27,54,13.503086067019396,33.20431000086737,76.92307692307692,91.30434782608695,84.28571428571429,39.983050847457626,45.83050847457627,27.864406779661017,26.305084745762713,100,0,TRUE,TRUE,FALSE,TRUE,TRUE,TRUE
2025,linha_base_pre_programa,0,ESC_032,,EMEF NOSSA SENHORA DE FATIMA,amanda,5,Língua Portuguesa,1ª Avaliação Formativa,3,77,67,32,64,17.67295485574875,33.76997743136703,71.42857142857143,96,87.01298701298701,55.582089552238806,23.80597014925373,41.67164179104478,34.52238805970149,100,0,TRUE,TRUE,FALSE,TRUE,TRUE,TRUE
2026,pos_inicio_programa,1,ESC_032,,EMEF NOSSA SENHORA DE FATIMA,amanda,5,Língua Portuguesa,1ª Avaliação Formativa,3,72,57,43,61,10.115993936995679,20.505393115531778,68.18181818181819,85.18518518518519,79.16666666666667,49.26315789473684,23.771929824561404,52.280701754385966,23.68421052631579,99.73684210526316,0.2631578947368354,TRUE,FALSE,FALSE,TRUE,TRUE,TRUE
2025,linha_base_pre_programa,0,ESC_033,,EMEF NOSSA SENHORA DO CARMO,amanda,1,Língua Portuguesa,1ª Avaliação Formativa,3,67,54,12,84,36.460023770334175,71.02602033181982,72.72727272727273,86.95652173913044,80.59701492537313,49.629629629629626,40.888888888888886,16.85185185185185,42.592592592592595,100.33333333333333,0.3333333333333286,TRUE,TRUE,FALSE,TRUE,TRUE,TRUE
2026,pos_inicio_programa,1,ESC_033,,EMEF NOSSA SENHORA DO CARMO,amanda,1,Língua Portuguesa,1ª Avaliação Formativa,4,94,76,8,19,4.7871355387816905,32.4551561951301,75,85.71428571428571,80.85106382978724,14.921052631578947,80.07894736842105,16.105263157894736,4.052631578947368,100.23684210526316,0.23684210526316463,TRUE,TRUE,FALSE,TRUE,TRUE,TRUE
2025,linha_base_pre_programa,0,ESC_033,,EMEF NOSSA SENHORA DO CARMO,amanda,2,Língua Portuguesa,1ª Avaliação Formativa,3,69,61,67,99,17.67295485574875,22.46562057934163,77.27272727272727,100,88.40579710144928,79.14754098360656,8.081967213114755,24.40983606557377,67.1311475409836,99.62295081967213,0.37704918032787305,TRUE,TRUE,FALSE,TRUE,TRUE,TRUE
2026,pos_inicio_programa,1,ESC_033,,EMEF NOSSA SENHORA DO CARMO,amanda,2,Língua Portuguesa,1ª Avaliação Formativa,3,66,60,25,40,7.54983443527075,22.878286167487122,90,92,90.9090909090909,33.6,58.55,21.166666666666668,20.283333333333335,100,0,TRUE,TRUE,TRUE,TRUE,TRUE,TRUE
2025,linha_base_pre_programa,0,ESC_033,,EMEF NOSSA SENHORA DO CARMO,amanda,3,Língua Portuguesa,1ª Avaliação Formativa,4,105,88,28,85,27.525745524266306,46.261757183640846,73.07692307692308,95.83333333333331,83.80952380952381,61.32954545454545,24.738636363636363,27.352272727272727,47.90909090909091,100,0,TRUE,TRUE,FALSE,TRUE,TRUE,TRUE
2026,pos_inicio_programa,1,ESC_033,,EMEF NOSSA SENHORA DO CARMO,amanda,3,Língua Portuguesa,1ª Avaliação Formativa,3,83,70,31,73,21.77919496522618,44.751770476492155,80,87.09677419354838,84.33734939759036,47.94285714285714,34.385714285714286,29.6,36.01428571428571,100,0,TRUE,TRUE,FALSE,TRUE,TRUE,TRUE
2025,linha_base_pre_programa,0,ESC_033,,EMEF NOSSA SENHORA DO CARMO,amanda,4,Língua Portuguesa,1ª Avaliação Formativa,3,90,77,42,67,12.583057392117917,23.446690792766304,76.66666666666667,93.33333333333331,85.55555555555556,52.84415584415584,31.181818181818183,32.51948051948052,36,99.7012987012987,0.29870129870130313,TRUE,TRUE,FALSE,TRUE,TRUE,TRUE
2026,pos_inicio_programa,1,ESC_033,,EMEF NOSSA SENHORA DO CARMO,amanda,4,Língua Portuguesa,1ª Avaliação Formativa,4,103,93,42,64,9.17877987534291,17.736772705976637,84.61538461538461,92.85714285714286,90.29126213592232,51.204301075268816,33.16129032258065,30.06451612903226,36.774193548387096,100,0,TRUE,TRUE,TRUE,TRUE,TRUE,TRUE
2025,linha_base_pre_programa,0,ESC_033,,EMEF NOSSA SENHORA DO CARMO,amanda,5,Língua Portuguesa,1ª Avaliação Formativa,3,79,69,56,64,4.358898943540674,7.387964311085888,85.71428571428571,90.9090909090909,87.34177215189874,58.68115942028985,21.73913043478261,33.21739130434783,45.04347826086956,100,0,TRUE,TRUE,FALSE,TRUE,TRUE,TRUE
2026,pos_inicio_programa,1,ESC_033,,EMEF NOSSA SENHORA DO CARMO,amanda,5,Língua Portuguesa,1ª Avaliação Formativa,3,82,71,63,65,1,1.5625,80,96.55172413793105,86.58536585365853,64.04225352112677,18.845070422535212,34.7887323943662,45.971830985915496,99.6056338028169,0.3943661971831034,TRUE,TRUE,FALSE,TRUE,TRUE,TRUE
2025,linha_base_pre_programa,0,ESC_034,,EMEF PEPITA DE LEAO,nathalia,1,Língua Portuguesa,1ª Avaliação Formativa,3,67,51,83,92,4.509249752822894,5.163263075751406,57.142857142857146,91.30434782608695,76.11940298507463,88.11764705882354,1.8823529411764706,14.117647058823529,84,100,0,TRUE,FALSE,FALSE,TRUE,TRUE,TRUE
2026,pos_inicio_programa,1,ESC_034,,EMEF PEPITA DE LEAO,nathalia,1,Língua Portuguesa,1ª Avaliação Formativa,2,43,34,19,53,24.041630560342615,66.78230711206282,72.72727272727273,85.71428571428571,79.06976744186046,35,43.470588235294116,49,8,100.47058823529412,0.470588235294116,TRUE,FALSE,FALSE,TRUE,TRUE,TRUE
2025,linha_base_pre_programa,0,ESC_034,,EMEF PEPITA DE LEAO,nathalia,2,Língua Portuguesa,1ª Avaliação Formativa,3,60,41,25,68,21.517434791350013,45.78177615180854,59.09090909090909,78.94736842105263,68.33333333333333,45.926829268292686,43.853658536585364,24.463414634146343,31.73170731707317,100.04878048780488,0.048780487804876316,FALSE,FALSE,FALSE,TRUE,TRUE,TRUE
2026,pos_inicio_programa,1,ESC_034,,EMEF PEPITA DE LEAO,nathalia,2,Língua Portuguesa,1ª Avaliação Formativa,3,66,52,8,67,31.575306807693888,71.76206092657702,69.56521739130434,85,78.78787878787878,44.63461538461539,49.11538461538461,16.134615384615383,34.75,100,0,TRUE,FALSE,FALSE,TRUE,TRUE,TRUE
2025,linha_base_pre_programa,0,ESC_034,,EMEF PEPITA DE LEAO,nathalia,3,Língua Portuguesa,1ª Avaliação Formativa,3,68,49,21,46,13.428824718989125,36.960068033915014,66.66666666666667,80,72.05882352941177,37.204081632653065,49.12244897959184,36.673469387755105,14.204081632653061,100,0,TRUE,FALSE,FALSE,TRUE,TRUE,TRUE
2026,pos_inicio_programa,1,ESC_034,,EMEF PEPITA DE LEAO,nathalia,3,Língua Portuguesa,1ª Avaliação Formativa,3,65,51,58,91,16.502525059315417,22.20070635782343,71.42857142857143,86.95652173913044,78.46153846153847,72.72549019607843,10.686274509803921,23.941176470588236,65.37254901960785,100,0,TRUE,FALSE,FALSE,TRUE,TRUE,TRUE
2025,linha_base_pre_programa,0,ESC_034,,EMEF PEPITA DE LEAO,nathalia,4,Língua Portuguesa,1ª Avaliação Formativa,2,49,39,69,73,2.8284271247461903,3.9837001756988593,73.07692307692308,86.95652173913044,79.59183673469387,71.05128205128206,17.923076923076923,20.615384615384617,61.46153846153846,100,0,TRUE,FALSE,FALSE,TRUE,TRUE,TRUE
2026,pos_inicio_programa,1,ESC_034,,EMEF PEPITA DE LEAO,nathalia,4,Língua Portuguesa,1ª Avaliação Formativa,3,63,55,45,56,5.507570547286102,10.942193140303514,85.71428571428571,88.88888888888889,87.3015873015873,49.836363636363636,31.163636363636364,33.654545454545456,35.18181818181818,100,0,TRUE,TRUE,FALSE,TRUE,TRUE,TRUE
2025,linha_base_pre_programa,0,ESC_034,,EMEF PEPITA DE LEAO,nathalia,5,Língua Portuguesa,1ª Avaliação Formativa,2,49,39,59,74,10.606601717798213,15.949777019245431,68.18181818181819,88.88888888888889,79.59183673469387,68.23076923076923,15.692307692307692,31,53.92307692307692,100.61538461538461,0.6153846153846132,TRUE,FALSE,FALSE,TRUE,TRUE,TRUE
2026,pos_inicio_programa,1,ESC_034,,EMEF PEPITA DE LEAO,nathalia,5,Língua Portuguesa,1ª Avaliação Formativa,2,55,46,67,69,1.4142135623730951,2.0797258270192573,75,92.5925925925926,83.63636363636364,68.08695652173913,18.26086956521739,36.30434782608695,45.43478260869565,100,0,TRUE,TRUE,FALSE,TRUE,TRUE,TRUE
2025,linha_base_pre_programa,0,ESC_035,,EMEF PORTO NOVO,marian,1,Língua Portuguesa,1ª Avaliação Formativa,2,47,33,51,86,24.748737341529164,36.12954356427615,66.66666666666667,73.91304347826087,70.2127659574468,67.96969696969697,15.272727272727273,30.515151515151516,54.21212121212121,100,0,TRUE,FALSE,FALSE,TRUE,TRUE,TRUE
2026,pos_inicio_programa,1,ESC_035,,EMEF PORTO NOVO,marian,1,Língua Portuguesa,1ª Avaliação Formativa,2,45,41,21,24,2.1213203435596424,9.428090415820632,90.9090909090909,91.30434782608695,91.11111111111111,22.536585365853657,70.90243902439025,17.048780487804876,12.048780487804878,100,0,TRUE,TRUE,TRUE,TRUE,TRUE,TRUE
2025,linha_base_pre_programa,0,ESC_035,,EMEF PORTO NOVO,marian,2,Língua Portuguesa,1ª Avaliação Formativa,2,46,38,58,87,20.506096654409877,28.2842712474619,78.26086956521739,86.95652173913044,82.6086956521739,73.26315789473684,13.263157894736842,28.789473684210527,57.94736842105263,100,0,TRUE,TRUE,FALSE,TRUE,TRUE,TRUE
2026,pos_inicio_programa,1,ESC_035,,EMEF PORTO NOVO,marian,2,Língua Portuguesa,1ª Avaliação Formativa,2,43,41,67,69,1.4142135623730951,2.0797258270192573,95.23809523809524,95.45454545454544,95.34883720930233,67.97560975609755,14.073170731707316,35.926829268292686,50,100,0,TRUE,TRUE,TRUE,TRUE,TRUE,TRUE
2025,linha_base_pre_programa,0,ESC_035,,EMEF PORTO NOVO,marian,3,Língua Portuguesa,1ª Avaliação Formativa,2,46,35,18,46,19.79898987322333,61.87184335382291,69.56521739130434,82.6086956521739,76.08695652173913,33.2,57.08571428571429,20.085714285714285,22.82857142857143,100,0,TRUE,FALSE,FALSE,TRUE,TRUE,TRUE
2026,pos_inicio_programa,1,ESC_035,,EMEF PORTO NOVO,marian,3,Língua Portuguesa,1ª Avaliação Formativa,2,45,43,45,46,0.7071067811865476,1.554080837772632,91.30434782608695,100,95.55555555555556,45.48837209302326,32.55813953488372,34.883720930232556,32.55813953488372,100,0,TRUE,TRUE,TRUE,TRUE,TRUE,TRUE
2025,linha_base_pre_programa,0,ESC_035,,EMEF PORTO NOVO,marian,4,Língua Portuguesa,1ª Avaliação Formativa,2,46,38,44,47,2.1213203435596424,4.662242513317896,78.26086956521739,86.95652173913044,82.6086956521739,45.421052631578945,41.89473684210526,34.05263157894737,23.57894736842105,99.52631578947368,0.47368421052631504,TRUE,TRUE,FALSE,TRUE,TRUE,TRUE
2026,pos_inicio_programa,1,ESC_035,,EMEF PORTO NOVO,marian,4,Língua Portuguesa,1ª Avaliação Formativa,2,45,42,43,62,13.435028842544403,25.590531128656004,91.30434782608695,95.45454545454544,93.33333333333333,52.5,29.5,34,36,99.5,0.5,TRUE,TRUE,TRUE,TRUE,TRUE,TRUE
2025,linha_base_pre_programa,0,ESC_035,,EMEF PORTO NOVO,marian,5,Língua Portuguesa,1ª Avaliação Formativa,2,46,39,52,57,3.5355339059327378,6.487218176023372,82.6086956521739,86.95652173913044,84.78260869565217,54.56410256410256,23.28205128205128,38.43589743589744,38.282051282051285,100,0,TRUE,TRUE,FALSE,TRUE,TRUE,TRUE
2026,pos_inicio_programa,1,ESC_035,,EMEF PORTO NOVO,marian,5,Língua Portuguesa,1ª Avaliação Formativa,2,45,43,61,65,2.8284271247461903,4.489566864676492,95.23809523809524,95.83333333333331,95.55555555555556,62.86046511627907,14.55813953488372,47.093023255813954,38.348837209302324,100,0,TRUE,TRUE,TRUE,TRUE,TRUE,TRUE
2025,linha_base_pre_programa,0,ESC_036,,EMEF PRES JOAO BELCHIOR MARQUES GOULART,marian,1,Língua Portuguesa,1ª Avaliação Formativa,3,59,31,87,98,5.8594652770823155,6.2556568794473115,44.44444444444444,71.42857142857143,52.54237288135593,95.19354838709677,0,3.096774193548387,96.90322580645162,100,0,FALSE,FALSE,FALSE,TRUE,TRUE,TRUE
2026,pos_inicio_programa,1,ESC_036,,EMEF PRES JOAO BELCHIOR MARQUES GOULART,marian,1,Língua Portuguesa,1ª Avaliação Formativa,4,83,71,14,38,10.111874208078342,40.85605740637714,77.27272727272727,94.11764705882354,85.5421686746988,24.802816901408452,67.52112676056338,20.056338028169016,12.95774647887324,100.53521126760563,0.5352112676056322,TRUE,TRUE,FALSE,TRUE,TRUE,TRUE
2025,linha_base_pre_programa,0,ESC_036,,EMEF PRES JOAO BELCHIOR MARQUES GOULART,marian,2,Língua Portuguesa,1ª Avaliação Formativa,3,65,42,65,84,9.539392014169456,12.719189352225941,55,83.33333333333333,64.61538461538461,75.28571428571429,12.095238095238095,30.80952380952381,57.095238095238095,100,0,FALSE,FALSE,FALSE,TRUE,TRUE,TRUE
2026,pos_inicio_programa,1,ESC_036,,EMEF PRES JOAO BELCHIOR MARQUES GOULART,marian,2,Língua Portuguesa,1ª Avaliação Formativa,3,58,53,38,63,12.583057392117917,25.335014883458893,77.77777777777777,100,91.37931034482759,51.301886792452834,32.64150943396226,29.0188679245283,38.339622641509436,100,0,TRUE,TRUE,TRUE,TRUE,TRUE,TRUE
2025,linha_base_pre_programa,0,ESC_036,,EMEF PRES JOAO BELCHIOR MARQUES GOULART,marian,3,Língua Portuguesa,1ª Avaliação Formativa,3,71,52,60,89,14.843629385474879,19.445802688395037,66.66666666666667,83.33333333333333,73.2394366197183,71.65384615384616,11.615384615384615,30.76923076923077,57.61538461538461,100,0,TRUE,FALSE,FALSE,TRUE,TRUE,TRUE
2026,pos_inicio_programa,1,ESC_036,,EMEF PRES JOAO BELCHIOR MARQUES GOULART,marian,3,Língua Portuguesa,1ª Avaliação Formativa,4,74,64,46,53,2.9860788111948193,6.063104185167146,70.58823529411765,100,86.48648648648648,48.90625,32.703125,34.75,32.84375,100.296875,0.296875,TRUE,TRUE,FALSE,TRUE,TRUE,TRUE
2025,linha_base_pre_programa,0,ESC_036,,EMEF PRES JOAO BELCHIOR MARQUES GOULART,marian,4,Língua Portuguesa,1ª Avaliação Formativa,3,67,55,63,97,17.243356208503418,22.012795159791597,66.66666666666667,93.33333333333331,82.08955223880596,77.98181818181818,12.836363636363636,16.527272727272727,71.16363636363636,100.52727272727272,0.5272727272727167,TRUE,TRUE,FALSE,TRUE,TRUE,TRUE
2026,pos_inicio_programa,1,ESC_036,,EMEF PRES JOAO BELCHIOR MARQUES GOULART,marian,4,Língua Portuguesa,1ª Avaliação Formativa,3,53,48,57,69,6.429100507328637,10.425568390262656,86.36363636363636,95,90.56603773584905,62.166666666666664,22.375,36.041666666666664,41.583333333333336,100,0,TRUE,TRUE,TRUE,TRUE,TRUE,TRUE
2025,linha_base_pre_programa,0,ESC_036,,EMEF PRES JOAO BELCHIOR MARQUES GOULART,marian,5,Língua Portuguesa,1ª Avaliação Formativa,3,50,36,51,61,5.131601439446884,9.055767246082738,60,100,72,56.666666666666664,16.333333333333332,49.666666666666664,33,99,1,TRUE,FALSE,FALSE,TRUE,TRUE,TRUE
2026,pos_inicio_programa,1,ESC_036,,EMEF PRES JOAO BELCHIOR MARQUES GOULART,marian,5,Língua Portuguesa,1ª Avaliação Formativa,3,71,68,55,75,11.015141094572204,17.671349349581075,91.30434782608695,100,95.77464788732394,63.26470588235294,16.352941176470587,41.36764705882353,42.89705882352941,100.61764705882354,0.6176470588235361,TRUE,TRUE,TRUE,TRUE,TRUE,TRUE
2025,linha_base_pre_programa,0,ESC_037,,EMEF PRESIDENTE VARGAS,eliane,1,Língua Portuguesa,1ª Avaliação Formativa,2,47,38,41,63,15.556349186104045,29.916056127123166,78.26086956521739,83.33333333333333,80.85106382978724,51.421052631578945,31.736842105263158,31.63157894736842,36.63157894736842,100,0,TRUE,TRUE,FALSE,TRUE,TRUE,TRUE
2026,pos_inicio_programa,1,ESC_037,,EMEF PRESIDENTE VARGAS,eliane,1,Língua Portuguesa,1ª Avaliação Formativa,2,45,37,17,34,12.020815280171307,47.14045207910316,73.91304347826087,90.9090909090909,82.22222222222223,26.18918918918919,67.48648648648648,21.10810810810811,11.945945945945946,100.54054054054055,0.5405405405405475,TRUE,TRUE,FALSE,TRUE,TRUE,TRUE
2025,linha_base_pre_programa,0,ESC_037,,EMEF PRESIDENTE VARGAS,eliane,2,Língua Portuguesa,1ª Avaliação Formativa,2,46,32,48,68,14.142135623730951,24.382992454708535,60,80.95238095238095,69.56521739130434,57.375,34.34375,22.21875,43.4375,100,0,FALSE,FALSE,FALSE,TRUE,TRUE,TRUE
2026,pos_inicio_programa,1,ESC_037,,EMEF PRESIDENTE VARGAS,eliane,2,Língua Portuguesa,1ª Avaliação Formativa,2,47,40,49,51,1.4142135623730951,2.8284271247461903,79.16666666666667,91.30434782608695,85.1063829787234,50.05,30.95,40.7,28.35,100,0,TRUE,TRUE,FALSE,TRUE,TRUE,TRUE
2025,linha_base_pre_programa,0,ESC_037,,EMEF PRESIDENTE VARGAS,eliane,3,Língua Portuguesa,1ª Avaliação Formativa,2,51,35,51,59,5.656854249492381,10.285189544531601,64,73.07692307692308,68.62745098039215,55.34285714285714,37.457142857142856,20.114285714285714,42.885714285714286,100.45714285714286,0.4571428571428555,FALSE,FALSE,FALSE,TRUE,TRUE,TRUE
2026,pos_inicio_programa,1,ESC_037,,EMEF PRESIDENTE VARGAS,eliane,3,Língua Portuguesa,1ª Avaliação Formativa,2,50,40,47,55,5.656854249492381,11.09187107743604,73.07692307692308,87.5,80,50.8,27.4,39.05,34.025,100.475,0.4749999999999943,TRUE,TRUE,FALSE,TRUE,TRUE,TRUE
2025,linha_base_pre_programa,0,ESC_037,,EMEF PRESIDENTE VARGAS,eliane,4,Língua Portuguesa,1ª Avaliação Formativa,2,50,35,69,75,4.242640687119285,5.892556509887895,64,76,70,71.74285714285715,14.628571428571428,34.25714285714286,51.114285714285714,100,0,TRUE,FALSE,FALSE,TRUE,TRUE,TRUE
2026,pos_inicio_programa,1,ESC_037,,EMEF PRESIDENTE VARGAS,eliane,4,Língua Portuguesa,1ª Avaliação Formativa,2,47,43,49,54,3.5355339059327378,6.865114380451918,86.95652173913044,95.83333333333331,91.48936170212765,51.674418604651166,40.93023255813954,15.465116279069768,43.604651162790695,100,0,TRUE,TRUE,TRUE,TRUE,TRUE,TRUE
2025,linha_base_pre_programa,0,ESC_037,,EMEF PRESIDENTE VARGAS,eliane,5,Língua Portuguesa,1ª Avaliação Formativa,2,53,44,50,77,19.091883092036785,30.06595762525478,81.48148148148148,84.61538461538461,83.01886792452831,63.5,27,16,56.5,99.5,0.5,TRUE,TRUE,FALSE,TRUE,TRUE,TRUE
2026,pos_inicio_programa,1,ESC_037,,EMEF PRESIDENTE VARGAS,eliane,5,Língua Portuguesa,1ª Avaliação Formativa,2,47,45,64,68,2.8284271247461903,4.2854956435548335,95.65217391304348,95.83333333333331,95.74468085106383,65.95555555555555,14.044444444444444,41.888888888888886,44.06666666666667,100,0,TRUE,TRUE,TRUE,TRUE,TRUE,TRUE
2025,linha_base_pre_programa,0,ESC_038,,EMEF PROF ANA IRIS DO AMARAL,eliane,1,Língua Portuguesa,1ª Avaliação Formativa,2,48,33,46,79,23.33452377915607,37.335238046649714,68,69.56521739130434,68.75,62,17.848484848484848,27.424242424242426,54.21212121212121,99.48484848484848,0.5151515151515156,FALSE,FALSE,FALSE,TRUE,TRUE,TRUE
2026,pos_inicio_programa,1,ESC_038,,EMEF PROF ANA IRIS DO AMARAL,eliane,1,Língua Portuguesa,1ª Avaliação Formativa,2,40,36,47,66,13.435028842544403,23.778812110698055,80,100,90,55.44444444444444,22.555555555555557,38.333333333333336,38.55555555555556,99.44444444444446,0.5555555555555429,TRUE,TRUE,TRUE,TRUE,TRUE,TRUE
2025,linha_base_pre_programa,0,ESC_038,,EMEF PROF ANA IRIS DO AMARAL,eliane,2,Língua Portuguesa,1ª Avaliação Formativa,2,49,41,63,76,9.192388155425117,13.226457777590097,80,87.5,83.6734693877551,69.34146341463415,14.609756097560975,24.48780487804878,60.90243902439025,100,0,TRUE,TRUE,FALSE,TRUE,TRUE,TRUE
2026,pos_inicio_programa,1,ESC_038,,EMEF PROF ANA IRIS DO AMARAL,eliane,2,Língua Portuguesa,1ª Avaliação Formativa,2,44,40,67,78,7.7781745930520225,10.728516680071756,86.36363636363636,95.45454545454544,90.9090909090909,72.225,10.725,40.475,48.8,100,0,TRUE,TRUE,TRUE,TRUE,TRUE,TRUE
2025,linha_base_pre_programa,0,ESC_038,,EMEF PROF ANA IRIS DO AMARAL,eliane,3,Língua Portuguesa,1ª Avaliação Formativa,2,48,43,50,65,10.606601717798213,18.446263857040368,88,91.30434782608695,89.58333333333333,57.674418604651166,25.930232558139537,39.2093023255814,34.86046511627907,100,0,TRUE,TRUE,FALSE,TRUE,TRUE,TRUE
2026,pos_inicio_programa,1,ESC_038,,EMEF PROF ANA IRIS DO AMARAL,eliane,3,Língua Portuguesa,1ª Avaliação Formativa,2,47,45,65,78,9.192388155425117,12.856486930664499,91.66666666666669,100,95.74468085106383,71.35555555555555,14.11111111111111,18.4,67.4888888888889,100,0,TRUE,TRUE,TRUE,TRUE,TRUE,TRUE
2025,linha_base_pre_programa,0,ESC_038,,EMEF PROF ANA IRIS DO AMARAL,eliane,4,Língua Portuguesa,1ª Avaliação Formativa,2,43,37,84,86,1.4142135623730951,1.663780661615406,78.94736842105263,91.66666666666669,86.04651162790698,85.1891891891892,0,24.62162162162162,75.37837837837837,100,0,TRUE,TRUE,FALSE,TRUE,TRUE,TRUE
2026,pos_inicio_programa,1,ESC_038,,EMEF PROF ANA IRIS DO AMARAL,eliane,4,Língua Portuguesa,1ª Avaliação Formativa,2,46,45,62,76,9.899494936611665,14.3470941110314,95.65217391304348,100,97.82608695652173,69.15555555555555,15.844444444444445,33.84444444444444,50.31111111111111,100,0,TRUE,TRUE,TRUE,TRUE,TRUE,TRUE
2025,linha_base_pre_programa,0,ESC_038,,EMEF PROF ANA IRIS DO AMARAL,eliane,5,Língua Portuguesa,1ª Avaliação Formativa,2,43,40,82,83,0.7071067811865476,0.8570991287109667,90.9090909090909,95.23809523809524,93.02325581395348,82.5,12.5,10,77.5,100,0,TRUE,TRUE,TRUE,TRUE,TRUE,TRUE
2026,pos_inicio_programa,1,ESC_038,,EMEF PROF ANA IRIS DO AMARAL,eliane,5,Língua Portuguesa,1ª Avaliação Formativa,2,39,36,80,81,0.7071067811865476,0.8783935170019225,89.47368421052632,95,92.3076923076923,80.52777777777777,0,30.97222222222222,69.02777777777777,100,0,TRUE,TRUE,TRUE,TRUE,TRUE,TRUE
2025,linha_base_pre_programa,0,ESC_039,,EMEF PROF ANISIO TEIXEIRA,andreia,1,Língua Portuguesa,1ª Avaliação Formativa,4,77,61,61,77,7.505553499465135,11.119338517726126,75,83.33333333333333,79.22077922077922,67.73770491803279,16.442622950819672,27.868852459016395,55.75409836065574,100.0655737704918,0.06557377049179536,TRUE,FALSE,FALSE,TRUE,TRUE,TRUE
2026,pos_inicio_programa,1,ESC_039,,EMEF PROF ANISIO TEIXEIRA,andreia,1,Língua Portuguesa,1ª Avaliação Formativa,4,73,67,18,63,21.299452262127932,43.02919648914734,86.36363636363636,95,91.78082191780823,48.44776119402985,33.02985074626866,40.134328358208954,27.16417910447761,100.32835820895522,0.3283582089552226,TRUE,TRUE,TRUE,TRUE,TRUE,TRUE
2025,linha_base_pre_programa,0,ESC_039,,EMEF PROF ANISIO TEIXEIRA,andreia,2,Língua Portuguesa,1ª Avaliação Formativa,3,61,50,61,72,5.507570547286102,8.302870171788095,80.76923076923077,83.33333333333333,81.9672131147541,65.58,20,33.98,46.02,100,0,TRUE,TRUE,FALSE,TRUE,TRUE,TRUE
2026,pos_inicio_programa,1,ESC_039,,EMEF PROF ANISIO TEIXEIRA,andreia,2,Língua Portuguesa,1ª Avaliação Formativa,4,79,69,63,72,4.358898943540674,6.654807547390342,82.3529411764706,93.33333333333331,87.34177215189874,65.81159420289855,16.753623188405797,31.08695652173913,52.44927536231884,100.28985507246377,0.28985507246376585,TRUE,TRUE,FALSE,TRUE,TRUE,TRUE
2025,linha_base_pre_programa,0,ESC_039,,EMEF PROF ANISIO TEIXEIRA,andreia,3,Língua Portuguesa,1ª Avaliação Formativa,4,101,80,64,90,11.557825631723873,14.865370587426202,64.28571428571429,86.36363636363636,79.20792079207921,77.15,7.4625,26.1875,66.35,100,0,TRUE,FALSE,FALSE,TRUE,TRUE,TRUE
2026,pos_inicio_programa,1,ESC_039,,EMEF PROF ANISIO TEIXEIRA,andreia,3,Língua Portuguesa,1ª Avaliação Formativa,3,72,64,51,58,3.605551275463989,6.55554777357089,79.16666666666667,96.15384615384616,88.88888888888889,55.03125,26.546875,30.984375,42.15625,99.6875,0.3125,TRUE,TRUE,FALSE,TRUE,TRUE,TRUE
2025,linha_base_pre_programa,0,ESC_039,,EMEF PROF ANISIO TEIXEIRA,andreia,4,Língua Portuguesa,1ª Avaliação Formativa,3,82,60,73,89,8.717797887081348,10.503370948290781,62.96296296296296,82.14285714285714,73.17073170731707,82.2,6.816666666666666,23.383333333333333,69.8,100,0,TRUE,FALSE,FALSE,TRUE,TRUE,TRUE
2026,pos_inicio_programa,1,ESC_039,,EMEF PROF ANISIO TEIXEIRA,andreia,4,Língua Portuguesa,1ª Avaliação Formativa,4,97,86,65,84,8.524474568362947,11.839548011615205,75,96,88.65979381443299,72.06976744186046,19.732558139534884,12.511627906976743,67.75581395348837,100,0,TRUE,TRUE,FALSE,TRUE,TRUE,TRUE
2025,linha_base_pre_programa,0,ESC_039,,EMEF PROF ANISIO TEIXEIRA,andreia,5,Língua Portuguesa,1ª Avaliação Formativa,5,135,103,67,90,10.36822067666386,12.800272440325752,69.23076923076923,81.48148148148148,76.29629629629629,81.44660194174757,6.912621359223301,17.37864077669903,75.70873786407768,100,0,TRUE,FALSE,FALSE,TRUE,TRUE,TRUE
2026,pos_inicio_programa,1,ESC_039,,EMEF PROF ANISIO TEIXEIRA,andreia,5,Língua Portuguesa,1ª Avaliação Formativa,3,86,80,78,81,1.5275252316519468,1.917395688266042,89.28571428571429,96.55172413793105,93.02325581395348,79.6375,2.9125,29.2125,67.875,100,0,TRUE,TRUE,TRUE,TRUE,TRUE,TRUE
2025,linha_base_pre_programa,0,ESC_040,,EMEF PROF GILBERTO JORGE GONCALVES DA SILVA,ruti,1,Língua Portuguesa,1ª Avaliação Formativa,1,23,13,94,94,,,56.52173913043478,56.52173913043478,56.52173913043478,94,0,8,92,100,0,FALSE,FALSE,FALSE,TRUE,TRUE,TRUE
2026,pos_inicio_programa,1,ESC_040,,EMEF PROF GILBERTO JORGE GONCALVES DA SILVA,ruti,1,Língua Portuguesa,1ª Avaliação Formativa,1,22,21,36,36,,,95.45454545454544,95.45454545454544,95.45454545454545,36,44,44,11,99,1,TRUE,TRUE,TRUE,TRUE,TRUE,TRUE
2025,linha_base_pre_programa,0,ESC_040,,EMEF PROF GILBERTO JORGE GONCALVES DA SILVA,ruti,2,Língua Portuguesa,1ª Avaliação Formativa,1,21,14,92,92,,,66.66666666666667,66.66666666666667,66.66666666666667,92,7,7,86,100,0,FALSE,FALSE,FALSE,TRUE,TRUE,TRUE
2026,pos_inicio_programa,1,ESC_040,,EMEF PROF GILBERTO JORGE GONCALVES DA SILVA,ruti,2,Língua Portuguesa,1ª Avaliação Formativa,1,21,21,41,41,,,100,100,100,41,42,37,21,100,0,TRUE,TRUE,TRUE,TRUE,TRUE,TRUE
2025,linha_base_pre_programa,0,ESC_040,,EMEF PROF GILBERTO JORGE GONCALVES DA SILVA,ruti,3,Língua Portuguesa,1ª Avaliação Formativa,1,22,16,71,71,,,72.72727272727273,72.72727272727273,72.72727272727273,71,13,38,50,101,1,TRUE,FALSE,FALSE,TRUE,TRUE,TRUE
2026,pos_inicio_programa,1,ESC_040,,EMEF PROF GILBERTO JORGE GONCALVES DA SILVA,ruti,3,Língua Portuguesa,1ª Avaliação Formativa,1,21,21,69,69,,,100,100,100,69,22,11,67,100,0,TRUE,TRUE,TRUE,TRUE,TRUE,TRUE
2025,linha_base_pre_programa,0,ESC_040,,EMEF PROF GILBERTO JORGE GONCALVES DA SILVA,ruti,4,Língua Portuguesa,1ª Avaliação Formativa,1,23,19,81,81,,,82.6086956521739,82.6086956521739,82.6086956521739,81,11,21,68,100,0,TRUE,TRUE,FALSE,TRUE,TRUE,TRUE
2026,pos_inicio_programa,1,ESC_040,,EMEF PROF GILBERTO JORGE GONCALVES DA SILVA,ruti,4,Língua Portuguesa,1ª Avaliação Formativa,1,21,21,68,68,,,100,100,100,68,11,32,58,101,1,TRUE,TRUE,TRUE,TRUE,TRUE,TRUE
2025,linha_base_pre_programa,0,ESC_040,,EMEF PROF GILBERTO JORGE GONCALVES DA SILVA,ruti,5,Língua Portuguesa,1ª Avaliação Formativa,1,19,12,59,59,,,63.1578947368421,63.1578947368421,63.1578947368421,59,33,8,58,99,1,FALSE,FALSE,FALSE,TRUE,TRUE,TRUE
2026,pos_inicio_programa,1,ESC_040,,EMEF PROF GILBERTO JORGE GONCALVES DA SILVA,ruti,5,Língua Portuguesa,1ª Avaliação Formativa,1,21,19,74,74,,,90.47619047619048,90.47619047619048,90.47619047619048,74,6,44,50,100,0,TRUE,TRUE,TRUE,TRUE,TRUE,TRUE
2025,linha_base_pre_programa,0,ESC_041,,EMEF PROF JUDITH MACEDO DE ARAUJO,graziela,1,Língua Portuguesa,1ª Avaliação Formativa,4,81,69,18,71,23.979157616563597,48.44274265972444,80,88.88888888888889,85.18518518518519,49.492753623188406,34.81159420289855,24.753623188405797,40.68115942028985,100.24637681159419,0.2463768115941889,TRUE,TRUE,FALSE,TRUE,TRUE,TRUE
2026,pos_inicio_programa,1,ESC_041,,EMEF PROF JUDITH MACEDO DE ARAUJO,graziela,1,Língua Portuguesa,1ª Avaliação Formativa,4,87,71,7,17,4.5,41.86046511627907,72.72727272727273,95.45454545454544,81.60919540229885,11.112676056338028,81.28169014084507,17.3943661971831,1.5774647887323943,100.25352112676057,0.2535211267605746,TRUE,TRUE,FALSE,TRUE,TRUE,TRUE
2025,linha_base_pre_programa,0,ESC_041,,EMEF PROF JUDITH MACEDO DE ARAUJO,graziela,2,Língua Portuguesa,1ª Avaliação Formativa,3,79,71,50,67,9.539392014169456,15.638347564212223,84.61538461538461,92.5925925925926,89.87341772151899,61.38028169014085,22.47887323943662,32.28169014084507,44.929577464788736,99.69014084507043,0.30985915492956906,TRUE,TRUE,FALSE,TRUE,TRUE,TRUE
2026,pos_inicio_programa,1,ESC_041,,EMEF PROF JUDITH MACEDO DE ARAUJO,graziela,2,Língua Portuguesa,1ª Avaliação Formativa,3,79,69,47,73,13.012814197295423,21.809185805523054,77.77777777777777,92.5925925925926,87.34177215189874,60.01449275362319,28.36231884057971,25.159420289855074,46.84057971014493,100.36231884057972,0.36231884057971797,TRUE,TRUE,FALSE,TRUE,TRUE,TRUE
2025,linha_base_pre_programa,0,ESC_041,,EMEF PROF JUDITH MACEDO DE ARAUJO,graziela,3,Língua Portuguesa,1ª Avaliação Formativa,3,80,66,41,59,9.451631252505216,18.293479843558483,73.07692307692308,92.5925925925926,82.5,52.484848484848484,27.454545454545453,45.46969696969697,27.075757575757574,100,0,TRUE,TRUE,FALSE,TRUE,TRUE,TRUE
2026,pos_inicio_programa,1,ESC_041,,EMEF PROF JUDITH MACEDO DE ARAUJO,graziela,3,Língua Portuguesa,1ª Avaliação Formativa,3,86,71,31,61,15.534906930308058,35.57612274116349,72.41379310344827,92.85714285714286,82.55813953488372,42.80281690140845,44.859154929577464,23,32.140845070422536,100,0,TRUE,TRUE,FALSE,TRUE,TRUE,TRUE
2025,linha_base_pre_programa,0,ESC_041,,EMEF PROF JUDITH MACEDO DE ARAUJO,graziela,4,Língua Portuguesa,1ª Avaliação Formativa,3,83,71,53,59,3.2145502536643185,5.672735741760563,81.48148148148148,89.65517241379311,85.5421686746988,56.74647887323944,26.760563380281692,33.61971830985915,39.25352112676056,99.63380281690141,0.36619718309859195,TRUE,TRUE,FALSE,TRUE,TRUE,TRUE
2026,pos_inicio_programa,1,ESC_041,,EMEF PROF JUDITH MACEDO DE ARAUJO,graziela,4,Língua Portuguesa,1ª Avaliação Formativa,3,76,73,55,65,5.033222956847166,8.435569201419831,95.23809523809524,96.55172413793105,96.05263157894737,60.205479452054796,28.123287671232877,24.068493150684933,48.19178082191781,100.38356164383562,0.38356164383561975,TRUE,TRUE,TRUE,TRUE,TRUE,TRUE
2025,linha_base_pre_programa,0,ESC_041,,EMEF PROF JUDITH MACEDO DE ARAUJO,graziela,5,Língua Portuguesa,1ª Avaliação Formativa,2,60,57,72,81,6.363961030678928,8.31890330807703,90,100,95,76.26315789473684,8.578947368421053,19.210526315789473,72.21052631578948,100,0,TRUE,TRUE,TRUE,TRUE,TRUE,TRUE
2026,pos_inicio_programa,1,ESC_041,,EMEF PROF JUDITH MACEDO DE ARAUJO,graziela,5,Língua Portuguesa,1ª Avaliação Formativa,3,81,71,59,68,4.509249752822894,7.082591234800358,80,96.42857142857144,87.65432098765432,63.943661971830984,12,44.732394366197184,43.267605633802816,100,0,TRUE,TRUE,FALSE,TRUE,TRUE,TRUE
2025,linha_base_pre_programa,0,ESC_042,,EMEF PROF LARRY JOSE RIBEIRO ALVES,amanda,1,Língua Portuguesa,1ª Avaliação Formativa,4,86,61,21,61,19.102792117035317,43.66352483893787,60,81.81818181818181,70.93023255813954,43.91803278688525,40.704918032786885,31.114754098360656,27.688524590163933,99.50819672131148,0.491803278688522,TRUE,FALSE,FALSE,TRUE,TRUE,TRUE
2026,pos_inicio_programa,1,ESC_042,,EMEF PROF LARRY JOSE RIBEIRO ALVES,amanda,1,Língua Portuguesa,1ª Avaliação Formativa,4,84,68,11,35,11.412712210513327,43.47699889719363,69.56521739130434,90.47619047619048,80.95238095238095,25.86764705882353,67.04411764705883,18.88235294117647,14.338235294117647,100.26470588235296,0.2647058823529562,TRUE,TRUE,FALSE,TRUE,TRUE,TRUE
2025,linha_base_pre_programa,0,ESC_042,,EMEF PROF LARRY JOSE RIBEIRO ALVES,amanda,2,Língua Portuguesa,1ª Avaliação Formativa,3,82,65,28,44,8.962886439832502,26.622434969799514,71.42857142857143,88.88888888888889,79.26829268292683,33.246153846153845,62.96923076923077,20.153846153846153,16.876923076923077,100,0,TRUE,FALSE,FALSE,TRUE,TRUE,TRUE
2026,pos_inicio_programa,1,ESC_042,,EMEF PROF LARRY JOSE RIBEIRO ALVES,amanda,2,Língua Portuguesa,1ª Avaliação Formativa,4,97,79,39,47,3.4034296427770228,8.055454775803604,69.56521739130434,95.45454545454544,81.44329896907216,42.45569620253165,46.88607594936709,29.89873417721519,23.21518987341772,100,0,TRUE,TRUE,FALSE,TRUE,TRUE,TRUE
2025,linha_base_pre_programa,0,ESC_042,,EMEF PROF LARRY JOSE RIBEIRO ALVES,amanda,3,Língua Portuguesa,1ª Avaliação Formativa,4,113,90,41,61,9.322910847297997,17.028147666297713,75,88.88888888888889,79.64601769911505,54.922222222222224,29.844444444444445,33.43333333333333,36.71111111111111,99.98888888888888,0.011111111111119953,TRUE,FALSE,FALSE,TRUE,TRUE,TRUE
2026,pos_inicio_programa,1,ESC_042,,EMEF PROF LARRY JOSE RIBEIRO ALVES,amanda,3,Língua Portuguesa,1ª Avaliação Formativa,4,111,88,32,59,12.503332889007368,30.872426886437946,67.85714285714286,96.42857142857144,79.27927927927928,40.40909090909091,37.79545454545455,37.875,24.261363636363637,99.93181818181819,0.06818181818181301,TRUE,FALSE,FALSE,TRUE,TRUE,TRUE
2025,linha_base_pre_programa,0,ESC_042,,EMEF PROF LARRY JOSE RIBEIRO ALVES,amanda,4,Língua Portuguesa,1ª Avaliação Formativa,3,85,74,63,68,2.516611478423583,3.8519563445258926,75,100,87.05882352941177,65.17567567567568,24.216216216216218,24.256756756756758,51.148648648648646,99.62162162162161,0.37837837837838606,TRUE,TRUE,FALSE,TRUE,TRUE,TRUE
2026,pos_inicio_programa,1,ESC_042,,EMEF PROF LARRY JOSE RIBEIRO ALVES,amanda,4,Língua Portuguesa,1ª Avaliação Formativa,4,101,89,47,83,17.05872210923198,27.29395537477117,80.76923076923077,96,88.11881188118812,60.95505617977528,21.258426966292134,33.13483146067416,45.60674157303371,100,0,TRUE,TRUE,FALSE,TRUE,TRUE,TRUE
2025,linha_base_pre_programa,0,ESC_042,,EMEF PROF LARRY JOSE RIBEIRO ALVES,amanda,5,Língua Portuguesa,1ª Avaliação Formativa,3,85,71,59,77,9,13.235294117647058,74.07407407407408,93.10344827586206,83.52941176470588,68.38028169014085,21.028169014084508,15.67605633802817,63.29577464788732,100,0,TRUE,TRUE,FALSE,TRUE,TRUE,TRUE
2026,pos_inicio_programa,1,ESC_042,,EMEF PROF LARRY JOSE RIBEIRO ALVES,amanda,5,Língua Portuguesa,1ª Avaliação Formativa,3,77,72,65,77,6.429100507328637,9.228373933964551,88,100,93.50649350649351,70.11111111111111,10.527777777777779,40.69444444444444,49.40277777777778,100.625,0.625,TRUE,TRUE,TRUE,TRUE,TRUE,TRUE
2025,linha_base_pre_programa,0,ESC_043,,EMEF RINCAO,jalize,1,Língua Portuguesa,1ª Avaliação Formativa,2,45,34,79,95,11.313708498984761,13.00426264251122,69.56521739130434,81.81818181818181,75.55555555555556,87.47058823529412,6.117647058823529,6.117647058823529,88.23529411764706,100.47058823529412,0.470588235294116,TRUE,FALSE,FALSE,TRUE,TRUE,TRUE
2026,pos_inicio_programa,1,ESC_043,,EMEF RINCAO,jalize,1,Língua Portuguesa,1ª Avaliação Formativa,2,47,39,19,68,34.64823227814083,79.65110868538122,76,90.9090909090909,82.97872340425532,44.12820512820513,44.41025641025641,23.94871794871795,31.153846153846153,99.51282051282053,0.4871794871794748,TRUE,TRUE,FALSE,TRUE,TRUE,TRUE
2025,linha_base_pre_programa,0,ESC_043,,EMEF RINCAO,jalize,2,Língua Portuguesa,1ª Avaliação Formativa,2,48,44,78,83,3.5355339059327378,4.3919675850096125,86.95652173913044,96,91.66666666666667,80.27272727272727,11.636363636363637,16,72.9090909090909,100.54545454545455,0.5454545454545467,TRUE,TRUE,TRUE,TRUE,TRUE,TRUE
2026,pos_inicio_programa,1,ESC_043,,EMEF RINCAO,jalize,2,Língua Portuguesa,1ª Avaliação Formativa,2,48,44,71,74,2.1213203435596424,2.925959094565024,86.95652173913044,96,91.66666666666667,72.63636363636364,10.363636363636363,24.90909090909091,65.18181818181819,100.45454545454547,0.45454545454546746,TRUE,TRUE,TRUE,TRUE,TRUE,TRUE
2025,linha_base_pre_programa,0,ESC_043,,EMEF RINCAO,jalize,3,Língua Portuguesa,1ª Avaliação Formativa,2,51,40,74,91,12.020815280171307,14.570685188086433,72,84.61538461538461,78.43137254901961,83.35,4.95,20.3,74.75,100,0,TRUE,FALSE,FALSE,TRUE,TRUE,TRUE
2026,pos_inicio_programa,1,ESC_043,,EMEF RINCAO,jalize,3,Língua Portuguesa,1ª Avaliação Formativa,2,50,44,50,70,14.142135623730951,23.570226039551585,84,92,88,59.54545454545455,16.227272727272727,46.06818181818182,37.70454545454545,100,0,TRUE,TRUE,FALSE,TRUE,TRUE,TRUE
2025,linha_base_pre_programa,0,ESC_043,,EMEF RINCAO,jalize,4,Língua Portuguesa,1ª Avaliação Formativa,2,55,49,54,59,3.5355339059327378,6.257582134394226,85.18518518518519,92.85714285714286,89.0909090909091,56.3469387755102,30.755102040816325,26.551020408163264,42.69387755102041,100,0,TRUE,TRUE,FALSE,TRUE,TRUE,TRUE
2026,pos_inicio_programa,1,ESC_043,,EMEF RINCAO,jalize,4,Língua Portuguesa,1ª Avaliação Formativa,2,49,42,45,77,22.627416997969522,37.09412622617954,79.16666666666667,92,85.71428571428571,62.523809523809526,16.333333333333332,37.095238095238095,47.023809523809526,100.45238095238096,0.4523809523809632,TRUE,TRUE,FALSE,TRUE,TRUE,TRUE
2025,linha_base_pre_programa,0,ESC_043,,EMEF RINCAO,jalize,5,Língua Portuguesa,1ª Avaliação Formativa,2,55,49,72,73,0.7071067811865476,0.9753196981883414,88.88888888888889,89.28571428571429,89.0909090909091,72.51020408163265,16.408163265306122,14.53061224489796,69.55102040816327,100.48979591836735,0.48979591836734926,TRUE,TRUE,FALSE,TRUE,TRUE,TRUE
2026,pos_inicio_programa,1,ESC_043,,EMEF RINCAO,jalize,5,Língua Portuguesa,1ª Avaliação Formativa,2,58,50,46,49,2.1213203435596424,4.465937565388721,86.20689655172414,86.20689655172414,86.20689655172414,47.5,36,38.5,25.5,100,0,TRUE,TRUE,FALSE,TRUE,TRUE,TRUE
2025,linha_base_pre_programa,0,ESC_044,,EMEF SAINT HILAIRE,andreia,1,Língua Portuguesa,1ª Avaliação Formativa,4,75,51,35,80,19.241881404893856,36.47750029363764,47.61904761904762,94.11764705882354,68,51.09803921568628,33.431372549019606,31.45098039215686,35.431372549019606,100.31372549019608,0.3137254901960773,FALSE,FALSE,FALSE,TRUE,TRUE,TRUE
2026,pos_inicio_programa,1,ESC_044,,EMEF SAINT HILAIRE,andreia,1,Língua Portuguesa,1ª Avaliação Formativa,4,87,71,23,30,3.774917217635375,14.380637019563332,71.42857142857143,90,81.60919540229885,26.380281690140844,66.26760563380282,28.183098591549296,6.126760563380282,100.5774647887324,0.5774647887323994,TRUE,TRUE,FALSE,TRUE,TRUE,TRUE
2025,linha_base_pre_programa,0,ESC_044,,EMEF SAINT HILAIRE,andreia,2,Língua Portuguesa,1ª Avaliação Formativa,4,90,66,26,59,13.889444433333777,32.11432238921105,68.18181818181819,79.16666666666667,73.33333333333333,42.86363636363637,47.10606060606061,33.621212121212125,19.757575757575758,100.4848484848485,0.48484848484849863,TRUE,FALSE,FALSE,TRUE,TRUE,TRUE
2026,pos_inicio_programa,1,ESC_044,,EMEF SAINT HILAIRE,andreia,2,Língua Portuguesa,1ª Avaliação Formativa,3,74,56,33,53,10.408329997330663,25.181443541929024,71.42857142857143,79.16666666666667,75.67567567567568,41.660714285714285,40.910714285714285,43.625,15.464285714285714,99.99999999999999,1.4210854715202004e-14,TRUE,FALSE,FALSE,TRUE,TRUE,TRUE
2025,linha_base_pre_programa,0,ESC_044,,EMEF SAINT HILAIRE,andreia,3,Língua Portuguesa,1ª Avaliação Formativa,5,113,85,21,79,21.13764414498456,46.35448277408895,55,88.88888888888889,75.22123893805309,44.31764705882353,44.858823529411765,26.08235294117647,29.529411764705884,100.47058823529412,0.470588235294116,TRUE,FALSE,FALSE,TRUE,TRUE,TRUE
2026,pos_inicio_programa,1,ESC_044,,EMEF SAINT HILAIRE,andreia,3,Língua Portuguesa,1ª Avaliação Formativa,4,94,82,36,54,7.615773105863909,17.308575240599794,73.91304347826087,100,87.23404255319149,44.0609756097561,39.792682926829265,26.74390243902439,32.951219512195124,99.48780487804878,0.5121951219512226,TRUE,TRUE,FALSE,TRUE,TRUE,TRUE
2025,linha_base_pre_programa,0,ESC_044,,EMEF SAINT HILAIRE,andreia,4,Língua Portuguesa,1ª Avaliação Formativa,5,105,90,38,68,12.300406497347964,20.99045477363134,78.26086956521739,95.23809523809524,85.71428571428571,60.233333333333334,23.144444444444446,35.522222222222226,40.78888888888889,99.45555555555556,0.5444444444444372,TRUE,TRUE,FALSE,TRUE,TRUE,TRUE
2026,pos_inicio_programa,1,ESC_044,,EMEF SAINT HILAIRE,andreia,4,Língua Portuguesa,1ª Avaliação Formativa,4,98,82,39,77,17.07825127659933,31.921965002989403,73.91304347826087,92,83.6734693877551,53.829268292682926,31.951219512195124,24.463414634146343,44.0609756097561,100.47560975609757,0.47560975609756895,TRUE,TRUE,FALSE,TRUE,TRUE,TRUE
2025,linha_base_pre_programa,0,ESC_044,,EMEF SAINT HILAIRE,andreia,5,Língua Portuguesa,1ª Avaliação Formativa,4,99,80,40,67,12.503332889007368,21.373218613687808,62.5,90.47619047619048,80.8080808080808,58.575,26.275,31.3875,42.575,100.2375,0.23749999999999716,TRUE,TRUE,FALSE,TRUE,TRUE,TRUE
2026,pos_inicio_programa,1,ESC_044,,EMEF SAINT HILAIRE,andreia,5,Língua Portuguesa,1ª Avaliação Formativa,4,96,89,60,72,5.291502622129181,7.897765107655495,85.71428571428571,96.15384615384616,92.70833333333333,66.92134831460675,12.752808988764045,37.01123595505618,50.764044943820224,100.52808988764045,0.5280898876404478,TRUE,TRUE,TRUE,TRUE,TRUE,TRUE
2025,linha_base_pre_programa,0,ESC_045,,EMEF SAO PEDRO,marian,1,Língua Portuguesa,1ª Avaliação Formativa,4,95,82,28,49,10.307764064044152,26.60068145559781,79.16666666666667,95.65217391304348,86.3157894736842,38.6219512195122,50.08536585365854,19.4390243902439,30.24390243902439,99.76829268292684,0.23170731707315895,TRUE,TRUE,FALSE,TRUE,TRUE,TRUE
2026,pos_inicio_programa,1,ESC_045,,EMEF SAO PEDRO,marian,1,Língua Portuguesa,1ª Avaliação Formativa,4,95,68,13,68,25.708299567779015,67.21124070007585,59.09090909090909,87.5,71.57894736842105,39.220588235294116,51.294117647058826,22.808823529411764,26.176470588235293,100.27941176470588,0.279411764705884,TRUE,FALSE,FALSE,TRUE,TRUE,TRUE
2025,linha_base_pre_programa,0,ESC_045,,EMEF SAO PEDRO,marian,2,Língua Portuguesa,1ª Avaliação Formativa,5,102,79,61,81,7.12039324756716,10.000552313998819,73.6842105263158,81.81818181818181,77.45098039215686,70.9113924050633,15.253164556962025,29.075949367088608,55.89873417721519,100.22784810126582,0.22784810126582045,TRUE,FALSE,FALSE,TRUE,TRUE,TRUE
2026,pos_inicio_programa,1,ESC_045,,EMEF SAO PEDRO,marian,2,Língua Portuguesa,1ª Avaliação Formativa,4,86,76,30,52,10.132456102380443,23.56385140088475,77.77777777777777,96,88.37209302325581,43.6578947368421,41.38157894736842,33.78947368421053,24.263157894736842,99.43421052631578,0.5657894736842195,TRUE,TRUE,FALSE,TRUE,TRUE,TRUE
2025,linha_base_pre_programa,0,ESC_045,,EMEF SAO PEDRO,marian,3,Língua Portuguesa,1ª Avaliação Formativa,5,112,99,53,78,9.549869109050658,14.211114745611097,78.94736842105263,100,88.39285714285714,67.17171717171718,19.474747474747474,32.484848484848484,48.62626262626262,100.58585858585857,0.5858585858585741,TRUE,TRUE,FALSE,TRUE,TRUE,TRUE
2026,pos_inicio_programa,1,ESC_045,,EMEF SAO PEDRO,marian,3,Língua Portuguesa,1ª Avaliação Formativa,4,109,85,27,76,21.86892772862904,39.22677619485029,76.92307692307692,78.57142857142857,77.98165137614679,55.61176470588235,32.56470588235294,17.505882352941178,49.92941176470588,100,0,TRUE,FALSE,FALSE,TRUE,TRUE,TRUE
2025,linha_base_pre_programa,0,ESC_045,,EMEF SAO PEDRO,marian,4,Língua Portuguesa,1ª Avaliação Formativa,4,108,86,38,68,12.86791876463841,25.865163346006856,75,85.18518518518519,79.62962962962963,50.51162790697674,34.77906976744186,31.337209302325583,33.674418604651166,99.79069767441861,0.2093023255813904,TRUE,FALSE,FALSE,TRUE,TRUE,TRUE
2026,pos_inicio_programa,1,ESC_045,,EMEF SAO PEDRO,marian,4,Língua Portuguesa,1ª Avaliação Formativa,4,109,97,45,66,11.030261405182864,19.87434487420336,78.57142857142857,96.42857142857144,88.9908256880734,55.97938144329897,31.164948453608247,27.896907216494846,41.21649484536083,100.27835051546393,0.2783505154639272,TRUE,TRUE,FALSE,TRUE,TRUE,TRUE
2025,linha_base_pre_programa,0,ESC_045,,EMEF SAO PEDRO,marian,5,Língua Portuguesa,1ª Avaliação Formativa,4,107,90,60,70,4.43471156521669,6.7705520079644135,76,92.3076923076923,84.11214953271028,65.57777777777778,20.177777777777777,26.666666666666668,53.36666666666667,100.21111111111111,0.21111111111110858,TRUE,TRUE,FALSE,TRUE,TRUE,TRUE
2026,pos_inicio_programa,1,ESC_045,,EMEF SAO PEDRO,marian,5,Língua Portuguesa,1ª Avaliação Formativa,4,104,93,50,61,4.645786621588784,8.48545501660052,77.77777777777777,96.15384615384616,89.42307692307692,54.75268817204301,24.795698924731184,44.02150537634409,31.204301075268816,100.02150537634408,0.021505376344080673,TRUE,TRUE,FALSE,TRUE,TRUE,TRUE
2025,linha_base_pre_programa,0,ESC_046,,EMEF SEN ALBERTO PASQUALINI,julia,1,Língua Portuguesa,1ª Avaliação Formativa,3,66,42,9,89,40.06661120351125,84.05582769967396,59.09090909090909,68.18181818181819,63.63636363636363,48.523809523809526,35.95238095238095,26.095238095238095,38.30952380952381,100.35714285714286,0.3571428571428612,FALSE,FALSE,FALSE,TRUE,TRUE,TRUE
2026,pos_inicio_programa,1,ESC_046,,EMEF SEN ALBERTO PASQUALINI,julia,1,Língua Portuguesa,1ª Avaliação Formativa,4,86,66,33,85,24.61706725018234,43.18783728102165,72.72727272727273,80.95238095238095,76.74418604651163,56.93939393939394,27.106060606060606,34.803030303030305,38.09090909090909,100,0,TRUE,FALSE,FALSE,TRUE,TRUE,TRUE
2025,linha_base_pre_programa,0,ESC_046,,EMEF SEN ALBERTO PASQUALINI,julia,2,Língua Portuguesa,1ª Avaliação Formativa,3,77,57,51,61,5.507570547286102,10.074824171864822,71.42857142857143,76,74.02597402597402,54.49122807017544,28.140350877192983,40.26315789473684,31.614035087719298,100.01754385964912,0.017543859649123306,TRUE,FALSE,FALSE,TRUE,TRUE,TRUE
2026,pos_inicio_programa,1,ESC_046,,EMEF SEN ALBERTO PASQUALINI,julia,2,Língua Portuguesa,1ª Avaliação Formativa,3,68,56,43,74,15.716233645501712,26.193722742502853,71.42857142857143,95.65217391304348,82.3529411764706,60.535714285714285,28.464285714285715,20.625,50.910714285714285,100,0,TRUE,TRUE,FALSE,TRUE,TRUE,TRUE
2025,linha_base_pre_programa,0,ESC_046,,EMEF SEN ALBERTO PASQUALINI,julia,3,Língua Portuguesa,1ª Avaliação Formativa,5,125,84,49,73,9.44986772394196,14.628278210436472,58.333333333333336,84,67.2,64.19047619047619,24.904761904761905,22.797619047619047,52.29761904761905,100,0,FALSE,FALSE,FALSE,TRUE,TRUE,TRUE
2026,pos_inicio_programa,1,ESC_046,,EMEF SEN ALBERTO PASQUALINI,julia,3,Língua Portuguesa,1ª Avaliação Formativa,4,100,84,38,59,10.404326023342406,20.91321813737167,76,90.9090909090909,84,49.54761904761905,35.48809523809524,23.107142857142858,41.404761904761905,100,0,TRUE,TRUE,FALSE,TRUE,TRUE,TRUE
2025,linha_base_pre_programa,0,ESC_046,,EMEF SEN ALBERTO PASQUALINI,julia,4,Língua Portuguesa,1ª Avaliação Formativa,4,113,92,39,61,10.843584893075414,19.626397996516587,64.28571428571429,92.85714285714286,81.41592920353982,54.53260869565217,35.82608695652174,18.5,45.67391304347826,100,0,TRUE,TRUE,FALSE,TRUE,TRUE,TRUE
2026,pos_inicio_programa,1,ESC_046,,EMEF SEN ALBERTO PASQUALINI,julia,4,Língua Portuguesa,1ª Avaliação Formativa,5,125,103,33,57,10.597169433391164,22.740706938607648,75,95.45454545454544,82.4,46.349514563106794,41.71844660194175,24.446601941747574,34.019417475728154,100.18446601941747,0.18446601941747076,TRUE,TRUE,FALSE,TRUE,TRUE,TRUE
2025,linha_base_pre_programa,0,ESC_046,,EMEF SEN ALBERTO PASQUALINI,julia,5,Língua Portuguesa,1ª Avaliação Formativa,5,126,98,55,79,9.316651759081692,13.620835905090193,72,88,77.77777777777777,68.36734693877551,16.418367346938776,27.602040816326532,56.41836734693877,100.43877551020408,0.43877551020408134,TRUE,FALSE,FALSE,TRUE,TRUE,TRUE
2026,pos_inicio_programa,1,ESC_046,,EMEF SEN ALBERTO PASQUALINI,julia,5,Língua Portuguesa,1ª Avaliação Formativa,4,108,88,47,72,10.344080432788601,17.68218877399761,74.07407407407408,88.88888888888889,81.48148148148148,58.14772727272727,26.056818181818183,34.64772727272727,39.29545454545455,100,0,TRUE,TRUE,FALSE,TRUE,TRUE,TRUE
2025,linha_base_pre_programa,0,ESC_047,,EMEF TIMBAUVA,nathalia,1,Língua Portuguesa,1ª Avaliação Formativa,3,57,43,19,67,24.440403706431148,60.59604224734995,65,83.33333333333333,75.43859649122807,40.58139534883721,53.651162790697676,16.348837209302324,30,100,0,TRUE,FALSE,FALSE,TRUE,TRUE,TRUE
2026,pos_inicio_programa,1,ESC_047,,EMEF TIMBAUVA,nathalia,1,Língua Portuguesa,1ª Avaliação Formativa,3,62,56,58,99,22.854612955229264,27.10033156746553,90,90.9090909090909,90.3225806451613,83.39285714285714,0,32.285714285714285,67.71428571428571,100,0,TRUE,TRUE,TRUE,TRUE,TRUE,TRUE
2025,linha_base_pre_programa,0,ESC_047,,EMEF TIMBAUVA,nathalia,2,Língua Portuguesa,1ª Avaliação Formativa,3,60,47,65,88,12.741009902410928,17.37410441237854,68.42105263157895,85,78.33333333333333,72.08510638297872,21.382978723404257,17.04255319148936,61.851063829787236,100.27659574468086,0.27659574468086134,TRUE,FALSE,FALSE,TRUE,TRUE,TRUE
2026,pos_inicio_programa,1,ESC_047,,EMEF TIMBAUVA,nathalia,2,Língua Portuguesa,1ª Avaliação Formativa,3,57,56,37,92,28.919428302325297,41.51114110381621,94.73684210526316,100,98.24561403508773,70.46428571428571,17.357142857142858,25.25,57.392857142857146,100,0,TRUE,TRUE,TRUE,TRUE,TRUE,TRUE
2025,linha_base_pre_programa,0,ESC_047,,EMEF TIMBAUVA,nathalia,3,Língua Portuguesa,1ª Avaliação Formativa,3,67,48,12,63,25.514701644346147,68.95865309282742,59.09090909090909,82.6086956521739,71.64179104477611,38.5,56.208333333333336,18.8125,24.979166666666668,100.00000000000001,1.4210854715202004e-14,TRUE,FALSE,FALSE,TRUE,TRUE,TRUE
2026,pos_inicio_programa,1,ESC_047,,EMEF TIMBAUVA,nathalia,3,Língua Portuguesa,1ª Avaliação Formativa,3,68,65,34,95,31.342197327777345,51.94839336095692,95.45454545454544,95.65217391304348,95.58823529411765,60.738461538461536,26.615384615384617,15.953846153846154,57.76923076923077,100.33846153846153,0.33846153846153015,TRUE,TRUE,TRUE,TRUE,TRUE,TRUE
2025,linha_base_pre_programa,0,ESC_047,,EMEF TIMBAUVA,nathalia,4,Língua Portuguesa,1ª Avaliação Formativa,3,68,51,45,60,7.767453465154029,14.473515773578935,68.18181818181819,79.16666666666667,75,54.254901960784316,35.1764705882353,27.862745098039216,37.254901960784316,100.29411764705884,0.29411764705884025,TRUE,FALSE,FALSE,TRUE,TRUE,TRUE
2026,pos_inicio_programa,1,ESC_047,,EMEF TIMBAUVA,nathalia,4,Língua Portuguesa,1ª Avaliação Formativa,3,68,67,48,55,3.7859388972001824,7.234278147516272,96,100,98.52941176470588,52.47761194029851,29.895522388059703,34.11940298507463,35.940298507462686,99.95522388059702,0.04477611940298232,TRUE,TRUE,TRUE,TRUE,TRUE,TRUE
2025,linha_base_pre_programa,0,ESC_047,,EMEF TIMBAUVA,nathalia,5,Língua Portuguesa,1ª Avaliação Formativa,3,71,52,38,61,11.590225767142474,23.026938610216835,66.66666666666667,78.26086956521739,73.2394366197183,50.80769230769231,29,40.30769230769231,31,100.3076923076923,0.3076923076923066,TRUE,FALSE,FALSE,TRUE,TRUE,TRUE
2026,pos_inicio_programa,1,ESC_047,,EMEF TIMBAUVA,nathalia,5,Língua Portuguesa,1ª Avaliação Formativa,3,70,66,40,82,23.430749027719962,42.60136186858175,91.66666666666669,100,94.28571428571429,56.77272727272727,19.924242424242426,39.54545454545455,40.24242424242424,99.71212121212122,0.28787878787878185,TRUE,TRUE,TRUE,TRUE,TRUE,TRUE
2025,linha_base_pre_programa,0,ESC_048,,EMEF VER ANTONIO GIUDICE,clarissa,1,Língua Portuguesa,1ª Avaliação Formativa,4,87,65,31,81,21.517434791350013,34.9876988477236,70,81.81818181818181,74.71264367816092,60.44615384615385,27.50769230769231,21.6,50.676923076923075,99.78461538461539,0.21538461538460751,TRUE,FALSE,FALSE,TRUE,TRUE,TRUE
2026,pos_inicio_programa,1,ESC_048,,EMEF VER ANTONIO GIUDICE,clarissa,1,Língua Portuguesa,1ª Avaliação Formativa,4,89,76,27,45,7.88986691902975,20.900309719284106,77.27272727272727,90.9090909090909,85.3932584269663,37.276315789473685,47.6578947368421,30.17105263157895,22.657894736842106,100.48684210526316,0.4868421052631646,TRUE,TRUE,FALSE,TRUE,TRUE,TRUE
2025,linha_base_pre_programa,0,ESC_048,,EMEF VER ANTONIO GIUDICE,clarissa,2,Língua Portuguesa,1ª Avaliação Formativa,3,67,48,14,82,37.403208418530085,65.61966389215804,66.66666666666667,78.26086956521739,71.64179104477611,57.291666666666664,35.208333333333336,16.916666666666668,47.875,100,0,TRUE,FALSE,FALSE,TRUE,TRUE,TRUE
2026,pos_inicio_programa,1,ESC_048,,EMEF VER ANTONIO GIUDICE,clarissa,2,Língua Portuguesa,1ª Avaliação Formativa,4,87,76,51,90,18.006943105369107,26.191917244173247,77.27272727272727,100,87.356321839080465,69.52631578947368,21.513157894736842,17.105263157894736,61.0921052631579,99.71052631578948,0.28947368421052033,TRUE,TRUE,FALSE,TRUE,TRUE,TRUE
2025,linha_base_pre_programa,0,ESC_048,,EMEF VER ANTONIO GIUDICE,clarissa,3,Língua Portuguesa,1ª Avaliação Formativa,3,75,63,31,52,11.150485789118488,25.535463639202646,80,88,84,43.73015873015873,36.285714285714285,42.857142857142854,20.857142857142858,100,0,TRUE,TRUE,FALSE,TRUE,TRUE,TRUE
2026,pos_inicio_programa,1,ESC_048,,EMEF VER ANTONIO GIUDICE,clarissa,3,Língua Portuguesa,1ª Avaliação Formativa,3,71,66,63,71,4.041451884327381,6.002156263852545,83.33333333333333,100,92.95774647887323,67.42424242424242,16.545454545454547,26.696969696969695,56.75757575757576,100,0,TRUE,TRUE,TRUE,TRUE,TRUE,TRUE
2025,linha_base_pre_programa,0,ESC_048,,EMEF VER ANTONIO GIUDICE,clarissa,4,Língua Portuguesa,1ª Avaliação Formativa,4,99,81,32,78,19.891371663780923,32.87830027071227,69.56521739130434,86.95652173913044,81.81818181818181,59.851851851851855,27.25925925925926,29.679012345679013,43.25925925925926,100.19753086419753,0.19753086419753174,TRUE,TRUE,FALSE,TRUE,TRUE,TRUE
2026,pos_inicio_programa,1,ESC_048,,EMEF VER ANTONIO GIUDICE,clarissa,4,Língua Portuguesa,1ª Avaliação Formativa,3,77,71,62,72,5.507570547286102,8.059859337491858,83.33333333333333,100,92.20779220779221,68.8169014084507,15.80281690140845,24.661971830985916,60.183098591549296,100.64788732394366,0.6478873239436638,TRUE,TRUE,TRUE,TRUE,TRUE,TRUE
2025,linha_base_pre_programa,0,ESC_048,,EMEF VER ANTONIO GIUDICE,clarissa,5,Língua Portuguesa,1ª Avaliação Formativa,2,55,49,76,77,0.7071067811865476,0.9243225897863366,85.18518518518519,92.85714285714286,89.0909090909091,76.53061224489795,6.122448979591836,28.408163265306122,65,99.53061224489795,0.4693877551020478,TRUE,TRUE,FALSE,TRUE,TRUE,TRUE
2026,pos_inicio_programa,1,ESC_048,,EMEF VER ANTONIO GIUDICE,clarissa,5,Língua Portuguesa,1ª Avaliação Formativa,3,76,69,69,83,7.211102550927978,9.614803401237305,88.88888888888889,92,90.78947368421052,74.85507246376811,7.72463768115942,30.217391304347824,62.73913043478261,100.68115942028984,0.6811594202898448,TRUE,TRUE,TRUE,TRUE,TRUE,TRUE
2025,linha_base_pre_programa,0,ESC_049,,EMEF VER CARLOS PESSOA DE BRUM,priscila,1,Língua Portuguesa,1ª Avaliação Formativa,5,120,86,18,90,26.463181970428273,53.56919427212201,62.5,82.6086956521739,71.66666666666667,48.2906976744186,31.3953488372093,40.848837209302324,27.75581395348837,100,0,TRUE,FALSE,FALSE,TRUE,TRUE,TRUE
2026,pos_inicio_programa,1,ESC_049,,EMEF VER CARLOS PESSOA DE BRUM,priscila,1,Língua Portuguesa,1ª Avaliação Formativa,5,93,73,3,24,8.264381404557755,79.46520581305533,59.09090909090909,89.47368421052632,78.49462365591398,10.89041095890411,85,15,0,100,0,TRUE,FALSE,FALSE,TRUE,TRUE,TRUE
2025,linha_base_pre_programa,0,ESC_049,,EMEF VER CARLOS PESSOA DE BRUM,priscila,2,Língua Portuguesa,1ª Avaliação Formativa,4,107,76,41,91,24.926558794453225,36.12544752819308,64,85.71428571428571,71.02803738317758,66.21052631578948,23.763157894736842,25.394736842105264,51.1578947368421,100.31578947368422,0.3157894736842195,TRUE,FALSE,FALSE,TRUE,TRUE,TRUE
2026,pos_inicio_programa,1,ESC_049,,EMEF VER CARLOS PESSOA DE BRUM,priscila,2,Língua Portuguesa,1ª Avaliação Formativa,5,119,90,23,67,18.740330840195966,45.93218343185286,67.85714285714286,83.33333333333333,75.63025210084034,41.28888888888889,47.333333333333336,28.344444444444445,24.72222222222222,100.4,0.4000000000000057,TRUE,FALSE,FALSE,TRUE,TRUE,TRUE
2025,linha_base_pre_programa,0,ESC_049,,EMEF VER CARLOS PESSOA DE BRUM,priscila,3,Língua Portuguesa,1ª Avaliação Formativa,5,127,86,14,53,18.58224959470731,53.70592368412517,48.148148148148145,84.61538461538461,67.71653543307086,34.36046511627907,47.7093023255814,39.627906976744185,13.069767441860465,100.40697674418605,0.40697674418605345,FALSE,FALSE,FALSE,TRUE,TRUE,TRUE
2026,pos_inicio_programa,1,ESC_049,,EMEF VER CARLOS PESSOA DE BRUM,priscila,3,Língua Portuguesa,1ª Avaliação Formativa,6,153,121,10,45,12.181953866272849,42.006737469906376,75,82.6086956521739,79.08496732026144,29.735537190082646,55.14876033057851,27.669421487603305,17.512396694214875,100.33057851239668,0.33057851239668423,TRUE,FALSE,FALSE,TRUE,TRUE,TRUE
2025,linha_base_pre_programa,0,ESC_049,,EMEF VER CARLOS PESSOA DE BRUM,priscila,4,Língua Portuguesa,1ª Avaliação Formativa,5,138,97,29,60,13.103434664239753,29.645779783347855,53.84615384615385,80,70.28985507246377,44.16494845360825,43.28865979381443,24.690721649484537,31.969072164948454,99.94845360824742,0.05154639175258069,TRUE,FALSE,FALSE,TRUE,TRUE,TRUE
2026,pos_inicio_programa,1,ESC_049,,EMEF VER CARLOS PESSOA DE BRUM,priscila,4,Língua Portuguesa,1ª Avaliação Formativa,4,106,77,22,46,12.0381338531629,34.64211180766303,56,92.85714285714286,72.64150943396227,37.298701298701296,55.493506493506494,15.402597402597403,28.92207792207792,99.81818181818181,0.18181818181818699,TRUE,FALSE,FALSE,TRUE,TRUE,TRUE
2025,linha_base_pre_programa,0,ESC_049,,EMEF VER CARLOS PESSOA DE BRUM,priscila,5,Língua Portuguesa,1ª Avaliação Formativa,4,110,90,41,74,13.832329280830953,23.053882134718254,73.07692307692308,88.46153846153847,81.81818181818181,59.4,25.677777777777777,25.544444444444444,49.03333333333333,100.25555555555556,0.25555555555556,TRUE,TRUE,FALSE,TRUE,TRUE,TRUE
2026,pos_inicio_programa,1,ESC_049,,EMEF VER CARLOS PESSOA DE BRUM,priscila,5,Língua Portuguesa,1ª Avaliação Formativa,6,152,123,29,74,16.206994374857626,29.646940929617607,70.37037037037037,92.5925925925926,80.92105263157895,55.333333333333336,24.6260162601626,43.75609756097561,31.642276422764226,100.02439024390243,0.024390243902431052,TRUE,TRUE,FALSE,TRUE,TRUE,TRUE
2025,linha_base_pre_programa,0,ESC_050,,EMEF VER MARTIM ARANHA,priscila,1,Língua Portuguesa,1ª Avaliação Formativa,3,55,38,54,68,8.082903768654761,13.777676878388798,61.111111111111114,84.21052631578948,69.0909090909091,58.05263157894737,23.473684210526315,31.289473684210527,44.94736842105263,99.71052631578948,0.28947368421052033,FALSE,FALSE,FALSE,TRUE,TRUE,TRUE
2026,pos_inicio_programa,1,ESC_050,,EMEF VER MARTIM ARANHA,priscila,1,Língua Portuguesa,1ª Avaliação Formativa,4,71,57,0,31,14.165686240583852,128.77896582348956,72.22222222222223,86.36363636363636,80.28169014084507,10.192982456140351,89.7719298245614,6.298245614035087,4.175438596491228,100.24561403508771,0.24561403508771207,TRUE,TRUE,FALSE,TRUE,TRUE,TRUE
2025,linha_base_pre_programa,0,ESC_050,,EMEF VER MARTIM ARANHA,priscila,2,Língua Portuguesa,1ª Avaliação Formativa,3,74,58,55,61,3.2145502536643185,5.606773698251718,73.91304347826087,84,78.37837837837837,57.12068965517241,27.56896551724138,38.10344827586207,34.689655172413794,100.36206896551725,0.36206896551725265,TRUE,FALSE,FALSE,TRUE,TRUE,TRUE
2026,pos_inicio_programa,1,ESC_050,,EMEF VER MARTIM ARANHA,priscila,2,Língua Portuguesa,1ª Avaliação Formativa,3,55,39,43,63,11.015141094572204,19.787678613003962,64.28571428571429,82.3529411764706,70.9090909090909,57.666666666666664,24.58974358974359,38.82051282051282,37.35897435897436,100.76923076923077,0.7692307692307736,TRUE,FALSE,FALSE,TRUE,TRUE,TRUE
2025,linha_base_pre_programa,0,ESC_050,,EMEF VER MARTIM ARANHA,priscila,3,Língua Portuguesa,1ª Avaliação Formativa,3,82,59,50,77,13.650396819628847,21.108861061281722,67.85714285714286,74.07407407407408,71.95121951219512,64.62711864406779,17.10169491525424,33.94915254237288,49.271186440677965,100.32203389830508,0.32203389830507945,TRUE,FALSE,FALSE,TRUE,TRUE,TRUE
2026,pos_inicio_programa,1,ESC_050,,EMEF VER MARTIM ARANHA,priscila,3,Língua Portuguesa,1ª Avaliação Formativa,3,76,60,17,53,18,51.42857142857143,69.23076923076923,96,78.94736842105263,35,45.7,33.5,21.1,100.30000000000001,0.30000000000001137,TRUE,FALSE,FALSE,TRUE,TRUE,TRUE
2025,linha_base_pre_programa,0,ESC_050,,EMEF VER MARTIM ARANHA,priscila,4,Língua Portuguesa,1ª Avaliação Formativa,3,75,57,35,53,9.643650760992955,20.96445817607164,76,76,76,46,42.333333333333336,21.333333333333332,37,100.66666666666667,0.6666666666666714,TRUE,FALSE,FALSE,TRUE,TRUE,TRUE
2026,pos_inicio_programa,1,ESC_050,,EMEF VER MARTIM ARANHA,priscila,4,Língua Portuguesa,1ª Avaliação Formativa,3,72,65,44,57,6.557438524302,13.114877048604,86.95652173913044,95.45454545454544,90.27777777777777,49.738461538461536,38.276923076923076,23.076923076923077,38.646153846153844,100,0,TRUE,TRUE,TRUE,TRUE,TRUE,TRUE
2025,linha_base_pre_programa,0,ESC_050,,EMEF VER MARTIM ARANHA,priscila,5,Língua Portuguesa,1ª Avaliação Formativa,3,76,63,60,67,3.7859388972001824,6.041391857234334,76.92307692307692,87.5,82.89473684210526,62.77777777777778,17.682539682539684,35.06349206349206,47.58730158730159,100.33333333333334,0.3333333333333428,TRUE,TRUE,FALSE,TRUE,TRUE,TRUE
2026,pos_inicio_programa,1,ESC_050,,EMEF VER MARTIM ARANHA,priscila,5,Língua Portuguesa,1ª Avaliação Formativa,3,63,55,43,50,3.605551275463989,7.838154946660846,81.81818181818181,91.30434782608695,87.3015873015873,46.32727272727273,33.27272727272727,51.4,15.327272727272728,100,0,TRUE,TRUE,FALSE,TRUE,TRUE,TRUE
2025,linha_base_pre_programa,0,ESC_051,,EMEF VILA MONTE CRISTO,graziela,1,Língua Portuguesa,1ª Avaliação Formativa,5,79,56,72,96,11.575836902790225,13.946791449144849,52.38095238095238,100,70.88607594936708,82.58928571428571,8.714285714285714,8.821428571428571,82.23214285714286,99.76785714285714,0.2321428571428612,TRUE,FALSE,FALSE,TRUE,TRUE,TRUE
2026,pos_inicio_programa,1,ESC_051,,EMEF VILA MONTE CRISTO,graziela,1,Língua Portuguesa,1ª Avaliação Formativa,5,84,68,24,48,10.667708282475669,30.83152682796436,78.57142857142857,84.61538461538461,80.95238095238095,36.86764705882353,47.661764705882355,34.205882352941174,18.36764705882353,100.23529411764707,0.2352941176470722,TRUE,TRUE,FALSE,TRUE,TRUE,TRUE
2025,linha_base_pre_programa,0,ESC_051,,EMEF VILA MONTE CRISTO,graziela,2,Língua Portuguesa,1ª Avaliação Formativa,4,87,68,46,76,14.011899704655802,25.24666613451496,66.66666666666667,94.73684210526316,78.16091954022988,56.48529411764706,29.352941176470587,30.794117647058822,39.60294117647059,99.75,0.25,TRUE,FALSE,FALSE,TRUE,TRUE,TRUE
2026,pos_inicio_programa,1,ESC_051,,EMEF VILA MONTE CRISTO,graziela,2,Língua Portuguesa,1ª Avaliação Formativa,4,83,77,39,57,7.831560082980487,16.662893793575506,88.88888888888889,95.65217391304348,92.7710843373494,46.76623376623377,39.532467532467535,33.935064935064936,26.532467532467532,100,0,TRUE,TRUE,TRUE,TRUE,TRUE,TRUE
2025,linha_base_pre_programa,0,ESC_051,,EMEF VILA MONTE CRISTO,graziela,3,Língua Portuguesa,1ª Avaliação Formativa,4,92,72,48,74,10.935416468216166,17.28919599717971,60.869565217391305,90.47619047619048,78.26086956521739,63,27.65277777777778,20.72222222222222,51.19444444444444,99.56944444444444,0.43055555555555713,TRUE,FALSE,FALSE,TRUE,TRUE,TRUE
2026,pos_inicio_programa,1,ESC_051,,EMEF VILA MONTE CRISTO,graziela,3,Língua Portuguesa,1ª Avaliação Formativa,4,91,83,41,49,3.593976442141304,7.770759874900118,86.95652173913044,95.65217391304348,91.20879120879121,46.12048192771084,36.30120481927711,28.662650602409638,34.54216867469879,99.50602409638554,0.4939759036144551,TRUE,TRUE,TRUE,TRUE,TRUE,TRUE
2025,linha_base_pre_programa,0,ESC_051,,EMEF VILA MONTE CRISTO,graziela,4,Língua Portuguesa,1ª Avaliação Formativa,4,97,68,51,84,16.421530582338136,24.32819345531576,50,79.3103448275862,70.10309278350516,69.1470588235294,20.485294117647058,21.86764705882353,57.48529411764706,99.83823529411765,0.16176470588234793,TRUE,FALSE,FALSE,TRUE,TRUE,TRUE
2026,pos_inicio_programa,1,ESC_051,,EMEF VILA MONTE CRISTO,graziela,4,Língua Portuguesa,1ª Avaliação Formativa,4,95,83,58,82,10.307764064044152,14.168747854356223,81.81818181818181,92.3076923076923,87.36842105263158,73.39759036144578,14.27710843373494,23.10843373493976,62.65060240963855,100.03614457831324,0.03614457831324103,TRUE,TRUE,FALSE,TRUE,TRUE,TRUE
2025,linha_base_pre_programa,0,ESC_051,,EMEF VILA MONTE CRISTO,graziela,5,Língua Portuguesa,1ª Avaliação Formativa,4,89,62,62,84,10.177589760514683,13.260703271028904,58.333333333333336,78.26086956521739,69.66292134831461,77.41935483870968,9.870967741935484,16,74.12903225806451,100,0,FALSE,FALSE,FALSE,TRUE,TRUE,TRUE
2026,pos_inicio_programa,1,ESC_051,,EMEF VILA MONTE CRISTO,graziela,5,Língua Portuguesa,1ª Avaliação Formativa,4,84,73,64,76,5,7.1942446043165464,80.95238095238095,95.65217391304348,86.9047619047619,69.04109589041096,13.753424657534246,36.97260273972603,49.273972602739725,100,0,TRUE,TRUE,FALSE,TRUE,TRUE,TRUE
2025,linha_base_pre_programa,0,ESC_052,,EMEF WENCESLAU FONTOURA,eliane,1,Língua Portuguesa,1ª Avaliação Formativa,4,93,70,42,90,21.02974084481309,34.33427076704178,71.42857142857143,80.76923076923077,75.26881720430107,61.15714285714286,22.928571428571427,28.771428571428572,48.51428571428571,100.21428571428572,0.2142857142857224,TRUE,FALSE,FALSE,TRUE,TRUE,TRUE
2026,pos_inicio_programa,1,ESC_052,,EMEF WENCESLAU FONTOURA,eliane,1,Língua Portuguesa,1ª Avaliação Formativa,4,90,80,24,40,7.393691004272944,23.850616142815948,77.27272727272727,95.45454545454544,88.88888888888889,31.35,56.4375,37.0375,6.525,100,0,TRUE,TRUE,FALSE,TRUE,TRUE,TRUE
2025,linha_base_pre_programa,0,ESC_052,,EMEF WENCESLAU FONTOURA,eliane,2,Língua Portuguesa,1ª Avaliação Formativa,4,106,82,45,58,5.916079783099616,11.058093052522647,68,86.20689655172414,77.35849056603773,53.829268292682926,34.30487804878049,29.341463414634145,36.353658536585364,100,0,TRUE,FALSE,FALSE,TRUE,TRUE,TRUE
2026,pos_inicio_programa,1,ESC_052,,EMEF WENCESLAU FONTOURA,eliane,2,Língua Portuguesa,1ª Avaliação Formativa,4,97,91,47,74,12.816005617976296,19.947090455994235,87.5,100,93.81443298969072,63.68131868131868,19.054945054945055,33.637362637362635,47.30769230769231,100,0,TRUE,TRUE,TRUE,TRUE,TRUE,TRUE
2025,linha_base_pre_programa,0,ESC_052,,EMEF WENCESLAU FONTOURA,eliane,3,Língua Portuguesa,1ª Avaliação Formativa,4,103,76,24,71,23.357725345875043,46.95020170025134,62.5,82.14285714285714,73.7864077669903,50.81578947368421,39.39473684210526,28.86842105263158,31.736842105263158,100,0,TRUE,FALSE,FALSE,TRUE,TRUE,TRUE
2026,pos_inicio_programa,1,ESC_052,,EMEF WENCESLAU FONTOURA,eliane,3,Língua Portuguesa,1ª Avaliação Formativa,4,102,92,41,70,12.711543310445563,24.563368715836837,84,96.15384615384616,90.19607843137256,51.25,26.652173913043477,33.18478260869565,40.16304347826087,100,0,TRUE,TRUE,TRUE,TRUE,TRUE,TRUE
2025,linha_base_pre_programa,0,ESC_052,,EMEF WENCESLAU FONTOURA,eliane,4,Língua Portuguesa,1ª Avaliação Formativa,3,84,67,54,58,2.309401076758503,4.173616403780427,65.38461538461539,86.66666666666667,79.76190476190476,55.55223880597015,24.059701492537314,41.791044776119406,34.507462686567166,100.35820895522389,0.35820895522388696,TRUE,FALSE,FALSE,TRUE,TRUE,TRUE
2026,pos_inicio_programa,1,ESC_052,,EMEF WENCESLAU FONTOURA,eliane,4,Língua Portuguesa,1ª Avaliação Formativa,4,107,98,10,45,16.938614661968867,48.05280755168472,81.48148148148148,96.29629629629628,91.58878504672897,36.08163265306123,46.95918367346939,34.08163265306123,19.183673469387756,100.22448979591837,0.22448979591837315,TRUE,TRUE,TRUE,TRUE,TRUE,TRUE
2025,linha_base_pre_programa,0,ESC_052,,EMEF WENCESLAU FONTOURA,eliane,5,Língua Portuguesa,1ª Avaliação Formativa,3,83,60,29,76,25.146238950056397,53.12585693673886,52.17391304347826,80,72.28915662650603,51,33.6,33.4,33.2,100.2,0.20000000000000284,TRUE,FALSE,FALSE,TRUE,TRUE,TRUE
2026,pos_inicio_programa,1,ESC_052,,EMEF WENCESLAU FONTOURA,eliane,5,Língua Portuguesa,1ª Avaliação Formativa,3,82,74,25,67,22.94195574342635,44.69212157810328,84.61538461538461,96.55172413793105,90.2439024390244,51.891891891891895,34.62162162162162,27.43243243243243,38.027027027027025,100.08108108108107,0.08108108108106649,TRUE,TRUE,TRUE,TRUE,TRUE,TRUE
2025,linha_base_pre_programa,0,ESC_053,,EMEM EMILIO MEYER,ruti,1,Língua Portuguesa,1ª Avaliação Formativa,4,79,54,70,85,7.5,9.523809523809524,52.38095238095238,88.88888888888889,68.35443037974683,79.62962962962963,7.388888888888889,16.51851851851852,76.0925925925926,100,0,FALSE,FALSE,FALSE,TRUE,TRUE,TRUE
2026,pos_inicio_programa,1,ESC_053,,EMEM EMILIO MEYER,ruti,1,Língua Portuguesa,1ª Avaliação Formativa,4,78,55,7,52,21.5,90.52631578947368,52.63157894736842,80,70.51282051282051,21.581818181818182,65.69090909090909,26.09090909090909,8.036363636363637,99.81818181818181,0.18181818181818699,TRUE,FALSE,FALSE,TRUE,TRUE,TRUE
2025,linha_base_pre_programa,0,ESC_053,,EMEM EMILIO MEYER,ruti,2,Língua Portuguesa,1ª Avaliação Formativa,4,76,63,39,55,8.679477710861024,18.466973852895798,76.19047619047619,88.88888888888889,82.89473684210526,46.904761904761905,38.26984126984127,36.698412698412696,25.50793650793651,100.47619047619048,0.4761904761904816,TRUE,TRUE,FALSE,TRUE,TRUE,TRUE
2026,pos_inicio_programa,1,ESC_053,,EMEM EMILIO MEYER,ruti,2,Língua Portuguesa,1ª Avaliação Formativa,4,75,73,42,55,5.737304826019502,12.14244407623175,94.11764705882354,100,97.33333333333333,46.95890410958904,37.32876712328767,28.36986301369863,34.04109589041096,99.73972602739725,0.26027397260274654,TRUE,TRUE,TRUE,TRUE,TRUE,TRUE
2025,linha_base_pre_programa,0,ESC_053,,EMEM EMILIO MEYER,ruti,3,Língua Portuguesa,1ª Avaliação Formativa,4,96,73,26,68,17.224014243685083,36.64683881635124,68,81.81818181818181,76.04166666666667,47.54794520547945,40.89041095890411,24.616438356164384,34.013698630136986,99.52054794520548,0.47945205479452113,TRUE,FALSE,FALSE,TRUE,TRUE,TRUE
2026,pos_inicio_programa,1,ESC_053,,EMEM EMILIO MEYER,ruti,3,Língua Portuguesa,1ª Avaliação Formativa,4,88,70,38,50,5.446711546122731,11.970794606863144,68,90,79.54545454545455,45.457142857142856,39.371428571428574,28.557142857142857,32.07142857142857,100,0,TRUE,FALSE,FALSE,TRUE,TRUE,TRUE
2025,linha_base_pre_programa,0,ESC_053,,EMEM EMILIO MEYER,ruti,4,Língua Portuguesa,1ª Avaliação Formativa,4,81,66,40,82,22.85278976405288,37.617760928482106,68.75,90.47619047619048,81.48148148148148,64.39393939393939,24.09090909090909,22.727272727272727,53.015151515151516,99.83333333333333,0.1666666666666714,TRUE,TRUE,FALSE,TRUE,TRUE,TRUE
2026,pos_inicio_programa,1,ESC_053,,EMEM EMILIO MEYER,ruti,4,Língua Portuguesa,1ª Avaliação Formativa,4,91,81,35,69,14.071247279470288,28.142494558940577,83.33333333333333,100,89.01098901098901,49.91358024691358,40.76543209876543,19.54320987654321,39.69135802469136,100,0,TRUE,TRUE,FALSE,TRUE,TRUE,TRUE
2025,linha_base_pre_programa,0,ESC_053,,EMEM EMILIO MEYER,ruti,5,Língua Portuguesa,1ª Avaliação Formativa,3,68,58,33,74,21.73323108360405,37.68768396000703,78.26086956521739,95.65217391304348,85.29411764705883,58.793103448275865,31.379310344827587,18.93103448275862,50,100.3103448275862,0.3103448275862064,TRUE,TRUE,FALSE,TRUE,TRUE,TRUE
2026,pos_inicio_programa,1,ESC_053,,EMEM EMILIO MEYER,ruti,5,Língua Portuguesa,1ª Avaliação Formativa,3,66,60,61,68,4.041451884327381,6.381239817359021,82.6086956521739,100,90.9090909090909,63.56666666666667,22.833333333333332,30,47.166666666666664,100,0,TRUE,TRUE,TRUE,TRUE,TRUE,TRUE
2025,linha_base_pre_programa,0,ESC_054,,ESC EST ENS FUN PROFESSORA LEOPOLDA BARNEWITZ,julia,1,Língua Portuguesa,1ª Avaliação Formativa,1,24,15,69,69,,,62.5,62.5,62.5,69,27,13,60,100,0,FALSE,FALSE,FALSE,TRUE,TRUE,TRUE
2026,pos_inicio_programa,1,ESC_054,,ESC EST ENS FUN PROFESSORA LEOPOLDA BARNEWITZ,julia,1,Língua Portuguesa,1ª Avaliação Formativa,1,19,18,48,48,,,94.73684210526316,94.73684210526316,94.73684210526316,48,31,44,25,100,0,TRUE,TRUE,TRUE,TRUE,TRUE,TRUE
2025,linha_base_pre_programa,0,ESC_054,,ESC EST ENS FUN PROFESSORA LEOPOLDA BARNEWITZ,julia,2,Língua Portuguesa,1ª Avaliação Formativa,2,31,26,56,83,19.091883092036785,27.47033538422559,66.66666666666667,94.73684210526316,83.87096774193549,74.6923076923077,15.76923076923077,23.53846153846154,61.69230769230769,101,1,TRUE,TRUE,FALSE,TRUE,TRUE,TRUE
2026,pos_inicio_programa,1,ESC_054,,ESC EST ENS FUN PROFESSORA LEOPOLDA BARNEWITZ,julia,2,Língua Portuguesa,1ª Avaliação Formativa,1,21,19,90,90,,,90.47619047619048,90.47619047619048,90.47619047619048,90,0,16,84,100,0,TRUE,TRUE,TRUE,TRUE,TRUE,TRUE
2025,linha_base_pre_programa,0,ESC_054,,ESC EST ENS FUN PROFESSORA LEOPOLDA BARNEWITZ,julia,3,Língua Portuguesa,1ª Avaliação Formativa,1,26,20,73,73,,,76.92307692307692,76.92307692307692,76.92307692307692,73,20,10,70,100,0,TRUE,FALSE,FALSE,TRUE,TRUE,TRUE
2026,pos_inicio_programa,1,ESC_054,,ESC EST ENS FUN PROFESSORA LEOPOLDA BARNEWITZ,julia,3,Língua Portuguesa,1ª Avaliação Formativa,2,39,39,79,85,4.242640687119285,5.173952057462542,100,100,100,82.07692307692308,2.923076923076923,18.53846153846154,79.02564102564102,100.48717948717949,0.487179487179489,TRUE,TRUE,TRUE,TRUE,TRUE,TRUE
2025,linha_base_pre_programa,0,ESC_054,,ESC EST ENS FUN PROFESSORA LEOPOLDA BARNEWITZ,julia,4,Língua Portuguesa,1ª Avaliação Formativa,1,22,18,73,73,,,81.81818181818181,81.81818181818181,81.81818181818181,73,17,22,61,100,0,TRUE,TRUE,FALSE,TRUE,TRUE,TRUE
2026,pos_inicio_programa,1,ESC_054,,ESC EST ENS FUN PROFESSORA LEOPOLDA BARNEWITZ,julia,4,Língua Portuguesa,1ª Avaliação Formativa,1,25,25,83,83,,,100,100,100,83,8,20,72,100,0,TRUE,TRUE,TRUE,TRUE,TRUE,TRUE
2025,linha_base_pre_programa,0,ESC_054,,ESC EST ENS FUN PROFESSORA LEOPOLDA BARNEWITZ,julia,5,Língua Portuguesa,1ª Avaliação Formativa,1,25,21,72,72,,,84,84,84,72,19,19,62,100,0,TRUE,TRUE,FALSE,TRUE,TRUE,TRUE
2026,pos_inicio_programa,1,ESC_054,,ESC EST ENS FUN PROFESSORA LEOPOLDA BARNEWITZ,julia,5,Língua Portuguesa,1ª Avaliação Formativa,1,20,19,73,73,,,95,95,95,73,16,26,58,100,0,TRUE,TRUE,TRUE,TRUE,TRUE,TRUE
2025,linha_base_pre_programa,0,ESC_055,,ESCOLA DE ENSINO FUNDAMENTAL MADRE RAFFO,outras,1,Língua Portuguesa,1ª Avaliação Formativa,1,13,13,100,100,,,100,100,100,100,0,0,100,100,0,TRUE,TRUE,TRUE,TRUE,TRUE,TRUE
2026,pos_inicio_programa,1,ESC_055,,ESCOLA DE ENSINO FUNDAMENTAL MADRE RAFFO,outras,1,Língua Portuguesa,1ª Avaliação Formativa,1,6,6,31,31,,,100,100,100,31,50,50,0,100,0,TRUE,TRUE,TRUE,TRUE,TRUE,TRUE
2025,linha_base_pre_programa,0,ESC_055,,ESCOLA DE ENSINO FUNDAMENTAL MADRE RAFFO,outras,2,Língua Portuguesa,1ª Avaliação Formativa,1,5,3,68,68,,,60,60,60,68,33,0,67,100,0,FALSE,FALSE,FALSE,TRUE,TRUE,TRUE
2026,pos_inicio_programa,1,ESC_055,,ESCOLA DE ENSINO FUNDAMENTAL MADRE RAFFO,outras,2,Língua Portuguesa,1ª Avaliação Formativa,1,14,14,65,65,,,100,100,100,65,21,29,50,100,0,TRUE,TRUE,TRUE,TRUE,TRUE,TRUE
2025,linha_base_pre_programa,0,ESC_055,,ESCOLA DE ENSINO FUNDAMENTAL MADRE RAFFO,outras,3,Língua Portuguesa,1ª Avaliação Formativa,1,9,8,80,80,,,88.88888888888889,88.88888888888889,88.88888888888889,80,0,25,75,100,0,TRUE,TRUE,FALSE,TRUE,TRUE,TRUE
2026,pos_inicio_programa,1,ESC_055,,ESCOLA DE ENSINO FUNDAMENTAL MADRE RAFFO,outras,3,Língua Portuguesa,1ª Avaliação Formativa,1,4,4,77,77,,,100,100,100,77,0,50,50,100,0,TRUE,TRUE,TRUE,TRUE,TRUE,TRUE
2025,linha_base_pre_programa,0,ESC_055,,ESCOLA DE ENSINO FUNDAMENTAL MADRE RAFFO,outras,4,Língua Portuguesa,1ª Avaliação Formativa,1,5,5,100,100,,,100,100,100,100,0,0,100,100,0,TRUE,TRUE,TRUE,TRUE,TRUE,TRUE
2026,pos_inicio_programa,1,ESC_055,,ESCOLA DE ENSINO FUNDAMENTAL MADRE RAFFO,outras,4,Língua Portuguesa,1ª Avaliação Formativa,1,9,8,91,91,,,88.88888888888889,88.88888888888889,88.88888888888889,91,0,25,75,100,0,TRUE,TRUE,FALSE,TRUE,TRUE,TRUE
2025,linha_base_pre_programa,0,ESC_055,,ESCOLA DE ENSINO FUNDAMENTAL MADRE RAFFO,outras,5,Língua Portuguesa,1ª Avaliação Formativa,1,10,10,81,81,,,100,100,100,81,0,30,70,100,0,TRUE,TRUE,TRUE,TRUE,TRUE,TRUE
2026,pos_inicio_programa,1,ESC_055,,ESCOLA DE ENSINO FUNDAMENTAL MADRE RAFFO,outras,5,Língua Portuguesa,1ª Avaliação Formativa,1,5,5,88,88,,,100,100,100,88,0,20,80,100,0,TRUE,TRUE,TRUE,TRUE,TRUE,TRUE
2025,linha_base_pre_programa,0,ESC_056,,EEF ALDEIA LUMIAR,,1,Língua Portuguesa,1ª Avaliação Formativa,3,20,18,58,67,4.58257569495584,7.273929674533079,83.33333333333333,100,90,62.166666666666664,16.666666666666668,22.444444444444443,61.333333333333336,100.44444444444446,0.4444444444444571,TRUE,TRUE,TRUE,TRUE,TRUE,TRUE
2026,pos_inicio_programa,1,ESC_056,,EEF ALDEIA LUMIAR,,1,Língua Portuguesa,1ª Avaliação Formativa,1,23,16,48,48,,,69.56521739130434,69.56521739130434,69.56521739130434,48,36,36,29,101,1,FALSE,FALSE,FALSE,TRUE,TRUE,TRUE
2025,linha_base_pre_programa,0,ESC_056,,EEF ALDEIA LUMIAR,,2,Língua Portuguesa,1ª Avaliação Formativa,3,22,17,62,70,4.358898943540674,6.70599837467796,66.66666666666667,85.71428571428571,77.27272727272727,65.17647058823529,23.41176470588235,29.529411764705884,47.05882352941177,100,0,TRUE,FALSE,FALSE,TRUE,FALSE,FALSE
2025,linha_base_pre_programa,0,ESC_056,,EEF ALDEIA LUMIAR,,3,Língua Portuguesa,1ª Avaliação Formativa,3,23,17,74,85,6.3508529610858835,8.17706389839384,62.5,100,73.91304347826087,77.23529411764706,6.117647058823529,23.764705882352942,70.58823529411765,100.47058823529412,0.470588235294116,TRUE,FALSE,FALSE,TRUE,FALSE,FALSE
2025,linha_base_pre_programa,0,ESC_056,,EEF ALDEIA LUMIAR,,4,Língua Portuguesa,1ª Avaliação Formativa,2,20,16,75,84,6.363961030678928,8.004982428526953,62.5,91.66666666666669,80,77.8125,6.1875,31.0625,62.75,100,0,TRUE,TRUE,FALSE,TRUE,FALSE,FALSE
2025,linha_base_pre_programa,0,ESC_056,,EEF ALDEIA LUMIAR,,5,Língua Portuguesa,1ª Avaliação Formativa,2,20,14,61,73,8.48528137423857,12.664599066027716,70,70,70,67,0,50,50,100,0,TRUE,FALSE,FALSE,TRUE,FALSE,FALSE
