id_escola,codigo_inep,codigo_inep_valido,nome_canonico,nome_vinculo_original,chave_nome,assessora,assessora_vinculo_administrativo,pertence_universo_avaliativo_2025,pertence_universo_avaliativo_2026,elegivel_assessoramento_2025,elegivel_assessoramento_2026,recebe_assessoramento_2025,recebe_assessoramento_2026,exposicao_programa_binaria_2025,exposicao_programa_binaria_2026,assessora_gerencial_2025,assessora_gerencial_2026,status_carga_operacional_2025,status_carga_operacional_2026,grupo_exposicao_2025,grupo_exposicao_2026,incluir_diagnostico_avaliativo_ampliado_2025,incluir_diagnostico_avaliativo_ampliado_2026,incluir_resultados_rede_assessorada_2025,incluir_resultados_rede_assessorada_2026,incluir_indice_carga_2025,incluir_indice_carga_2026,incluir_nao_exposto_descritivo_2025,incluir_nao_exposto_descritivo_2026,status_homologacao_2025,status_homologacao_2026,versao_regra_2025,versao_regra_2026,ano_escolar,componente,painel_balanceado,painel_resultado_balanceado,contexto_2024_encontrado,amostra_principal_descritiva,amostra_municipal_direta_2024,amostra_municipal_ampliada_2024,amostra_rede_operacional_2025,incluir_universo_municipal_direto_2024,incluir_universo_municipal_ampliado_2024,incluir_rede_municipal_operacional_2025,grupo_administrativo_2024_final,tipo_vinculo_rede_final,status_rede_2025_final,dependencia_administrativa_2024,situacao_funcionamento_2024,municipalizada_apos_2024,privada_vinculada_final,matriculas_anos_iniciais,turmas_anos_iniciais,docentes_anos_iniciais,alunos_por_turma_anos_iniciais,alunos_por_docente_anos_iniciais,pct_matriculas_anos_iniciais_integral,pct_matriculas_educacao_especial,pct_matriculas_transporte_publico,pct_matriculas_preta_parda_indigena,numero_etapas_amplas_ofertadas,indice_infraestrutura_basica,quartil_infraestrutura_escola,faixa_porte_contextual_escola,estratos_corrigidos_disponiveis,previstos_2025,avaliados_2025,taxa_participacao_2025,proficiencia_media_2025,pct_defasagem_2025,pct_intermediario_2025,pct_adequado_2025,previstos_2026,avaliados_2026,taxa_participacao_2026,proficiencia_media_2026,pct_defasagem_2026,pct_intermediario_2026,pct_adequado_2026,peso_medio_avaliados,delta_participacao,delta_proficiencia,delta_pct_defasagem,delta_pct_intermediario,delta_pct_adequado,variacao_relativa_previstos,variacao_relativa_avaliados,observacao_composicao,numero_turmas_2025,numero_turmas_2026,presente_2025,presente_2026,resultado_disponivel_2025,resultado_disponivel_2026,delta_numero_turmas,delta_previstos,delta_avaliados,participacao_minima_70_ambos,participacao_minima_80_ambos,participacao_minima_90_ambos,aumento_participacao_10pp,queda_participacao_10pp,mudanca_previstos_20pct,turma_escola_pequena_2025,turma_escola_pequena_2026,nome_inep,metodo_correspondencia_inep,status_codigo_inep,observacao_codigo_inep,tipo_vinculo_rede,exposicao_2025_1av,programa_iniciado_apos_2025_1av,dose_assessoramento_observada,possivel_municipalizacao_recente,escola_nova_recente,status_rede_2025,observacao_historico,status_validacao,ano_contexto,fonte_contexto,contexto_pre_programa,rede,tipo_categoria_escola_privada,tipo_localizacao,tipo_localizacao_diferenciada,tipo_situacao_funcionamento,poder_publico_parceria,tipo_poder_publico_parceria,conveniada_poder_publico,tipo_convenio_poder_publico,porte_anos_iniciais,quartil_porte_anos_iniciais,ano,sigla_uf,id_municipio,vinculo_secretaria_educacao,etapa_ensino_infantil,etapa_ensino_fundamental,etapa_ensino_fundamental_anos_iniciais,etapa_ensino_fundamental_anos_finais,etapa_ensino_medio,etapa_ensino_eja,etapa_ensino_especial,quantidade_matricula_educacao_basica,quantidade_matricula_infantil,quantidade_matricula_fundamental,quantidade_matricula_fundamental_anos_iniciais,quantidade_matricula_fundamental_1_ano,quantidade_matricula_fundamental_2_ano,quantidade_matricula_fundamental_3_ano,quantidade_matricula_fundamental_4_ano,quantidade_matricula_fundamental_5_ano,quantidade_matricula_fundamental_anos_finais,quantidade_matricula_eja,quantidade_matricula_especial,quantidade_matricula_especial_comum,quantidade_matricula_especial_exclusiva,quantidade_matricula_feminino,quantidade_matricula_masculino,quantidade_matricula_branca,quantidade_matricula_preta,quantidade_matricula_parda,quantidade_matricula_amarela,quantidade_matricula_indigena,quantidade_matricula_nao_declarada,quantidade_matricula_fundamental_integral,quantidade_matricula_fundamental_anos_iniciais_integral,quantidade_matricula_fundamental_anos_finais_integral,quantidade_matricula_utiliza_transporte_publico,quantidade_docente_educacao_basica,quantidade_docente_fundamental,quantidade_docente_fundamental_anos_iniciais,quantidade_docente_fundamental_anos_finais,quantidade_docente_especial,quantidade_turma_educacao_basica,quantidade_turma_fundamental,quantidade_turma_fundamental_anos_iniciais,quantidade_turma_fundamental_anos_finais,quantidade_turma_fundamental_integral,quantidade_sala_existente,quantidade_sala_utilizada,quantidade_sala_utilizada_climatizada,quantidade_sala_utilizada_acessivel,agua_potavel,agua_rede_publica,energia_rede_publica,esgoto_rede_publica,biblioteca,biblioteca_sala_leitura,sala_leitura,laboratorio_ciencias,laboratorio_informatica,quadra_esportes,quadra_esportes_coberta,internet,internet_aprendizagem,internet_alunos,acessibilidade_rampas,acessibilidade_corrimao,acessibilidade_pisos_tateis,acessibilidade_elevador,acessibilidade_inexistente,banheiro,banheiro_pne,cozinha,refeitorio,alimentacao,sala_atendimento_especial,quantidade_computador,quantidade_computador_aluno,quantidade_computador_portatil_aluno,quantidade_tablet_aluno,quantidade_profissional_bibliotecario,quantidade_profissional_coordenador,quantidade_profissional_psicologo,quantidade_profissional_assistente_social,quantidade_profissional_monitor,quantidade_profissional_pedagogia,oferta_educacao_infantil,oferta_anos_iniciais,oferta_anos_finais,oferta_eja,oferta_educacao_especial,numero_itens_infraestrutura_disponiveis,numero_itens_infraestrutura_presentes,possui_espaco_leitura,possui_recurso_acessibilidade,codigo_situacao_funcionamento,codigo_rede_2024,alerta_sem_linha_2024,alerta_sem_matriculas_anos_iniciais,alerta_sem_turmas_anos_iniciais,alerta_sem_docentes_anos_iniciais,alerta_matriculas_sem_turmas,alerta_matriculas_sem_docentes,alerta_nao_ativa_2024,caso_historico_administrativo,requer_revisao_tecnica,motivo_revisao_tecnica,escola_ativa_2024,vinculo_privado_explicito,grupo_administrativo_2024,divergencia_censo_cadastro,tipo_divergencia_administrativa,incluir_contexto_descritivo_2024,motivo_nao_inclusao_universo_estrito,decisao_manual,tipo_vinculo_rede_corrigido,status_rede_2025_corrigido,observacao_manual,observacao_administrativa_final,utilizar_indicadores_matriculas,utilizar_indicadores_turmas_docentes,utilizar_indicadores_infraestrutura,avaliacao_id_2025,avaliacao_id_2026,periodo_programa_2025,periodo_programa_2026,fonte_validacao_2025,fonte_validacao_2026,data_validacao_2025,data_validacao_2026,responsavel_validacao_2025,responsavel_validacao_2026,log_matriculas_anos_iniciais
ESC_056,43189768,TRUE,EEF ALDEIA LUMIAR,,EEF ALDEIA LUMIAR,,Sem vinculação informada,SIM,SIM,NA_APLICAVEL,NAO,NAO,NAO,0,0,,,SEM_CARGA_DO_PROGRAMA,ZERO_OU_TENDENTE_A_ZERO,LINHA_BASE_PRE_PROGRAMA,NAO_EXPOSTA_INELEGIVEL,TRUE,TRUE,FALSE,FALSE,FALSE,FALSE,FALSE,TRUE,REGRA_TEMPORAL_CONFIRMADA,HOMOLOGADO,2025_1a_avaliacao_formativa_linha_base,2026-07-24_v1,1,Língua Portuguesa,TRUE,TRUE,TRUE,TRUE,FALSE,TRUE,FALSE,FALSE,TRUE,FALSE,Filantrópica supervisionada,filantropica_sob_supervisao_municipal,fora_da_rede_municipal_direta,Privada,Em atividade,FALSE,TRUE,109,0,0,,,100,6.598984771573604,0,20.304568527918786,2,80,Q1 — menor infraestrutura,Até 149 matrículas,TRUE,20,18,90,62.166666666666664,16.666666666666668,22.444444444444443,61.333333333333336,23,16,69.56521739130434,48,36,36,29,17,-20.434782608695656,-14.166666666666664,19.333333333333332,13.555555555555555,-32.333333333333336,15,-11.11111111111111,Queda de participação igual ou superior a 10 p.p.,3,1,TRUE,TRUE,TRUE,TRUE,-2,3,-2,FALSE,FALSE,FALSE,FALSE,TRUE,FALSE,TRUE,TRUE,6002 EEF ALDEIA LUMIAR,aceite_manual,consolidado,escola filantropica sob supervisao municipal,filantropica_sob_supervisao_municipal,0,TRUE,FALSE,FALSE,FALSE,fora_da_rede_municipal_direta,Instituição filantrópica supervisionada,codigo_inep_consolidado,2024,Censo Escolar/INEP via Base dos Dados,TRUE,4,4,1,0,1,1,1,,,Até 149 matrículas,1,2024,RS,4314902,,0,1,1,1,0,0,1,197,0,197,109,26,22,19,21,21,88,0,13,13,0,96,101,108,20,18,0,2,49,197,109,88,0,10,10,0,10,9,10,10,0,10,10,,6,0,0,1,1,1,1,1,1,0,0,0,1,0,1,1,0,0,0,0,0,0,1,1,1,1,1,1,,,0,0,0,0,0,0,0,2,FALSE,TRUE,TRUE,FALSE,TRUE,10,8,TRUE,FALSE,1,4,FALSE,FALSE,FALSE,FALSE,TRUE,TRUE,FALSE,Instituição filantrópica supervisionada,TRUE,"Matrículas positivas, mas nenhuma turma dos anos iniciais | Matrículas positivas, mas nenhum docente dos anos iniciais",TRUE,TRUE,Filantrópica supervisionada,FALSE,,FALSE,"Matrículas positivas, mas nenhuma turma dos anos iniciais | Matrículas positivas, mas nenhum docente dos anos iniciais",sem_revisao_necessaria,,,,Instituição filantrópica supervisionada,TRUE,FALSE,TRUE,1a_avaliacao_formativa,1a_avaliacao_formativa,linha_base_pre_programa,pos_inicio_programa,regra temporal pre-programa registrada no painel,declaracao formal,,2026-07-24,regra temporal preexistente do projeto,Marian Dante - assessora UEF/SMED,4.6913478822291435
ESC_001,43105416,TRUE,EEF PEQUENA CASA DA CRIANCA,6001 EEF PEQUENA CASA DA CRIANCA,EEF PEQUENA CASA DA CRIANCA,outras,outras,SIM,SIM,NA_APLICAVEL,NAO,NAO,NAO,0,0,,,SEM_CARGA_DO_PROGRAMA,ZERO_OU_TENDENTE_A_ZERO,LINHA_BASE_PRE_PROGRAMA,NAO_EXPOSTA_INELEGIVEL,TRUE,TRUE,FALSE,FALSE,FALSE,FALSE,FALSE,TRUE,REGRA_TEMPORAL_CONFIRMADA,HOMOLOGADO,2025_1a_avaliacao_formativa_linha_base,2026-07-24_v1,1,Língua Portuguesa,TRUE,TRUE,TRUE,TRUE,FALSE,TRUE,FALSE,FALSE,TRUE,FALSE,Privada conveniada ou supervisionada,privada_conveniada_sob_supervisao_municipal,fora_da_rede_municipal_direta,Privada,Em atividade,FALSE,TRUE,245,14,11,17.5,22.272727272727273,18.367346938775512,6.128133704735376,0,20.33426183844011,2,70,Q1 — menor infraestrutura,150 a 299 matrículas,TRUE,46,36,78.26086956521739,59.916666666666664,19.694444444444443,39.05555555555556,41.611111111111114,49,38,77.55102040816327,31.210526315789473,62.8421052631579,18.842105263157897,18.31578947368421,37,-0.7098491570541228,-28.70614035087719,43.147660818713454,-20.213450292397663,-23.295321637426905,6.521739130434782,5.555555555555555,Sem alerta principal de composição,3,3,TRUE,TRUE,TRUE,TRUE,0,3,2,TRUE,FALSE,FALSE,FALSE,FALSE,FALSE,FALSE,FALSE,6001 EEF PEQUENA CASA DA CRIANCA,aceite_manual,consolidado,escola privada conveniada sob supervisao municipal,privada_conveniada_sob_supervisao_municipal,0,TRUE,FALSE,FALSE,FALSE,fora_da_rede_municipal_direta,Instituição privada conveniada ou supervisionada,codigo_inep_consolidado,2024,Censo Escolar/INEP via Base dos Dados,TRUE,4,4,1,0,1,1,1,,,150 a 299 matrículas,1,2024,RS,4314902,,1,1,1,0,0,0,1,359,114,245,245,44,48,69,43,41,0,0,22,22,0,165,194,92,36,37,0,0,194,45,45,0,0,19,11,11,0,15,22,14,14,0,3,,23,6,0,1,1,1,1,1,1,0,0,1,0,0,1,1,0,0,0,0,0,0,1,0,1,0,1,1,,,0,0,0,0,1,1,0,1,TRUE,TRUE,FALSE,FALSE,TRUE,10,7,TRUE,FALSE,1,4,FALSE,FALSE,FALSE,FALSE,FALSE,FALSE,FALSE,Instituição privada conveniada ou supervisionada,FALSE,,TRUE,TRUE,Privada conveniada ou supervisionada,FALSE,,TRUE,Dependência privada no Censo 2024,sem_revisao_necessaria,,,,Instituição privada conveniada ou supervisionada,TRUE,TRUE,TRUE,1a_avaliacao_formativa,1a_avaliacao_formativa,linha_base_pre_programa,pos_inicio_programa,regra temporal pre-programa registrada no painel,declaracao formal,,2026-07-24,regra temporal preexistente do projeto,Marian Dante - assessora UEF/SMED,5.501258210544727
ESC_002,43105505,TRUE,EMEB DR LIBERATO SALZANO VIEIRA DA CUNHA,EMEB DR LIBERATO SALZANO VIEIRA DA CUNHA,EMEB DR LIBERATO SALZANO VIEIRA DA CUNHA,clarissa,clarissa,SIM,SIM,NA_APLICAVEL,SIM,NAO,SIM,0,1,,clarissa,SEM_CARGA_DO_PROGRAMA,ATIVA,LINHA_BASE_PRE_PROGRAMA,ASSESSORADA,TRUE,TRUE,FALSE,TRUE,FALSE,TRUE,FALSE,FALSE,REGRA_TEMPORAL_CONFIRMADA,HOMOLOGADO,2025_1a_avaliacao_formativa_linha_base,2026-07-24_v1,1,Língua Portuguesa,TRUE,TRUE,TRUE,TRUE,TRUE,TRUE,TRUE,TRUE,TRUE,TRUE,Rede municipal direta em 2024,rede_municipal_direta_ou_nao_classificada,rede_municipal_direta,Municipal,Em atividade,FALSE,FALSE,465,21,33,22.142857142857142,14.090909090909092,0.21505376344086025,7.790262172284645,1.198501872659176,24.04494382022472,4,100,Q3,300 a 499 matrículas,TRUE,90,75,83.33333333333333,38.53333333333333,49.266666666666666,29.573333333333338,21.4,75,57,76,39.49122807017544,48.80701754385965,24.31578947368421,27.05263157894737,66,-7.333333333333329,0.9578947368421068,-0.459649122807015,-5.257543859649125,5.652631578947371,-16.666666666666668,-24,Sem alerta principal de composição,4,4,TRUE,TRUE,TRUE,TRUE,0,-15,-18,TRUE,FALSE,FALSE,FALSE,FALSE,FALSE,FALSE,FALSE,EMEB DR LIBERATO SALZANO VIEIRA DA CUNHA,exata_normalizada,consolidado,,rede_municipal_direta_ou_nao_classificada,0,TRUE,FALSE,FALSE,FALSE,rede_municipal_direta,Rede municipal direta em 2024,codigo_inep_consolidado,2024,Censo Escolar/INEP via Base dos Dados,TRUE,3,,1,0,1,0,,,,300 a 499 matrículas,3,2024,RS,4314902,1,1,1,1,1,1,1,1,1335,118,840,465,83,90,103,81,108,375,146,104,104,0,730,605,829,193,127,0,1,185,1,1,0,16,82,53,33,24,77,56,35,21,14,0,,28,3,0,1,1,1,1,1,1,0,1,1,1,1,1,1,1,1,0,0,1,0,1,1,1,1,1,1,,,520,6,4,6,0,0,0,10,TRUE,TRUE,TRUE,TRUE,TRUE,10,10,TRUE,TRUE,1,3,FALSE,FALSE,FALSE,FALSE,FALSE,FALSE,FALSE,Rede municipal direta em 2024,FALSE,,TRUE,FALSE,Rede municipal direta em 2024,FALSE,,TRUE,,sem_revisao_necessaria,,,,Rede municipal direta em 2024,TRUE,TRUE,TRUE,1a_avaliacao_formativa,1a_avaliacao_formativa,linha_base_pre_programa,pos_inicio_programa,regra temporal pre-programa registrada no painel,declaracao formal,,2026-07-24,regra temporal preexistente do projeto,Marian Dante - assessora UEF/SMED,6.142037405587356
ESC_003,43105440,TRUE,EMEF AFONSO GUERREIRO LIMA,EMEF AFONSO GUERREIRO LIMA,EMEF AFONSO GUERREIRO LIMA,graziela,graziela,SIM,SIM,NA_APLICAVEL,SIM,NAO,SIM,0,1,,graziela,SEM_CARGA_DO_PROGRAMA,ATIVA,LINHA_BASE_PRE_PROGRAMA,ASSESSORADA,TRUE,TRUE,FALSE,TRUE,FALSE,TRUE,FALSE,FALSE,REGRA_TEMPORAL_CONFIRMADA,HOMOLOGADO,2025_1a_avaliacao_formativa_linha_base,2026-07-24_v1,1,Língua Portuguesa,TRUE,TRUE,TRUE,TRUE,TRUE,TRUE,TRUE,TRUE,TRUE,TRUE,Rede municipal direta em 2024,rede_municipal_direta_ou_nao_classificada,rede_municipal_direta,Municipal,Em atividade,FALSE,FALSE,517,22,27,23.5,19.14814814814815,15.667311411992262,7.41901776384535,5.851619644723093,33.751306165099265,4,90,Q2,500 matrículas ou mais,TRUE,87,64,73.5632183908046,52.9375,28,30.96875,40.828125,94,77,81.91489361702128,14.48051948051948,81.6103896103896,14.155844155844155,4.48051948051948,70.5,8.351675226216685,-38.45698051948052,53.6103896103896,-16.812905844155843,-36.34760551948052,8.045977011494253,20.3125,Sem alerta principal de composição,4,4,TRUE,TRUE,TRUE,TRUE,0,7,13,TRUE,FALSE,FALSE,FALSE,FALSE,FALSE,FALSE,FALSE,EMEF AFONSO GUERREIRO LIMA,exata_normalizada,consolidado,,rede_municipal_direta_ou_nao_classificada,0,TRUE,FALSE,FALSE,FALSE,rede_municipal_direta,Rede municipal direta em 2024,codigo_inep_consolidado,2024,Censo Escolar/INEP via Base dos Dados,TRUE,3,,1,0,1,0,,,,500 matrículas ou mais,4,2024,RS,4314902,1,1,1,1,1,0,1,1,957,19,866,517,92,100,147,91,87,349,72,71,71,0,476,481,514,153,169,0,1,120,100,81,19,56,49,42,27,18,48,40,35,22,13,0,,30,0,8,1,1,1,1,1,1,0,1,1,1,1,1,0,1,0,1,0,0,0,1,1,1,1,1,1,,,468,0,4,4,0,0,0,6,TRUE,TRUE,TRUE,TRUE,TRUE,10,9,TRUE,TRUE,1,3,FALSE,FALSE,FALSE,FALSE,FALSE,FALSE,FALSE,Rede municipal direta em 2024,FALSE,,TRUE,FALSE,Rede municipal direta em 2024,FALSE,,TRUE,,sem_revisao_necessaria,,,,Rede municipal direta em 2024,TRUE,TRUE,TRUE,1a_avaliacao_formativa,1a_avaliacao_formativa,linha_base_pre_programa,pos_inicio_programa,regra temporal pre-programa registrada no painel,declaracao formal,,2026-07-24,regra temporal preexistente do projeto,Marian Dante - assessora UEF/SMED,6.248042874508429
ESC_004,43105459,TRUE,EMEF AMERICA,EMEF AMERICA,EMEF AMERICA,nathalia,nathalia,SIM,SIM,NA_APLICAVEL,SIM,NAO,SIM,0,1,,nathalia,SEM_CARGA_DO_PROGRAMA,ATIVA,LINHA_BASE_PRE_PROGRAMA,ASSESSORADA,TRUE,TRUE,FALSE,TRUE,FALSE,TRUE,FALSE,FALSE,REGRA_TEMPORAL_CONFIRMADA,HOMOLOGADO,2025_1a_avaliacao_formativa_linha_base,2026-07-24_v1,1,Língua Portuguesa,TRUE,TRUE,TRUE,TRUE,TRUE,TRUE,TRUE,TRUE,TRUE,TRUE,Rede municipal direta em 2024,rede_municipal_direta_ou_nao_classificada,rede_municipal_direta,Municipal,Em atividade,FALSE,FALSE,261,10,18,26.1,14.5,0.3831417624521073,7.205240174672489,0,39.956331877729255,2,100,Q3,150 a 299 matrículas,TRUE,47,38,80.85106382978724,26.05263157894737,55.473684210526315,41.89473684210526,2.6315789473684212,38,35,92.10526315789474,30.02857142857143,55.857142857142854,32.22857142857143,11.571428571428571,36.5,11.254199328107504,3.9759398496240586,0.38345864661653906,-9.666165413533832,8.93984962406015,-19.148936170212767,-7.894736842105263,Aumento de participação igual ou superior a 10 p.p.,2,3,TRUE,TRUE,TRUE,TRUE,1,-9,-3,TRUE,TRUE,FALSE,TRUE,FALSE,FALSE,FALSE,FALSE,EMEF AMERICA,exata_normalizada,consolidado,,rede_municipal_direta_ou_nao_classificada,0,TRUE,FALSE,FALSE,FALSE,rede_municipal_direta,Rede municipal direta em 2024,codigo_inep_consolidado,2024,Censo Escolar/INEP via Base dos Dados,TRUE,3,,1,0,1,0,,,,150 a 299 matrículas,2,2024,RS,4314902,1,0,1,1,1,0,0,1,458,0,458,261,47,52,52,58,52,197,0,33,33,0,220,238,247,115,67,1,1,27,1,1,0,0,32,32,18,19,32,19,19,10,9,0,,12,0,0,1,1,1,1,1,1,0,1,1,1,1,1,1,1,1,1,0,0,0,1,1,1,1,1,1,,,380,0,2,2,0,0,0,4,FALSE,TRUE,TRUE,FALSE,TRUE,10,10,TRUE,TRUE,1,3,FALSE,FALSE,FALSE,FALSE,FALSE,FALSE,FALSE,Rede municipal direta em 2024,FALSE,,TRUE,FALSE,Rede municipal direta em 2024,FALSE,,TRUE,,sem_revisao_necessaria,,,,Rede municipal direta em 2024,TRUE,TRUE,TRUE,1a_avaliacao_formativa,1a_avaliacao_formativa,linha_base_pre_programa,pos_inicio_programa,regra temporal pre-programa registrada no painel,declaracao formal,,2026-07-24,regra temporal preexistente do projeto,Marian Dante - assessora UEF/SMED,5.564520407322694
ESC_005,43105467,TRUE,EMEF ARAMY SILVA,EMEF ARAMY SILVA,EMEF ARAMY SILVA,priscila,priscila,SIM,SIM,NA_APLICAVEL,SIM,NAO,SIM,0,1,,priscila,SEM_CARGA_DO_PROGRAMA,ATIVA,LINHA_BASE_PRE_PROGRAMA,ASSESSORADA,TRUE,TRUE,FALSE,TRUE,FALSE,TRUE,FALSE,FALSE,REGRA_TEMPORAL_CONFIRMADA,HOMOLOGADO,2025_1a_avaliacao_formativa_linha_base,2026-07-24_v1,1,Língua Portuguesa,TRUE,TRUE,TRUE,TRUE,TRUE,TRUE,TRUE,TRUE,TRUE,TRUE,Rede municipal direta em 2024,rede_municipal_direta_ou_nao_classificada,rede_municipal_direta,Municipal,Em atividade,FALSE,FALSE,422,20,27,21.1,15.62962962962963,0,11.951219512195122,1.0975609756097562,18.29268292682927,3,100,Q3,300 a 499 matrículas,TRUE,83,64,77.10843373493977,75.3125,15.578125,15.875,68.5625,83,69,83.13253012048193,25.55072463768116,66.52173913043478,22.07246376811594,11.405797101449275,66.5,6.024096385542165,-49.76177536231884,50.94361413043478,6.1974637681159415,-57.156702898550726,0,7.8125,Sem alerta principal de composição,4,5,TRUE,TRUE,TRUE,TRUE,1,0,5,TRUE,FALSE,FALSE,FALSE,FALSE,FALSE,FALSE,FALSE,EMEF ARAMY SILVA,exata_normalizada,consolidado,,rede_municipal_direta_ou_nao_classificada,0,TRUE,FALSE,FALSE,FALSE,rede_municipal_direta,Rede municipal direta em 2024,codigo_inep_consolidado,2024,Censo Escolar/INEP via Base dos Dados,TRUE,3,,1,0,1,0,,,,300 a 499 matrículas,3,2024,RS,4314902,1,1,1,1,1,0,0,1,820,75,745,422,85,66,94,80,97,323,0,98,98,0,364,456,627,62,88,0,0,43,0,0,0,9,48,45,27,23,46,39,35,20,15,0,,20,0,0,1,1,1,1,1,1,0,1,1,1,1,1,1,1,1,1,0,0,0,1,1,1,1,1,1,,,525,0,3,4,0,0,0,6,TRUE,TRUE,TRUE,FALSE,TRUE,10,10,TRUE,TRUE,1,3,FALSE,FALSE,FALSE,FALSE,FALSE,FALSE,FALSE,Rede municipal direta em 2024,FALSE,,TRUE,FALSE,Rede municipal direta em 2024,FALSE,,TRUE,,sem_revisao_necessaria,,,,Rede municipal direta em 2024,TRUE,TRUE,TRUE,1a_avaliacao_formativa,1a_avaliacao_formativa,linha_base_pre_programa,pos_inicio_programa,regra temporal pre-programa registrada no painel,declaracao formal,,2026-07-24,regra temporal preexistente do projeto,Marian Dante - assessora UEF/SMED,6.045005314036012
ESC_006,43173713,TRUE,EMEF CAMPOS DO CRISTAL,EMEF CAMPOS DO CRISTAL,EMEF CAMPOS DO CRISTAL,andreia,andreia,SIM,SIM,NA_APLICAVEL,SIM,NAO,SIM,0,1,,andreia,SEM_CARGA_DO_PROGRAMA,ATIVA,LINHA_BASE_PRE_PROGRAMA,ASSESSORADA,TRUE,TRUE,FALSE,TRUE,FALSE,TRUE,FALSE,FALSE,REGRA_TEMPORAL_CONFIRMADA,HOMOLOGADO,2025_1a_avaliacao_formativa_linha_base,2026-07-24_v1,1,Língua Portuguesa,TRUE,TRUE,TRUE,TRUE,TRUE,TRUE,TRUE,TRUE,TRUE,TRUE,Rede municipal direta em 2024,rede_municipal_direta_ou_nao_classificada,rede_municipal_direta,Municipal,Em atividade,FALSE,FALSE,255,10,16,25.5,15.9375,34.90196078431372,12.266112266112266,1.0395010395010396,34.71933471933472,3,100,Q3,150 a 299 matrículas,TRUE,38,32,84.21052631578948,66.125,15.46875,34.15625,50.375,45,45,100,47.06666666666667,23.066666666666663,53.266666666666666,23.133333333333333,38.5,15.78947368421052,-19.05833333333333,7.597916666666666,19.110416666666666,-27.241666666666667,18.42105263157895,40.625,Aumento de participação igual ou superior a 10 p.p.,2,2,TRUE,TRUE,TRUE,TRUE,0,7,13,TRUE,TRUE,FALSE,TRUE,FALSE,FALSE,FALSE,FALSE,EMEF CAMPOS DO CRISTAL,exata_normalizada,consolidado,,rede_municipal_direta_ou_nao_classificada,0,TRUE,FALSE,FALSE,FALSE,rede_municipal_direta,Rede municipal direta em 2024,codigo_inep_consolidado,2024,Censo Escolar/INEP via Base dos Dados,TRUE,3,,1,0,1,0,,,,150 a 299 matrículas,2,2024,RS,4314902,1,1,1,1,1,0,0,1,481,54,427,255,45,53,55,52,50,172,0,59,59,0,242,239,269,81,84,0,2,45,153,89,64,5,29,28,16,15,28,21,18,10,8,0,,16,8,12,1,1,1,1,1,1,0,1,1,1,1,1,1,0,1,1,0,0,0,1,1,1,1,1,1,,,302,5,3,1,1,1,0,4,TRUE,TRUE,TRUE,FALSE,TRUE,10,10,TRUE,TRUE,1,3,FALSE,FALSE,FALSE,FALSE,FALSE,FALSE,FALSE,Rede municipal direta em 2024,FALSE,,TRUE,FALSE,Rede municipal direta em 2024,FALSE,,TRUE,,sem_revisao_necessaria,,,,Rede municipal direta em 2024,TRUE,TRUE,TRUE,1a_avaliacao_formativa,1a_avaliacao_formativa,linha_base_pre_programa,pos_inicio_programa,regra temporal pre-programa registrada no painel,declaracao formal,,2026-07-24,regra temporal preexistente do projeto,Marian Dante - assessora UEF/SMED,5.541263545158426
ESC_007,43187560,TRUE,EMEF CHAPEU DO SOL,EMEF CHAPEU DO SOL,EMEF CHAPEU DO SOL,ruti,ruti,SIM,SIM,NA_APLICAVEL,SIM,NAO,SIM,0,1,,ruti,SEM_CARGA_DO_PROGRAMA,ATIVA,LINHA_BASE_PRE_PROGRAMA,ASSESSORADA,TRUE,TRUE,FALSE,TRUE,FALSE,TRUE,FALSE,FALSE,REGRA_TEMPORAL_CONFIRMADA,HOMOLOGADO,2025_1a_avaliacao_formativa_linha_base,2026-07-24_v1,1,Língua Portuguesa,TRUE,TRUE,TRUE,TRUE,TRUE,TRUE,TRUE,TRUE,TRUE,TRUE,Rede municipal direta em 2024,rede_municipal_direta_ou_nao_classificada,rede_municipal_direta,Municipal,Em atividade,FALSE,FALSE,542,22,26,24.636363636363637,20.846153846153847,28.59778597785978,8.558558558558559,3.4234234234234235,27.74774774774775,4,100,Q3,500 matrículas ou mais,TRUE,114,77,67.54385964912281,45.285714285714285,42.714285714285715,24.818181818181817,32.467532467532465,95,81,85.26315789473684,13.77777777777778,84.18518518518519,8.012345679012345,7.802469135802469,79,17.719298245614027,-31.507936507936503,41.470899470899475,-16.80583613916947,-24.665063331729996,-16.666666666666668,5.194805194805195,Aumento de participação igual ou superior a 10 p.p.,5,5,TRUE,TRUE,TRUE,TRUE,0,-19,4,FALSE,FALSE,FALSE,TRUE,FALSE,FALSE,FALSE,FALSE,EMEF CHAPEU DO SOL,exata_normalizada,consolidado,,rede_municipal_direta_ou_nao_classificada,0,TRUE,FALSE,FALSE,FALSE,rede_municipal_direta,Rede municipal direta em 2024,codigo_inep_consolidado,2024,Censo Escolar/INEP via Base dos Dados,TRUE,3,,1,0,1,0,,,,500 matrículas ou mais,4,2024,RS,4314902,1,1,1,1,1,0,1,1,1110,69,948,542,90,94,102,133,123,406,93,95,95,0,552,558,772,135,172,0,1,30,218,155,63,38,52,47,26,26,52,46,38,22,16,0,,21,0,10,1,1,1,1,1,1,0,1,1,1,1,1,1,0,0,1,0,0,0,1,1,1,1,1,1,,,400,0,1,2,0,0,0,5,TRUE,TRUE,TRUE,TRUE,TRUE,10,10,TRUE,TRUE,1,3,FALSE,FALSE,FALSE,FALSE,FALSE,FALSE,FALSE,Rede municipal direta em 2024,FALSE,,TRUE,FALSE,Rede municipal direta em 2024,FALSE,,TRUE,,sem_revisao_necessaria,,,,Rede municipal direta em 2024,TRUE,TRUE,TRUE,1a_avaliacao_formativa,1a_avaliacao_formativa,linha_base_pre_programa,pos_inicio_programa,regra temporal pre-programa registrada no painel,declaracao formal,,2026-07-24,regra temporal preexistente do projeto,Marian Dante - assessora UEF/SMED,6.295266001439646
ESC_008,43177581,TRUE,EMEF CHICO MENDES,EMEF CHICO MENDES,EMEF CHICO MENDES,eliane,eliane,SIM,SIM,NA_APLICAVEL,SIM,NAO,SIM,0,1,,eliane,SEM_CARGA_DO_PROGRAMA,ATIVA,LINHA_BASE_PRE_PROGRAMA,ASSESSORADA,TRUE,TRUE,FALSE,TRUE,FALSE,TRUE,FALSE,FALSE,REGRA_TEMPORAL_CONFIRMADA,HOMOLOGADO,2025_1a_avaliacao_formativa_linha_base,2026-07-24_v1,1,Língua Portuguesa,TRUE,TRUE,TRUE,TRUE,TRUE,TRUE,TRUE,TRUE,TRUE,TRUE,Rede municipal direta em 2024,rede_municipal_direta_ou_nao_classificada,rede_municipal_direta,Municipal,Em atividade,FALSE,FALSE,541,22,29,24.59090909090909,18.655172413793103,13.67837338262477,9.099181073703368,1.1828935395814375,34.303912647861694,3,100,Q3,500 matrículas ou mais,TRUE,97,72,74.22680412371135,58.611111111111114,19.680555555555557,38.97222222222222,41.56944444444444,92,78,84.78260869565217,13.884615384615383,83.15384615384616,11.294871794871796,5.82051282051282,75,10.555804571940826,-44.72649572649573,63.4732905982906,-27.677350427350422,-35.748931623931625,-5.154639175257732,8.333333333333334,Aumento de participação igual ou superior a 10 p.p.,4,4,TRUE,TRUE,TRUE,TRUE,0,-5,6,TRUE,FALSE,FALSE,TRUE,FALSE,FALSE,FALSE,FALSE,EMEF CHICO MENDES,exata_normalizada,consolidado,,rede_municipal_direta_ou_nao_classificada,0,TRUE,FALSE,FALSE,FALSE,rede_municipal_direta,Rede municipal direta em 2024,codigo_inep_consolidado,2024,Censo Escolar/INEP via Base dos Dados,TRUE,3,,1,0,1,0,,,,500 matrículas ou mais,4,2024,RS,4314902,1,0,1,1,1,0,1,1,1099,0,994,541,96,80,125,132,108,453,105,100,100,0,499,600,385,186,188,0,3,337,122,74,48,13,66,61,29,39,64,47,42,22,20,0,,21,0,3,1,1,1,1,1,1,0,1,1,1,1,1,1,1,1,1,0,0,0,1,1,1,1,1,1,,,595,3,2,1,2,1,0,7,FALSE,TRUE,TRUE,TRUE,TRUE,10,10,TRUE,TRUE,1,3,FALSE,FALSE,FALSE,FALSE,FALSE,FALSE,FALSE,Rede municipal direta em 2024,FALSE,,TRUE,FALSE,Rede municipal direta em 2024,FALSE,,TRUE,,sem_revisao_necessaria,,,,Rede municipal direta em 2024,TRUE,TRUE,TRUE,1a_avaliacao_formativa,1a_avaliacao_formativa,linha_base_pre_programa,pos_inicio_programa,regra temporal pre-programa registrada no painel,declaracao formal,,2026-07-24,regra temporal preexistente do projeto,Marian Dante - assessora UEF/SMED,6.293419278846481
ESC_009,43105475,TRUE,EMEF DECIO MARTINS COSTA,EMEF DECIO MARTINS COSTA,EMEF DECIO MARTINS COSTA,nathalia,nathalia,SIM,SIM,NA_APLICAVEL,SIM,NAO,SIM,0,1,,nathalia,SEM_CARGA_DO_PROGRAMA,ATIVA,LINHA_BASE_PRE_PROGRAMA,ASSESSORADA,TRUE,TRUE,FALSE,TRUE,FALSE,TRUE,FALSE,FALSE,REGRA_TEMPORAL_CONFIRMADA,HOMOLOGADO,2025_1a_avaliacao_formativa_linha_base,2026-07-24_v1,1,Língua Portuguesa,TRUE,TRUE,TRUE,TRUE,TRUE,TRUE,TRUE,TRUE,TRUE,TRUE,Rede municipal direta em 2024,rede_municipal_direta_ou_nao_classificada,rede_municipal_direta,Municipal,Em atividade,FALSE,FALSE,511,21,35,24.333333333333332,14.6,9.001956947162427,6.335797254487856,1.0559662090813091,26.504751847940867,3,100,Q3,500 matrículas ou mais,TRUE,98,76,77.55102040816327,35.38157894736842,52.55263157894737,27.63157894736842,19.81578947368421,83,71,85.5421686746988,32.80281690140845,53.08450704225352,33.29577464788732,13.366197183098592,73.5,7.991148266535532,-2.5787620459599694,0.5318754633061502,5.664195700518899,-6.449592290585617,-15.306122448979592,-6.578947368421052,Sem alerta principal de composição,4,4,TRUE,TRUE,TRUE,TRUE,0,-15,-5,TRUE,FALSE,FALSE,FALSE,FALSE,FALSE,FALSE,FALSE,EMEF DECIO MARTINS COSTA,exata_normalizada,consolidado,,rede_municipal_direta_ou_nao_classificada,0,TRUE,FALSE,FALSE,FALSE,rede_municipal_direta,Rede municipal direta em 2024,codigo_inep_consolidado,2024,Censo Escolar/INEP via Base dos Dados,TRUE,3,,1,0,1,0,,,,500 matrículas ou mais,4,2024,RS,4314902,1,1,1,1,1,0,0,1,947,77,870,511,88,103,127,99,94,359,0,60,60,0,476,471,514,110,140,2,1,180,87,46,41,10,56,52,35,22,49,41,37,21,16,0,,20,0,4,1,1,1,1,1,1,1,1,1,1,1,1,1,1,0,0,0,0,1,1,1,1,1,1,1,,,490,0,3,1,0,0,0,5,TRUE,TRUE,TRUE,FALSE,TRUE,10,10,TRUE,FALSE,1,3,FALSE,FALSE,FALSE,FALSE,FALSE,FALSE,FALSE,Rede municipal direta em 2024,FALSE,,TRUE,FALSE,Rede municipal direta em 2024,FALSE,,TRUE,,sem_revisao_necessaria,,,,Rede municipal direta em 2024,TRUE,TRUE,TRUE,1a_avaliacao_formativa,1a_avaliacao_formativa,linha_base_pre_programa,pos_inicio_programa,regra temporal pre-programa registrada no painel,declaracao formal,,2026-07-24,regra temporal preexistente do projeto,Marian Dante - assessora UEF/SMED,6.236369590203704
ESC_010,43109128,TRUE,EMEF DEP MARCIRIO GOULART LOUREIRO,EMEF DEP MARCIRIO GOULART LOUREIRO,EMEF DEP MARCIRIO GOULART LOUREIRO,marian,marian,SIM,SIM,NA_APLICAVEL,SIM,NAO,SIM,0,1,,marian,SEM_CARGA_DO_PROGRAMA,ATIVA,LINHA_BASE_PRE_PROGRAMA,ASSESSORADA,TRUE,TRUE,FALSE,TRUE,FALSE,TRUE,FALSE,FALSE,REGRA_TEMPORAL_CONFIRMADA,HOMOLOGADO,2025_1a_avaliacao_formativa_linha_base,2026-07-24_v1,1,Língua Portuguesa,TRUE,TRUE,TRUE,TRUE,TRUE,TRUE,TRUE,TRUE,TRUE,TRUE,Rede municipal direta em 2024,rede_municipal_direta_ou_nao_classificada,rede_municipal_direta,Municipal,Em atividade,FALSE,FALSE,495,19,27,26.05263157894737,18.333333333333332,0.202020202020202,7.142857142857143,0.5175983436853002,35.40372670807454,3,100,Q3,300 a 499 matrículas,TRUE,95,66,69.47368421052632,24,63.45454545454545,31.818181818181817,4.7272727272727275,85,66,77.6470588235294,14.787878787878787,75.93939393939394,19.21212121212121,4.545454545454546,66,8.17337461300309,-9.212121212121213,12.484848484848484,-12.606060606060606,-0.18181818181818168,-10.526315789473683,0,Sem alerta principal de composição,4,4,TRUE,TRUE,TRUE,TRUE,0,-10,0,FALSE,FALSE,FALSE,FALSE,FALSE,FALSE,FALSE,FALSE,EMEF DEP MARCIRIO GOULART LOUREIRO,exata_normalizada,consolidado,,rede_municipal_direta_ou_nao_classificada,0,TRUE,FALSE,FALSE,FALSE,rede_municipal_direta,Rede municipal direta em 2024,codigo_inep_consolidado,2024,Censo Escolar/INEP via Base dos Dados,TRUE,3,,1,0,1,0,,,,300 a 499 matrículas,4,2024,RS,4314902,1,0,1,1,1,0,1,1,966,0,850,495,96,104,103,106,86,355,116,69,69,0,446,520,443,175,167,0,0,181,2,1,1,5,52,46,27,22,52,39,32,19,13,0,,20,0,0,1,1,1,1,1,1,0,1,1,1,0,1,1,1,1,1,0,1,0,1,1,1,1,1,1,,,418,0,0,1,0,0,0,3,FALSE,TRUE,TRUE,TRUE,TRUE,10,10,TRUE,TRUE,1,3,FALSE,FALSE,FALSE,FALSE,FALSE,FALSE,FALSE,Rede municipal direta em 2024,FALSE,,TRUE,FALSE,Rede municipal direta em 2024,FALSE,,TRUE,,sem_revisao_necessaria,,,,Rede municipal direta em 2024,TRUE,TRUE,TRUE,1a_avaliacao_formativa,1a_avaliacao_formativa,linha_base_pre_programa,pos_inicio_programa,regra temporal pre-programa registrada no painel,declaracao formal,,2026-07-24,regra temporal preexistente do projeto,Marian Dante - assessora UEF/SMED,6.20455776256869
ESC_011,43109225,TRUE,EMEF DEP VICTOR ISSLER,EMEF DEP VICTOR ISSLER,EMEF DEP VICTOR ISSLER,clarissa,clarissa,SIM,SIM,NA_APLICAVEL,SIM,NAO,SIM,0,1,,clarissa,SEM_CARGA_DO_PROGRAMA,ATIVA,LINHA_BASE_PRE_PROGRAMA,ASSESSORADA,TRUE,TRUE,FALSE,TRUE,FALSE,TRUE,FALSE,FALSE,REGRA_TEMPORAL_CONFIRMADA,HOMOLOGADO,2025_1a_avaliacao_formativa_linha_base,2026-07-24_v1,1,Língua Portuguesa,TRUE,TRUE,TRUE,TRUE,TRUE,TRUE,TRUE,TRUE,TRUE,TRUE,Rede municipal direta em 2024,rede_municipal_direta_ou_nao_classificada,rede_municipal_direta,Municipal,Em atividade,FALSE,FALSE,581,23,37,25.26086956521739,15.702702702702704,1.8932874354561104,7.331136738056013,0.4942339373970346,35.667215815485996,3,100,Q3,500 matrículas ou mais,TRUE,116,90,77.58620689655173,51.82222222222222,27.933333333333337,35.37777777777778,36.48888888888889,102,86,84.31372549019608,39.7906976744186,40.72093023255814,38.18604651162791,21.302325581395348,88,6.727518593644348,-12.03152454780362,12.787596899224804,2.8082687338501273,-15.18656330749354,-12.06896551724138,-4.444444444444445,Sem alerta principal de composição,5,5,TRUE,TRUE,TRUE,TRUE,0,-14,-4,TRUE,FALSE,FALSE,FALSE,FALSE,FALSE,FALSE,FALSE,EMEF DEP VICTOR ISSLER,exata_normalizada,consolidado,,rede_municipal_direta_ou_nao_classificada,0,TRUE,FALSE,FALSE,FALSE,rede_municipal_direta,Rede municipal direta em 2024,codigo_inep_consolidado,2024,Censo Escolar/INEP via Base dos Dados,TRUE,3,,1,0,1,0,,,,500 matrículas ou mais,4,2024,RS,4314902,1,0,1,1,1,0,1,1,1214,0,1016,581,118,124,130,102,107,435,198,89,89,0,588,626,724,203,229,2,1,55,17,11,6,6,69,63,37,32,68,45,39,23,16,0,,22,7,3,1,1,1,1,1,1,0,1,1,1,1,1,1,1,1,1,0,0,0,1,1,1,1,1,1,,,410,0,4,3,0,0,0,8,FALSE,TRUE,TRUE,TRUE,TRUE,10,10,TRUE,TRUE,1,3,FALSE,FALSE,FALSE,FALSE,FALSE,FALSE,FALSE,Rede municipal direta em 2024,FALSE,,TRUE,FALSE,Rede municipal direta em 2024,FALSE,,TRUE,,sem_revisao_necessaria,,,,Rede municipal direta em 2024,TRUE,TRUE,TRUE,1a_avaliacao_formativa,1a_avaliacao_formativa,linha_base_pre_programa,pos_inicio_programa,regra temporal pre-programa registrada no painel,declaracao formal,,2026-07-24,regra temporal preexistente do projeto,Marian Dante - assessora UEF/SMED,6.364750756851911
ESC_012,43105483,TRUE,EMEF DOLORES ALCARAZ CALDAS,EMEF DOLORES ALCARAZ CALDAS,EMEF DOLORES ALCARAZ CALDAS,jalize,jalize,SIM,SIM,NA_APLICAVEL,SIM,NAO,SIM,0,1,,jalize,SEM_CARGA_DO_PROGRAMA,ATIVA,LINHA_BASE_PRE_PROGRAMA,ASSESSORADA,TRUE,TRUE,FALSE,TRUE,FALSE,TRUE,FALSE,FALSE,REGRA_TEMPORAL_CONFIRMADA,HOMOLOGADO,2025_1a_avaliacao_formativa_linha_base,2026-07-24_v1,1,Língua Portuguesa,TRUE,TRUE,TRUE,TRUE,TRUE,TRUE,TRUE,TRUE,TRUE,TRUE,Rede municipal direta em 2024,rede_municipal_direta_ou_nao_classificada,rede_municipal_direta,Municipal,Em atividade,FALSE,FALSE,677,27,31,25.074074074074073,21.838709677419356,20.236336779911372,6.896551724137931,3.8314176245210727,39.00383141762452,4,90,Q2,500 matrículas ou mais,TRUE,142,94,66.19718309859155,40.17021276595744,46.97872340425532,28.70212765957447,24.329787234042552,142,106,74.64788732394366,24.28301886792453,62.4811320754717,31.433962264150946,6.443396226415095,100,8.450704225352112,-15.887193898032915,15.50240867121638,2.7318346045764734,-17.88639100762746,0,12.76595744680851,Sem alerta principal de composição,6,6,TRUE,TRUE,TRUE,TRUE,0,0,12,FALSE,FALSE,FALSE,FALSE,FALSE,FALSE,FALSE,FALSE,EMEF DOLORES ALCARAZ CALDAS,exata_normalizada,consolidado,,rede_municipal_direta_ou_nao_classificada,0,TRUE,FALSE,FALSE,FALSE,rede_municipal_direta,Rede municipal direta em 2024,codigo_inep_consolidado,2024,Censo Escolar/INEP via Base dos Dados,TRUE,3,,1,0,1,0,,,,500 matrículas ou mais,4,2024,RS,4314902,1,1,1,1,1,0,1,1,1305,78,1143,677,182,130,160,97,108,466,84,90,90,0,630,675,698,261,245,1,3,97,209,137,72,50,64,57,31,31,64,53,45,27,18,0,,25,7,7,1,1,1,1,1,1,0,1,1,1,1,1,0,1,1,1,1,0,0,1,1,1,1,1,1,,,120,0,3,2,1,2,0,8,TRUE,TRUE,TRUE,TRUE,TRUE,10,9,TRUE,TRUE,1,3,FALSE,FALSE,FALSE,FALSE,FALSE,FALSE,FALSE,Rede municipal direta em 2024,FALSE,,TRUE,FALSE,Rede municipal direta em 2024,FALSE,,TRUE,,sem_revisao_necessaria,,,,Rede municipal direta em 2024,TRUE,TRUE,TRUE,1a_avaliacao_formativa,1a_avaliacao_formativa,linha_base_pre_programa,pos_inicio_programa,regra temporal pre-programa registrada no painel,declaracao formal,,2026-07-24,regra temporal preexistente do projeto,Marian Dante - assessora UEF/SMED,6.517671272912275
ESC_013,43106331,TRUE,EMEF ESPIRITO SANTO,EMEF ESPIRITO SANTO,EMEF ESPIRITO SANTO,priscila,priscila,NAO,SIM,NA_APLICAVEL,SIM,NAO,SIM,0,1,,priscila,SEM_CARGA_DO_PROGRAMA,ATIVA,LINHA_BASE_PRE_PROGRAMA,ASSESSORADA,FALSE,TRUE,FALSE,TRUE,FALSE,TRUE,FALSE,FALSE,REGRA_TEMPORAL_CONFIRMADA,HOMOLOGADO,2025_1a_avaliacao_formativa_linha_base,2026-07-24_v1,1,Língua Portuguesa,FALSE,FALSE,TRUE,FALSE,FALSE,FALSE,FALSE,FALSE,FALSE,FALSE,Rede estadual em 2024,rede_municipal_direta_ou_nao_classificada,vinculo_estadual_em_2025_a_confirmar,Estadual,Em atividade,FALSE,FALSE,54,4,5,13.5,10.8,0,0,0,61.111111111111114,1,60,,,FALSE,,,,,,,,18,15,83.33333333333333,41,53,20,27,,,,,,,,,Escola-série ausente em um dos anos,,1,FALSE,TRUE,FALSE,TRUE,,,,,,,,,,,TRUE,ESC EST ENS FUN ESPIRITO SANTO,aceite_manual,consolidado,municipalização recente,rede_municipal_direta_ou_nao_classificada,0,TRUE,FALSE,TRUE,FALSE,vinculo_estadual_em_2025_a_confirmar,Escola estadual no Censo 2024; municipalização posterior a confirmar,codigo_inep_consolidado,2024,Censo Escolar/INEP via Base dos Dados,TRUE,2,,1,0,1,0,,,,Até 149 matrículas,1,2024,RS,4314902,1,0,1,1,0,0,0,0,54,0,54,54,16,13,14,11,0,0,0,0,0,0,26,28,14,19,14,0,0,7,0,0,0,0,5,5,5,0,0,4,4,4,0,0,,6,0,0,1,1,1,1,1,1,0,0,1,0,0,1,1,0,0,1,0,0,0,1,0,1,1,1,0,,,30,0,0,0,0,0,0,2,FALSE,TRUE,FALSE,FALSE,FALSE,10,6,TRUE,TRUE,1,2,FALSE,FALSE,FALSE,FALSE,FALSE,FALSE,FALSE,Escola estadual no Censo 2024; municipalização posterior a confirmar,FALSE,,TRUE,FALSE,Rede estadual em 2024,FALSE,,TRUE,Dependência estadual no Censo 2024,sem_revisao_necessaria,,,,Escola estadual no Censo 2024; municipalização posterior a confirmar,TRUE,TRUE,TRUE,1a_avaliacao_formativa,1a_avaliacao_formativa,linha_base_pre_programa,pos_inicio_programa,regra temporal pre-programa registrada no painel,declaracao formal,,2026-07-24,regra temporal preexistente do projeto,Marian Dante - assessora UEF/SMED,3.9889840465642745
ESC_014,43106382,TRUE,EMEF EVARISTO GONCALVES NETTO,EMEF EVARISTO GONCALVES NETTO,EMEF EVARISTO GONCALVES NETTO,jalize,jalize,NAO,SIM,NA_APLICAVEL,SIM,NAO,SIM,0,1,,jalize,SEM_CARGA_DO_PROGRAMA,ATIVA,LINHA_BASE_PRE_PROGRAMA,ASSESSORADA,FALSE,TRUE,FALSE,TRUE,FALSE,TRUE,FALSE,FALSE,REGRA_TEMPORAL_CONFIRMADA,HOMOLOGADO,2025_1a_avaliacao_formativa_linha_base,2026-07-24_v1,1,Língua Portuguesa,FALSE,FALSE,TRUE,FALSE,FALSE,FALSE,FALSE,FALSE,FALSE,FALSE,Rede estadual em 2024,rede_municipal_direta_ou_nao_classificada,vinculo_estadual_em_2025_a_confirmar,Estadual,Em atividade,FALSE,FALSE,100,5,7,20,14.285714285714286,0,1,0,33,1,70,,,FALSE,,,,,,,,24,17,70.83333333333333,6,94,6,0,,,,,,,,,Escola-série ausente em um dos anos,,1,FALSE,TRUE,FALSE,TRUE,,,,,,,,,,,TRUE,ESC EST ENS FUN EVARISTO GONCALVES NETTO,aceite_manual,consolidado,municipalização recente,rede_municipal_direta_ou_nao_classificada,0,TRUE,FALSE,TRUE,FALSE,vinculo_estadual_em_2025_a_confirmar,Escola estadual no Censo 2024; municipalização posterior a confirmar,codigo_inep_consolidado,2024,Censo Escolar/INEP via Base dos Dados,TRUE,2,,1,0,1,0,,,,Até 149 matrículas,1,2024,RS,4314902,1,0,1,1,0,0,0,1,100,0,100,100,19,23,24,17,17,0,0,1,1,0,49,51,42,20,13,0,0,25,0,0,0,0,7,7,7,0,2,5,5,5,0,0,,5,0,0,1,1,1,1,1,1,0,0,1,1,0,1,1,1,0,0,0,0,0,1,0,1,1,1,0,,,30,0,0,0,0,0,0,2,FALSE,TRUE,FALSE,FALSE,TRUE,10,7,TRUE,FALSE,1,2,FALSE,FALSE,FALSE,FALSE,FALSE,FALSE,FALSE,Escola estadual no Censo 2024; municipalização posterior a confirmar,FALSE,,TRUE,FALSE,Rede estadual em 2024,FALSE,,TRUE,Dependência estadual no Censo 2024,sem_revisao_necessaria,,,,Escola estadual no Censo 2024; municipalização posterior a confirmar,TRUE,TRUE,TRUE,1a_avaliacao_formativa,1a_avaliacao_formativa,linha_base_pre_programa,pos_inicio_programa,regra temporal pre-programa registrada no painel,declaracao formal,,2026-07-24,regra temporal preexistente do projeto,Marian Dante - assessora UEF/SMED,4.605170185988092
ESC_015,43109233,TRUE,EMEF GABRIEL OBINO,EMEF GABRIEL OBINO,EMEF GABRIEL OBINO,amanda,amanda,SIM,SIM,NA_APLICAVEL,SIM,NAO,SIM,0,1,,amanda,SEM_CARGA_DO_PROGRAMA,ATIVA,LINHA_BASE_PRE_PROGRAMA,ASSESSORADA,TRUE,TRUE,FALSE,TRUE,FALSE,TRUE,FALSE,FALSE,REGRA_TEMPORAL_CONFIRMADA,HOMOLOGADO,2025_1a_avaliacao_formativa_linha_base,2026-07-24_v1,1,Língua Portuguesa,TRUE,TRUE,TRUE,TRUE,TRUE,TRUE,TRUE,TRUE,TRUE,TRUE,Rede municipal direta em 2024,rede_municipal_direta_ou_nao_classificada,rede_municipal_direta,Municipal,Em atividade,FALSE,FALSE,255,13,22,19.615384615384617,11.590909090909092,0,5.743243243243243,3.2094594594594597,41.0472972972973,4,100,Q3,150 a 299 matrículas,TRUE,45,27,60,78.48148148148148,7.518518518518518,22.03703703703704,70.44444444444444,57,43,75.43859649122807,39.30232558139535,48.30232558139535,35.604651162790695,16.41860465116279,35,15.438596491228068,-39.17915590008613,40.78380706287683,13.567614125753655,-54.02583979328165,26.666666666666668,59.25925925925926,Mudança relevante no público previsto e aumento de participação,3,3,TRUE,TRUE,TRUE,TRUE,0,12,16,FALSE,FALSE,FALSE,TRUE,FALSE,TRUE,FALSE,FALSE,EMEF GABRIEL OBINO,exata_normalizada,consolidado,,rede_municipal_direta_ou_nao_classificada,0,TRUE,FALSE,FALSE,FALSE,rede_municipal_direta,Rede municipal direta em 2024,codigo_inep_consolidado,2024,Censo Escolar/INEP via Base dos Dados,TRUE,3,,1,0,1,0,,,,150 a 299 matrículas,2,2024,RS,4314902,1,1,1,1,1,0,1,1,592,82,463,255,53,48,51,56,47,208,47,34,34,0,289,303,319,110,131,1,2,29,0,0,0,19,42,38,22,21,38,32,24,13,11,0,,28,0,0,1,1,1,1,1,1,0,1,1,1,1,1,1,1,1,1,0,0,0,1,1,1,1,1,1,,,332,0,2,2,0,0,0,6,TRUE,TRUE,TRUE,TRUE,TRUE,10,10,TRUE,TRUE,1,3,FALSE,FALSE,FALSE,FALSE,FALSE,FALSE,FALSE,Rede municipal direta em 2024,FALSE,,TRUE,FALSE,Rede municipal direta em 2024,FALSE,,TRUE,,sem_revisao_necessaria,,,,Rede municipal direta em 2024,TRUE,TRUE,TRUE,1a_avaliacao_formativa,1a_avaliacao_formativa,linha_base_pre_programa,pos_inicio_programa,regra temporal pre-programa registrada no painel,declaracao formal,,2026-07-24,regra temporal preexistente do projeto,Marian Dante - assessora UEF/SMED,5.541263545158426
ESC_016,43107508,TRUE,EMEF GOV ILDO MENEGHETTI,EMEF GOV ILDO MENEGHETTI,EMEF GOV ILDO MENEGHETTI,clarissa,clarissa,SIM,SIM,NA_APLICAVEL,SIM,NAO,SIM,0,1,,clarissa,SEM_CARGA_DO_PROGRAMA,ATIVA,LINHA_BASE_PRE_PROGRAMA,ASSESSORADA,TRUE,TRUE,FALSE,TRUE,FALSE,TRUE,FALSE,FALSE,REGRA_TEMPORAL_CONFIRMADA,HOMOLOGADO,2025_1a_avaliacao_formativa_linha_base,2026-07-24_v1,1,Língua Portuguesa,TRUE,TRUE,TRUE,TRUE,TRUE,TRUE,TRUE,TRUE,TRUE,TRUE,Rede municipal direta em 2024,rede_municipal_direta_ou_nao_classificada,rede_municipal_direta,Municipal,Em atividade,FALSE,FALSE,585,24,28,24.375,20.892857142857142,8.376068376068377,8.389830508474576,0.2542372881355932,38.47457627118644,4,90,Q2,500 matrículas ou mais,TRUE,109,79,72.4770642201835,49.10126582278481,31.64556962025317,38.037974683544306,30.20253164556962,114,87,76.3157894736842,34.632183908045974,47.44827586206897,37.12643678160919,15.839080459770114,83,3.838725253500712,-14.469081914738837,15.802706241815802,-0.9115379019351124,-14.363451185799509,4.587155963302752,10.126582278481012,Sem alerta principal de composição,5,5,TRUE,TRUE,TRUE,TRUE,0,5,8,TRUE,FALSE,FALSE,FALSE,FALSE,FALSE,FALSE,FALSE,EMEF GOV ILDO MENEGHETTI,exata_normalizada,consolidado,,rede_municipal_direta_ou_nao_classificada,0,TRUE,FALSE,FALSE,FALSE,rede_municipal_direta,Rede municipal direta em 2024,codigo_inep_consolidado,2024,Censo Escolar/INEP via Base dos Dados,TRUE,3,,1,0,1,0,,,,500 matrículas ou mais,4,2024,RS,4314902,1,1,1,1,1,0,1,1,1180,34,994,585,109,125,105,124,122,409,152,99,99,0,619,561,703,241,211,4,2,19,49,49,0,3,59,49,28,25,54,48,41,24,17,0,,25,0,12,1,1,1,1,1,1,1,1,1,1,1,1,0,1,1,1,0,0,0,1,1,1,1,1,1,,,450,0,4,2,0,0,0,5,TRUE,TRUE,TRUE,TRUE,TRUE,10,9,TRUE,TRUE,1,3,FALSE,FALSE,FALSE,FALSE,FALSE,FALSE,FALSE,Rede municipal direta em 2024,FALSE,,TRUE,FALSE,Rede municipal direta em 2024,FALSE,,TRUE,,sem_revisao_necessaria,,,,Rede municipal direta em 2024,TRUE,TRUE,TRUE,1a_avaliacao_formativa,1a_avaliacao_formativa,linha_base_pre_programa,pos_inicio_programa,regra temporal pre-programa registrada no painel,declaracao formal,,2026-07-24,regra temporal preexistente do projeto,Marian Dante - assessora UEF/SMED,6.371611847231857
ESC_017,43108571,TRUE,EMEF GRANDE ORIENTE DO RGS,EMEF GRANDE ORIENTE DO RGS,EMEF GRANDE ORIENTE DO RGS,andreia,andreia,SIM,SIM,NA_APLICAVEL,SIM,NAO,SIM,0,1,,andreia,SEM_CARGA_DO_PROGRAMA,ATIVA,LINHA_BASE_PRE_PROGRAMA,ASSESSORADA,TRUE,TRUE,FALSE,TRUE,FALSE,TRUE,FALSE,FALSE,REGRA_TEMPORAL_CONFIRMADA,HOMOLOGADO,2025_1a_avaliacao_formativa_linha_base,2026-07-24_v1,1,Língua Portuguesa,TRUE,TRUE,TRUE,TRUE,TRUE,TRUE,TRUE,TRUE,TRUE,TRUE,Rede municipal direta em 2024,rede_municipal_direta_ou_nao_classificada,rede_municipal_direta,Municipal,Em atividade,FALSE,FALSE,470,20,25,23.5,18.8,24.46808510638298,7.762096774193548,0.907258064516129,42.54032258064516,4,80,Q1 — menor infraestrutura,300 a 499 matrículas,TRUE,85,51,60,74.62745098039215,9.941176470588236,23.49019607843137,66.62745098039215,82,65,79.26829268292683,19.123076923076923,77.3076923076923,17.246153846153845,5.676923076923077,58,19.268292682926827,-55.50437405731523,67.36651583710407,-6.2440422322775255,-60.95052790346908,-3.5294117647058822,27.45098039215686,Aumento de participação igual ou superior a 10 p.p.,4,4,TRUE,TRUE,TRUE,TRUE,0,-3,14,FALSE,FALSE,FALSE,TRUE,FALSE,FALSE,FALSE,FALSE,EMEF GRANDE ORIENTE DO RGS,exata_normalizada,consolidado,,rede_municipal_direta_ou_nao_classificada,0,TRUE,FALSE,FALSE,FALSE,rede_municipal_direta,Rede municipal direta em 2024,codigo_inep_consolidado,2024,Censo Escolar/INEP via Base dos Dados,TRUE,3,,1,0,1,0,,,,300 a 499 matrículas,3,2024,RS,4314902,1,1,1,1,1,0,1,1,992,49,780,470,95,86,99,87,103,310,163,77,77,0,508,484,487,221,197,2,4,81,197,115,82,9,57,44,25,25,54,44,34,20,14,0,,28,0,0,1,1,1,1,1,1,0,1,1,1,1,1,0,1,1,1,0,0,0,1,0,1,1,1,1,,,366,0,1,2,0,0,0,4,TRUE,TRUE,TRUE,TRUE,TRUE,10,8,TRUE,TRUE,1,3,FALSE,FALSE,FALSE,FALSE,FALSE,FALSE,FALSE,Rede municipal direta em 2024,FALSE,,TRUE,FALSE,Rede municipal direta em 2024,FALSE,,TRUE,,sem_revisao_necessaria,,,,Rede municipal direta em 2024,TRUE,TRUE,TRUE,1a_avaliacao_formativa,1a_avaliacao_formativa,linha_base_pre_programa,pos_inicio_programa,regra temporal pre-programa registrada no painel,declaracao formal,,2026-07-24,regra temporal preexistente do projeto,Marian Dante - assessora UEF/SMED,6.152732694704104
ESC_018,43105548,TRUE,EMEF HEITOR VILLA LOBOS,EMEF HEITOR VILLA LOBOS,EMEF HEITOR VILLA LOBOS,jalize,jalize,SIM,SIM,NA_APLICAVEL,SIM,NAO,SIM,0,1,,jalize,SEM_CARGA_DO_PROGRAMA,ATIVA,LINHA_BASE_PRE_PROGRAMA,ASSESSORADA,TRUE,TRUE,FALSE,TRUE,FALSE,TRUE,FALSE,FALSE,REGRA_TEMPORAL_CONFIRMADA,HOMOLOGADO,2025_1a_avaliacao_formativa_linha_base,2026-07-24_v1,1,Língua Portuguesa,TRUE,TRUE,TRUE,TRUE,TRUE,TRUE,TRUE,TRUE,TRUE,TRUE,Rede municipal direta em 2024,rede_municipal_direta_ou_nao_classificada,rede_municipal_direta,Municipal,Em atividade,FALSE,FALSE,501,19,24,26.36842105263158,20.875,5.788423153692615,7.265388496468214,11.301715438950556,39.05146316851665,3,100,Q3,500 matrículas ou mais,TRUE,68,48,70.58823529411765,78.83333333333333,4.354166666666667,24.958333333333332,71.08333333333333,69,59,85.5072463768116,7.338983050847458,88.79661016949153,9.3389830508474585,1.8644067796610169,53.5,14.919011082693942,-71.49435028248587,84.44244350282486,-15.619350282485874,-69.21892655367232,1.4705882352941178,22.916666666666668,Aumento de participação igual ou superior a 10 p.p.,3,3,TRUE,TRUE,TRUE,TRUE,0,1,11,TRUE,FALSE,FALSE,TRUE,FALSE,FALSE,FALSE,FALSE,EMEF HEITOR VILLA LOBOS,exata_normalizada,consolidado,,rede_municipal_direta_ou_nao_classificada,0,TRUE,FALSE,FALSE,FALSE,rede_municipal_direta,Rede municipal direta em 2024,codigo_inep_consolidado,2024,Censo Escolar/INEP via Base dos Dados,TRUE,3,,1,0,1,0,,,,500 matrículas ou mais,4,2024,RS,4314902,1,0,1,1,1,0,1,1,991,0,861,501,96,98,116,107,84,360,130,72,72,0,477,514,552,174,210,1,3,51,50,29,21,112,47,41,24,22,46,37,32,19,13,0,,20,3,1,1,1,1,1,1,1,0,1,1,1,1,1,1,1,1,1,0,0,0,1,1,1,1,1,1,,,527,0,2,3,0,0,0,7,FALSE,TRUE,TRUE,TRUE,TRUE,10,10,TRUE,TRUE,1,3,FALSE,FALSE,FALSE,FALSE,FALSE,FALSE,FALSE,Rede municipal direta em 2024,FALSE,,TRUE,FALSE,Rede municipal direta em 2024,FALSE,,TRUE,,sem_revisao_necessaria,,,,Rede municipal direta em 2024,TRUE,TRUE,TRUE,1a_avaliacao_formativa,1a_avaliacao_formativa,linha_base_pre_programa,pos_inicio_programa,regra temporal pre-programa registrada no painel,declaracao formal,,2026-07-24,regra temporal preexistente do projeto,Marian Dante - assessora UEF/SMED,6.2166061010848646
ESC_019,43172474,TRUE,EMEF JEAN PIAGET,EMEF JEAN PIAGET,EMEF JEAN PIAGET,clarissa,clarissa,SIM,SIM,NA_APLICAVEL,SIM,NAO,SIM,0,1,,clarissa,SEM_CARGA_DO_PROGRAMA,ATIVA,LINHA_BASE_PRE_PROGRAMA,ASSESSORADA,TRUE,TRUE,FALSE,TRUE,FALSE,TRUE,FALSE,FALSE,REGRA_TEMPORAL_CONFIRMADA,HOMOLOGADO,2025_1a_avaliacao_formativa_linha_base,2026-07-24_v1,1,Língua Portuguesa,TRUE,TRUE,TRUE,TRUE,TRUE,TRUE,TRUE,TRUE,TRUE,TRUE,Rede municipal direta em 2024,rede_municipal_direta_ou_nao_classificada,rede_municipal_direta,Municipal,Em atividade,FALSE,FALSE,379,16,26,23.6875,14.576923076923077,0,8.375634517766498,1.1421319796954317,30.96446700507614,4,100,Q3,300 a 499 matrículas,TRUE,61,51,83.60655737704919,72.92156862745098,23.62745098039216,1.8823529411764703,74.49019607843137,109,90,82.56880733944953,36.84444444444444,45.13333333333333,37.18888888888889,17.866666666666667,70.5,-1.0377500375996505,-36.07712418300654,21.505882352941175,35.30653594771242,-56.6235294117647,78.68852459016394,76.47058823529412,Mudança relevante no número de estudantes previstos,3,5,TRUE,TRUE,TRUE,TRUE,2,48,39,TRUE,TRUE,FALSE,FALSE,FALSE,TRUE,FALSE,FALSE,EMEF JEAN PIAGET,exata_normalizada,consolidado,,rede_municipal_direta_ou_nao_classificada,0,TRUE,FALSE,FALSE,FALSE,rede_municipal_direta,Rede municipal direta em 2024,codigo_inep_consolidado,2024,Censo Escolar/INEP via Base dos Dados,TRUE,3,,1,0,1,0,,,,300 a 499 matrículas,3,2024,RS,4314902,1,1,1,1,1,0,1,1,788,58,675,379,69,67,92,84,67,296,55,66,66,0,393,395,515,132,111,4,1,25,0,0,0,9,55,48,26,25,53,36,29,16,13,0,,16,0,0,1,1,1,1,1,1,0,1,1,1,0,1,1,1,0,1,0,0,0,1,1,1,1,1,1,,,345,0,4,1,1,1,0,6,TRUE,TRUE,TRUE,TRUE,TRUE,10,10,TRUE,TRUE,1,3,FALSE,FALSE,FALSE,FALSE,FALSE,FALSE,FALSE,Rede municipal direta em 2024,FALSE,,TRUE,FALSE,Rede municipal direta em 2024,FALSE,,TRUE,,sem_revisao_necessaria,,,,Rede municipal direta em 2024,TRUE,TRUE,TRUE,1a_avaliacao_formativa,1a_avaliacao_formativa,linha_base_pre_programa,pos_inicio_programa,regra temporal pre-programa registrada no painel,declaracao formal,,2026-07-24,regra temporal preexistente do projeto,Marian Dante - assessora UEF/SMED,5.937536205082426
ESC_020,43109217,TRUE,EMEF JOAO ANTONIO SATTE,EMEF JOAO ANTONIO SATTE,EMEF JOAO ANTONIO SATTE,eliane,eliane,SIM,SIM,NA_APLICAVEL,SIM,NAO,SIM,0,1,,eliane,SEM_CARGA_DO_PROGRAMA,ATIVA,LINHA_BASE_PRE_PROGRAMA,ASSESSORADA,TRUE,TRUE,FALSE,TRUE,FALSE,TRUE,FALSE,FALSE,REGRA_TEMPORAL_CONFIRMADA,HOMOLOGADO,2025_1a_avaliacao_formativa_linha_base,2026-07-24_v1,1,Língua Portuguesa,TRUE,TRUE,TRUE,TRUE,TRUE,TRUE,TRUE,TRUE,TRUE,TRUE,Rede municipal direta em 2024,rede_municipal_direta_ou_nao_classificada,rede_municipal_direta,Municipal,Em atividade,FALSE,FALSE,417,20,31,20.85,13.451612903225806,0,7.159353348729792,4.041570438799076,34.75750577367206,3,90,Q2,300 a 499 matrículas,TRUE,61,45,73.77049180327869,72.71111111111111,9.133333333333333,24.35555555555555,66.5111111111111,114,92,80.70175438596492,40.28260869565217,49.65217391304348,22.304347826086957,28.217391304347824,68.5,6.93126258268623,-32.42850241545894,40.518840579710144,-2.0512077294685973,-38.29371980676328,86.88524590163935,104.44444444444444,Mudança relevante no número de estudantes previstos,3,5,TRUE,TRUE,TRUE,TRUE,2,53,47,TRUE,FALSE,FALSE,FALSE,FALSE,TRUE,FALSE,FALSE,EMEF JOAO ANTONIO SATTE,exata_normalizada,consolidado,,rede_municipal_direta_ou_nao_classificada,0,TRUE,FALSE,FALSE,FALSE,rede_municipal_direta,Rede municipal direta em 2024,codigo_inep_consolidado,2024,Censo Escolar/INEP via Base dos Dados,TRUE,3,,1,0,1,0,,,,300 a 499 matrículas,3,2024,RS,4314902,1,0,1,1,1,0,1,1,866,0,788,417,57,63,116,92,89,371,78,62,62,0,403,463,528,150,148,4,3,33,0,0,0,35,58,49,31,25,53,38,34,20,14,0,,21,0,1,1,1,1,1,1,1,1,1,0,1,1,1,1,1,1,0,0,0,0,1,1,1,1,1,1,,,521,0,3,3,0,0,0,7,FALSE,TRUE,TRUE,TRUE,TRUE,10,9,TRUE,TRUE,1,3,FALSE,FALSE,FALSE,FALSE,FALSE,FALSE,FALSE,Rede municipal direta em 2024,FALSE,,TRUE,FALSE,Rede municipal direta em 2024,FALSE,,TRUE,,sem_revisao_necessaria,,,,Rede municipal direta em 2024,TRUE,TRUE,TRUE,1a_avaliacao_formativa,1a_avaliacao_formativa,linha_base_pre_programa,pos_inicio_programa,regra temporal pre-programa registrada no painel,declaracao formal,,2026-07-24,regra temporal preexistente do projeto,Marian Dante - assessora UEF/SMED,6.0330862217988015
ESC_021,43219543,TRUE,EMEF JOAO CARLOS DAVILA PAIXAO CORTES - LACADOR,EMEF JOAO CARLOS DAVILA PAIXAO CORTES - LACADOR,EMEF JOAO CARLOS DAVILA PAIXAO CORTES LACADOR,julia,julia,SIM,SIM,NA_APLICAVEL,SIM,NAO,SIM,0,1,,julia,SEM_CARGA_DO_PROGRAMA,ATIVA,LINHA_BASE_PRE_PROGRAMA,ASSESSORADA,TRUE,TRUE,FALSE,TRUE,FALSE,TRUE,FALSE,FALSE,REGRA_TEMPORAL_CONFIRMADA,HOMOLOGADO,2025_1a_avaliacao_formativa_linha_base,2026-07-24_v1,1,Língua Portuguesa,TRUE,TRUE,TRUE,TRUE,TRUE,TRUE,TRUE,TRUE,TRUE,TRUE,Rede municipal direta em 2024,rede_municipal_direta,rede_municipal_direta,Municipal,Em atividade,FALSE,FALSE,70,4,11,17.5,6.363636363636363,0,9.090909090909092,0,24.545454545454547,2,80,Q1 — menor infraestrutura,Até 149 matrículas,TRUE,19,12,63.1578947368421,69,8,33,58,41,36,87.8048780487805,46,31.5,52,17,24,24.646983311938392,-23,23.5,19,-41,115.78947368421052,200,Mudança relevante no público previsto e aumento de participação,1,2,TRUE,TRUE,TRUE,TRUE,1,22,24,FALSE,FALSE,FALSE,TRUE,FALSE,TRUE,TRUE,FALSE,EMEF JOAO CARLOS DAVILA PAIXAO CORTES - LACADOR,aceite_manual,consolidado,escola nova,rede_municipal_direta,0,TRUE,FALSE,FALSE,TRUE,rede_municipal_direta,"Escola municipal inaugurada para o ano letivo de 2024, instalada em prédio anteriormente utilizado pela extinta Escola Estadual Dr. João Batista de Lacerda. Desde a inauguração integra a rede municipal direta. Opera em turno integral, com ensino bilíngue em inglês e modelo cívico-militar com monitoria da Brigada Militar. A condição de escola nova refere-se à inauguração em 2024, não à ausência ou ao funcionamento incerto no contexto pré-programa.",codigo_inep_consolidado,2024,Censo Escolar/INEP via Base dos Dados,TRUE,3,,1,0,1,0,,,,Até 149 matrículas,1,2024,RS,4314902,1,1,1,1,0,0,0,1,110,40,70,70,25,23,22,0,0,0,0,10,10,0,48,62,80,12,15,0,0,3,0,0,0,0,14,11,11,0,14,6,4,4,0,0,,12,0,2,1,1,1,1,1,1,0,1,1,1,0,1,1,1,1,1,1,0,0,1,0,1,1,1,0,,,102,0,0,1,0,0,0,5,TRUE,TRUE,FALSE,FALSE,TRUE,10,8,TRUE,TRUE,1,3,FALSE,FALSE,FALSE,FALSE,FALSE,FALSE,FALSE,Rede municipal direta em 2024,FALSE,,TRUE,FALSE,Rede municipal direta em 2024,TRUE,Censo 2024 registra escola municipal em atividade; a hipótese de escola nova precisa ser reinterpretada,TRUE,,corrigir,rede_municipal_direta,rede_municipal_direta,"Escola municipal inaugurada para o ano letivo de 2024, instalada em prédio anteriormente utilizado pela extinta Escola Estadual Dr. João Batista de Lacerda. Desde a inauguração integra a rede municipal direta. Opera em turno integral, com ensino bilíngue em inglês e modelo cívico-militar com monitoria da Brigada Militar. A condição de escola nova refere-se à inauguração em 2024, não à ausência ou ao funcionamento incerto no contexto pré-programa.","Escola municipal inaugurada para o ano letivo de 2024, instalada em prédio anteriormente utilizado pela extinta Escola Estadual Dr. João Batista de Lacerda. Desde a inauguração integra a rede municipal direta. Opera em turno integral, com ensino bilíngue em inglês e modelo cívico-militar com monitoria da Brigada Militar. A condição de escola nova refere-se à inauguração em 2024, não à ausência ou ao funcionamento incerto no contexto pré-programa.",TRUE,TRUE,TRUE,1a_avaliacao_formativa,1a_avaliacao_formativa,linha_base_pre_programa,pos_inicio_programa,regra temporal pre-programa registrada no painel,declaracao formal,,2026-07-24,regra temporal preexistente do projeto,Marian Dante - assessora UEF/SMED,4.248495242049359
ESC_022,43105491,TRUE,EMEF JOSE LOUREIRO DA SILVA,EMEF JOSE LOUREIRO DA SILVA,EMEF JOSE LOUREIRO DA SILVA,jalize,jalize,SIM,SIM,NA_APLICAVEL,SIM,NAO,SIM,0,1,,jalize,SEM_CARGA_DO_PROGRAMA,ATIVA,LINHA_BASE_PRE_PROGRAMA,ASSESSORADA,TRUE,TRUE,FALSE,TRUE,FALSE,TRUE,FALSE,FALSE,REGRA_TEMPORAL_CONFIRMADA,HOMOLOGADO,2025_1a_avaliacao_formativa_linha_base,2026-07-24_v1,1,Língua Portuguesa,TRUE,TRUE,TRUE,TRUE,TRUE,TRUE,TRUE,TRUE,TRUE,TRUE,Rede municipal direta em 2024,rede_municipal_direta_ou_nao_classificada,rede_municipal_direta,Municipal,Em atividade,FALSE,FALSE,477,21,26,22.714285714285715,18.346153846153847,30.39832285115304,9.821428571428571,2.380952380952381,44.04761904761905,4,100,Q3,300 a 499 matrículas,TRUE,79,42,53.16455696202531,87.45238095238095,2.2857142857142856,7.214285714285714,90.5,70,51,72.85714285714286,26.84313725490196,54.21568627450981,39.80392156862745,6.549019607843137,46.5,19.692585895117546,-60.60924369747899,51.92997198879552,32.589635854341736,-83.95098039215686,-11.39240506329114,21.428571428571427,Aumento de participação igual ou superior a 10 p.p.,4,4,TRUE,TRUE,TRUE,TRUE,0,-9,9,FALSE,FALSE,FALSE,TRUE,FALSE,FALSE,FALSE,FALSE,EMEF JOSE LOUREIRO DA SILVA,exata_normalizada,consolidado,,rede_municipal_direta_ou_nao_classificada,0,TRUE,FALSE,FALSE,FALSE,rede_municipal_direta,Rede municipal direta em 2024,codigo_inep_consolidado,2024,Censo Escolar/INEP via Base dos Dados,TRUE,3,,1,0,1,0,,,,300 a 499 matrículas,3,2024,RS,4314902,1,1,1,1,1,0,1,1,1008,42,816,477,96,87,101,102,91,339,150,99,99,0,508,500,547,241,202,2,1,15,204,145,59,24,57,49,26,24,53,45,35,21,14,0,,24,0,1,1,1,1,1,1,1,0,1,1,1,1,1,1,1,1,1,0,0,0,1,1,1,1,1,1,,,520,2,4,2,0,0,1,6,TRUE,TRUE,TRUE,TRUE,TRUE,10,10,TRUE,TRUE,1,3,FALSE,FALSE,FALSE,FALSE,FALSE,FALSE,FALSE,Rede municipal direta em 2024,FALSE,,TRUE,FALSE,Rede municipal direta em 2024,FALSE,,TRUE,,sem_revisao_necessaria,,,,Rede municipal direta em 2024,TRUE,TRUE,TRUE,1a_avaliacao_formativa,1a_avaliacao_formativa,linha_base_pre_programa,pos_inicio_programa,regra temporal pre-programa registrada no painel,declaracao formal,,2026-07-24,regra temporal preexistente do projeto,Marian Dante - assessora UEF/SMED,6.1675164908883415
ESC_023,43169490,TRUE,EMEF JOSE MARIANO BECK,EMEF JOSE MARIANO BECK,EMEF JOSE MARIANO BECK,nathalia,nathalia,SIM,SIM,NA_APLICAVEL,SIM,NAO,SIM,0,1,,nathalia,SEM_CARGA_DO_PROGRAMA,ATIVA,LINHA_BASE_PRE_PROGRAMA,ASSESSORADA,TRUE,TRUE,FALSE,TRUE,FALSE,TRUE,FALSE,FALSE,REGRA_TEMPORAL_CONFIRMADA,HOMOLOGADO,2025_1a_avaliacao_formativa_linha_base,2026-07-24_v1,1,Língua Portuguesa,TRUE,TRUE,TRUE,TRUE,TRUE,TRUE,TRUE,TRUE,TRUE,TRUE,Rede municipal direta em 2024,rede_municipal_direta_ou_nao_classificada,rede_municipal_direta,Municipal,Em atividade,FALSE,FALSE,329,15,24,21.933333333333337,13.708333333333334,0,6.185567010309279,0,45.65537555228277,4,100,Q3,300 a 499 matrículas,TRUE,65,44,67.6923076923077,66.88636363636364,9.204545454545457,31.727272727272727,59.06818181818182,71,55,77.46478873239437,17.21818181818182,72.9090909090909,21.78181818181818,5.963636363636364,49.5,9.772481040086674,-49.66818181818182,63.70454545454545,-9.945454545454544,-53.10454545454546,9.23076923076923,25,Sem alerta principal de composição,3,3,TRUE,TRUE,TRUE,TRUE,0,6,11,FALSE,FALSE,FALSE,FALSE,FALSE,FALSE,FALSE,FALSE,EMEF JOSE MARIANO BECK,exata_normalizada,consolidado,,rede_municipal_direta_ou_nao_classificada,0,TRUE,FALSE,FALSE,FALSE,rede_municipal_direta,Rede municipal direta em 2024,codigo_inep_consolidado,2024,Censo Escolar/INEP via Base dos Dados,TRUE,3,,1,0,1,0,,,,300 a 499 matrículas,2,2024,RS,4314902,1,1,1,1,1,0,1,1,679,56,559,329,65,64,72,65,63,230,64,42,42,0,338,341,355,132,177,0,1,14,0,0,0,0,53,45,24,27,45,37,29,15,14,0,,18,1,9,1,1,1,1,1,1,0,1,1,1,1,1,1,1,1,0,0,1,0,1,1,1,1,1,1,,,430,0,2,1,0,0,0,5,TRUE,TRUE,TRUE,TRUE,TRUE,10,10,TRUE,TRUE,1,3,FALSE,FALSE,FALSE,FALSE,FALSE,FALSE,FALSE,Rede municipal direta em 2024,FALSE,,TRUE,FALSE,Rede municipal direta em 2024,FALSE,,TRUE,,sem_revisao_necessaria,,,,Rede municipal direta em 2024,TRUE,TRUE,TRUE,1a_avaliacao_formativa,1a_avaliacao_formativa,linha_base_pre_programa,pos_inicio_programa,regra temporal pre-programa registrada no painel,declaracao formal,,2026-07-24,regra temporal preexistente do projeto,Marian Dante - assessora UEF/SMED,5.796057750765372
ESC_024,43109209,TRUE,EMEF LAURO RODRIGUES,EMEF LAURO RODRIGUES,EMEF LAURO RODRIGUES,clarissa,clarissa,SIM,SIM,NA_APLICAVEL,SIM,NAO,SIM,0,1,,clarissa,SEM_CARGA_DO_PROGRAMA,ATIVA,LINHA_BASE_PRE_PROGRAMA,ASSESSORADA,TRUE,TRUE,FALSE,TRUE,FALSE,TRUE,FALSE,FALSE,REGRA_TEMPORAL_CONFIRMADA,HOMOLOGADO,2025_1a_avaliacao_formativa_linha_base,2026-07-24_v1,1,Língua Portuguesa,TRUE,TRUE,TRUE,TRUE,TRUE,TRUE,TRUE,TRUE,TRUE,TRUE,Rede municipal direta em 2024,rede_municipal_direta_ou_nao_classificada,rede_municipal_direta,Municipal,Em atividade,FALSE,FALSE,339,15,27,22.6,12.555555555555555,20.64896755162242,7.451564828614009,3.5767511177347244,32.04172876304024,3,90,Q2,300 a 499 matrículas,TRUE,63,51,80.95238095238095,63.35294117647059,23.392156862745097,25.313725490196077,51.03921568627451,88,79,89.77272727272727,57.30379746835443,23.64556962025317,37.607594936708864,39,65,8.820346320346317,-6.049143708116155,0.2534127575080696,12.293869446512788,-12.03921568627451,39.68253968253968,54.90196078431372,Mudança relevante no número de estudantes previstos,3,5,TRUE,TRUE,TRUE,TRUE,2,25,28,TRUE,TRUE,FALSE,FALSE,FALSE,TRUE,FALSE,FALSE,EMEF LAURO RODRIGUES,exata_normalizada,consolidado,,rede_municipal_direta_ou_nao_classificada,0,TRUE,FALSE,FALSE,FALSE,rede_municipal_direta,Rede municipal direta em 2024,codigo_inep_consolidado,2024,Censo Escolar/INEP via Base dos Dados,TRUE,3,,1,0,1,0,,,,300 a 499 matrículas,2,2024,RS,4314902,1,1,1,1,1,0,0,1,671,61,610,339,63,66,80,69,61,271,0,50,50,0,350,321,398,105,110,0,0,58,89,70,19,24,51,47,27,27,49,31,27,15,12,0,,17,0,4,1,1,1,1,1,1,0,1,1,1,0,1,0,1,1,1,0,0,0,1,1,1,1,1,1,,,0,0,3,1,2,1,0,7,TRUE,TRUE,TRUE,FALSE,TRUE,10,9,TRUE,TRUE,1,3,FALSE,FALSE,FALSE,FALSE,FALSE,FALSE,FALSE,Rede municipal direta em 2024,FALSE,,TRUE,FALSE,Rede municipal direta em 2024,FALSE,,TRUE,,sem_revisao_necessaria,,,,Rede municipal direta em 2024,TRUE,TRUE,TRUE,1a_avaliacao_formativa,1a_avaliacao_formativa,linha_base_pre_programa,pos_inicio_programa,regra temporal pre-programa registrada no painel,declaracao formal,,2026-07-24,regra temporal preexistente do projeto,Marian Dante - assessora UEF/SMED,5.82600010738045
ESC_025,43109063,TRUE,EMEF LEOCADIA FELIZARDO PRESTES,EMEF LEOCADIA FELIZARDO PRESTES,EMEF LEOCADIA FELIZARDO PRESTES,graziela,graziela,SIM,SIM,NA_APLICAVEL,SIM,NAO,SIM,0,1,,graziela,SEM_CARGA_DO_PROGRAMA,ATIVA,LINHA_BASE_PRE_PROGRAMA,ASSESSORADA,TRUE,TRUE,FALSE,TRUE,FALSE,TRUE,FALSE,FALSE,REGRA_TEMPORAL_CONFIRMADA,HOMOLOGADO,2025_1a_avaliacao_formativa_linha_base,2026-07-24_v1,1,Língua Portuguesa,TRUE,TRUE,TRUE,TRUE,TRUE,TRUE,TRUE,TRUE,TRUE,TRUE,Rede municipal direta em 2024,rede_municipal_direta_ou_nao_classificada,rede_municipal_direta,Municipal,Em atividade,FALSE,FALSE,247,11,21,22.454545454545453,11.761904761904765,10.121457489878544,7.889908256880734,0,31.743119266055047,4,100,Q3,150 a 299 matrículas,TRUE,49,36,73.46938775510205,40,41.888888888888886,39,19.555555555555557,41,35,85.36585365853658,52.05714285714286,34.94285714285714,32.02857142857143,33.02857142857143,35.5,11.896465903434532,12.057142857142855,-6.946031746031743,-6.971428571428568,13.473015873015877,-16.3265306122449,-2.7777777777777777,Aumento de participação igual ou superior a 10 p.p.,2,2,TRUE,TRUE,TRUE,TRUE,0,-8,-1,TRUE,FALSE,FALSE,TRUE,FALSE,FALSE,FALSE,FALSE,EMEF LEOCADIA FELIZARDO PRESTES,exata_normalizada,consolidado,,rede_municipal_direta_ou_nao_classificada,0,TRUE,FALSE,FALSE,FALSE,rede_municipal_direta,Rede municipal direta em 2024,codigo_inep_consolidado,2024,Censo Escolar/INEP via Base dos Dados,TRUE,3,,1,0,1,0,,,,150 a 299 matrículas,2,2024,RS,4314902,1,1,1,1,1,0,1,1,545,78,418,247,42,45,51,74,35,171,49,43,43,0,278,267,261,94,79,1,0,110,42,25,17,0,41,31,21,20,37,28,20,11,9,0,,19,2,10,1,1,1,1,1,1,0,1,1,1,1,1,1,1,1,1,1,0,0,1,1,1,1,1,1,,,260,0,2,1,0,0,0,6,TRUE,TRUE,TRUE,TRUE,TRUE,10,10,TRUE,TRUE,1,3,FALSE,FALSE,FALSE,FALSE,FALSE,FALSE,FALSE,Rede municipal direta em 2024,FALSE,,TRUE,FALSE,Rede municipal direta em 2024,FALSE,,TRUE,,sem_revisao_necessaria,,,,Rede municipal direta em 2024,TRUE,TRUE,TRUE,1a_avaliacao_formativa,1a_avaliacao_formativa,linha_base_pre_programa,pos_inicio_programa,regra temporal pre-programa registrada no painel,declaracao formal,,2026-07-24,regra temporal preexistente do projeto,Marian Dante - assessora UEF/SMED,5.5093883366279774
ESC_026,43109144,TRUE,EMEF LIDOVINO FANTON,EMEF LIDOVINO FANTON,EMEF LIDOVINO FANTON,julia,julia,SIM,SIM,NA_APLICAVEL,SIM,NAO,SIM,0,1,,julia,SEM_CARGA_DO_PROGRAMA,ATIVA,LINHA_BASE_PRE_PROGRAMA,ASSESSORADA,TRUE,TRUE,FALSE,TRUE,FALSE,TRUE,FALSE,FALSE,REGRA_TEMPORAL_CONFIRMADA,HOMOLOGADO,2025_1a_avaliacao_formativa_linha_base,2026-07-24_v1,1,Língua Portuguesa,TRUE,TRUE,TRUE,TRUE,TRUE,TRUE,TRUE,TRUE,TRUE,TRUE,Rede municipal direta em 2024,rede_municipal_direta_ou_nao_classificada,rede_municipal_direta,Municipal,Em atividade,FALSE,FALSE,563,23,35,24.47826086956522,16.085714285714285,14.209591474245116,6.009852216748769,0.7881773399014779,36.65024630541872,4,80,Q1 — menor infraestrutura,500 matrículas ou mais,TRUE,97,77,79.38144329896907,39.64935064935065,48.20779220779221,29.83116883116883,22.16883116883117,92,64,69.56521739130434,48.9375,34.828125,38.296875,26.875,70.5,-9.81622590766473,9.288149350649348,-13.37966720779221,8.465706168831169,4.7061688311688314,-5.154639175257732,-16.883116883116884,Sem alerta principal de composição,4,4,TRUE,TRUE,TRUE,TRUE,0,-5,-13,FALSE,FALSE,FALSE,FALSE,FALSE,FALSE,FALSE,FALSE,EMEF LIDOVINO FANTON,exata_normalizada,consolidado,,rede_municipal_direta_ou_nao_classificada,0,TRUE,FALSE,FALSE,FALSE,rede_municipal_direta,Rede municipal direta em 2024,codigo_inep_consolidado,2024,Censo Escolar/INEP via Base dos Dados,TRUE,3,,1,0,1,0,,,,500 matrículas ou mais,4,2024,RS,4314902,1,1,1,1,1,0,1,1,1015,63,891,563,94,103,144,120,102,328,61,61,61,0,522,493,543,177,194,4,1,96,116,80,36,8,63,55,35,27,56,45,37,23,14,0,,26,1,3,1,1,1,1,1,1,0,1,0,1,1,1,0,1,1,1,1,0,0,1,1,1,1,1,1,,,250,1,2,3,1,1,0,8,TRUE,TRUE,TRUE,TRUE,TRUE,10,8,TRUE,TRUE,1,3,FALSE,FALSE,FALSE,FALSE,FALSE,FALSE,FALSE,Rede municipal direta em 2024,FALSE,,TRUE,FALSE,Rede municipal direta em 2024,FALSE,,TRUE,,sem_revisao_necessaria,,,,Rede municipal direta em 2024,TRUE,TRUE,TRUE,1a_avaliacao_formativa,1a_avaliacao_formativa,linha_base_pre_programa,pos_inicio_programa,regra temporal pre-programa registrada no painel,declaracao formal,,2026-07-24,regra temporal preexistente do projeto,Marian Dante - assessora UEF/SMED,6.333279628139691
ESC_027,43183018,TRUE,EMEF MARIO QUINTANA,EMEF MARIO QUINTANA,EMEF MARIO QUINTANA,ruti,ruti,SIM,SIM,NA_APLICAVEL,SIM,NAO,SIM,0,1,,ruti,SEM_CARGA_DO_PROGRAMA,ATIVA,LINHA_BASE_PRE_PROGRAMA,ASSESSORADA,TRUE,TRUE,FALSE,TRUE,FALSE,TRUE,FALSE,FALSE,REGRA_TEMPORAL_CONFIRMADA,HOMOLOGADO,2025_1a_avaliacao_formativa_linha_base,2026-07-24_v1,1,Língua Portuguesa,TRUE,TRUE,TRUE,TRUE,TRUE,TRUE,TRUE,TRUE,TRUE,TRUE,Rede municipal direta em 2024,rede_municipal_direta_ou_nao_classificada,rede_municipal_direta,Municipal,Em atividade,FALSE,FALSE,233,10,20,23.3,11.65,100,7.960199004975125,6.218905472636816,40.298507462686565,2,70,Q1 — menor infraestrutura,150 a 299 matrículas,TRUE,45,32,71.11111111111111,16.5,81.5,6.5,12.5,46,41,89.1304347826087,3.7560975609756095,91.92682926829268,8.073170731707316,0,36.5,18.019323671497588,-12.74390243902439,10.426829268292678,1.5731707317073162,-12.5,2.2222222222222223,28.125,Aumento de participação igual ou superior a 10 p.p.,2,2,TRUE,TRUE,TRUE,TRUE,0,1,9,TRUE,FALSE,FALSE,TRUE,FALSE,FALSE,FALSE,FALSE,EMEF MARIO QUINTANA,exata_normalizada,consolidado,,rede_municipal_direta_ou_nao_classificada,0,TRUE,FALSE,FALSE,FALSE,rede_municipal_direta,Rede municipal direta em 2024,codigo_inep_consolidado,2024,Censo Escolar/INEP via Base dos Dados,TRUE,3,,1,0,1,0,,,,150 a 299 matrículas,1,2024,RS,4314902,1,0,1,1,1,0,0,1,402,0,402,233,49,48,48,45,43,169,0,32,32,0,189,213,215,77,84,0,1,25,365,233,132,25,30,30,20,13,28,18,18,10,8,16,,21,0,0,1,1,1,1,1,1,0,0,0,1,1,1,0,1,0,1,0,0,0,1,1,1,1,1,1,,,434,0,0,0,0,0,0,4,FALSE,TRUE,TRUE,FALSE,TRUE,10,7,TRUE,TRUE,1,3,FALSE,FALSE,FALSE,FALSE,FALSE,FALSE,FALSE,Rede municipal direta em 2024,FALSE,,TRUE,FALSE,Rede municipal direta em 2024,FALSE,,TRUE,,sem_revisao_necessaria,,,,Rede municipal direta em 2024,TRUE,TRUE,TRUE,1a_avaliacao_formativa,1a_avaliacao_formativa,linha_base_pre_programa,pos_inicio_programa,regra temporal pre-programa registrada no painel,declaracao formal,,2026-07-24,regra temporal preexistente do projeto,Marian Dante - assessora UEF/SMED,5.4510384535657
ESC_028,43177018,TRUE,EMEF MIGRANTES,EMEF MIGRANTES,EMEF MIGRANTES,nathalia,nathalia,SIM,SIM,NA_APLICAVEL,SIM,NAO,SIM,0,1,,nathalia,SEM_CARGA_DO_PROGRAMA,ATIVA,LINHA_BASE_PRE_PROGRAMA,ASSESSORADA,TRUE,TRUE,FALSE,TRUE,FALSE,TRUE,FALSE,FALSE,REGRA_TEMPORAL_CONFIRMADA,HOMOLOGADO,2025_1a_avaliacao_formativa_linha_base,2026-07-24_v1,1,Língua Portuguesa,TRUE,TRUE,TRUE,TRUE,TRUE,TRUE,TRUE,TRUE,TRUE,TRUE,Rede municipal direta em 2024,rede_municipal_direta_ou_nao_classificada,rede_municipal_direta,Municipal,Em atividade,FALSE,FALSE,80,5,10,16,8,0,7.975460122699387,0,26.380368098159508,3,90,Q2,Até 149 matrículas,TRUE,18,14,77.77777777777777,74,14,14,71,23,18,78.26086956521739,35,36.666666666666664,58,5.333333333333333,16,0.4830917874396192,-39,22.666666666666664,44,-65.66666666666667,27.77777777777778,28.571428571428573,Mudança relevante no número de estudantes previstos,1,2,TRUE,TRUE,TRUE,TRUE,1,5,4,TRUE,FALSE,FALSE,FALSE,FALSE,TRUE,TRUE,TRUE,EMEF MIGRANTES,exata_normalizada,consolidado,,rede_municipal_direta_ou_nao_classificada,0,TRUE,FALSE,FALSE,FALSE,rede_municipal_direta,Rede municipal direta em 2024,codigo_inep_consolidado,2024,Censo Escolar/INEP via Base dos Dados,TRUE,3,,1,0,1,0,,,,Até 149 matrículas,1,2024,RS,4314902,1,1,1,1,1,0,0,1,163,28,135,80,20,20,13,14,13,55,0,13,13,0,67,96,115,9,34,0,0,5,0,0,0,0,19,17,10,10,15,11,9,5,4,0,,10,0,0,1,1,1,1,1,1,0,0,1,1,1,1,1,1,0,0,0,0,1,1,1,1,1,1,1,,,118,10,2,2,1,1,0,2,TRUE,TRUE,TRUE,FALSE,TRUE,10,9,TRUE,FALSE,1,3,FALSE,FALSE,FALSE,FALSE,FALSE,FALSE,FALSE,Rede municipal direta em 2024,FALSE,,TRUE,FALSE,Rede municipal direta em 2024,FALSE,,TRUE,,sem_revisao_necessaria,,,,Rede municipal direta em 2024,TRUE,TRUE,TRUE,1a_avaliacao_formativa,1a_avaliacao_formativa,linha_base_pre_programa,pos_inicio_programa,regra temporal pre-programa registrada no painel,declaracao formal,,2026-07-24,regra temporal preexistente do projeto,Marian Dante - assessora UEF/SMED,4.382026634673881
ESC_029,43293069,TRUE,EMEF MORADAS DA HIPICA,EMEF MORADAS DA HIPICA,EMEF MORADAS DA HIPICA,amanda,amanda,SIM,SIM,NA_APLICAVEL,SIM,NAO,SIM,0,1,,amanda,SEM_CARGA_DO_PROGRAMA,ATIVA,LINHA_BASE_PRE_PROGRAMA,ASSESSORADA,TRUE,TRUE,FALSE,TRUE,FALSE,TRUE,FALSE,FALSE,REGRA_TEMPORAL_CONFIRMADA,HOMOLOGADO,2025_1a_avaliacao_formativa_linha_base,2026-07-24_v1,1,Língua Portuguesa,TRUE,TRUE,TRUE,TRUE,TRUE,TRUE,TRUE,TRUE,TRUE,TRUE,Rede municipal direta em 2024,rede_municipal_direta_ou_nao_classificada,rede_municipal_direta,Municipal,Em atividade,FALSE,FALSE,488,19,20,25.68421052631579,24.4,9.221311475409836,7.818930041152264,3.4979423868312756,28.08641975308642,3,80,Q1 — menor infraestrutura,300 a 499 matrículas,TRUE,88,66,75,68.51515151515152,12.257575757575758,30.39393939393939,57.57575757575758,91,81,89.01098901098901,47.75308641975309,38.28395061728395,33.27160493827161,28.69135802469136,73.5,14.010989010989007,-20.762065095398427,26.02637485970819,2.8776655443322134,-28.88439955106622,3.409090909090909,22.727272727272727,Aumento de participação igual ou superior a 10 p.p.,4,4,TRUE,TRUE,TRUE,TRUE,0,3,15,TRUE,FALSE,FALSE,TRUE,FALSE,FALSE,FALSE,FALSE,EMEF MORADAS DA HIPICA,exata_normalizada,consolidado,,rede_municipal_direta_ou_nao_classificada,0,TRUE,FALSE,FALSE,FALSE,rede_municipal_direta,Rede municipal direta em 2024,codigo_inep_consolidado,2024,Censo Escolar/INEP via Base dos Dados,TRUE,3,,1,0,1,0,,,,300 a 499 matrículas,3,2024,RS,4314902,1,1,1,1,1,0,0,1,972,97,875,488,87,78,109,107,107,387,0,76,76,0,483,489,671,88,183,3,2,25,64,45,19,34,40,36,20,17,39,38,33,19,14,0,,32,10,0,1,1,1,1,1,1,0,0,0,1,1,1,1,1,0,1,1,0,0,1,1,1,1,1,1,,,463,0,2,2,0,0,0,6,TRUE,TRUE,TRUE,FALSE,TRUE,10,8,TRUE,TRUE,1,3,FALSE,FALSE,FALSE,FALSE,FALSE,FALSE,FALSE,Rede municipal direta em 2024,FALSE,,TRUE,FALSE,Rede municipal direta em 2024,FALSE,,TRUE,,sem_revisao_necessaria,,,,Rede municipal direta em 2024,TRUE,TRUE,TRUE,1a_avaliacao_formativa,1a_avaliacao_formativa,linha_base_pre_programa,pos_inicio_programa,regra temporal pre-programa registrada no painel,declaracao formal,,2026-07-24,regra temporal preexistente do projeto,Marian Dante - assessora UEF/SMED,6.1903154058531475
ESC_030,43177034,TRUE,EMEF MORRO DA CRUZ,EMEF MORRO DA CRUZ,EMEF MORRO DA CRUZ,andreia,andreia,SIM,SIM,NA_APLICAVEL,SIM,NAO,SIM,0,1,,andreia,SEM_CARGA_DO_PROGRAMA,ATIVA,LINHA_BASE_PRE_PROGRAMA,ASSESSORADA,TRUE,TRUE,FALSE,TRUE,FALSE,TRUE,FALSE,FALSE,REGRA_TEMPORAL_CONFIRMADA,HOMOLOGADO,2025_1a_avaliacao_formativa_linha_base,2026-07-24_v1,1,Língua Portuguesa,TRUE,TRUE,TRUE,TRUE,TRUE,TRUE,TRUE,TRUE,TRUE,TRUE,Rede municipal direta em 2024,rede_municipal_direta_ou_nao_classificada,rede_municipal_direta,Municipal,Em atividade,FALSE,FALSE,538,21,27,25.61904761904762,19.925925925925927,10.037174721189592,6.2438057482656095,1.189296333002973,36.570862239841425,3,100,Q3,500 matrículas ou mais,TRUE,84,61,72.61904761904762,17.60655737704918,76.98360655737704,14.901639344262296,8.114754098360656,93,67,72.04301075268818,38.6865671641791,42.61194029850746,40.92537313432836,16.46268656716418,64,-0.5760368663594448,21.08000978712992,-34.37166625886958,26.023733790066068,8.347932468803524,10.714285714285714,9.836065573770492,Sem alerta principal de composição,4,4,TRUE,TRUE,TRUE,TRUE,0,9,6,TRUE,FALSE,FALSE,FALSE,FALSE,FALSE,FALSE,FALSE,EMEF MORRO DA CRUZ,exata_normalizada,consolidado,,rede_municipal_direta_ou_nao_classificada,0,TRUE,FALSE,FALSE,FALSE,rede_municipal_direta,Rede municipal direta em 2024,codigo_inep_consolidado,2024,Censo Escolar/INEP via Base dos Dados,TRUE,3,,1,0,1,0,,,,500 matrículas ou mais,4,2024,RS,4314902,1,1,1,1,1,0,0,1,1009,130,879,538,95,99,122,113,109,341,0,63,63,0,484,525,536,158,209,3,2,101,89,54,35,12,53,46,27,21,50,41,34,21,13,0,,24,0,4,1,1,1,1,1,1,0,1,1,1,0,1,1,1,0,1,0,0,0,1,1,1,1,1,1,,,570,0,2,1,2,1,0,5,TRUE,TRUE,TRUE,FALSE,TRUE,10,10,TRUE,TRUE,1,3,FALSE,FALSE,FALSE,FALSE,FALSE,FALSE,FALSE,Rede municipal direta em 2024,FALSE,,TRUE,FALSE,Rede municipal direta em 2024,FALSE,,TRUE,,sem_revisao_necessaria,,,,Rede municipal direta em 2024,TRUE,TRUE,TRUE,1a_avaliacao_formativa,1a_avaliacao_formativa,linha_base_pre_programa,pos_inicio_programa,regra temporal pre-programa registrada no painel,declaracao formal,,2026-07-24,regra temporal preexistente do projeto,Marian Dante - assessora UEF/SMED,6.2878585601617845
ESC_031,43177042,TRUE,EMEF NEUSA GOULART BRIZOLA,EMEF NEUSA GOULART BRIZOLA,EMEF NEUSA GOULART BRIZOLA,julia,julia,SIM,SIM,NA_APLICAVEL,SIM,NAO,SIM,0,1,,julia,SEM_CARGA_DO_PROGRAMA,ATIVA,LINHA_BASE_PRE_PROGRAMA,ASSESSORADA,TRUE,TRUE,FALSE,TRUE,FALSE,TRUE,FALSE,FALSE,REGRA_TEMPORAL_CONFIRMADA,HOMOLOGADO,2025_1a_avaliacao_formativa_linha_base,2026-07-24_v1,1,Língua Portuguesa,TRUE,TRUE,TRUE,TRUE,TRUE,TRUE,TRUE,TRUE,TRUE,TRUE,Rede municipal direta em 2024,rede_municipal_direta_ou_nao_classificada,rede_municipal_direta,Municipal,Em atividade,FALSE,FALSE,218,10,31,21.8,7.032258064516129,100,14.698162729658792,3.1496062992125986,34.645669291338585,3,100,Q3,150 a 299 matrículas,TRUE,42,30,71.42857142857143,79.5,7,20,73.5,63,52,82.53968253968254,38.92307692307692,54.65384615384615,21.442307692307693,23.903846153846153,41,11.111111111111114,-40.57692307692308,47.65384615384615,1.4423076923076934,-49.59615384615385,50,73.33333333333333,Mudança relevante no público previsto e aumento de participação,2,3,TRUE,TRUE,TRUE,TRUE,1,21,22,TRUE,FALSE,FALSE,TRUE,FALSE,TRUE,FALSE,FALSE,EMEF NEUSA GOULART BRIZOLA,exata_normalizada,consolidado,,rede_municipal_direta_ou_nao_classificada,0,TRUE,FALSE,FALSE,FALSE,rede_municipal_direta,Rede municipal direta em 2024,codigo_inep_consolidado,2024,Censo Escolar/INEP via Base dos Dados,TRUE,3,,1,0,1,0,,,,150 a 299 matrículas,1,2024,RS,4314902,1,1,1,1,1,0,0,1,381,41,340,218,43,41,52,43,39,122,0,56,56,0,188,193,241,58,74,0,0,8,340,218,122,12,48,44,31,26,44,19,17,10,7,17,,27,2,9,1,1,1,1,1,1,0,1,1,1,1,1,1,1,1,1,0,0,0,1,1,1,1,1,1,,,0,0,2,2,0,0,0,5,TRUE,TRUE,TRUE,FALSE,TRUE,10,10,TRUE,TRUE,1,3,FALSE,FALSE,FALSE,FALSE,FALSE,FALSE,FALSE,Rede municipal direta em 2024,FALSE,,TRUE,FALSE,Rede municipal direta em 2024,FALSE,,TRUE,,sem_revisao_necessaria,,,,Rede municipal direta em 2024,TRUE,TRUE,TRUE,1a_avaliacao_formativa,1a_avaliacao_formativa,linha_base_pre_programa,pos_inicio_programa,regra temporal pre-programa registrada no painel,declaracao formal,,2026-07-24,regra temporal preexistente do projeto,Marian Dante - assessora UEF/SMED,5.384495062789089
ESC_032,43105513,TRUE,EMEF NOSSA SENHORA DE FATIMA,EMEF NOSSA SENHORA DE FATIMA,EMEF NOSSA SENHORA DE FATIMA,amanda,amanda,SIM,SIM,NA_APLICAVEL,SIM,NAO,SIM,0,1,,amanda,SEM_CARGA_DO_PROGRAMA,ATIVA,LINHA_BASE_PRE_PROGRAMA,ASSESSORADA,TRUE,TRUE,FALSE,TRUE,FALSE,TRUE,FALSE,FALSE,REGRA_TEMPORAL_CONFIRMADA,HOMOLOGADO,2025_1a_avaliacao_formativa_linha_base,2026-07-24_v1,1,Língua Portuguesa,TRUE,TRUE,TRUE,TRUE,TRUE,TRUE,TRUE,TRUE,TRUE,TRUE,Rede municipal direta em 2024,rede_municipal_direta_ou_nao_classificada,rede_municipal_direta,Municipal,Em atividade,FALSE,FALSE,377,16,24,23.5625,15.708333333333334,0,6.575342465753424,0,53.013698630136986,4,100,Q3,300 a 499 matrículas,TRUE,70,44,62.857142857142854,46.29545454545455,41.15909090909091,27.295454545454547,31.886363636363637,91,71,78.02197802197803,40.74647887323944,43.23943661971831,35.04225352112676,21.95774647887324,57.5,15.164835164835177,-5.548975672215107,2.0803457106274053,7.746798975672213,-9.928617157490397,30,61.36363636363637,Mudança relevante no público previsto e aumento de participação,3,4,TRUE,TRUE,TRUE,TRUE,1,21,27,FALSE,FALSE,FALSE,TRUE,FALSE,TRUE,FALSE,FALSE,EMEF NOSSA SENHORA DE FATIMA,exata_normalizada,consolidado,,rede_municipal_direta_ou_nao_classificada,0,TRUE,FALSE,FALSE,FALSE,rede_municipal_direta,Rede municipal direta em 2024,codigo_inep_consolidado,2024,Censo Escolar/INEP via Base dos Dados,TRUE,3,,1,0,1,0,,,,300 a 499 matrículas,2,2024,RS,4314902,1,1,1,1,1,0,1,1,730,65,611,377,70,71,91,72,73,234,54,48,48,0,339,391,334,191,193,0,3,9,0,0,0,0,48,38,24,19,45,33,26,16,10,0,,22,0,1,1,1,1,1,1,1,0,1,1,1,1,1,1,0,1,1,0,0,0,1,1,1,1,1,1,,,393,2,2,2,0,0,0,6,TRUE,TRUE,TRUE,TRUE,TRUE,10,10,TRUE,TRUE,1,3,FALSE,FALSE,FALSE,FALSE,FALSE,FALSE,FALSE,Rede municipal direta em 2024,FALSE,,TRUE,FALSE,Rede municipal direta em 2024,FALSE,,TRUE,,sem_revisao_necessaria,,,,Rede municipal direta em 2024,TRUE,TRUE,TRUE,1a_avaliacao_formativa,1a_avaliacao_formativa,linha_base_pre_programa,pos_inicio_programa,regra temporal pre-programa registrada no painel,declaracao formal,,2026-07-24,regra temporal preexistente do projeto,Marian Dante - assessora UEF/SMED,5.932245187448011
ESC_033,43204643,TRUE,EMEF NOSSA SENHORA DO CARMO,EMEF NOSSA SENHORA DO CARMO,EMEF NOSSA SENHORA DO CARMO,amanda,amanda,SIM,SIM,NA_APLICAVEL,SIM,NAO,SIM,0,1,,amanda,SEM_CARGA_DO_PROGRAMA,ATIVA,LINHA_BASE_PRE_PROGRAMA,ASSESSORADA,TRUE,TRUE,FALSE,TRUE,FALSE,TRUE,FALSE,FALSE,REGRA_TEMPORAL_CONFIRMADA,HOMOLOGADO,2025_1a_avaliacao_formativa_linha_base,2026-07-24_v1,1,Língua Portuguesa,TRUE,TRUE,TRUE,TRUE,TRUE,TRUE,TRUE,TRUE,TRUE,TRUE,Rede municipal direta em 2024,rede_municipal_direta_ou_nao_classificada,rede_municipal_direta,Municipal,Em atividade,FALSE,FALSE,408,16,22,25.5,18.545454545454547,38.23529411764706,7.363420427553444,7.957244655581948,42.75534441805225,4,90,Q2,300 a 499 matrículas,TRUE,67,54,80.59701492537313,49.629629629629626,40.888888888888886,16.85185185185185,42.592592592592595,94,76,80.85106382978724,14.921052631578949,80.07894736842105,16.105263157894736,4.052631578947368,65,0.25404890441410544,-34.70857699805068,39.19005847953217,-0.7465886939571149,-38.539961013645225,40.298507462686565,40.74074074074074,Mudança relevante no número de estudantes previstos,3,4,TRUE,TRUE,TRUE,TRUE,1,27,22,TRUE,TRUE,FALSE,FALSE,FALSE,TRUE,FALSE,FALSE,EMEF NOSSA SENHORA DO CARMO,exata_normalizada,consolidado,,rede_municipal_direta_ou_nao_classificada,0,TRUE,FALSE,FALSE,FALSE,rede_municipal_direta,Rede municipal direta em 2024,codigo_inep_consolidado,2024,Censo Escolar/INEP via Base dos Dados,TRUE,3,,1,0,1,0,,,,300 a 499 matrículas,3,2024,RS,4314902,1,1,1,1,1,0,1,1,842,38,703,408,73,91,79,81,84,295,101,62,62,0,428,414,463,174,183,1,3,18,225,156,69,67,42,35,22,17,40,34,28,16,12,0,,22,0,4,1,1,1,1,1,1,0,1,1,1,1,1,0,1,0,1,0,0,0,1,1,1,1,1,1,,,318,0,1,2,2,1,0,5,TRUE,TRUE,TRUE,TRUE,TRUE,10,9,TRUE,TRUE,1,3,FALSE,FALSE,FALSE,FALSE,FALSE,FALSE,FALSE,Rede municipal direta em 2024,FALSE,,TRUE,FALSE,Rede municipal direta em 2024,FALSE,,TRUE,,sem_revisao_necessaria,,,,Rede municipal direta em 2024,TRUE,TRUE,TRUE,1a_avaliacao_formativa,1a_avaliacao_formativa,linha_base_pre_programa,pos_inicio_programa,regra temporal pre-programa registrada no painel,declaracao formal,,2026-07-24,regra temporal preexistente do projeto,Marian Dante - assessora UEF/SMED,6.0112671744041615
ESC_034,43105521,TRUE,EMEF PEPITA DE LEAO,EMEF PEPITA DE LEAO,EMEF PEPITA DE LEAO,nathalia,nathalia,SIM,SIM,NA_APLICAVEL,SIM,NAO,SIM,0,1,,nathalia,SEM_CARGA_DO_PROGRAMA,ATIVA,LINHA_BASE_PRE_PROGRAMA,ASSESSORADA,TRUE,TRUE,FALSE,TRUE,FALSE,TRUE,FALSE,FALSE,REGRA_TEMPORAL_CONFIRMADA,HOMOLOGADO,2025_1a_avaliacao_formativa_linha_base,2026-07-24_v1,1,Língua Portuguesa,TRUE,TRUE,TRUE,TRUE,TRUE,TRUE,TRUE,TRUE,TRUE,TRUE,Rede municipal direta em 2024,rede_municipal_direta_ou_nao_classificada,rede_municipal_direta,Municipal,Em atividade,FALSE,FALSE,255,12,19,21.25,13.421052631578949,18.823529411764707,13.174946004319654,3.4557235421166306,34.557235421166304,3,100,Q3,150 a 299 matrículas,TRUE,67,51,76.11940298507463,88.11764705882354,1.8823529411764703,14.117647058823527,84,43,34,79.06976744186046,35,43.47058823529411,49,8,42.5,2.9503644567858345,-53.117647058823536,41.588235294117645,34.88235294117647,-76,-35.82089552238806,-33.333333333333336,Mudança relevante no número de estudantes previstos,3,2,TRUE,TRUE,TRUE,TRUE,-1,-24,-17,TRUE,FALSE,FALSE,FALSE,FALSE,TRUE,FALSE,FALSE,EMEF PEPITA DE LEAO,exata_normalizada,consolidado,,rede_municipal_direta_ou_nao_classificada,0,TRUE,FALSE,FALSE,FALSE,rede_municipal_direta,Rede municipal direta em 2024,codigo_inep_consolidado,2024,Censo Escolar/INEP via Base dos Dados,TRUE,3,,1,0,1,0,,,,150 a 299 matrículas,2,2024,RS,4314902,1,1,1,1,1,0,0,1,463,12,451,255,64,48,48,49,46,196,0,61,61,0,220,243,271,100,60,1,0,31,73,48,25,16,33,32,19,14,33,21,20,12,8,0,,12,0,0,1,1,1,1,1,1,0,1,1,1,0,1,1,1,0,0,0,0,1,1,1,1,1,1,1,,,350,7,3,2,1,1,0,4,TRUE,TRUE,TRUE,FALSE,TRUE,10,10,TRUE,FALSE,1,3,FALSE,FALSE,FALSE,FALSE,FALSE,FALSE,FALSE,Rede municipal direta em 2024,FALSE,,TRUE,FALSE,Rede municipal direta em 2024,FALSE,,TRUE,,sem_revisao_necessaria,,,,Rede municipal direta em 2024,TRUE,TRUE,TRUE,1a_avaliacao_formativa,1a_avaliacao_formativa,linha_base_pre_programa,pos_inicio_programa,regra temporal pre-programa registrada no painel,declaracao formal,,2026-07-24,regra temporal preexistente do projeto,Marian Dante - assessora UEF/SMED,5.541263545158426
ESC_035,43048200,TRUE,EMEF PORTO NOVO,EMEF PORTO NOVO,EMEF PORTO NOVO,marian,marian,SIM,SIM,NA_APLICAVEL,SIM,NAO,SIM,0,1,,marian,SEM_CARGA_DO_PROGRAMA,ATIVA,LINHA_BASE_PRE_PROGRAMA,ASSESSORADA,TRUE,TRUE,FALSE,TRUE,FALSE,TRUE,FALSE,FALSE,REGRA_TEMPORAL_CONFIRMADA,HOMOLOGADO,2025_1a_avaliacao_formativa_linha_base,2026-07-24_v1,1,Língua Portuguesa,TRUE,TRUE,TRUE,TRUE,TRUE,TRUE,TRUE,TRUE,TRUE,TRUE,Rede municipal direta em 2024,rede_municipal_direta_ou_nao_classificada,rede_municipal_direta,Municipal,Em atividade,FALSE,FALSE,237,10,33,23.7,7.181818181818182,100,12.368972746331236,0.4192872117400419,37.106918238993714,3,100,Q3,150 a 299 matrículas,TRUE,47,33,70.2127659574468,67.96969696969697,15.272727272727272,30.515151515151516,54.21212121212121,45,41,91.11111111111111,22.536585365853657,70.90243902439025,17.048780487804876,12.048780487804878,37,20.89834515366431,-45.433111603843315,55.629711751662974,-13.46637102734664,-42.163340724316335,-4.25531914893617,24.24242424242424,Aumento de participação igual ou superior a 10 p.p.,2,2,TRUE,TRUE,TRUE,TRUE,0,-2,8,TRUE,FALSE,FALSE,TRUE,FALSE,FALSE,FALSE,FALSE,EMEF PORTO NOVO,exata_normalizada,consolidado,,rede_municipal_direta_ou_nao_classificada,0,TRUE,FALSE,FALSE,FALSE,rede_municipal_direta,Rede municipal direta em 2024,codigo_inep_consolidado,2024,Censo Escolar/INEP via Base dos Dados,TRUE,3,,1,0,1,0,,,,150 a 299 matrículas,1,2024,RS,4314902,1,1,1,1,1,0,0,1,477,82,395,237,46,45,53,45,48,158,0,59,59,0,235,242,275,89,87,1,1,24,395,237,158,2,59,49,33,28,59,22,18,10,8,18,,28,1,14,1,1,1,1,1,1,0,1,1,1,1,1,1,1,0,1,1,1,0,1,1,1,1,1,1,,,594,2,1,2,1,1,0,5,TRUE,TRUE,TRUE,FALSE,TRUE,10,10,TRUE,TRUE,1,3,FALSE,FALSE,FALSE,FALSE,FALSE,FALSE,FALSE,Rede municipal direta em 2024,FALSE,,TRUE,FALSE,Rede municipal direta em 2024,FALSE,,TRUE,,sem_revisao_necessaria,,,,Rede municipal direta em 2024,TRUE,TRUE,TRUE,1a_avaliacao_formativa,1a_avaliacao_formativa,linha_base_pre_programa,pos_inicio_programa,regra temporal pre-programa registrada no painel,declaracao formal,,2026-07-24,regra temporal preexistente do projeto,Marian Dante - assessora UEF/SMED,5.4680601411351315
ESC_036,43108563,TRUE,EMEF PRES JOAO BELCHIOR MARQUES GOULART,EMEF PRES JOAO BELCHIOR MARQUES GOULART,EMEF PRES JOAO BELCHIOR MARQUES GOULART,marian,marian,SIM,SIM,NA_APLICAVEL,SIM,NAO,SIM,0,1,,marian,SEM_CARGA_DO_PROGRAMA,ATIVA,LINHA_BASE_PRE_PROGRAMA,ASSESSORADA,TRUE,TRUE,FALSE,TRUE,FALSE,TRUE,FALSE,FALSE,REGRA_TEMPORAL_CONFIRMADA,HOMOLOGADO,2025_1a_avaliacao_formativa_linha_base,2026-07-24_v1,1,Língua Portuguesa,TRUE,TRUE,TRUE,TRUE,TRUE,TRUE,TRUE,TRUE,TRUE,TRUE,Rede municipal direta em 2024,rede_municipal_direta_ou_nao_classificada,rede_municipal_direta,Municipal,Em atividade,FALSE,FALSE,358,18,23,19.88888888888889,15.565217391304348,4.4692737430167595,9.74124809741248,0.60882800608828,35.31202435312024,3,100,Q3,300 a 499 matrículas,TRUE,59,31,52.54237288135593,95.19354838709675,0,3.096774193548387,96.90322580645162,83,71,85.5421686746988,24.802816901408452,67.52112676056338,20.056338028169016,12.95774647887324,51,32.99979579334287,-70.39073148568832,67.52112676056338,16.959563834620628,-83.94547932757837,40.67796610169491,129.03225806451613,Mudança relevante no público previsto e aumento de participação,3,4,TRUE,TRUE,TRUE,TRUE,1,24,40,FALSE,FALSE,FALSE,TRUE,FALSE,TRUE,FALSE,FALSE,EMEF PRES JOAO BELCHIOR MARQUES GOULART,exata_normalizada,consolidado,,rede_municipal_direta_ou_nao_classificada,0,TRUE,FALSE,FALSE,FALSE,rede_municipal_direta,Rede municipal direta em 2024,codigo_inep_consolidado,2024,Censo Escolar/INEP via Base dos Dados,TRUE,3,,1,0,1,0,,,,300 a 499 matrículas,2,2024,RS,4314902,1,1,1,1,1,0,0,1,657,67,590,358,72,71,88,59,68,232,0,64,64,0,290,367,416,79,152,0,1,9,17,16,1,4,41,35,23,16,40,33,29,18,11,0,,23,0,8,1,1,1,1,1,1,0,1,1,1,1,1,1,1,1,1,0,0,0,1,1,1,1,1,1,,,443,0,1,1,2,1,0,5,TRUE,TRUE,TRUE,FALSE,TRUE,10,10,TRUE,TRUE,1,3,FALSE,FALSE,FALSE,FALSE,FALSE,FALSE,FALSE,Rede municipal direta em 2024,FALSE,,TRUE,FALSE,Rede municipal direta em 2024,FALSE,,TRUE,,sem_revisao_necessaria,,,,Rede municipal direta em 2024,TRUE,TRUE,TRUE,1a_avaliacao_formativa,1a_avaliacao_formativa,linha_base_pre_programa,pos_inicio_programa,regra temporal pre-programa registrada no painel,declaracao formal,,2026-07-24,regra temporal preexistente do projeto,Marian Dante - assessora UEF/SMED,5.8805329864007
ESC_037,43105530,TRUE,EMEF PRESIDENTE VARGAS,EMEF PRESIDENTE VARGAS,EMEF PRESIDENTE VARGAS,eliane,eliane,SIM,SIM,NA_APLICAVEL,SIM,NAO,SIM,0,1,,eliane,SEM_CARGA_DO_PROGRAMA,ATIVA,LINHA_BASE_PRE_PROGRAMA,ASSESSORADA,TRUE,TRUE,FALSE,TRUE,FALSE,TRUE,FALSE,FALSE,REGRA_TEMPORAL_CONFIRMADA,HOMOLOGADO,2025_1a_avaliacao_formativa_linha_base,2026-07-24_v1,1,Língua Portuguesa,TRUE,TRUE,TRUE,TRUE,TRUE,TRUE,TRUE,TRUE,TRUE,TRUE,Rede municipal direta em 2024,rede_municipal_direta_ou_nao_classificada,rede_municipal_direta,Municipal,Em atividade,FALSE,FALSE,239,11,18,21.727272727272727,13.27777777777778,43.93305439330544,11.009174311926603,3.2110091743119265,38.99082568807339,2,80,Q1 — menor infraestrutura,150 a 299 matrículas,TRUE,47,38,80.85106382978724,51.421052631578945,31.73684210526316,31.63157894736842,36.63157894736842,45,37,82.22222222222223,26.18918918918919,67.48648648648648,21.10810810810811,11.945945945945946,37.5,1.3711583924349924,-25.231863442389756,35.74964438122333,-10.523470839260312,-24.68563300142247,-4.25531914893617,-2.6315789473684212,Sem alerta principal de composição,2,2,TRUE,TRUE,TRUE,TRUE,0,-2,-1,TRUE,TRUE,FALSE,FALSE,FALSE,FALSE,FALSE,FALSE,EMEF PRESIDENTE VARGAS,exata_normalizada,consolidado,,rede_municipal_direta_ou_nao_classificada,0,TRUE,FALSE,FALSE,FALSE,rede_municipal_direta,Rede municipal direta em 2024,codigo_inep_consolidado,2024,Censo Escolar/INEP via Base dos Dados,TRUE,3,,1,0,1,0,,,,150 a 299 matrículas,1,2024,RS,4314902,1,0,1,1,1,0,0,1,436,0,436,239,45,46,52,57,39,197,0,48,48,0,209,227,266,78,92,0,0,0,141,105,36,14,33,33,18,18,31,20,20,11,9,0,,15,0,3,1,1,1,1,1,1,1,1,0,1,0,1,0,1,0,1,0,0,0,1,1,1,0,1,1,,,384,0,1,2,0,0,0,4,FALSE,TRUE,TRUE,FALSE,TRUE,10,8,TRUE,TRUE,1,3,FALSE,FALSE,FALSE,FALSE,FALSE,FALSE,FALSE,Rede municipal direta em 2024,FALSE,,TRUE,FALSE,Rede municipal direta em 2024,FALSE,,TRUE,,sem_revisao_necessaria,,,,Rede municipal direta em 2024,TRUE,TRUE,TRUE,1a_avaliacao_formativa,1a_avaliacao_formativa,linha_base_pre_programa,pos_inicio_programa,regra temporal pre-programa registrada no painel,declaracao formal,,2026-07-24,regra temporal preexistente do projeto,Marian Dante - assessora UEF/SMED,5.476463551931511
ESC_038,43109195,TRUE,EMEF PROF ANA IRIS DO AMARAL,EMEF PROF ANA IRIS DO AMARAL,EMEF PROF ANA IRIS DO AMARAL,eliane,eliane,SIM,SIM,NA_APLICAVEL,SIM,NAO,SIM,0,1,,eliane,SEM_CARGA_DO_PROGRAMA,ATIVA,LINHA_BASE_PRE_PROGRAMA,ASSESSORADA,TRUE,TRUE,FALSE,TRUE,FALSE,TRUE,FALSE,FALSE,REGRA_TEMPORAL_CONFIRMADA,HOMOLOGADO,2025_1a_avaliacao_formativa_linha_base,2026-07-24_v1,1,Língua Portuguesa,TRUE,TRUE,TRUE,TRUE,TRUE,TRUE,TRUE,TRUE,TRUE,TRUE,Rede municipal direta em 2024,rede_municipal_direta_ou_nao_classificada,rede_municipal_direta,Municipal,Em atividade,FALSE,FALSE,224,10,21,22.4,10.666666666666666,100,11.442786069651742,6.218905472636816,34.32835820895522,3,70,Q1 — menor infraestrutura,150 a 299 matrículas,TRUE,48,33,68.75,62,17.848484848484848,27.424242424242426,54.21212121212121,40,36,90,55.44444444444444,22.555555555555557,38.333333333333336,38.55555555555556,34.5,21.25,-6.555555555555557,4.707070707070709,10.90909090909091,-15.656565656565654,-16.666666666666668,9.090909090909092,Aumento de participação igual ou superior a 10 p.p.,2,2,TRUE,TRUE,TRUE,TRUE,0,-8,3,FALSE,FALSE,FALSE,TRUE,FALSE,FALSE,FALSE,FALSE,EMEF PROF ANA IRIS DO AMARAL,exata_normalizada,consolidado,,rede_municipal_direta_ou_nao_classificada,0,TRUE,FALSE,FALSE,FALSE,rede_municipal_direta,Rede municipal direta em 2024,codigo_inep_consolidado,2024,Censo Escolar/INEP via Base dos Dados,TRUE,3,,1,0,1,0,,,,150 a 299 matrículas,1,2024,RS,4314902,1,1,1,1,1,0,0,1,402,34,368,224,46,47,45,43,43,144,0,46,46,0,200,202,251,74,62,0,2,13,231,224,7,25,35,31,21,13,35,20,18,10,8,10,,20,0,0,1,1,1,1,1,1,0,0,0,1,0,1,1,1,0,0,0,0,1,1,0,1,1,1,1,,,340,2,0,1,0,0,0,8,TRUE,TRUE,TRUE,FALSE,TRUE,10,7,TRUE,FALSE,1,3,FALSE,FALSE,FALSE,FALSE,FALSE,FALSE,FALSE,Rede municipal direta em 2024,FALSE,,TRUE,FALSE,Rede municipal direta em 2024,FALSE,,TRUE,,sem_revisao_necessaria,,,,Rede municipal direta em 2024,TRUE,TRUE,TRUE,1a_avaliacao_formativa,1a_avaliacao_formativa,linha_base_pre_programa,pos_inicio_programa,regra temporal pre-programa registrada no painel,declaracao formal,,2026-07-24,regra temporal preexistente do projeto,Marian Dante - assessora UEF/SMED,5.4116460518550396
ESC_039,43172490,TRUE,EMEF PROF ANISIO TEIXEIRA,EMEF PROF ANISIO TEIXEIRA,EMEF PROF ANISIO TEIXEIRA,andreia,andreia,SIM,SIM,NA_APLICAVEL,SIM,NAO,SIM,0,1,,andreia,SEM_CARGA_DO_PROGRAMA,ATIVA,LINHA_BASE_PRE_PROGRAMA,ASSESSORADA,TRUE,TRUE,FALSE,TRUE,FALSE,TRUE,FALSE,FALSE,REGRA_TEMPORAL_CONFIRMADA,HOMOLOGADO,2025_1a_avaliacao_formativa_linha_base,2026-07-24_v1,1,Língua Portuguesa,TRUE,TRUE,TRUE,TRUE,TRUE,TRUE,TRUE,TRUE,TRUE,TRUE,Rede municipal direta em 2024,rede_municipal_direta_ou_nao_classificada,rede_municipal_direta,Municipal,Em atividade,FALSE,FALSE,471,19,27,24.789473684210527,17.444444444444443,11.46496815286624,10.571428571428571,5.714285714285714,18.571428571428573,3,100,Q3,300 a 499 matrículas,TRUE,77,61,79.22077922077922,67.73770491803279,16.442622950819672,27.868852459016395,55.75409836065574,73,67,91.78082191780824,48.44776119402985,33.02985074626866,40.134328358208954,27.16417910447761,64,12.560042697029004,-19.28994372400294,16.587227795448985,12.26547589919256,-28.589919256178128,-5.194805194805195,9.836065573770492,Aumento de participação igual ou superior a 10 p.p.,4,4,TRUE,TRUE,TRUE,TRUE,0,-4,6,TRUE,FALSE,FALSE,TRUE,FALSE,FALSE,FALSE,FALSE,EMEF PROF ANISIO TEIXEIRA,exata_normalizada,consolidado,,rede_municipal_direta_ou_nao_classificada,0,TRUE,FALSE,FALSE,FALSE,rede_municipal_direta,Rede municipal direta em 2024,codigo_inep_consolidado,2024,Censo Escolar/INEP via Base dos Dados,TRUE,3,,1,0,1,0,,,,300 a 499 matrículas,3,2024,RS,4314902,1,0,1,1,1,0,1,1,1050,0,945,471,59,76,99,132,105,474,105,111,111,0,484,566,631,88,106,1,1,223,100,54,46,60,54,50,27,27,53,40,36,19,17,0,,19,0,0,1,1,1,1,1,1,1,1,1,1,1,1,1,0,0,0,0,0,0,1,1,1,1,1,1,,,636,10,2,1,1,1,0,6,FALSE,TRUE,TRUE,TRUE,TRUE,10,10,TRUE,FALSE,1,3,FALSE,FALSE,FALSE,FALSE,FALSE,FALSE,FALSE,Rede municipal direta em 2024,FALSE,,TRUE,FALSE,Rede municipal direta em 2024,FALSE,,TRUE,,sem_revisao_necessaria,,,,Rede municipal direta em 2024,TRUE,TRUE,TRUE,1a_avaliacao_formativa,1a_avaliacao_formativa,linha_base_pre_programa,pos_inicio_programa,regra temporal pre-programa registrada no painel,declaracao formal,,2026-07-24,regra temporal preexistente do projeto,Marian Dante - assessora UEF/SMED,6.154858094016418
ESC_040,43109071,TRUE,EMEF PROF GILBERTO JORGE GONCALVES DA SILVA,EMEF PROF GILBERTO JORGE GONCALVES DA SILVA,EMEF PROF GILBERTO JORGE GONCALVES DA SILVA,ruti,ruti,SIM,SIM,NA_APLICAVEL,SIM,NAO,SIM,0,1,,ruti,SEM_CARGA_DO_PROGRAMA,ATIVA,LINHA_BASE_PRE_PROGRAMA,ASSESSORADA,TRUE,TRUE,FALSE,TRUE,FALSE,TRUE,FALSE,FALSE,REGRA_TEMPORAL_CONFIRMADA,HOMOLOGADO,2025_1a_avaliacao_formativa_linha_base,2026-07-24_v1,1,Língua Portuguesa,TRUE,TRUE,TRUE,TRUE,TRUE,TRUE,TRUE,TRUE,TRUE,TRUE,Rede municipal direta em 2024,rede_municipal_direta_ou_nao_classificada,rede_municipal_direta,Municipal,Em atividade,FALSE,FALSE,109,5,19,21.8,5.7368421052631575,100,18.867924528301888,0,27.83018867924528,3,80,Q1 — menor infraestrutura,Até 149 matrículas,TRUE,23,13,56.52173913043478,94,0,8,92,22,21,95.45454545454544,36,44,44,11,17,38.93280632411067,-58,44,36,-81,-4.3478260869565215,61.53846153846154,Aumento de participação igual ou superior a 10 p.p.,1,1,TRUE,TRUE,TRUE,TRUE,0,-1,8,FALSE,FALSE,FALSE,TRUE,FALSE,FALSE,TRUE,FALSE,EMEF PROF GILBERTO JORGE GONCALVES DA SILVA,exata_normalizada,consolidado,,rede_municipal_direta_ou_nao_classificada,0,TRUE,FALSE,FALSE,FALSE,rede_municipal_direta,Rede municipal direta em 2024,codigo_inep_consolidado,2024,Censo Escolar/INEP via Base dos Dados,TRUE,3,,1,0,1,0,,,,Até 149 matrículas,1,2024,RS,4314902,1,1,1,1,1,0,0,1,212,36,176,109,23,22,24,19,21,67,0,40,40,0,106,106,150,27,32,0,0,3,176,109,67,0,31,28,19,16,31,11,9,5,4,9,,16,0,6,1,1,1,1,1,1,0,1,0,0,0,1,1,0,1,1,0,0,0,1,1,1,1,1,1,,,217,3,1,2,1,0,0,3,TRUE,TRUE,TRUE,FALSE,TRUE,10,8,TRUE,TRUE,1,3,FALSE,FALSE,FALSE,FALSE,FALSE,FALSE,FALSE,Rede municipal direta em 2024,FALSE,,TRUE,FALSE,Rede municipal direta em 2024,FALSE,,TRUE,,sem_revisao_necessaria,,,,Rede municipal direta em 2024,TRUE,TRUE,TRUE,1a_avaliacao_formativa,1a_avaliacao_formativa,linha_base_pre_programa,pos_inicio_programa,regra temporal pre-programa registrada no painel,declaracao formal,,2026-07-24,regra temporal preexistente do projeto,Marian Dante - assessora UEF/SMED,4.6913478822291435
ESC_041,43109055,TRUE,EMEF PROF JUDITH MACEDO DE ARAUJO,EMEF PROF JUDITH MACEDO DE ARAUJO,EMEF PROF JUDITH MACEDO DE ARAUJO,graziela,graziela,SIM,SIM,NA_APLICAVEL,SIM,NAO,SIM,0,1,,graziela,SEM_CARGA_DO_PROGRAMA,ATIVA,LINHA_BASE_PRE_PROGRAMA,ASSESSORADA,TRUE,TRUE,FALSE,TRUE,FALSE,TRUE,FALSE,FALSE,REGRA_TEMPORAL_CONFIRMADA,HOMOLOGADO,2025_1a_avaliacao_formativa_linha_base,2026-07-24_v1,1,Língua Portuguesa,TRUE,TRUE,TRUE,TRUE,TRUE,TRUE,TRUE,TRUE,TRUE,TRUE,Rede municipal direta em 2024,rede_municipal_direta_ou_nao_classificada,rede_municipal_direta,Municipal,Em atividade,FALSE,FALSE,367,14,19,26.214285714285715,19.31578947368421,14.168937329700272,6.004901960784314,0,41.1764705882353,3,100,Q3,300 a 499 matrículas,TRUE,81,69,85.18518518518519,49.492753623188406,34.81159420289855,24.753623188405797,40.68115942028985,87,71,81.60919540229885,11.112676056338028,81.28169014084507,17.3943661971831,1.5774647887323945,70,-3.5759897828863387,-38.380077566850375,46.470095937946525,-7.359256991222697,-39.10369463155746,7.407407407407407,2.898550724637681,Sem alerta principal de composição,4,4,TRUE,TRUE,TRUE,TRUE,0,6,2,TRUE,TRUE,FALSE,FALSE,FALSE,FALSE,FALSE,FALSE,EMEF PROF JUDITH MACEDO DE ARAUJO,exata_normalizada,consolidado,,rede_municipal_direta_ou_nao_classificada,0,TRUE,FALSE,FALSE,FALSE,rede_municipal_direta,Rede municipal direta em 2024,codigo_inep_consolidado,2024,Censo Escolar/INEP via Base dos Dados,TRUE,3,,1,0,1,0,,,,300 a 499 matrículas,2,2024,RS,4314902,1,0,1,1,1,0,1,1,816,0,714,367,70,76,78,57,86,347,102,49,49,0,388,428,456,171,164,1,1,23,83,52,31,0,46,38,19,23,45,35,27,14,13,0,,13,0,13,1,1,1,1,1,1,0,1,1,1,0,1,1,1,1,1,1,0,0,1,1,1,0,1,1,,,349,0,3,1,0,0,0,7,FALSE,TRUE,TRUE,TRUE,TRUE,10,10,TRUE,TRUE,1,3,FALSE,FALSE,FALSE,FALSE,FALSE,FALSE,FALSE,Rede municipal direta em 2024,FALSE,,TRUE,FALSE,Rede municipal direta em 2024,FALSE,,TRUE,,sem_revisao_necessaria,,,,Rede municipal direta em 2024,TRUE,TRUE,TRUE,1a_avaliacao_formativa,1a_avaliacao_formativa,linha_base_pre_programa,pos_inicio_programa,regra temporal pre-programa registrada no painel,declaracao formal,,2026-07-24,regra temporal preexistente do projeto,Marian Dante - assessora UEF/SMED,5.905361848054571
ESC_042,43109098,TRUE,EMEF PROF LARRY JOSE RIBEIRO ALVES,EMEF PROF LARRY JOSE RIBEIRO ALVES,EMEF PROF LARRY JOSE RIBEIRO ALVES,amanda,amanda,SIM,SIM,NA_APLICAVEL,SIM,NAO,SIM,0,1,,amanda,SEM_CARGA_DO_PROGRAMA,ATIVA,LINHA_BASE_PRE_PROGRAMA,ASSESSORADA,TRUE,TRUE,FALSE,TRUE,FALSE,TRUE,FALSE,FALSE,REGRA_TEMPORAL_CONFIRMADA,HOMOLOGADO,2025_1a_avaliacao_formativa_linha_base,2026-07-24_v1,1,Língua Portuguesa,TRUE,TRUE,TRUE,TRUE,TRUE,TRUE,TRUE,TRUE,TRUE,TRUE,Rede municipal direta em 2024,rede_municipal_direta_ou_nao_classificada,rede_municipal_direta,Municipal,Em atividade,FALSE,FALSE,420,16,22,26.25,19.09090909090909,21.19047619047619,6.1946902654867255,4.424778761061947,35.01896333754741,2,100,Q3,300 a 499 matrículas,TRUE,86,61,70.93023255813954,43.91803278688525,40.704918032786885,31.114754098360656,27.688524590163933,84,68,80.95238095238095,25.86764705882353,67.04411764705883,18.88235294117647,14.338235294117649,64.5,10.022148394241412,-18.05038572806172,26.33919961427194,-12.232401157184183,-13.350289296046286,-2.3255813953488373,11.475409836065571,Aumento de participação igual ou superior a 10 p.p.,4,4,TRUE,TRUE,TRUE,TRUE,0,-2,7,TRUE,FALSE,FALSE,TRUE,FALSE,FALSE,FALSE,FALSE,EMEF PROF LARRY JOSE RIBEIRO ALVES,exata_normalizada,consolidado,,rede_municipal_direta_ou_nao_classificada,0,TRUE,FALSE,FALSE,FALSE,rede_municipal_direta,Rede municipal direta em 2024,codigo_inep_consolidado,2024,Censo Escolar/INEP via Base dos Dados,TRUE,3,,1,0,1,0,,,,300 a 499 matrículas,3,2024,RS,4314902,1,0,1,1,1,0,0,1,791,0,791,420,72,80,102,83,83,371,0,49,49,0,359,432,447,155,121,3,1,64,122,89,33,35,38,38,22,21,36,30,30,16,14,0,,20,2,6,1,1,1,1,1,1,0,1,1,1,1,1,1,0,1,1,1,0,0,1,1,1,1,1,1,,,380,2,1,2,2,3,0,3,FALSE,TRUE,TRUE,FALSE,TRUE,10,10,TRUE,TRUE,1,3,FALSE,FALSE,FALSE,FALSE,FALSE,FALSE,FALSE,Rede municipal direta em 2024,FALSE,,TRUE,FALSE,Rede municipal direta em 2024,FALSE,,TRUE,,sem_revisao_necessaria,,,,Rede municipal direta em 2024,TRUE,TRUE,TRUE,1a_avaliacao_formativa,1a_avaliacao_formativa,linha_base_pre_programa,pos_inicio_programa,regra temporal pre-programa registrada no painel,declaracao formal,,2026-07-24,regra temporal preexistente do projeto,Marian Dante - assessora UEF/SMED,6.040254711277414
ESC_043,43293050,TRUE,EMEF RINCAO,EMEF RINCAO,EMEF RINCAO,jalize,jalize,SIM,SIM,NA_APLICAVEL,SIM,NAO,SIM,0,1,,jalize,SEM_CARGA_DO_PROGRAMA,ATIVA,LINHA_BASE_PRE_PROGRAMA,ASSESSORADA,TRUE,TRUE,FALSE,TRUE,FALSE,TRUE,FALSE,FALSE,REGRA_TEMPORAL_CONFIRMADA,HOMOLOGADO,2025_1a_avaliacao_formativa_linha_base,2026-07-24_v1,1,Língua Portuguesa,TRUE,TRUE,TRUE,TRUE,TRUE,TRUE,TRUE,TRUE,TRUE,TRUE,Rede municipal direta em 2024,rede_municipal_direta_ou_nao_classificada,rede_municipal_direta,Municipal,Em atividade,FALSE,FALSE,270,10,17,27,15.882352941176473,0,10.061601642710473,16.427104722792606,22.38193018480493,2,80,Q1 — menor infraestrutura,150 a 299 matrículas,TRUE,45,34,75.55555555555556,87.47058823529412,6.117647058823529,6.117647058823529,88.23529411764706,47,39,82.97872340425532,44.12820512820513,44.41025641025641,23.94871794871795,31.153846153846153,36.5,7.423167848699762,-43.342383107088985,38.29260935143288,17.83107088989442,-57.081447963800905,4.444444444444445,14.705882352941176,Sem alerta principal de composição,2,2,TRUE,TRUE,TRUE,TRUE,0,2,5,TRUE,FALSE,FALSE,FALSE,FALSE,FALSE,FALSE,FALSE,EMEF RINCAO,exata_normalizada,consolidado,,rede_municipal_direta_ou_nao_classificada,0,TRUE,FALSE,FALSE,FALSE,rede_municipal_direta,Rede municipal direta em 2024,codigo_inep_consolidado,2024,Censo Escolar/INEP via Base dos Dados,TRUE,3,,1,0,1,0,,,,150 a 299 matrículas,2,2024,RS,4314902,1,0,1,1,1,0,0,1,487,0,487,270,47,52,57,57,57,217,0,49,49,0,221,266,348,41,68,0,0,30,5,0,5,80,28,28,17,15,28,18,18,10,8,0,,9,1,8,1,1,1,1,1,1,0,0,1,1,0,1,0,1,1,0,0,0,0,1,1,1,1,1,1,,,220,1,2,0,0,5,0,4,FALSE,TRUE,TRUE,FALSE,TRUE,10,8,TRUE,TRUE,1,3,FALSE,FALSE,FALSE,FALSE,FALSE,FALSE,FALSE,Rede municipal direta em 2024,FALSE,,TRUE,FALSE,Rede municipal direta em 2024,FALSE,,TRUE,,sem_revisao_necessaria,,,,Rede municipal direta em 2024,TRUE,TRUE,TRUE,1a_avaliacao_formativa,1a_avaliacao_formativa,linha_base_pre_programa,pos_inicio_programa,regra temporal pre-programa registrada no painel,declaracao formal,,2026-07-24,regra temporal preexistente do projeto,Marian Dante - assessora UEF/SMED,5.598421958998375
ESC_044,43167179,TRUE,EMEF SAINT HILAIRE,EMEF SAINT HILAIRE,EMEF SAINT HILAIRE,andreia,andreia,SIM,SIM,NA_APLICAVEL,SIM,NAO,SIM,0,1,,andreia,SEM_CARGA_DO_PROGRAMA,ATIVA,LINHA_BASE_PRE_PROGRAMA,ASSESSORADA,TRUE,TRUE,FALSE,TRUE,FALSE,TRUE,FALSE,FALSE,REGRA_TEMPORAL_CONFIRMADA,HOMOLOGADO,2025_1a_avaliacao_formativa_linha_base,2026-07-24_v1,1,Língua Portuguesa,TRUE,TRUE,TRUE,TRUE,TRUE,TRUE,TRUE,TRUE,TRUE,TRUE,Rede municipal direta em 2024,rede_municipal_direta_ou_nao_classificada,rede_municipal_direta,Municipal,Em atividade,FALSE,FALSE,494,22,30,22.454545454545453,16.466666666666665,5.668016194331984,12.261306532663315,3.5175879396984926,33.266331658291456,4,90,Q2,300 a 499 matrículas,TRUE,75,51,68,51.09803921568628,33.431372549019606,31.45098039215686,35.431372549019606,87,71,81.60919540229885,26.380281690140844,66.26760563380282,28.183098591549296,6.126760563380282,61,13.609195402298852,-24.717757525545434,32.83623308478321,-3.267881800607565,-29.30461198563933,16,39.21568627450981,Aumento de participação igual ou superior a 10 p.p.,4,4,TRUE,TRUE,TRUE,TRUE,0,12,20,FALSE,FALSE,FALSE,TRUE,FALSE,FALSE,FALSE,FALSE,EMEF SAINT HILAIRE,exata_normalizada,consolidado,,rede_municipal_direta_ou_nao_classificada,0,TRUE,FALSE,FALSE,FALSE,rede_municipal_direta,Rede municipal direta em 2024,codigo_inep_consolidado,2024,Censo Escolar/INEP via Base dos Dados,TRUE,3,,1,0,1,0,,,,300 a 499 matrículas,4,2024,RS,4314902,1,1,1,1,1,0,1,1,995,17,877,494,86,90,124,102,92,383,101,122,122,0,477,518,603,162,169,2,0,59,59,28,31,35,57,53,30,29,56,48,40,22,18,0,,21,0,0,1,1,1,1,1,1,0,1,0,1,1,1,1,0,1,0,0,0,0,1,1,1,1,1,1,,,458,0,2,1,0,0,0,4,TRUE,TRUE,TRUE,TRUE,TRUE,10,9,TRUE,TRUE,1,3,FALSE,FALSE,FALSE,FALSE,FALSE,FALSE,FALSE,Rede municipal direta em 2024,FALSE,,TRUE,FALSE,Rede municipal direta em 2024,FALSE,,TRUE,,sem_revisao_necessaria,,,,Rede municipal direta em 2024,TRUE,TRUE,TRUE,1a_avaliacao_formativa,1a_avaliacao_formativa,linha_base_pre_programa,pos_inicio_programa,regra temporal pre-programa registrada no painel,declaracao formal,,2026-07-24,regra temporal preexistente do projeto,Marian Dante - assessora UEF/SMED,6.202535517187923
ESC_045,43167535,TRUE,EMEF SAO PEDRO,EMEF SAO PEDRO,EMEF SAO PEDRO,marian,marian,SIM,SIM,NA_APLICAVEL,SIM,NAO,SIM,0,1,,marian,SEM_CARGA_DO_PROGRAMA,ATIVA,LINHA_BASE_PRE_PROGRAMA,ASSESSORADA,TRUE,TRUE,FALSE,TRUE,FALSE,TRUE,FALSE,FALSE,REGRA_TEMPORAL_CONFIRMADA,HOMOLOGADO,2025_1a_avaliacao_formativa_linha_base,2026-07-24_v1,1,Língua Portuguesa,TRUE,TRUE,TRUE,TRUE,TRUE,TRUE,TRUE,TRUE,TRUE,TRUE,Rede municipal direta em 2024,rede_municipal_direta_ou_nao_classificada,rede_municipal_direta,Municipal,Em atividade,FALSE,FALSE,477,22,31,21.681818181818183,15.387096774193548,5.031446540880503,6.70611439842209,5.029585798816568,26.52859960552268,4,100,Q3,300 a 499 matrículas,TRUE,95,82,86.3157894736842,38.6219512195122,50.08536585365854,19.4390243902439,30.24390243902439,95,68,71.57894736842105,39.22058823529411,51.294117647058826,22.808823529411764,26.176470588235293,75,-14.73684210526315,0.5986370157819181,1.208751793400289,3.369799139167863,-4.067431850789095,0,-17.073170731707318,Queda de participação igual ou superior a 10 p.p.,4,4,TRUE,TRUE,TRUE,TRUE,0,0,-14,TRUE,FALSE,FALSE,FALSE,TRUE,FALSE,FALSE,FALSE,EMEF SAO PEDRO,exata_normalizada,consolidado,,rede_municipal_direta_ou_nao_classificada,0,TRUE,FALSE,FALSE,FALSE,rede_municipal_direta,Rede municipal direta em 2024,codigo_inep_consolidado,2024,Censo Escolar/INEP via Base dos Dados,TRUE,3,,1,0,1,0,,,,300 a 499 matrículas,3,2024,RS,4314902,1,1,1,1,1,0,1,1,1014,25,843,477,98,92,95,94,98,366,146,68,68,0,500,514,503,149,117,2,3,240,54,24,30,51,55,49,31,24,53,45,38,22,16,0,,23,0,4,1,1,1,1,1,1,1,1,1,1,1,1,1,0,0,1,0,0,0,1,1,1,1,1,1,,,3,0,3,3,0,0,0,15,TRUE,TRUE,TRUE,TRUE,TRUE,10,10,TRUE,TRUE,1,3,FALSE,FALSE,FALSE,FALSE,FALSE,FALSE,FALSE,Rede municipal direta em 2024,FALSE,,TRUE,FALSE,Rede municipal direta em 2024,FALSE,,TRUE,,sem_revisao_necessaria,,,,Rede municipal direta em 2024,TRUE,TRUE,TRUE,1a_avaliacao_formativa,1a_avaliacao_formativa,linha_base_pre_programa,pos_inicio_programa,regra temporal pre-programa registrada no painel,declaracao formal,,2026-07-24,regra temporal preexistente do projeto,Marian Dante - assessora UEF/SMED,6.1675164908883415
ESC_046,43107842,TRUE,EMEF SEN ALBERTO PASQUALINI,EMEF SEN ALBERTO PASQUALINI,EMEF SEN ALBERTO PASQUALINI,julia,julia,SIM,SIM,NA_APLICAVEL,SIM,NAO,SIM,0,1,,julia,SEM_CARGA_DO_PROGRAMA,ATIVA,LINHA_BASE_PRE_PROGRAMA,ASSESSORADA,TRUE,TRUE,FALSE,TRUE,FALSE,TRUE,FALSE,FALSE,REGRA_TEMPORAL_CONFIRMADA,HOMOLOGADO,2025_1a_avaliacao_formativa_linha_base,2026-07-24_v1,1,Língua Portuguesa,TRUE,TRUE,TRUE,TRUE,TRUE,TRUE,TRUE,TRUE,TRUE,TRUE,Rede municipal direta em 2024,rede_municipal_direta_ou_nao_classificada,rede_municipal_direta,Municipal,Em atividade,FALSE,FALSE,535,21,32,25.47619047619047,16.71875,17.94392523364486,9.370314842578711,4.72263868065967,31.93403298350825,3,90,Q2,500 matrículas ou mais,TRUE,66,42,63.63636363636363,48.523809523809526,35.95238095238095,26.095238095238095,38.30952380952381,86,66,76.74418604651163,56.93939393939394,27.10606060606061,34.803030303030305,38.09090909090909,54,13.107822410147996,8.415584415584412,-8.846320346320343,8.70779220779221,-0.2186147186147167,30.303030303030305,57.142857142857146,Mudança relevante no público previsto e aumento de participação,3,4,TRUE,TRUE,TRUE,TRUE,1,20,24,FALSE,FALSE,FALSE,TRUE,FALSE,TRUE,FALSE,FALSE,EMEF SEN ALBERTO PASQUALINI,exata_normalizada,consolidado,,rede_municipal_direta_ou_nao_classificada,0,TRUE,FALSE,FALSE,FALSE,rede_municipal_direta,Rede municipal direta em 2024,codigo_inep_consolidado,2024,Censo Escolar/INEP via Base dos Dados,TRUE,3,,1,0,1,0,,,,500 matrículas ou mais,4,2024,RS,4314902,1,0,1,1,1,0,1,1,1334,0,1006,535,74,100,117,133,111,471,328,125,125,0,653,681,726,220,204,1,2,181,141,96,45,63,65,57,32,31,65,45,38,21,17,0,,26,0,8,1,1,1,1,1,1,0,1,0,1,1,1,1,0,1,1,0,0,0,1,1,1,1,1,1,,,326,0,2,3,0,0,0,4,FALSE,TRUE,TRUE,TRUE,TRUE,10,9,TRUE,TRUE,1,3,FALSE,FALSE,FALSE,FALSE,FALSE,FALSE,FALSE,Rede municipal direta em 2024,FALSE,,TRUE,FALSE,Rede municipal direta em 2024,FALSE,,TRUE,,sem_revisao_necessaria,,,,Rede municipal direta em 2024,TRUE,TRUE,TRUE,1a_avaliacao_formativa,1a_avaliacao_formativa,linha_base_pre_programa,pos_inicio_programa,regra temporal pre-programa registrada no painel,declaracao formal,,2026-07-24,regra temporal preexistente do projeto,Marian Dante - assessora UEF/SMED,6.282266746896006
ESC_047,43189253,TRUE,EMEF TIMBAUVA,EMEF TIMBAUVA,EMEF TIMBAUVA,nathalia,nathalia,SIM,SIM,NA_APLICAVEL,SIM,NAO,SIM,0,1,,nathalia,SEM_CARGA_DO_PROGRAMA,ATIVA,LINHA_BASE_PRE_PROGRAMA,ASSESSORADA,TRUE,TRUE,FALSE,TRUE,FALSE,TRUE,FALSE,FALSE,REGRA_TEMPORAL_CONFIRMADA,HOMOLOGADO,2025_1a_avaliacao_formativa_linha_base,2026-07-24_v1,1,Língua Portuguesa,TRUE,TRUE,TRUE,TRUE,TRUE,TRUE,TRUE,TRUE,TRUE,TRUE,Rede municipal direta em 2024,rede_municipal_direta_ou_nao_classificada,rede_municipal_direta,Municipal,Em atividade,FALSE,FALSE,353,15,22,23.533333333333335,16.045454545454547,30.878186968838527,9.295774647887324,0.14084507042253522,39.57746478873239,3,80,Q1 — menor infraestrutura,300 a 499 matrículas,TRUE,57,43,75.43859649122807,40.58139534883721,53.65116279069768,16.348837209302324,30,62,56,90.3225806451613,83.39285714285714,0,32.285714285714285,67.71428571428571,49.5,14.883984153933229,42.81146179401993,-53.65116279069768,15.93687707641196,37.71428571428571,8.771929824561404,30.232558139534884,Aumento de participação igual ou superior a 10 p.p.,3,3,TRUE,TRUE,TRUE,TRUE,0,5,13,TRUE,FALSE,FALSE,TRUE,FALSE,FALSE,FALSE,FALSE,EMEF TIMBAUVA,exata_normalizada,consolidado,,rede_municipal_direta_ou_nao_classificada,0,TRUE,FALSE,FALSE,FALSE,rede_municipal_direta,Rede municipal direta em 2024,codigo_inep_consolidado,2024,Censo Escolar/INEP via Base dos Dados,TRUE,3,,1,0,1,0,,,,300 a 499 matrículas,2,2024,RS,4314902,1,1,1,1,1,0,0,1,710,82,628,353,69,63,71,76,74,275,0,66,66,0,333,377,354,99,180,0,2,75,200,109,91,1,48,43,22,23,47,31,27,15,12,0,,27,0,0,1,1,1,1,1,1,0,1,0,1,0,1,1,1,0,0,0,0,1,1,0,1,1,1,1,,,400,2,2,2,0,0,0,6,TRUE,TRUE,TRUE,FALSE,TRUE,10,8,TRUE,FALSE,1,3,FALSE,FALSE,FALSE,FALSE,FALSE,FALSE,FALSE,Rede municipal direta em 2024,FALSE,,TRUE,FALSE,Rede municipal direta em 2024,FALSE,,TRUE,,sem_revisao_necessaria,,,,Rede municipal direta em 2024,TRUE,TRUE,TRUE,1a_avaliacao_formativa,1a_avaliacao_formativa,linha_base_pre_programa,pos_inicio_programa,regra temporal pre-programa registrada no painel,declaracao formal,,2026-07-24,regra temporal preexistente do projeto,Marian Dante - assessora UEF/SMED,5.8664680569332965
ESC_048,43172482,TRUE,EMEF VER ANTONIO GIUDICE,EMEF VER ANTONIO GIUDICE,EMEF VER ANTONIO GIUDICE,clarissa,clarissa,SIM,SIM,NA_APLICAVEL,SIM,NAO,SIM,0,1,,clarissa,SEM_CARGA_DO_PROGRAMA,ATIVA,LINHA_BASE_PRE_PROGRAMA,ASSESSORADA,TRUE,TRUE,FALSE,TRUE,FALSE,TRUE,FALSE,FALSE,REGRA_TEMPORAL_CONFIRMADA,HOMOLOGADO,2025_1a_avaliacao_formativa_linha_base,2026-07-24_v1,1,Língua Portuguesa,TRUE,TRUE,TRUE,TRUE,TRUE,TRUE,TRUE,TRUE,TRUE,TRUE,Rede municipal direta em 2024,rede_municipal_direta_ou_nao_classificada,rede_municipal_direta,Municipal,Em atividade,FALSE,FALSE,404,18,27,22.444444444444443,14.962962962962964,0,9.766022380467955,12.817904374364192,30.824008138351985,3,100,Q3,300 a 499 matrículas,TRUE,87,65,74.71264367816092,60.44615384615385,27.50769230769231,21.6,50.676923076923075,89,76,85.3932584269663,37.276315789473685,47.6578947368421,30.17105263157895,22.657894736842103,70.5,10.680614748805382,-23.169838056680163,20.150202429149793,8.571052631578947,-28.01902834008097,2.2988505747126435,16.923076923076923,Aumento de participação igual ou superior a 10 p.p.,4,4,TRUE,TRUE,TRUE,TRUE,0,2,11,TRUE,FALSE,FALSE,TRUE,FALSE,FALSE,FALSE,FALSE,EMEF VER ANTONIO GIUDICE,exata_normalizada,consolidado,,rede_municipal_direta_ou_nao_classificada,0,TRUE,FALSE,FALSE,FALSE,rede_municipal_direta,Rede municipal direta em 2024,codigo_inep_consolidado,2024,Censo Escolar/INEP via Base dos Dados,TRUE,3,,1,0,1,0,,,,300 a 499 matrículas,3,2024,RS,4314902,1,0,1,1,1,0,1,1,983,0,792,404,70,63,98,72,101,388,191,96,96,0,488,495,643,123,176,0,4,37,0,0,0,126,56,49,27,28,56,41,34,18,16,0,,16,0,0,1,1,1,1,1,1,0,1,1,1,1,1,1,0,1,0,0,0,0,1,1,1,1,1,1,,,490,0,0,3,0,0,0,7,FALSE,TRUE,TRUE,TRUE,TRUE,10,10,TRUE,TRUE,1,3,FALSE,FALSE,FALSE,FALSE,FALSE,FALSE,FALSE,Rede municipal direta em 2024,FALSE,,TRUE,FALSE,Rede municipal direta em 2024,FALSE,,TRUE,,sem_revisao_necessaria,,,,Rede municipal direta em 2024,TRUE,TRUE,TRUE,1a_avaliacao_formativa,1a_avaliacao_formativa,linha_base_pre_programa,pos_inicio_programa,regra temporal pre-programa registrada no painel,declaracao formal,,2026-07-24,regra temporal preexistente do projeto,Marian Dante - assessora UEF/SMED,6.0014148779611505
ESC_049,43109080,TRUE,EMEF VER CARLOS PESSOA DE BRUM,EMEF VER CARLOS PESSOA DE BRUM,EMEF VER CARLOS PESSOA DE BRUM,priscila,priscila,SIM,SIM,NA_APLICAVEL,SIM,NAO,SIM,0,1,,priscila,SEM_CARGA_DO_PROGRAMA,ATIVA,LINHA_BASE_PRE_PROGRAMA,ASSESSORADA,TRUE,TRUE,FALSE,TRUE,FALSE,TRUE,FALSE,FALSE,REGRA_TEMPORAL_CONFIRMADA,HOMOLOGADO,2025_1a_avaliacao_formativa_linha_base,2026-07-24_v1,1,Língua Portuguesa,TRUE,TRUE,TRUE,TRUE,TRUE,TRUE,TRUE,TRUE,TRUE,TRUE,Rede municipal direta em 2024,rede_municipal_direta_ou_nao_classificada,rede_municipal_direta,Municipal,Em atividade,FALSE,FALSE,574,22,25,26.09090909090909,22.96,36.23693379790941,6.63265306122449,3.061224489795918,39.625850340136054,4,90,Q2,500 matrículas ou mais,TRUE,120,86,71.66666666666667,48.2906976744186,31.3953488372093,40.84883720930232,27.75581395348837,93,73,78.49462365591398,10.89041095890411,85,15,0,79.5,6.827956989247312,-37.4002867155145,53.6046511627907,-25.848837209302324,-27.75581395348837,-22.5,-15.116279069767442,Mudança relevante no número de estudantes previstos,5,5,TRUE,TRUE,TRUE,TRUE,0,-27,-13,TRUE,FALSE,FALSE,FALSE,FALSE,TRUE,FALSE,FALSE,EMEF VER CARLOS PESSOA DE BRUM,exata_normalizada,consolidado,,rede_municipal_direta_ou_nao_classificada,0,TRUE,FALSE,FALSE,FALSE,rede_municipal_direta,Rede municipal direta em 2024,codigo_inep_consolidado,2024,Censo Escolar/INEP via Base dos Dados,TRUE,3,,1,0,1,0,,,,500 matrículas ou mais,4,2024,RS,4314902,1,1,1,1,1,0,1,1,1176,40,1014,574,95,103,130,122,124,440,122,78,78,0,594,582,558,261,199,3,6,149,294,208,86,36,55,49,25,30,53,51,41,22,19,0,,24,0,7,1,1,1,1,1,1,0,1,1,1,1,1,0,1,1,0,0,0,0,1,1,1,1,1,1,,,489,2,3,3,2,1,0,8,TRUE,TRUE,TRUE,TRUE,TRUE,10,9,TRUE,TRUE,1,3,FALSE,FALSE,FALSE,FALSE,FALSE,FALSE,FALSE,Rede municipal direta em 2024,FALSE,,TRUE,FALSE,Rede municipal direta em 2024,FALSE,,TRUE,,sem_revisao_necessaria,,,,Rede municipal direta em 2024,TRUE,TRUE,TRUE,1a_avaliacao_formativa,1a_avaliacao_formativa,linha_base_pre_programa,pos_inicio_programa,regra temporal pre-programa registrada no painel,declaracao formal,,2026-07-24,regra temporal preexistente do projeto,Marian Dante - assessora UEF/SMED,6.352629396319567
ESC_050,43109101,TRUE,EMEF VER MARTIM ARANHA,EMEF VER MARTIM ARANHA,EMEF VER MARTIM ARANHA,priscila,priscila,SIM,SIM,NA_APLICAVEL,SIM,NAO,SIM,0,1,,priscila,SEM_CARGA_DO_PROGRAMA,ATIVA,LINHA_BASE_PRE_PROGRAMA,ASSESSORADA,TRUE,TRUE,FALSE,TRUE,FALSE,TRUE,FALSE,FALSE,REGRA_TEMPORAL_CONFIRMADA,HOMOLOGADO,2025_1a_avaliacao_formativa_linha_base,2026-07-24_v1,1,Língua Portuguesa,TRUE,TRUE,TRUE,TRUE,TRUE,TRUE,TRUE,TRUE,TRUE,TRUE,Rede municipal direta em 2024,rede_municipal_direta_ou_nao_classificada,rede_municipal_direta,Municipal,Em atividade,FALSE,FALSE,333,15,20,22.2,16.65,21.62162162162162,10.66481994459834,1.8005540166204983,45.15235457063712,4,90,Q2,300 a 499 matrículas,TRUE,55,38,69.0909090909091,58.05263157894737,23.473684210526315,31.289473684210527,44.94736842105263,71,57,80.28169014084507,10.192982456140353,89.7719298245614,6.298245614035087,4.175438596491228,47.5,11.190781049935978,-47.85964912280702,66.29824561403508,-24.99122807017544,-40.77192982456141,29.09090909090909,50,Mudança relevante no público previsto e aumento de participação,3,4,TRUE,TRUE,TRUE,TRUE,1,16,19,FALSE,FALSE,FALSE,TRUE,FALSE,TRUE,FALSE,FALSE,EMEF VER MARTIM ARANHA,exata_normalizada,consolidado,,rede_municipal_direta_ou_nao_classificada,0,TRUE,FALSE,FALSE,FALSE,rede_municipal_direta,Rede municipal direta em 2024,codigo_inep_consolidado,2024,Censo Escolar/INEP via Base dos Dados,TRUE,3,,1,0,1,0,,,,300 a 499 matrículas,2,2024,RS,4314902,1,1,1,1,1,0,1,1,722,39,575,333,65,67,74,64,63,242,108,77,77,0,365,357,373,167,157,1,2,22,100,72,28,13,43,35,20,18,42,33,26,15,11,0,,20,0,0,1,1,1,1,1,1,0,1,1,1,1,1,0,1,1,1,0,1,0,1,1,1,1,1,1,,,351,3,2,1,1,1,0,6,TRUE,TRUE,TRUE,TRUE,TRUE,10,9,TRUE,TRUE,1,3,FALSE,FALSE,FALSE,FALSE,FALSE,FALSE,FALSE,Rede municipal direta em 2024,FALSE,,TRUE,FALSE,Rede municipal direta em 2024,FALSE,,TRUE,,sem_revisao_necessaria,,,,Rede municipal direta em 2024,TRUE,TRUE,TRUE,1a_avaliacao_formativa,1a_avaliacao_formativa,linha_base_pre_programa,pos_inicio_programa,regra temporal pre-programa registrada no painel,declaracao formal,,2026-07-24,regra temporal preexistente do projeto,Marian Dante - assessora UEF/SMED,5.808142489980444
ESC_051,43175120,TRUE,EMEF VILA MONTE CRISTO,EMEF VILA MONTE CRISTO,EMEF VILA MONTE CRISTO,graziela,graziela,SIM,SIM,NA_APLICAVEL,SIM,NAO,SIM,0,1,,graziela,SEM_CARGA_DO_PROGRAMA,ATIVA,LINHA_BASE_PRE_PROGRAMA,ASSESSORADA,TRUE,TRUE,FALSE,TRUE,FALSE,TRUE,FALSE,FALSE,REGRA_TEMPORAL_CONFIRMADA,HOMOLOGADO,2025_1a_avaliacao_formativa_linha_base,2026-07-24_v1,1,Língua Portuguesa,TRUE,TRUE,TRUE,TRUE,TRUE,TRUE,TRUE,TRUE,TRUE,TRUE,Rede municipal direta em 2024,rede_municipal_direta_ou_nao_classificada,rede_municipal_direta,Municipal,Em atividade,FALSE,FALSE,454,20,29,22.7,15.655172413793103,6.387665198237886,11.580882352941176,3.4926470588235294,30.514705882352946,4,70,Q1 — menor infraestrutura,300 a 499 matrículas,TRUE,79,56,70.88607594936708,82.58928571428571,8.714285714285714,8.821428571428571,82.23214285714286,84,68,80.95238095238095,36.86764705882353,47.661764705882355,34.205882352941174,18.36764705882353,62,10.066305003013866,-45.72163865546218,38.94747899159664,25.384453781512605,-63.86449579831933,6.329113924050633,21.428571428571427,Aumento de participação igual ou superior a 10 p.p.,5,5,TRUE,TRUE,TRUE,TRUE,0,5,12,TRUE,FALSE,FALSE,TRUE,FALSE,FALSE,FALSE,FALSE,EMEF VILA MONTE CRISTO,exata_normalizada,consolidado,,rede_municipal_direta_ou_nao_classificada,0,TRUE,FALSE,FALSE,FALSE,rede_municipal_direta,Rede municipal direta em 2024,codigo_inep_consolidado,2024,Censo Escolar/INEP via Base dos Dados,TRUE,3,,1,0,1,0,,,,300 a 499 matrículas,3,2024,RS,4314902,1,1,1,1,1,0,1,1,1088,48,845,454,89,87,89,86,103,391,195,126,126,0,509,579,711,158,171,1,3,44,89,29,60,38,63,52,29,29,61,50,38,20,18,0,,36,1,0,1,1,1,0,1,1,1,0,1,1,0,1,1,1,0,1,0,0,0,1,0,1,1,1,1,,,460,11,3,3,1,2,0,11,TRUE,TRUE,TRUE,TRUE,TRUE,10,7,TRUE,TRUE,1,3,FALSE,FALSE,FALSE,FALSE,FALSE,FALSE,FALSE,Rede municipal direta em 2024,FALSE,,TRUE,FALSE,Rede municipal direta em 2024,FALSE,,TRUE,,sem_revisao_necessaria,,,,Rede municipal direta em 2024,TRUE,TRUE,TRUE,1a_avaliacao_formativa,1a_avaliacao_formativa,linha_base_pre_programa,pos_inicio_programa,regra temporal pre-programa registrada no painel,declaracao formal,,2026-07-24,regra temporal preexistente do projeto,Marian Dante - assessora UEF/SMED,6.118097198041348
ESC_052,43173721,TRUE,EMEF WENCESLAU FONTOURA,EMEF WENCESLAU FONTOURA,EMEF WENCESLAU FONTOURA,eliane,eliane,SIM,SIM,NA_APLICAVEL,SIM,NAO,SIM,0,1,,eliane,SEM_CARGA_DO_PROGRAMA,ATIVA,LINHA_BASE_PRE_PROGRAMA,ASSESSORADA,TRUE,TRUE,FALSE,TRUE,FALSE,TRUE,FALSE,FALSE,REGRA_TEMPORAL_CONFIRMADA,HOMOLOGADO,2025_1a_avaliacao_formativa_linha_base,2026-07-24_v1,1,Língua Portuguesa,TRUE,TRUE,TRUE,TRUE,TRUE,TRUE,TRUE,TRUE,TRUE,TRUE,Rede municipal direta em 2024,rede_municipal_direta_ou_nao_classificada,rede_municipal_direta,Municipal,Em atividade,FALSE,FALSE,446,17,25,26.235294117647054,17.84,34.75336322869955,9.976525821596244,0.5868544600938967,38.14553990610329,3,90,Q2,300 a 499 matrículas,TRUE,93,70,75.26881720430107,61.15714285714286,22.928571428571427,28.771428571428572,48.51428571428571,90,80,88.88888888888889,31.35,56.4375,37.0375,6.525,75,13.620071684587812,-29.807142857142857,33.50892857142857,8.26607142857143,-41.989285714285714,-3.225806451612903,14.285714285714286,Aumento de participação igual ou superior a 10 p.p.,4,4,TRUE,TRUE,TRUE,TRUE,0,-3,10,TRUE,FALSE,FALSE,TRUE,FALSE,FALSE,FALSE,FALSE,EMEF WENCESLAU FONTOURA,exata_normalizada,consolidado,,rede_municipal_direta_ou_nao_classificada,0,TRUE,FALSE,FALSE,FALSE,rede_municipal_direta,Rede municipal direta em 2024,codigo_inep_consolidado,2024,Censo Escolar/INEP via Base dos Dados,TRUE,3,,1,0,1,0,,,,300 a 499 matrículas,3,2024,RS,4314902,1,1,1,1,1,0,0,1,852,80,772,446,98,104,78,81,85,326,0,85,85,0,437,415,503,157,167,0,1,24,261,155,106,5,45,43,25,21,43,33,29,17,12,0,,27,1,0,1,1,1,1,1,1,0,0,1,1,1,1,1,1,1,0,1,0,0,1,1,1,1,1,1,,,400,0,3,2,2,1,0,5,TRUE,TRUE,TRUE,FALSE,TRUE,10,9,TRUE,TRUE,1,3,FALSE,FALSE,FALSE,FALSE,FALSE,FALSE,FALSE,Rede municipal direta em 2024,FALSE,,TRUE,FALSE,Rede municipal direta em 2024,FALSE,,TRUE,,sem_revisao_necessaria,,,,Rede municipal direta em 2024,TRUE,TRUE,TRUE,1a_avaliacao_formativa,1a_avaliacao_formativa,linha_base_pre_programa,pos_inicio_programa,regra temporal pre-programa registrada no painel,declaracao formal,,2026-07-24,regra temporal preexistente do projeto,Marian Dante - assessora UEF/SMED,6.100318952020064
ESC_053,43105246,TRUE,EMEM EMILIO MEYER,EMEM EMILIO MEYER,EMEM EMILIO MEYER,ruti,ruti,SIM,SIM,NA_APLICAVEL,SIM,NAO,SIM,0,1,,ruti,SEM_CARGA_DO_PROGRAMA,ATIVA,LINHA_BASE_PRE_PROGRAMA,ASSESSORADA,TRUE,TRUE,FALSE,TRUE,FALSE,TRUE,FALSE,FALSE,REGRA_TEMPORAL_CONFIRMADA,HOMOLOGADO,2025_1a_avaliacao_formativa_linha_base,2026-07-24_v1,1,Língua Portuguesa,TRUE,TRUE,TRUE,TRUE,TRUE,TRUE,TRUE,TRUE,TRUE,TRUE,Rede municipal direta em 2024,rede_municipal_direta_ou_nao_classificada,rede_municipal_direta,Municipal,Em atividade,FALSE,FALSE,377,18,27,20.944444444444443,13.962962962962964,0.7957559681697612,9.70873786407767,4.854368932038835,35.19417475728155,3,90,Q2,300 a 499 matrículas,TRUE,79,54,68.35443037974683,79.62962962962963,7.388888888888889,16.51851851851852,76.0925925925926,78,55,70.51282051282051,21.581818181818186,65.69090909090909,26.09090909090909,8.036363636363637,54.5,2.1583901330736808,-58.047811447811455,58.3020202020202,9.572390572390573,-68.05622895622896,-1.2658227848101269,1.851851851851852,Sem alerta principal de composição,4,4,TRUE,TRUE,TRUE,TRUE,0,-1,1,FALSE,FALSE,FALSE,FALSE,FALSE,FALSE,FALSE,FALSE,EMEM EMILIO MEYER,exata_normalizada,consolidado,,rede_municipal_direta_ou_nao_classificada,0,TRUE,FALSE,FALSE,FALSE,rede_municipal_direta,Rede municipal direta em 2024,codigo_inep_consolidado,2024,Censo Escolar/INEP via Base dos Dados,TRUE,3,,1,0,1,0,,,,300 a 499 matrículas,2,2024,RS,4314902,1,1,1,1,1,1,0,1,824,102,533,377,81,75,80,71,70,156,0,80,80,0,445,379,487,166,123,0,1,47,3,3,0,40,66,40,27,16,66,43,26,18,8,0,,35,0,2,1,1,1,1,1,1,0,1,1,0,0,1,1,0,1,1,0,0,0,1,1,1,1,1,1,,,480,0,1,3,0,0,0,9,TRUE,TRUE,TRUE,FALSE,TRUE,10,9,TRUE,TRUE,1,3,FALSE,FALSE,FALSE,FALSE,FALSE,FALSE,FALSE,Rede municipal direta em 2024,FALSE,,TRUE,FALSE,Rede municipal direta em 2024,FALSE,,TRUE,,sem_revisao_necessaria,,,,Rede municipal direta em 2024,TRUE,TRUE,TRUE,1a_avaliacao_formativa,1a_avaliacao_formativa,linha_base_pre_programa,pos_inicio_programa,regra temporal pre-programa registrada no painel,declaracao formal,,2026-07-24,regra temporal preexistente do projeto,Marian Dante - assessora UEF/SMED,5.932245187448011
ESC_054,43106668,TRUE,ESC EST ENS FUN PROFESSORA LEOPOLDA BARNEWITZ,ESC EST ENS FUN PROFESSORA LEOPOLDA BARNEWITZ,ESC EST ENS FUN PROFESSORA LEOPOLDA BARNEWITZ,julia,julia,SIM,SIM,NA_APLICAVEL,SIM,NAO,SIM,0,1,,julia,SEM_CARGA_DO_PROGRAMA,ATIVA,LINHA_BASE_PRE_PROGRAMA,ASSESSORADA,TRUE,TRUE,FALSE,TRUE,FALSE,TRUE,FALSE,FALSE,REGRA_TEMPORAL_CONFIRMADA,HOMOLOGADO,2025_1a_avaliacao_formativa_linha_base,2026-07-24_v1,1,Língua Portuguesa,TRUE,TRUE,TRUE,TRUE,FALSE,FALSE,TRUE,FALSE,FALSE,TRUE,"Estadual em 2024, municipalizada posteriormente",municipalizada_apos_2024,rede_municipal_direta,Estadual,Em atividade,TRUE,FALSE,154,8,17,19.25,9.058823529411764,100,5.194805194805195,0,32.467532467532465,1,60,Q1 — menor infraestrutura,150 a 299 matrículas,TRUE,24,15,62.5,69,27,13,60,19,18,94.73684210526316,48,31,44,25,16.5,32.236842105263165,-21,4,31,-35,-20.833333333333332,20,Mudança relevante no público previsto e aumento de participação,1,1,TRUE,TRUE,TRUE,TRUE,0,-5,3,FALSE,FALSE,FALSE,TRUE,FALSE,TRUE,TRUE,TRUE,ESC EST ENS FUN PROFESSORA LEOPOLDA BARNEWITZ,exata_normalizada,consolidado,,municipalizada_apos_2024,0,TRUE,FALSE,TRUE,FALSE,rede_municipal_direta,"Escola pertencente e em funcionamento normal na rede estadual durante 2024. Foi municipalizada em janeiro de 2025 e passou a operar como escola da rede municipal direta, em regime de tempo integral. Para o contexto pré-programa de 2024 deve permanecer classificada como estadual; para 2025 em diante deve ser tratada como municipalizada recentemente e integrante da rede municipal direta.",codigo_inep_consolidado,2024,Censo Escolar/INEP via Base dos Dados,TRUE,2,,1,0,1,0,,,,150 a 299 matrículas,1,2024,RS,4314902,1,0,1,1,0,0,0,1,154,0,154,154,44,23,24,28,35,0,0,8,8,0,79,75,101,22,28,0,0,3,154,154,0,0,17,17,17,0,16,8,8,8,0,8,,17,0,0,1,1,1,1,0,0,0,0,0,1,1,1,1,0,0,0,0,0,1,1,0,1,1,1,1,,,30,0,0,0,0,0,5,2,FALSE,TRUE,FALSE,FALSE,TRUE,10,6,FALSE,FALSE,1,2,FALSE,FALSE,FALSE,FALSE,FALSE,FALSE,FALSE,Situação administrativa a examinar,FALSE,,TRUE,FALSE,Rede estadual em 2024,TRUE,"Censo 2024 registra dependência estadual, mas o cadastro local classifica como rede municipal direta",TRUE,Dependência estadual no Censo 2024,confirmar_com_ressalva,municipalizada_apos_2024,rede_municipal_direta,"Escola pertencente e em funcionamento normal na rede estadual durante 2024. Foi municipalizada em janeiro de 2025 e passou a operar como escola da rede municipal direta, em regime de tempo integral. Para o contexto pré-programa de 2024 deve permanecer classificada como estadual; para 2025 em diante deve ser tratada como municipalizada recentemente e integrante da rede municipal direta.","Escola pertencente e em funcionamento normal na rede estadual durante 2024. Foi municipalizada em janeiro de 2025 e passou a operar como escola da rede municipal direta, em regime de tempo integral. Para o contexto pré-programa de 2024 deve permanecer classificada como estadual; para 2025 em diante deve ser tratada como municipalizada recentemente e integrante da rede municipal direta.",TRUE,TRUE,TRUE,1a_avaliacao_formativa,1a_avaliacao_formativa,linha_base_pre_programa,pos_inicio_programa,regra temporal pre-programa registrada no painel,declaracao formal,,2026-07-24,regra temporal preexistente do projeto,Marian Dante - assessora UEF/SMED,5.0369526024136295
ESC_055,43105300,TRUE,ESCOLA DE ENSINO FUNDAMENTAL MADRE RAFFO,7028 ESCOLA DE ENSINO FUNDAMENTAL MADRE RAFFO,ESCOLA DE ENSINO FUNDAMENTAL MADRE RAFFO,outras,outras,SIM,SIM,NA_APLICAVEL,NAO,NAO,NAO,0,0,,,SEM_CARGA_DO_PROGRAMA,ZERO_OU_TENDENTE_A_ZERO,LINHA_BASE_PRE_PROGRAMA,NAO_EXPOSTA_INELEGIVEL,TRUE,TRUE,FALSE,FALSE,FALSE,FALSE,FALSE,TRUE,REGRA_TEMPORAL_CONFIRMADA,HOMOLOGADO,2025_1a_avaliacao_formativa_linha_base,2026-07-24_v1,1,Língua Portuguesa,TRUE,TRUE,TRUE,TRUE,FALSE,TRUE,FALSE,FALSE,TRUE,FALSE,Privada conveniada ou supervisionada,privada_conveniada_sob_supervisao_municipal,fora_da_rede_municipal_direta,Privada,Em atividade,FALSE,TRUE,159,8,13,19.875,12.23076923076923,0,4.406779661016949,0,5.762711864406779,3,80,Q1 — menor infraestrutura,150 a 299 matrículas,TRUE,13,13,100,100,0,0,100,6,6,100,31,50,50,0,9.5,0,-69,50,50,-100,-53.84615384615385,-53.84615384615385,Mudança relevante no número de estudantes previstos,1,1,TRUE,TRUE,TRUE,TRUE,0,-7,-7,TRUE,TRUE,TRUE,FALSE,FALSE,TRUE,TRUE,TRUE,ESCOLA DE ENSINO FUNDAMENTAL MADRE RAFFO,exata_normalizada,consolidado,,privada_conveniada_sob_supervisao_municipal,0,TRUE,FALSE,FALSE,FALSE,fora_da_rede_municipal_direta,"Escola da rede privada comunitária, vinculada ao grupo Horto de Ensino, conveniada com a Prefeitura de Porto Alegre para atendimento da demanda por vagas públicas. Não possui docentes cedidos pelo poder público, mas integra a supervisão programática da SMED e o acompanhamento dos resultados das avaliações municipais. Mantém parceria com a Prefeitura ao menos desde 2020, em situação semelhante à Pequena Casa da Criança e à Aldeia Lumiar. Deve ser classificada como instituição privada conveniada ou supervisionada, fora da rede municipal direta, mas incluída no universo municipal ampliado quando pertinente.",codigo_inep_consolidado,2024,Censo Escolar/INEP via Base dos Dados,TRUE,4,4,1,0,1,1,1,,,150 a 299 matrículas,1,2024,RS,4314902,,1,1,1,1,0,0,1,295,37,258,159,36,36,20,39,28,99,0,13,13,0,149,146,218,4,13,0,0,60,0,0,0,0,21,19,13,10,18,14,12,8,4,0,,9,9,5,1,1,1,1,1,1,0,0,1,1,1,1,0,1,1,1,1,0,0,1,1,1,0,0,1,,,0,0,1,0,1,1,1,2,TRUE,TRUE,TRUE,FALSE,TRUE,10,8,TRUE,TRUE,1,4,FALSE,FALSE,FALSE,FALSE,FALSE,FALSE,FALSE,Situação administrativa a examinar,FALSE,,TRUE,FALSE,Privada sem vínculo municipal classificado,TRUE,"Censo 2024 registra dependência privada, mas o cadastro local classifica como rede municipal direta",TRUE,Dependência privada no Censo 2024,corrigir,privada_conveniada_sob_supervisao_municipal,fora_da_rede_municipal_direta,"Escola da rede privada comunitária, vinculada ao grupo Horto de Ensino, conveniada com a Prefeitura de Porto Alegre para atendimento da demanda por vagas públicas. Não possui docentes cedidos pelo poder público, mas integra a supervisão programática da SMED e o acompanhamento dos resultados das avaliações municipais. Mantém parceria com a Prefeitura ao menos desde 2020, em situação semelhante à Pequena Casa da Criança e à Aldeia Lumiar. Deve ser classificada como instituição privada conveniada ou supervisionada, fora da rede municipal direta, mas incluída no universo municipal ampliado quando pertinente.","Escola da rede privada comunitária, vinculada ao grupo Horto de Ensino, conveniada com a Prefeitura de Porto Alegre para atendimento da demanda por vagas públicas. Não possui docentes cedidos pelo poder público, mas integra a supervisão programática da SMED e o acompanhamento dos resultados das avaliações municipais. Mantém parceria com a Prefeitura ao menos desde 2020, em situação semelhante à Pequena Casa da Criança e à Aldeia Lumiar. Deve ser classificada como instituição privada conveniada ou supervisionada, fora da rede municipal direta, mas incluída no universo municipal ampliado quando pertinente.",TRUE,TRUE,TRUE,1a_avaliacao_formativa,1a_avaliacao_formativa,linha_base_pre_programa,pos_inicio_programa,regra temporal pre-programa registrada no painel,declaracao formal,,2026-07-24,regra temporal preexistente do projeto,Marian Dante - assessora UEF/SMED,5.0689042022202315
ESC_056,43189768,TRUE,EEF ALDEIA LUMIAR,,EEF ALDEIA LUMIAR,,Sem vinculação informada,SIM,SIM,NA_APLICAVEL,NAO,NAO,NAO,0,0,,,SEM_CARGA_DO_PROGRAMA,ZERO_OU_TENDENTE_A_ZERO,LINHA_BASE_PRE_PROGRAMA,NAO_EXPOSTA_INELEGIVEL,TRUE,TRUE,FALSE,FALSE,FALSE,FALSE,FALSE,TRUE,REGRA_TEMPORAL_CONFIRMADA,HOMOLOGADO,2025_1a_avaliacao_formativa_linha_base,2026-07-24_v1,2,Língua Portuguesa,FALSE,FALSE,TRUE,FALSE,FALSE,FALSE,FALSE,FALSE,TRUE,FALSE,Filantrópica supervisionada,filantropica_sob_supervisao_municipal,fora_da_rede_municipal_direta,Privada,Em atividade,FALSE,TRUE,109,0,0,,,100,6.598984771573604,0,20.304568527918786,2,80,Q1 — menor infraestrutura,Até 149 matrículas,TRUE,22,17,77.27272727272727,65.17647058823529,23.41176470588235,29.529411764705884,47.05882352941177,,,,,,,,,,,,,,,,Escola-série ausente em um dos anos,3,,TRUE,FALSE,TRUE,FALSE,,,,,,,,,,TRUE,,6002 EEF ALDEIA LUMIAR,aceite_manual,consolidado,escola filantropica sob supervisao municipal,filantropica_sob_supervisao_municipal,0,TRUE,FALSE,FALSE,FALSE,fora_da_rede_municipal_direta,Instituição filantrópica supervisionada,codigo_inep_consolidado,2024,Censo Escolar/INEP via Base dos Dados,TRUE,4,4,1,0,1,1,1,,,Até 149 matrículas,1,2024,RS,4314902,,0,1,1,1,0,0,1,197,0,197,109,26,22,19,21,21,88,0,13,13,0,96,101,108,20,18,0,2,49,197,109,88,0,10,10,0,10,9,10,10,0,10,10,,6,0,0,1,1,1,1,1,1,0,0,0,1,0,1,1,0,0,0,0,0,0,1,1,1,1,1,1,,,0,0,0,0,0,0,0,2,FALSE,TRUE,TRUE,FALSE,TRUE,10,8,TRUE,FALSE,1,4,FALSE,FALSE,FALSE,FALSE,TRUE,TRUE,FALSE,Instituição filantrópica supervisionada,TRUE,"Matrículas positivas, mas nenhuma turma dos anos iniciais | Matrículas positivas, mas nenhum docente dos anos iniciais",TRUE,TRUE,Filantrópica supervisionada,FALSE,,FALSE,"Matrículas positivas, mas nenhuma turma dos anos iniciais | Matrículas positivas, mas nenhum docente dos anos iniciais",sem_revisao_necessaria,,,,Instituição filantrópica supervisionada,TRUE,FALSE,TRUE,1a_avaliacao_formativa,1a_avaliacao_formativa,linha_base_pre_programa,pos_inicio_programa,regra temporal pre-programa registrada no painel,declaracao formal,,2026-07-24,regra temporal preexistente do projeto,Marian Dante - assessora UEF/SMED,4.6913478822291435
ESC_001,43105416,TRUE,EEF PEQUENA CASA DA CRIANCA,6001 EEF PEQUENA CASA DA CRIANCA,EEF PEQUENA CASA DA CRIANCA,outras,outras,SIM,SIM,NA_APLICAVEL,NAO,NAO,NAO,0,0,,,SEM_CARGA_DO_PROGRAMA,ZERO_OU_TENDENTE_A_ZERO,LINHA_BASE_PRE_PROGRAMA,NAO_EXPOSTA_INELEGIVEL,TRUE,TRUE,FALSE,FALSE,FALSE,FALSE,FALSE,TRUE,REGRA_TEMPORAL_CONFIRMADA,HOMOLOGADO,2025_1a_avaliacao_formativa_linha_base,2026-07-24_v1,2,Língua Portuguesa,TRUE,TRUE,TRUE,TRUE,FALSE,TRUE,FALSE,FALSE,TRUE,FALSE,Privada conveniada ou supervisionada,privada_conveniada_sob_supervisao_municipal,fora_da_rede_municipal_direta,Privada,Em atividade,FALSE,TRUE,245,14,11,17.5,22.272727272727273,18.367346938775512,6.128133704735376,0,20.33426183844011,2,70,Q1 — menor infraestrutura,150 a 299 matrículas,TRUE,56,37,66.07142857142857,57.37837837837838,18.864864864864863,51.67567567567568,29.89189189189189,46,41,89.1304347826087,41.90243902439025,36.707317073170735,52.926829268292686,10.365853658536585,39,23.059006211180133,-15.475939353988132,17.842452208305872,1.2511535926170083,-19.526038233355308,-17.857142857142858,10.81081081081081,Aumento de participação igual ou superior a 10 p.p.,3,3,TRUE,TRUE,TRUE,TRUE,0,-10,4,FALSE,FALSE,FALSE,TRUE,FALSE,FALSE,FALSE,FALSE,6001 EEF PEQUENA CASA DA CRIANCA,aceite_manual,consolidado,escola privada conveniada sob supervisao municipal,privada_conveniada_sob_supervisao_municipal,0,TRUE,FALSE,FALSE,FALSE,fora_da_rede_municipal_direta,Instituição privada conveniada ou supervisionada,codigo_inep_consolidado,2024,Censo Escolar/INEP via Base dos Dados,TRUE,4,4,1,0,1,1,1,,,150 a 299 matrículas,1,2024,RS,4314902,,1,1,1,0,0,0,1,359,114,245,245,44,48,69,43,41,0,0,22,22,0,165,194,92,36,37,0,0,194,45,45,0,0,19,11,11,0,15,22,14,14,0,3,,23,6,0,1,1,1,1,1,1,0,0,1,0,0,1,1,0,0,0,0,0,0,1,0,1,0,1,1,,,0,0,0,0,1,1,0,1,TRUE,TRUE,FALSE,FALSE,TRUE,10,7,TRUE,FALSE,1,4,FALSE,FALSE,FALSE,FALSE,FALSE,FALSE,FALSE,Instituição privada conveniada ou supervisionada,FALSE,,TRUE,TRUE,Privada conveniada ou supervisionada,FALSE,,TRUE,Dependência privada no Censo 2024,sem_revisao_necessaria,,,,Instituição privada conveniada ou supervisionada,TRUE,TRUE,TRUE,1a_avaliacao_formativa,1a_avaliacao_formativa,linha_base_pre_programa,pos_inicio_programa,regra temporal pre-programa registrada no painel,declaracao formal,,2026-07-24,regra temporal preexistente do projeto,Marian Dante - assessora UEF/SMED,5.501258210544727
ESC_002,43105505,TRUE,EMEB DR LIBERATO SALZANO VIEIRA DA CUNHA,EMEB DR LIBERATO SALZANO VIEIRA DA CUNHA,EMEB DR LIBERATO SALZANO VIEIRA DA CUNHA,clarissa,clarissa,SIM,SIM,NA_APLICAVEL,SIM,NAO,SIM,0,1,,clarissa,SEM_CARGA_DO_PROGRAMA,ATIVA,LINHA_BASE_PRE_PROGRAMA,ASSESSORADA,TRUE,TRUE,FALSE,TRUE,FALSE,TRUE,FALSE,FALSE,REGRA_TEMPORAL_CONFIRMADA,HOMOLOGADO,2025_1a_avaliacao_formativa_linha_base,2026-07-24_v1,2,Língua Portuguesa,TRUE,TRUE,TRUE,TRUE,TRUE,TRUE,TRUE,TRUE,TRUE,TRUE,Rede municipal direta em 2024,rede_municipal_direta_ou_nao_classificada,rede_municipal_direta,Municipal,Em atividade,FALSE,FALSE,465,21,33,22.142857142857142,14.090909090909092,0.21505376344086025,7.790262172284645,1.198501872659176,24.04494382022472,4,100,Q3,300 a 499 matrículas,TRUE,88,69,78.4090909090909,65.71014492753623,21.92753623188406,30.594202898550726,47.98550724637681,81,74,91.35802469135804,38.08108108108108,47,36.98648648648648,16.243243243243242,71.5,12.94893378226712,-27.629063846455153,25.07246376811594,6.392283587935758,-31.74226400313357,-7.954545454545454,7.246376811594203,Aumento de participação igual ou superior a 10 p.p.,4,4,TRUE,TRUE,TRUE,TRUE,0,-7,5,TRUE,FALSE,FALSE,TRUE,FALSE,FALSE,FALSE,FALSE,EMEB DR LIBERATO SALZANO VIEIRA DA CUNHA,exata_normalizada,consolidado,,rede_municipal_direta_ou_nao_classificada,0,TRUE,FALSE,FALSE,FALSE,rede_municipal_direta,Rede municipal direta em 2024,codigo_inep_consolidado,2024,Censo Escolar/INEP via Base dos Dados,TRUE,3,,1,0,1,0,,,,300 a 499 matrículas,3,2024,RS,4314902,1,1,1,1,1,1,1,1,1335,118,840,465,83,90,103,81,108,375,146,104,104,0,730,605,829,193,127,0,1,185,1,1,0,16,82,53,33,24,77,56,35,21,14,0,,28,3,0,1,1,1,1,1,1,0,1,1,1,1,1,1,1,1,0,0,1,0,1,1,1,1,1,1,,,520,6,4,6,0,0,0,10,TRUE,TRUE,TRUE,TRUE,TRUE,10,10,TRUE,TRUE,1,3,FALSE,FALSE,FALSE,FALSE,FALSE,FALSE,FALSE,Rede municipal direta em 2024,FALSE,,TRUE,FALSE,Rede municipal direta em 2024,FALSE,,TRUE,,sem_revisao_necessaria,,,,Rede municipal direta em 2024,TRUE,TRUE,TRUE,1a_avaliacao_formativa,1a_avaliacao_formativa,linha_base_pre_programa,pos_inicio_programa,regra temporal pre-programa registrada no painel,declaracao formal,,2026-07-24,regra temporal preexistente do projeto,Marian Dante - assessora UEF/SMED,6.142037405587356
ESC_003,43105440,TRUE,EMEF AFONSO GUERREIRO LIMA,EMEF AFONSO GUERREIRO LIMA,EMEF AFONSO GUERREIRO LIMA,graziela,graziela,SIM,SIM,NA_APLICAVEL,SIM,NAO,SIM,0,1,,graziela,SEM_CARGA_DO_PROGRAMA,ATIVA,LINHA_BASE_PRE_PROGRAMA,ASSESSORADA,TRUE,TRUE,FALSE,TRUE,FALSE,TRUE,FALSE,FALSE,REGRA_TEMPORAL_CONFIRMADA,HOMOLOGADO,2025_1a_avaliacao_formativa_linha_base,2026-07-24_v1,2,Língua Portuguesa,TRUE,TRUE,TRUE,TRUE,TRUE,TRUE,TRUE,TRUE,TRUE,TRUE,Rede municipal direta em 2024,rede_municipal_direta_ou_nao_classificada,rede_municipal_direta,Municipal,Em atividade,FALSE,FALSE,517,22,27,23.5,19.14814814814815,15.667311411992262,7.41901776384535,5.851619644723093,33.751306165099265,4,90,Q2,500 matrículas ou mais,TRUE,97,74,76.28865979381443,70.14864864864865,18.93243243243243,25.58108108108108,55.472972972972975,81,73,90.12345679012346,47.83561643835616,39.917808219178085,27,33.082191780821915,73.5,13.834796996309024,-22.313032210292484,20.985375786745653,1.4189189189189193,-22.39078119215106,-16.49484536082474,-1.351351351351351,Aumento de participação igual ou superior a 10 p.p.,4,4,TRUE,TRUE,TRUE,TRUE,0,-16,-1,TRUE,FALSE,FALSE,TRUE,FALSE,FALSE,FALSE,FALSE,EMEF AFONSO GUERREIRO LIMA,exata_normalizada,consolidado,,rede_municipal_direta_ou_nao_classificada,0,TRUE,FALSE,FALSE,FALSE,rede_municipal_direta,Rede municipal direta em 2024,codigo_inep_consolidado,2024,Censo Escolar/INEP via Base dos Dados,TRUE,3,,1,0,1,0,,,,500 matrículas ou mais,4,2024,RS,4314902,1,1,1,1,1,0,1,1,957,19,866,517,92,100,147,91,87,349,72,71,71,0,476,481,514,153,169,0,1,120,100,81,19,56,49,42,27,18,48,40,35,22,13,0,,30,0,8,1,1,1,1,1,1,0,1,1,1,1,1,0,1,0,1,0,0,0,1,1,1,1,1,1,,,468,0,4,4,0,0,0,6,TRUE,TRUE,TRUE,TRUE,TRUE,10,9,TRUE,TRUE,1,3,FALSE,FALSE,FALSE,FALSE,FALSE,FALSE,FALSE,Rede municipal direta em 2024,FALSE,,TRUE,FALSE,Rede municipal direta em 2024,FALSE,,TRUE,,sem_revisao_necessaria,,,,Rede municipal direta em 2024,TRUE,TRUE,TRUE,1a_avaliacao_formativa,1a_avaliacao_formativa,linha_base_pre_programa,pos_inicio_programa,regra temporal pre-programa registrada no painel,declaracao formal,,2026-07-24,regra temporal preexistente do projeto,Marian Dante - assessora UEF/SMED,6.248042874508429
ESC_004,43105459,TRUE,EMEF AMERICA,EMEF AMERICA,EMEF AMERICA,nathalia,nathalia,SIM,SIM,NA_APLICAVEL,SIM,NAO,SIM,0,1,,nathalia,SEM_CARGA_DO_PROGRAMA,ATIVA,LINHA_BASE_PRE_PROGRAMA,ASSESSORADA,TRUE,TRUE,FALSE,TRUE,FALSE,TRUE,FALSE,FALSE,REGRA_TEMPORAL_CONFIRMADA,HOMOLOGADO,2025_1a_avaliacao_formativa_linha_base,2026-07-24_v1,2,Língua Portuguesa,TRUE,TRUE,TRUE,TRUE,TRUE,TRUE,TRUE,TRUE,TRUE,TRUE,Rede municipal direta em 2024,rede_municipal_direta_ou_nao_classificada,rede_municipal_direta,Municipal,Em atividade,FALSE,FALSE,261,10,18,26.1,14.5,0.3831417624521073,7.205240174672489,0,39.956331877729255,2,100,Q3,150 a 299 matrículas,TRUE,52,44,84.61538461538461,53.18181818181818,31.90909090909091,34.18181818181818,33.90909090909091,42,37,88.0952380952381,51.51351351351352,30.35135135135135,41.945945945945944,27.7027027027027,40.5,3.479853479853489,-1.668304668304664,-1.5577395577395592,7.764127764127764,-6.206388206388205,-19.23076923076923,-15.909090909090908,Sem alerta principal de composição,2,2,TRUE,TRUE,TRUE,TRUE,0,-10,-7,TRUE,TRUE,FALSE,FALSE,FALSE,FALSE,FALSE,FALSE,EMEF AMERICA,exata_normalizada,consolidado,,rede_municipal_direta_ou_nao_classificada,0,TRUE,FALSE,FALSE,FALSE,rede_municipal_direta,Rede municipal direta em 2024,codigo_inep_consolidado,2024,Censo Escolar/INEP via Base dos Dados,TRUE,3,,1,0,1,0,,,,150 a 299 matrículas,2,2024,RS,4314902,1,0,1,1,1,0,0,1,458,0,458,261,47,52,52,58,52,197,0,33,33,0,220,238,247,115,67,1,1,27,1,1,0,0,32,32,18,19,32,19,19,10,9,0,,12,0,0,1,1,1,1,1,1,0,1,1,1,1,1,1,1,1,1,0,0,0,1,1,1,1,1,1,,,380,0,2,2,0,0,0,4,FALSE,TRUE,TRUE,FALSE,TRUE,10,10,TRUE,TRUE,1,3,FALSE,FALSE,FALSE,FALSE,FALSE,FALSE,FALSE,Rede municipal direta em 2024,FALSE,,TRUE,FALSE,Rede municipal direta em 2024,FALSE,,TRUE,,sem_revisao_necessaria,,,,Rede municipal direta em 2024,TRUE,TRUE,TRUE,1a_avaliacao_formativa,1a_avaliacao_formativa,linha_base_pre_programa,pos_inicio_programa,regra temporal pre-programa registrada no painel,declaracao formal,,2026-07-24,regra temporal preexistente do projeto,Marian Dante - assessora UEF/SMED,5.564520407322694
ESC_005,43105467,TRUE,EMEF ARAMY SILVA,EMEF ARAMY SILVA,EMEF ARAMY SILVA,priscila,priscila,SIM,SIM,NA_APLICAVEL,SIM,NAO,SIM,0,1,,priscila,SEM_CARGA_DO_PROGRAMA,ATIVA,LINHA_BASE_PRE_PROGRAMA,ASSESSORADA,TRUE,TRUE,FALSE,TRUE,FALSE,TRUE,FALSE,FALSE,REGRA_TEMPORAL_CONFIRMADA,HOMOLOGADO,2025_1a_avaliacao_formativa_linha_base,2026-07-24_v1,2,Língua Portuguesa,TRUE,TRUE,TRUE,TRUE,TRUE,TRUE,TRUE,TRUE,TRUE,TRUE,Rede municipal direta em 2024,rede_municipal_direta_ou_nao_classificada,rede_municipal_direta,Municipal,Em atividade,FALSE,FALSE,422,20,27,21.1,15.62962962962963,0,11.951219512195122,1.0975609756097562,18.29268292682927,3,100,Q3,300 a 499 matrículas,TRUE,82,59,71.95121951219512,63.016949152542374,25.305084745762713,25.47457627118644,49.25423728813559,78,69,88.46153846153847,49.53623188405797,41.2463768115942,26.92753623188406,31.82608695652174,64,16.510318949343343,-13.480717268484405,15.94129206583149,1.4529599606976191,-17.428150331613853,-4.878048780487805,16.949152542372882,Aumento de participação igual ou superior a 10 p.p.,4,4,TRUE,TRUE,TRUE,TRUE,0,-4,10,TRUE,FALSE,FALSE,TRUE,FALSE,FALSE,FALSE,FALSE,EMEF ARAMY SILVA,exata_normalizada,consolidado,,rede_municipal_direta_ou_nao_classificada,0,TRUE,FALSE,FALSE,FALSE,rede_municipal_direta,Rede municipal direta em 2024,codigo_inep_consolidado,2024,Censo Escolar/INEP via Base dos Dados,TRUE,3,,1,0,1,0,,,,300 a 499 matrículas,3,2024,RS,4314902,1,1,1,1,1,0,0,1,820,75,745,422,85,66,94,80,97,323,0,98,98,0,364,456,627,62,88,0,0,43,0,0,0,9,48,45,27,23,46,39,35,20,15,0,,20,0,0,1,1,1,1,1,1,0,1,1,1,1,1,1,1,1,1,0,0,0,1,1,1,1,1,1,,,525,0,3,4,0,0,0,6,TRUE,TRUE,TRUE,FALSE,TRUE,10,10,TRUE,TRUE,1,3,FALSE,FALSE,FALSE,FALSE,FALSE,FALSE,FALSE,Rede municipal direta em 2024,FALSE,,TRUE,FALSE,Rede municipal direta em 2024,FALSE,,TRUE,,sem_revisao_necessaria,,,,Rede municipal direta em 2024,TRUE,TRUE,TRUE,1a_avaliacao_formativa,1a_avaliacao_formativa,linha_base_pre_programa,pos_inicio_programa,regra temporal pre-programa registrada no painel,declaracao formal,,2026-07-24,regra temporal preexistente do projeto,Marian Dante - assessora UEF/SMED,6.045005314036012
ESC_006,43173713,TRUE,EMEF CAMPOS DO CRISTAL,EMEF CAMPOS DO CRISTAL,EMEF CAMPOS DO CRISTAL,andreia,andreia,SIM,SIM,NA_APLICAVEL,SIM,NAO,SIM,0,1,,andreia,SEM_CARGA_DO_PROGRAMA,ATIVA,LINHA_BASE_PRE_PROGRAMA,ASSESSORADA,TRUE,TRUE,FALSE,TRUE,FALSE,TRUE,FALSE,FALSE,REGRA_TEMPORAL_CONFIRMADA,HOMOLOGADO,2025_1a_avaliacao_formativa_linha_base,2026-07-24_v1,2,Língua Portuguesa,TRUE,TRUE,TRUE,TRUE,TRUE,TRUE,TRUE,TRUE,TRUE,TRUE,Rede municipal direta em 2024,rede_municipal_direta_ou_nao_classificada,rede_municipal_direta,Municipal,Em atividade,FALSE,FALSE,255,10,16,25.5,15.9375,34.90196078431372,12.266112266112266,1.0395010395010396,34.71933471933472,3,100,Q3,150 a 299 matrículas,TRUE,50,43,86,59.58139534883721,34.86046511627907,14.093023255813954,51.04651162790697,33,32,96.96969696969695,56.375,21.75,39.1875,39.1875,37.5,10.969696969696969,-3.206395348837212,-13.110465116279071,25.094476744186046,-11.859011627906971,-34,-25.58139534883721,Mudança relevante no público previsto e aumento de participação,2,2,TRUE,TRUE,TRUE,TRUE,0,-17,-11,TRUE,TRUE,FALSE,TRUE,FALSE,TRUE,FALSE,FALSE,EMEF CAMPOS DO CRISTAL,exata_normalizada,consolidado,,rede_municipal_direta_ou_nao_classificada,0,TRUE,FALSE,FALSE,FALSE,rede_municipal_direta,Rede municipal direta em 2024,codigo_inep_consolidado,2024,Censo Escolar/INEP via Base dos Dados,TRUE,3,,1,0,1,0,,,,150 a 299 matrículas,2,2024,RS,4314902,1,1,1,1,1,0,0,1,481,54,427,255,45,53,55,52,50,172,0,59,59,0,242,239,269,81,84,0,2,45,153,89,64,5,29,28,16,15,28,21,18,10,8,0,,16,8,12,1,1,1,1,1,1,0,1,1,1,1,1,1,0,1,1,0,0,0,1,1,1,1,1,1,,,302,5,3,1,1,1,0,4,TRUE,TRUE,TRUE,FALSE,TRUE,10,10,TRUE,TRUE,1,3,FALSE,FALSE,FALSE,FALSE,FALSE,FALSE,FALSE,Rede municipal direta em 2024,FALSE,,TRUE,FALSE,Rede municipal direta em 2024,FALSE,,TRUE,,sem_revisao_necessaria,,,,Rede municipal direta em 2024,TRUE,TRUE,TRUE,1a_avaliacao_formativa,1a_avaliacao_formativa,linha_base_pre_programa,pos_inicio_programa,regra temporal pre-programa registrada no painel,declaracao formal,,2026-07-24,regra temporal preexistente do projeto,Marian Dante - assessora UEF/SMED,5.541263545158426
ESC_007,43187560,TRUE,EMEF CHAPEU DO SOL,EMEF CHAPEU DO SOL,EMEF CHAPEU DO SOL,ruti,ruti,SIM,SIM,NA_APLICAVEL,SIM,NAO,SIM,0,1,,ruti,SEM_CARGA_DO_PROGRAMA,ATIVA,LINHA_BASE_PRE_PROGRAMA,ASSESSORADA,TRUE,TRUE,FALSE,TRUE,FALSE,TRUE,FALSE,FALSE,REGRA_TEMPORAL_CONFIRMADA,HOMOLOGADO,2025_1a_avaliacao_formativa_linha_base,2026-07-24_v1,2,Língua Portuguesa,TRUE,TRUE,TRUE,TRUE,TRUE,TRUE,TRUE,TRUE,TRUE,TRUE,Rede municipal direta em 2024,rede_municipal_direta_ou_nao_classificada,rede_municipal_direta,Municipal,Em atividade,FALSE,FALSE,542,22,26,24.636363636363637,20.846153846153847,28.59778597785978,8.558558558558559,3.4234234234234235,27.74774774774775,4,100,Q3,500 matrículas ou mais,TRUE,98,74,75.51020408163265,56.48648648648648,37.71621621621622,20.18918918918919,41.891891891891895,111,97,87.38738738738739,58.88659793814433,26.804123711340207,27,46.1958762886598,85.5,11.87718330575474,2.4001114516578426,-10.91209250487601,6.8108108108108105,4.303984396767902,13.26530612244898,31.08108108108108,Aumento de participação igual ou superior a 10 p.p.,4,5,TRUE,TRUE,TRUE,TRUE,1,13,23,TRUE,FALSE,FALSE,TRUE,FALSE,FALSE,FALSE,FALSE,EMEF CHAPEU DO SOL,exata_normalizada,consolidado,,rede_municipal_direta_ou_nao_classificada,0,TRUE,FALSE,FALSE,FALSE,rede_municipal_direta,Rede municipal direta em 2024,codigo_inep_consolidado,2024,Censo Escolar/INEP via Base dos Dados,TRUE,3,,1,0,1,0,,,,500 matrículas ou mais,4,2024,RS,4314902,1,1,1,1,1,0,1,1,1110,69,948,542,90,94,102,133,123,406,93,95,95,0,552,558,772,135,172,0,1,30,218,155,63,38,52,47,26,26,52,46,38,22,16,0,,21,0,10,1,1,1,1,1,1,0,1,1,1,1,1,1,0,0,1,0,0,0,1,1,1,1,1,1,,,400,0,1,2,0,0,0,5,TRUE,TRUE,TRUE,TRUE,TRUE,10,10,TRUE,TRUE,1,3,FALSE,FALSE,FALSE,FALSE,FALSE,FALSE,FALSE,Rede municipal direta em 2024,FALSE,,TRUE,FALSE,Rede municipal direta em 2024,FALSE,,TRUE,,sem_revisao_necessaria,,,,Rede municipal direta em 2024,TRUE,TRUE,TRUE,1a_avaliacao_formativa,1a_avaliacao_formativa,linha_base_pre_programa,pos_inicio_programa,regra temporal pre-programa registrada no painel,declaracao formal,,2026-07-24,regra temporal preexistente do projeto,Marian Dante - assessora UEF/SMED,6.295266001439646
ESC_008,43177581,TRUE,EMEF CHICO MENDES,EMEF CHICO MENDES,EMEF CHICO MENDES,eliane,eliane,SIM,SIM,NA_APLICAVEL,SIM,NAO,SIM,0,1,,eliane,SEM_CARGA_DO_PROGRAMA,ATIVA,LINHA_BASE_PRE_PROGRAMA,ASSESSORADA,TRUE,TRUE,FALSE,TRUE,FALSE,TRUE,FALSE,FALSE,REGRA_TEMPORAL_CONFIRMADA,HOMOLOGADO,2025_1a_avaliacao_formativa_linha_base,2026-07-24_v1,2,Língua Portuguesa,TRUE,TRUE,TRUE,TRUE,TRUE,TRUE,TRUE,TRUE,TRUE,TRUE,Rede municipal direta em 2024,rede_municipal_direta_ou_nao_classificada,rede_municipal_direta,Municipal,Em atividade,FALSE,FALSE,541,22,29,24.59090909090909,18.655172413793103,13.67837338262477,9.099181073703368,1.1828935395814375,34.303912647861694,3,100,Q3,500 matrículas ou mais,TRUE,90,62,68.88888888888889,62.61290322580645,27.596774193548388,22.693548387096776,49.96774193548387,92,75,81.52173913043478,53.61333333333334,29.2,35.45333333333333,35.38666666666666,68.5,12.632850241545896,-8.999569892473112,1.6032258064516114,12.759784946236556,-14.581075268817209,2.2222222222222223,20.967741935483872,Aumento de participação igual ou superior a 10 p.p.,4,4,TRUE,TRUE,TRUE,TRUE,0,2,13,FALSE,FALSE,FALSE,TRUE,FALSE,FALSE,FALSE,FALSE,EMEF CHICO MENDES,exata_normalizada,consolidado,,rede_municipal_direta_ou_nao_classificada,0,TRUE,FALSE,FALSE,FALSE,rede_municipal_direta,Rede municipal direta em 2024,codigo_inep_consolidado,2024,Censo Escolar/INEP via Base dos Dados,TRUE,3,,1,0,1,0,,,,500 matrículas ou mais,4,2024,RS,4314902,1,0,1,1,1,0,1,1,1099,0,994,541,96,80,125,132,108,453,105,100,100,0,499,600,385,186,188,0,3,337,122,74,48,13,66,61,29,39,64,47,42,22,20,0,,21,0,3,1,1,1,1,1,1,0,1,1,1,1,1,1,1,1,1,0,0,0,1,1,1,1,1,1,,,595,3,2,1,2,1,0,7,FALSE,TRUE,TRUE,TRUE,TRUE,10,10,TRUE,TRUE,1,3,FALSE,FALSE,FALSE,FALSE,FALSE,FALSE,FALSE,Rede municipal direta em 2024,FALSE,,TRUE,FALSE,Rede municipal direta em 2024,FALSE,,TRUE,,sem_revisao_necessaria,,,,Rede municipal direta em 2024,TRUE,TRUE,TRUE,1a_avaliacao_formativa,1a_avaliacao_formativa,linha_base_pre_programa,pos_inicio_programa,regra temporal pre-programa registrada no painel,declaracao formal,,2026-07-24,regra temporal preexistente do projeto,Marian Dante - assessora UEF/SMED,6.293419278846481
ESC_009,43105475,TRUE,EMEF DECIO MARTINS COSTA,EMEF DECIO MARTINS COSTA,EMEF DECIO MARTINS COSTA,nathalia,nathalia,SIM,SIM,NA_APLICAVEL,SIM,NAO,SIM,0,1,,nathalia,SEM_CARGA_DO_PROGRAMA,ATIVA,LINHA_BASE_PRE_PROGRAMA,ASSESSORADA,TRUE,TRUE,FALSE,TRUE,FALSE,TRUE,FALSE,FALSE,REGRA_TEMPORAL_CONFIRMADA,HOMOLOGADO,2025_1a_avaliacao_formativa_linha_base,2026-07-24_v1,2,Língua Portuguesa,TRUE,TRUE,TRUE,TRUE,TRUE,TRUE,TRUE,TRUE,TRUE,TRUE,Rede municipal direta em 2024,rede_municipal_direta_ou_nao_classificada,rede_municipal_direta,Municipal,Em atividade,FALSE,FALSE,511,21,35,24.333333333333332,14.6,9.001956947162427,6.335797254487856,1.0559662090813091,26.504751847940867,3,100,Q3,500 matrículas ou mais,TRUE,104,73,70.1923076923077,35.31506849315068,63.12328767123287,19.136986301369863,17.73972602739726,96,88,91.66666666666669,39.86363636363637,46.11363636363637,36.70454545454545,17.181818181818183,80.5,21.474358974358974,4.548567870485684,-17.009651307596506,17.56755915317559,-0.5579078455790771,-7.6923076923076925,20.54794520547945,Aumento de participação igual ou superior a 10 p.p.,4,4,TRUE,TRUE,TRUE,TRUE,0,-8,15,TRUE,FALSE,FALSE,TRUE,FALSE,FALSE,FALSE,FALSE,EMEF DECIO MARTINS COSTA,exata_normalizada,consolidado,,rede_municipal_direta_ou_nao_classificada,0,TRUE,FALSE,FALSE,FALSE,rede_municipal_direta,Rede municipal direta em 2024,codigo_inep_consolidado,2024,Censo Escolar/INEP via Base dos Dados,TRUE,3,,1,0,1,0,,,,500 matrículas ou mais,4,2024,RS,4314902,1,1,1,1,1,0,0,1,947,77,870,511,88,103,127,99,94,359,0,60,60,0,476,471,514,110,140,2,1,180,87,46,41,10,56,52,35,22,49,41,37,21,16,0,,20,0,4,1,1,1,1,1,1,1,1,1,1,1,1,1,1,0,0,0,0,1,1,1,1,1,1,1,,,490,0,3,1,0,0,0,5,TRUE,TRUE,TRUE,FALSE,TRUE,10,10,TRUE,FALSE,1,3,FALSE,FALSE,FALSE,FALSE,FALSE,FALSE,FALSE,Rede municipal direta em 2024,FALSE,,TRUE,FALSE,Rede municipal direta em 2024,FALSE,,TRUE,,sem_revisao_necessaria,,,,Rede municipal direta em 2024,TRUE,TRUE,TRUE,1a_avaliacao_formativa,1a_avaliacao_formativa,linha_base_pre_programa,pos_inicio_programa,regra temporal pre-programa registrada no painel,declaracao formal,,2026-07-24,regra temporal preexistente do projeto,Marian Dante - assessora UEF/SMED,6.236369590203704
ESC_010,43109128,TRUE,EMEF DEP MARCIRIO GOULART LOUREIRO,EMEF DEP MARCIRIO GOULART LOUREIRO,EMEF DEP MARCIRIO GOULART LOUREIRO,marian,marian,SIM,SIM,NA_APLICAVEL,SIM,NAO,SIM,0,1,,marian,SEM_CARGA_DO_PROGRAMA,ATIVA,LINHA_BASE_PRE_PROGRAMA,ASSESSORADA,TRUE,TRUE,FALSE,TRUE,FALSE,TRUE,FALSE,FALSE,REGRA_TEMPORAL_CONFIRMADA,HOMOLOGADO,2025_1a_avaliacao_formativa_linha_base,2026-07-24_v1,2,Língua Portuguesa,TRUE,TRUE,TRUE,TRUE,TRUE,TRUE,TRUE,TRUE,TRUE,TRUE,Rede municipal direta em 2024,rede_municipal_direta_ou_nao_classificada,rede_municipal_direta,Municipal,Em atividade,FALSE,FALSE,495,19,27,26.05263157894737,18.333333333333332,0.202020202020202,7.142857142857143,0.5175983436853002,35.40372670807454,3,100,Q3,300 a 499 matrículas,TRUE,108,74,68.51851851851852,32.486486486486484,56.810810810810814,28.45945945945946,14.95945945945946,92,76,82.6086956521739,44.94736842105263,43.48684210526316,27.605263157894736,28.907894736842103,75,14.090177133655388,12.460881934566146,-13.323968705547657,-0.8541963015647234,13.948435277382648,-14.814814814814817,2.702702702702702,Aumento de participação igual ou superior a 10 p.p.,4,4,TRUE,TRUE,TRUE,TRUE,0,-16,2,FALSE,FALSE,FALSE,TRUE,FALSE,FALSE,FALSE,FALSE,EMEF DEP MARCIRIO GOULART LOUREIRO,exata_normalizada,consolidado,,rede_municipal_direta_ou_nao_classificada,0,TRUE,FALSE,FALSE,FALSE,rede_municipal_direta,Rede municipal direta em 2024,codigo_inep_consolidado,2024,Censo Escolar/INEP via Base dos Dados,TRUE,3,,1,0,1,0,,,,300 a 499 matrículas,4,2024,RS,4314902,1,0,1,1,1,0,1,1,966,0,850,495,96,104,103,106,86,355,116,69,69,0,446,520,443,175,167,0,0,181,2,1,1,5,52,46,27,22,52,39,32,19,13,0,,20,0,0,1,1,1,1,1,1,0,1,1,1,0,1,1,1,1,1,0,1,0,1,1,1,1,1,1,,,418,0,0,1,0,0,0,3,FALSE,TRUE,TRUE,TRUE,TRUE,10,10,TRUE,TRUE,1,3,FALSE,FALSE,FALSE,FALSE,FALSE,FALSE,FALSE,Rede municipal direta em 2024,FALSE,,TRUE,FALSE,Rede municipal direta em 2024,FALSE,,TRUE,,sem_revisao_necessaria,,,,Rede municipal direta em 2024,TRUE,TRUE,TRUE,1a_avaliacao_formativa,1a_avaliacao_formativa,linha_base_pre_programa,pos_inicio_programa,regra temporal pre-programa registrada no painel,declaracao formal,,2026-07-24,regra temporal preexistente do projeto,Marian Dante - assessora UEF/SMED,6.20455776256869
ESC_011,43109225,TRUE,EMEF DEP VICTOR ISSLER,EMEF DEP VICTOR ISSLER,EMEF DEP VICTOR ISSLER,clarissa,clarissa,SIM,SIM,NA_APLICAVEL,SIM,NAO,SIM,0,1,,clarissa,SEM_CARGA_DO_PROGRAMA,ATIVA,LINHA_BASE_PRE_PROGRAMA,ASSESSORADA,TRUE,TRUE,FALSE,TRUE,FALSE,TRUE,FALSE,FALSE,REGRA_TEMPORAL_CONFIRMADA,HOMOLOGADO,2025_1a_avaliacao_formativa_linha_base,2026-07-24_v1,2,Língua Portuguesa,TRUE,TRUE,TRUE,TRUE,TRUE,TRUE,TRUE,TRUE,TRUE,TRUE,Rede municipal direta em 2024,rede_municipal_direta_ou_nao_classificada,rede_municipal_direta,Municipal,Em atividade,FALSE,FALSE,581,23,37,25.26086956521739,15.702702702702704,1.8932874354561104,7.331136738056013,0.4942339373970346,35.667215815485996,3,100,Q3,500 matrículas ou mais,TRUE,133,116,87.21804511278195,58.37068965517241,31.939655172413794,21.54310344827586,46.51724137931034,119,108,90.7563025210084,56.22222222222222,36.342592592592595,20.23148148148148,43.42592592592592,112,3.538257408226457,-2.1484674329501914,4.402937420178802,-1.3116219667943805,-3.091315453384418,-10.526315789473683,-6.896551724137931,Sem alerta principal de composição,5,5,TRUE,TRUE,TRUE,TRUE,0,-14,-8,TRUE,TRUE,FALSE,FALSE,FALSE,FALSE,FALSE,FALSE,EMEF DEP VICTOR ISSLER,exata_normalizada,consolidado,,rede_municipal_direta_ou_nao_classificada,0,TRUE,FALSE,FALSE,FALSE,rede_municipal_direta,Rede municipal direta em 2024,codigo_inep_consolidado,2024,Censo Escolar/INEP via Base dos Dados,TRUE,3,,1,0,1,0,,,,500 matrículas ou mais,4,2024,RS,4314902,1,0,1,1,1,0,1,1,1214,0,1016,581,118,124,130,102,107,435,198,89,89,0,588,626,724,203,229,2,1,55,17,11,6,6,69,63,37,32,68,45,39,23,16,0,,22,7,3,1,1,1,1,1,1,0,1,1,1,1,1,1,1,1,1,0,0,0,1,1,1,1,1,1,,,410,0,4,3,0,0,0,8,FALSE,TRUE,TRUE,TRUE,TRUE,10,10,TRUE,TRUE,1,3,FALSE,FALSE,FALSE,FALSE,FALSE,FALSE,FALSE,Rede municipal direta em 2024,FALSE,,TRUE,FALSE,Rede municipal direta em 2024,FALSE,,TRUE,,sem_revisao_necessaria,,,,Rede municipal direta em 2024,TRUE,TRUE,TRUE,1a_avaliacao_formativa,1a_avaliacao_formativa,linha_base_pre_programa,pos_inicio_programa,regra temporal pre-programa registrada no painel,declaracao formal,,2026-07-24,regra temporal preexistente do projeto,Marian Dante - assessora UEF/SMED,6.364750756851911
ESC_012,43105483,TRUE,EMEF DOLORES ALCARAZ CALDAS,EMEF DOLORES ALCARAZ CALDAS,EMEF DOLORES ALCARAZ CALDAS,jalize,jalize,SIM,SIM,NA_APLICAVEL,SIM,NAO,SIM,0,1,,jalize,SEM_CARGA_DO_PROGRAMA,ATIVA,LINHA_BASE_PRE_PROGRAMA,ASSESSORADA,TRUE,TRUE,FALSE,TRUE,FALSE,TRUE,FALSE,FALSE,REGRA_TEMPORAL_CONFIRMADA,HOMOLOGADO,2025_1a_avaliacao_formativa_linha_base,2026-07-24_v1,2,Língua Portuguesa,TRUE,TRUE,TRUE,TRUE,TRUE,TRUE,TRUE,TRUE,TRUE,TRUE,Rede municipal direta em 2024,rede_municipal_direta_ou_nao_classificada,rede_municipal_direta,Municipal,Em atividade,FALSE,FALSE,677,27,31,25.074074074074073,21.838709677419356,20.236336779911372,6.896551724137931,3.8314176245210727,39.00383141762452,4,90,Q2,500 matrículas ou mais,TRUE,154,112,72.72727272727273,49.625,41.089285714285715,24.982142857142858,34.0625,132,112,84.84848484848484,51.05357142857143,36.24107142857143,27.151785714285715,36.401785714285715,112,12.12121212121211,1.4285714285714306,-4.848214285714285,2.1696428571428577,2.3392857142857153,-14.285714285714286,0,Aumento de participação igual ou superior a 10 p.p.,6,5,TRUE,TRUE,TRUE,TRUE,-1,-22,0,TRUE,FALSE,FALSE,TRUE,FALSE,FALSE,FALSE,FALSE,EMEF DOLORES ALCARAZ CALDAS,exata_normalizada,consolidado,,rede_municipal_direta_ou_nao_classificada,0,TRUE,FALSE,FALSE,FALSE,rede_municipal_direta,Rede municipal direta em 2024,codigo_inep_consolidado,2024,Censo Escolar/INEP via Base dos Dados,TRUE,3,,1,0,1,0,,,,500 matrículas ou mais,4,2024,RS,4314902,1,1,1,1,1,0,1,1,1305,78,1143,677,182,130,160,97,108,466,84,90,90,0,630,675,698,261,245,1,3,97,209,137,72,50,64,57,31,31,64,53,45,27,18,0,,25,7,7,1,1,1,1,1,1,0,1,1,1,1,1,0,1,1,1,1,0,0,1,1,1,1,1,1,,,120,0,3,2,1,2,0,8,TRUE,TRUE,TRUE,TRUE,TRUE,10,9,TRUE,TRUE,1,3,FALSE,FALSE,FALSE,FALSE,FALSE,FALSE,FALSE,Rede municipal direta em 2024,FALSE,,TRUE,FALSE,Rede municipal direta em 2024,FALSE,,TRUE,,sem_revisao_necessaria,,,,Rede municipal direta em 2024,TRUE,TRUE,TRUE,1a_avaliacao_formativa,1a_avaliacao_formativa,linha_base_pre_programa,pos_inicio_programa,regra temporal pre-programa registrada no painel,declaracao formal,,2026-07-24,regra temporal preexistente do projeto,Marian Dante - assessora UEF/SMED,6.517671272912275
ESC_013,43106331,TRUE,EMEF ESPIRITO SANTO,EMEF ESPIRITO SANTO,EMEF ESPIRITO SANTO,priscila,priscila,NAO,SIM,NA_APLICAVEL,SIM,NAO,SIM,0,1,,priscila,SEM_CARGA_DO_PROGRAMA,ATIVA,LINHA_BASE_PRE_PROGRAMA,ASSESSORADA,FALSE,TRUE,FALSE,TRUE,FALSE,TRUE,FALSE,FALSE,REGRA_TEMPORAL_CONFIRMADA,HOMOLOGADO,2025_1a_avaliacao_formativa_linha_base,2026-07-24_v1,2,Língua Portuguesa,FALSE,FALSE,TRUE,FALSE,FALSE,FALSE,FALSE,FALSE,FALSE,FALSE,Rede estadual em 2024,rede_municipal_direta_ou_nao_classificada,vinculo_estadual_em_2025_a_confirmar,Estadual,Em atividade,FALSE,FALSE,54,4,5,13.5,10.8,0,0,0,61.111111111111114,1,60,,,FALSE,,,,,,,,16,11,68.75,49,36,36,27,,,,,,,,,Escola-série ausente em um dos anos,,1,FALSE,TRUE,FALSE,TRUE,,,,,,,,,,,TRUE,ESC EST ENS FUN ESPIRITO SANTO,aceite_manual,consolidado,municipalização recente,rede_municipal_direta_ou_nao_classificada,0,TRUE,FALSE,TRUE,FALSE,vinculo_estadual_em_2025_a_confirmar,Escola estadual no Censo 2024; municipalização posterior a confirmar,codigo_inep_consolidado,2024,Censo Escolar/INEP via Base dos Dados,TRUE,2,,1,0,1,0,,,,Até 149 matrículas,1,2024,RS,4314902,1,0,1,1,0,0,0,0,54,0,54,54,16,13,14,11,0,0,0,0,0,0,26,28,14,19,14,0,0,7,0,0,0,0,5,5,5,0,0,4,4,4,0,0,,6,0,0,1,1,1,1,1,1,0,0,1,0,0,1,1,0,0,1,0,0,0,1,0,1,1,1,0,,,30,0,0,0,0,0,0,2,FALSE,TRUE,FALSE,FALSE,FALSE,10,6,TRUE,TRUE,1,2,FALSE,FALSE,FALSE,FALSE,FALSE,FALSE,FALSE,Escola estadual no Censo 2024; municipalização posterior a confirmar,FALSE,,TRUE,FALSE,Rede estadual em 2024,FALSE,,TRUE,Dependência estadual no Censo 2024,sem_revisao_necessaria,,,,Escola estadual no Censo 2024; municipalização posterior a confirmar,TRUE,TRUE,TRUE,1a_avaliacao_formativa,1a_avaliacao_formativa,linha_base_pre_programa,pos_inicio_programa,regra temporal pre-programa registrada no painel,declaracao formal,,2026-07-24,regra temporal preexistente do projeto,Marian Dante - assessora UEF/SMED,3.9889840465642745
ESC_014,43106382,TRUE,EMEF EVARISTO GONCALVES NETTO,EMEF EVARISTO GONCALVES NETTO,EMEF EVARISTO GONCALVES NETTO,jalize,jalize,NAO,SIM,NA_APLICAVEL,SIM,NAO,SIM,0,1,,jalize,SEM_CARGA_DO_PROGRAMA,ATIVA,LINHA_BASE_PRE_PROGRAMA,ASSESSORADA,FALSE,TRUE,FALSE,TRUE,FALSE,TRUE,FALSE,FALSE,REGRA_TEMPORAL_CONFIRMADA,HOMOLOGADO,2025_1a_avaliacao_formativa_linha_base,2026-07-24_v1,2,Língua Portuguesa,FALSE,FALSE,TRUE,FALSE,FALSE,FALSE,FALSE,FALSE,FALSE,FALSE,Rede estadual em 2024,rede_municipal_direta_ou_nao_classificada,vinculo_estadual_em_2025_a_confirmar,Estadual,Em atividade,FALSE,FALSE,100,5,7,20,14.285714285714286,0,1,0,33,1,70,,,FALSE,,,,,,,,39,31,79.48717948717949,16.967741935483872,74.03225806451613,25.967741935483872,0,,,,,,,,,Escola-série ausente em um dos anos,,2,FALSE,TRUE,FALSE,TRUE,,,,,,,,,,,FALSE,ESC EST ENS FUN EVARISTO GONCALVES NETTO,aceite_manual,consolidado,municipalização recente,rede_municipal_direta_ou_nao_classificada,0,TRUE,FALSE,TRUE,FALSE,vinculo_estadual_em_2025_a_confirmar,Escola estadual no Censo 2024; municipalização posterior a confirmar,codigo_inep_consolidado,2024,Censo Escolar/INEP via Base dos Dados,TRUE,2,,1,0,1,0,,,,Até 149 matrículas,1,2024,RS,4314902,1,0,1,1,0,0,0,1,100,0,100,100,19,23,24,17,17,0,0,1,1,0,49,51,42,20,13,0,0,25,0,0,0,0,7,7,7,0,2,5,5,5,0,0,,5,0,0,1,1,1,1,1,1,0,0,1,1,0,1,1,1,0,0,0,0,0,1,0,1,1,1,0,,,30,0,0,0,0,0,0,2,FALSE,TRUE,FALSE,FALSE,TRUE,10,7,TRUE,FALSE,1,2,FALSE,FALSE,FALSE,FALSE,FALSE,FALSE,FALSE,Escola estadual no Censo 2024; municipalização posterior a confirmar,FALSE,,TRUE,FALSE,Rede estadual em 2024,FALSE,,TRUE,Dependência estadual no Censo 2024,sem_revisao_necessaria,,,,Escola estadual no Censo 2024; municipalização posterior a confirmar,TRUE,TRUE,TRUE,1a_avaliacao_formativa,1a_avaliacao_formativa,linha_base_pre_programa,pos_inicio_programa,regra temporal pre-programa registrada no painel,declaracao formal,,2026-07-24,regra temporal preexistente do projeto,Marian Dante - assessora UEF/SMED,4.605170185988092
ESC_015,43109233,TRUE,EMEF GABRIEL OBINO,EMEF GABRIEL OBINO,EMEF GABRIEL OBINO,amanda,amanda,SIM,SIM,NA_APLICAVEL,SIM,NAO,SIM,0,1,,amanda,SEM_CARGA_DO_PROGRAMA,ATIVA,LINHA_BASE_PRE_PROGRAMA,ASSESSORADA,TRUE,TRUE,FALSE,TRUE,FALSE,TRUE,FALSE,FALSE,REGRA_TEMPORAL_CONFIRMADA,HOMOLOGADO,2025_1a_avaliacao_formativa_linha_base,2026-07-24_v1,2,Língua Portuguesa,TRUE,TRUE,TRUE,TRUE,TRUE,TRUE,TRUE,TRUE,TRUE,TRUE,Rede municipal direta em 2024,rede_municipal_direta_ou_nao_classificada,rede_municipal_direta,Municipal,Em atividade,FALSE,FALSE,255,13,22,19.615384615384617,11.590909090909092,0,5.743243243243243,3.2094594594594597,41.0472972972973,4,100,Q3,150 a 299 matrículas,TRUE,56,48,85.71428571428571,76.875,14.8125,20.8125,64.375,44,39,88.63636363636364,50.282051282051285,32.12820512820513,32.30769230769231,35.56410256410256,43.5,2.922077922077932,-26.592948717948715,17.31570512820513,11.495192307692308,-28.81089743589744,-21.428571428571427,-18.75,Mudança relevante no número de estudantes previstos,3,2,TRUE,TRUE,TRUE,TRUE,-1,-12,-9,TRUE,TRUE,FALSE,FALSE,FALSE,TRUE,FALSE,FALSE,EMEF GABRIEL OBINO,exata_normalizada,consolidado,,rede_municipal_direta_ou_nao_classificada,0,TRUE,FALSE,FALSE,FALSE,rede_municipal_direta,Rede municipal direta em 2024,codigo_inep_consolidado,2024,Censo Escolar/INEP via Base dos Dados,TRUE,3,,1,0,1,0,,,,150 a 299 matrículas,2,2024,RS,4314902,1,1,1,1,1,0,1,1,592,82,463,255,53,48,51,56,47,208,47,34,34,0,289,303,319,110,131,1,2,29,0,0,0,19,42,38,22,21,38,32,24,13,11,0,,28,0,0,1,1,1,1,1,1,0,1,1,1,1,1,1,1,1,1,0,0,0,1,1,1,1,1,1,,,332,0,2,2,0,0,0,6,TRUE,TRUE,TRUE,TRUE,TRUE,10,10,TRUE,TRUE,1,3,FALSE,FALSE,FALSE,FALSE,FALSE,FALSE,FALSE,Rede municipal direta em 2024,FALSE,,TRUE,FALSE,Rede municipal direta em 2024,FALSE,,TRUE,,sem_revisao_necessaria,,,,Rede municipal direta em 2024,TRUE,TRUE,TRUE,1a_avaliacao_formativa,1a_avaliacao_formativa,linha_base_pre_programa,pos_inicio_programa,regra temporal pre-programa registrada no painel,declaracao formal,,2026-07-24,regra temporal preexistente do projeto,Marian Dante - assessora UEF/SMED,5.541263545158426
ESC_016,43107508,TRUE,EMEF GOV ILDO MENEGHETTI,EMEF GOV ILDO MENEGHETTI,EMEF GOV ILDO MENEGHETTI,clarissa,clarissa,SIM,SIM,NA_APLICAVEL,SIM,NAO,SIM,0,1,,clarissa,SEM_CARGA_DO_PROGRAMA,ATIVA,LINHA_BASE_PRE_PROGRAMA,ASSESSORADA,TRUE,TRUE,FALSE,TRUE,FALSE,TRUE,FALSE,FALSE,REGRA_TEMPORAL_CONFIRMADA,HOMOLOGADO,2025_1a_avaliacao_formativa_linha_base,2026-07-24_v1,2,Língua Portuguesa,TRUE,TRUE,TRUE,TRUE,TRUE,TRUE,TRUE,TRUE,TRUE,TRUE,Rede municipal direta em 2024,rede_municipal_direta_ou_nao_classificada,rede_municipal_direta,Municipal,Em atividade,FALSE,FALSE,585,24,28,24.375,20.892857142857142,8.376068376068377,8.389830508474576,0.2542372881355932,38.47457627118644,4,90,Q2,500 matrículas ou mais,TRUE,113,93,82.30088495575221,53.483870967741936,37.61290322580645,25.591397849462364,36.59139784946237,114,90,78.94736842105263,33.15555555555556,53.62222222222222,35.7,10.677777777777775,91.5,-3.3535165346995797,-20.328315412186377,16.00931899641577,10.10860215053764,-25.91362007168459,0.8849557522123894,-3.225806451612903,Sem alerta principal de composição,5,5,TRUE,TRUE,TRUE,TRUE,0,1,-3,TRUE,FALSE,FALSE,FALSE,FALSE,FALSE,FALSE,FALSE,EMEF GOV ILDO MENEGHETTI,exata_normalizada,consolidado,,rede_municipal_direta_ou_nao_classificada,0,TRUE,FALSE,FALSE,FALSE,rede_municipal_direta,Rede municipal direta em 2024,codigo_inep_consolidado,2024,Censo Escolar/INEP via Base dos Dados,TRUE,3,,1,0,1,0,,,,500 matrículas ou mais,4,2024,RS,4314902,1,1,1,1,1,0,1,1,1180,34,994,585,109,125,105,124,122,409,152,99,99,0,619,561,703,241,211,4,2,19,49,49,0,3,59,49,28,25,54,48,41,24,17,0,,25,0,12,1,1,1,1,1,1,1,1,1,1,1,1,0,1,1,1,0,0,0,1,1,1,1,1,1,,,450,0,4,2,0,0,0,5,TRUE,TRUE,TRUE,TRUE,TRUE,10,9,TRUE,TRUE,1,3,FALSE,FALSE,FALSE,FALSE,FALSE,FALSE,FALSE,Rede municipal direta em 2024,FALSE,,TRUE,FALSE,Rede municipal direta em 2024,FALSE,,TRUE,,sem_revisao_necessaria,,,,Rede municipal direta em 2024,TRUE,TRUE,TRUE,1a_avaliacao_formativa,1a_avaliacao_formativa,linha_base_pre_programa,pos_inicio_programa,regra temporal pre-programa registrada no painel,declaracao formal,,2026-07-24,regra temporal preexistente do projeto,Marian Dante - assessora UEF/SMED,6.371611847231857
ESC_017,43108571,TRUE,EMEF GRANDE ORIENTE DO RGS,EMEF GRANDE ORIENTE DO RGS,EMEF GRANDE ORIENTE DO RGS,andreia,andreia,SIM,SIM,NA_APLICAVEL,SIM,NAO,SIM,0,1,,andreia,SEM_CARGA_DO_PROGRAMA,ATIVA,LINHA_BASE_PRE_PROGRAMA,ASSESSORADA,TRUE,TRUE,FALSE,TRUE,FALSE,TRUE,FALSE,FALSE,REGRA_TEMPORAL_CONFIRMADA,HOMOLOGADO,2025_1a_avaliacao_formativa_linha_base,2026-07-24_v1,2,Língua Portuguesa,TRUE,TRUE,TRUE,TRUE,TRUE,TRUE,TRUE,TRUE,TRUE,TRUE,Rede municipal direta em 2024,rede_municipal_direta_ou_nao_classificada,rede_municipal_direta,Municipal,Em atividade,FALSE,FALSE,470,20,25,23.5,18.8,24.46808510638298,7.762096774193548,0.907258064516129,42.54032258064516,4,80,Q1 — menor infraestrutura,300 a 499 matrículas,TRUE,98,67,68.36734693877551,43.97014925373134,38.74626865671642,43.507462686567166,18.253731343283583,87,61,70.11494252873563,43.34426229508197,48.85245901639344,26.49180327868853,25.50819672131147,64,1.7475955899601132,-0.6258869586493745,10.106190359677022,-17.01565940787864,7.254465378027891,-11.224489795918368,-8.955223880597014,Sem alerta principal de composição,4,4,TRUE,TRUE,TRUE,TRUE,0,-11,-6,FALSE,FALSE,FALSE,FALSE,FALSE,FALSE,FALSE,FALSE,EMEF GRANDE ORIENTE DO RGS,exata_normalizada,consolidado,,rede_municipal_direta_ou_nao_classificada,0,TRUE,FALSE,FALSE,FALSE,rede_municipal_direta,Rede municipal direta em 2024,codigo_inep_consolidado,2024,Censo Escolar/INEP via Base dos Dados,TRUE,3,,1,0,1,0,,,,300 a 499 matrículas,3,2024,RS,4314902,1,1,1,1,1,0,1,1,992,49,780,470,95,86,99,87,103,310,163,77,77,0,508,484,487,221,197,2,4,81,197,115,82,9,57,44,25,25,54,44,34,20,14,0,,28,0,0,1,1,1,1,1,1,0,1,1,1,1,1,0,1,1,1,0,0,0,1,0,1,1,1,1,,,366,0,1,2,0,0,0,4,TRUE,TRUE,TRUE,TRUE,TRUE,10,8,TRUE,TRUE,1,3,FALSE,FALSE,FALSE,FALSE,FALSE,FALSE,FALSE,Rede municipal direta em 2024,FALSE,,TRUE,FALSE,Rede municipal direta em 2024,FALSE,,TRUE,,sem_revisao_necessaria,,,,Rede municipal direta em 2024,TRUE,TRUE,TRUE,1a_avaliacao_formativa,1a_avaliacao_formativa,linha_base_pre_programa,pos_inicio_programa,regra temporal pre-programa registrada no painel,declaracao formal,,2026-07-24,regra temporal preexistente do projeto,Marian Dante - assessora UEF/SMED,6.152732694704104
ESC_018,43105548,TRUE,EMEF HEITOR VILLA LOBOS,EMEF HEITOR VILLA LOBOS,EMEF HEITOR VILLA LOBOS,jalize,jalize,SIM,SIM,NA_APLICAVEL,SIM,NAO,SIM,0,1,,jalize,SEM_CARGA_DO_PROGRAMA,ATIVA,LINHA_BASE_PRE_PROGRAMA,ASSESSORADA,TRUE,TRUE,FALSE,TRUE,FALSE,TRUE,FALSE,FALSE,REGRA_TEMPORAL_CONFIRMADA,HOMOLOGADO,2025_1a_avaliacao_formativa_linha_base,2026-07-24_v1,2,Língua Portuguesa,TRUE,TRUE,TRUE,TRUE,TRUE,TRUE,TRUE,TRUE,TRUE,TRUE,Rede municipal direta em 2024,rede_municipal_direta_ou_nao_classificada,rede_municipal_direta,Municipal,Em atividade,FALSE,FALSE,501,19,24,26.36842105263158,20.875,5.788423153692615,7.265388496468214,11.301715438950556,39.05146316851665,3,100,Q3,500 matrículas ou mais,TRUE,96,73,76.04166666666667,58.47945205479452,27.54794520547945,23.28767123287671,49.42465753424658,76,69,90.78947368421052,41.2463768115942,44.73913043478261,38.01449275362319,17.579710144927535,71,14.747807017543847,-17.233075243200318,17.19118522930316,14.726821520746476,-31.84494738931904,-20.833333333333332,-5.47945205479452,Mudança relevante no público previsto e aumento de participação,4,3,TRUE,TRUE,TRUE,TRUE,-1,-20,-4,TRUE,FALSE,FALSE,TRUE,FALSE,TRUE,FALSE,FALSE,EMEF HEITOR VILLA LOBOS,exata_normalizada,consolidado,,rede_municipal_direta_ou_nao_classificada,0,TRUE,FALSE,FALSE,FALSE,rede_municipal_direta,Rede municipal direta em 2024,codigo_inep_consolidado,2024,Censo Escolar/INEP via Base dos Dados,TRUE,3,,1,0,1,0,,,,500 matrículas ou mais,4,2024,RS,4314902,1,0,1,1,1,0,1,1,991,0,861,501,96,98,116,107,84,360,130,72,72,0,477,514,552,174,210,1,3,51,50,29,21,112,47,41,24,22,46,37,32,19,13,0,,20,3,1,1,1,1,1,1,1,0,1,1,1,1,1,1,1,1,1,0,0,0,1,1,1,1,1,1,,,527,0,2,3,0,0,0,7,FALSE,TRUE,TRUE,TRUE,TRUE,10,10,TRUE,TRUE,1,3,FALSE,FALSE,FALSE,FALSE,FALSE,FALSE,FALSE,Rede municipal direta em 2024,FALSE,,TRUE,FALSE,Rede municipal direta em 2024,FALSE,,TRUE,,sem_revisao_necessaria,,,,Rede municipal direta em 2024,TRUE,TRUE,TRUE,1a_avaliacao_formativa,1a_avaliacao_formativa,linha_base_pre_programa,pos_inicio_programa,regra temporal pre-programa registrada no painel,declaracao formal,,2026-07-24,regra temporal preexistente do projeto,Marian Dante - assessora UEF/SMED,6.2166061010848646
ESC_019,43172474,TRUE,EMEF JEAN PIAGET,EMEF JEAN PIAGET,EMEF JEAN PIAGET,clarissa,clarissa,SIM,SIM,NA_APLICAVEL,SIM,NAO,SIM,0,1,,clarissa,SEM_CARGA_DO_PROGRAMA,ATIVA,LINHA_BASE_PRE_PROGRAMA,ASSESSORADA,TRUE,TRUE,FALSE,TRUE,FALSE,TRUE,FALSE,FALSE,REGRA_TEMPORAL_CONFIRMADA,HOMOLOGADO,2025_1a_avaliacao_formativa_linha_base,2026-07-24_v1,2,Língua Portuguesa,TRUE,TRUE,TRUE,TRUE,TRUE,TRUE,TRUE,TRUE,TRUE,TRUE,Rede municipal direta em 2024,rede_municipal_direta_ou_nao_classificada,rede_municipal_direta,Municipal,Em atividade,FALSE,FALSE,379,16,26,23.6875,14.576923076923077,0,8.375634517766498,1.1421319796954317,30.96446700507614,4,100,Q3,300 a 499 matrículas,TRUE,77,54,70.12987012987013,53.18518518518518,38.74074074074074,23.925925925925927,37.092592592592595,58,50,86.20689655172414,53.08,28.84,35.14,35.3,52,16.077026421854015,-0.10518518518518503,-9.90074074074074,11.214074074074071,-1.792592592592598,-24.67532467532467,-7.407407407407407,Mudança relevante no público previsto e aumento de participação,3,3,TRUE,TRUE,TRUE,TRUE,0,-19,-4,TRUE,FALSE,FALSE,TRUE,FALSE,TRUE,FALSE,FALSE,EMEF JEAN PIAGET,exata_normalizada,consolidado,,rede_municipal_direta_ou_nao_classificada,0,TRUE,FALSE,FALSE,FALSE,rede_municipal_direta,Rede municipal direta em 2024,codigo_inep_consolidado,2024,Censo Escolar/INEP via Base dos Dados,TRUE,3,,1,0,1,0,,,,300 a 499 matrículas,3,2024,RS,4314902,1,1,1,1,1,0,1,1,788,58,675,379,69,67,92,84,67,296,55,66,66,0,393,395,515,132,111,4,1,25,0,0,0,9,55,48,26,25,53,36,29,16,13,0,,16,0,0,1,1,1,1,1,1,0,1,1,1,0,1,1,1,0,1,0,0,0,1,1,1,1,1,1,,,345,0,4,1,1,1,0,6,TRUE,TRUE,TRUE,TRUE,TRUE,10,10,TRUE,TRUE,1,3,FALSE,FALSE,FALSE,FALSE,FALSE,FALSE,FALSE,Rede municipal direta em 2024,FALSE,,TRUE,FALSE,Rede municipal direta em 2024,FALSE,,TRUE,,sem_revisao_necessaria,,,,Rede municipal direta em 2024,TRUE,TRUE,TRUE,1a_avaliacao_formativa,1a_avaliacao_formativa,linha_base_pre_programa,pos_inicio_programa,regra temporal pre-programa registrada no painel,declaracao formal,,2026-07-24,regra temporal preexistente do projeto,Marian Dante - assessora UEF/SMED,5.937536205082426
ESC_020,43109217,TRUE,EMEF JOAO ANTONIO SATTE,EMEF JOAO ANTONIO SATTE,EMEF JOAO ANTONIO SATTE,eliane,eliane,SIM,SIM,NA_APLICAVEL,SIM,NAO,SIM,0,1,,eliane,SEM_CARGA_DO_PROGRAMA,ATIVA,LINHA_BASE_PRE_PROGRAMA,ASSESSORADA,TRUE,TRUE,FALSE,TRUE,FALSE,TRUE,FALSE,FALSE,REGRA_TEMPORAL_CONFIRMADA,HOMOLOGADO,2025_1a_avaliacao_formativa_linha_base,2026-07-24_v1,2,Língua Portuguesa,TRUE,TRUE,TRUE,TRUE,TRUE,TRUE,TRUE,TRUE,TRUE,TRUE,Rede municipal direta em 2024,rede_municipal_direta_ou_nao_classificada,rede_municipal_direta,Municipal,Em atividade,FALSE,FALSE,417,20,31,20.85,13.451612903225806,0,7.159353348729792,4.041570438799076,34.75750577367206,3,90,Q2,300 a 499 matrículas,TRUE,57,35,61.40350877192982,64.14285714285714,19.771428571428572,31.34285714285714,48.57142857142857,61,50,81.9672131147541,51.2,28.32,47.12,24.88,42.5,20.56370434282428,-12.942857142857136,8.548571428571428,15.777142857142856,-23.69142857142857,7.017543859649122,42.857142857142854,Aumento de participação igual ou superior a 10 p.p.,3,3,TRUE,TRUE,TRUE,TRUE,0,4,15,FALSE,FALSE,FALSE,TRUE,FALSE,FALSE,FALSE,FALSE,EMEF JOAO ANTONIO SATTE,exata_normalizada,consolidado,,rede_municipal_direta_ou_nao_classificada,0,TRUE,FALSE,FALSE,FALSE,rede_municipal_direta,Rede municipal direta em 2024,codigo_inep_consolidado,2024,Censo Escolar/INEP via Base dos Dados,TRUE,3,,1,0,1,0,,,,300 a 499 matrículas,3,2024,RS,4314902,1,0,1,1,1,0,1,1,866,0,788,417,57,63,116,92,89,371,78,62,62,0,403,463,528,150,148,4,3,33,0,0,0,35,58,49,31,25,53,38,34,20,14,0,,21,0,1,1,1,1,1,1,1,1,1,0,1,1,1,1,1,1,0,0,0,0,1,1,1,1,1,1,,,521,0,3,3,0,0,0,7,FALSE,TRUE,TRUE,TRUE,TRUE,10,9,TRUE,TRUE,1,3,FALSE,FALSE,FALSE,FALSE,FALSE,FALSE,FALSE,Rede municipal direta em 2024,FALSE,,TRUE,FALSE,Rede municipal direta em 2024,FALSE,,TRUE,,sem_revisao_necessaria,,,,Rede municipal direta em 2024,TRUE,TRUE,TRUE,1a_avaliacao_formativa,1a_avaliacao_formativa,linha_base_pre_programa,pos_inicio_programa,regra temporal pre-programa registrada no painel,declaracao formal,,2026-07-24,regra temporal preexistente do projeto,Marian Dante - assessora UEF/SMED,6.0330862217988015
ESC_021,43219543,TRUE,EMEF JOAO CARLOS DAVILA PAIXAO CORTES - LACADOR,EMEF JOAO CARLOS DAVILA PAIXAO CORTES - LACADOR,EMEF JOAO CARLOS DAVILA PAIXAO CORTES LACADOR,julia,julia,SIM,SIM,NA_APLICAVEL,SIM,NAO,SIM,0,1,,julia,SEM_CARGA_DO_PROGRAMA,ATIVA,LINHA_BASE_PRE_PROGRAMA,ASSESSORADA,TRUE,TRUE,FALSE,TRUE,FALSE,TRUE,FALSE,FALSE,REGRA_TEMPORAL_CONFIRMADA,HOMOLOGADO,2025_1a_avaliacao_formativa_linha_base,2026-07-24_v1,2,Língua Portuguesa,TRUE,TRUE,TRUE,TRUE,TRUE,TRUE,TRUE,TRUE,TRUE,TRUE,Rede municipal direta em 2024,rede_municipal_direta,rede_municipal_direta,Municipal,Em atividade,FALSE,FALSE,70,4,11,17.5,6.363636363636363,0,9.090909090909092,0,24.545454545454547,2,80,Q1 — menor infraestrutura,Até 149 matrículas,TRUE,25,22,88,95,0,9,91,20,18,90,67,19,19,63,20,2,-28,19,10,-28,-20,-18.181818181818183,Mudança relevante no número de estudantes previstos,1,1,TRUE,TRUE,TRUE,TRUE,0,-5,-4,TRUE,TRUE,FALSE,FALSE,FALSE,TRUE,FALSE,TRUE,EMEF JOAO CARLOS DAVILA PAIXAO CORTES - LACADOR,aceite_manual,consolidado,escola nova,rede_municipal_direta,0,TRUE,FALSE,FALSE,TRUE,rede_municipal_direta,"Escola municipal inaugurada para o ano letivo de 2024, instalada em prédio anteriormente utilizado pela extinta Escola Estadual Dr. João Batista de Lacerda. Desde a inauguração integra a rede municipal direta. Opera em turno integral, com ensino bilíngue em inglês e modelo cívico-militar com monitoria da Brigada Militar. A condição de escola nova refere-se à inauguração em 2024, não à ausência ou ao funcionamento incerto no contexto pré-programa.",codigo_inep_consolidado,2024,Censo Escolar/INEP via Base dos Dados,TRUE,3,,1,0,1,0,,,,Até 149 matrículas,1,2024,RS,4314902,1,1,1,1,0,0,0,1,110,40,70,70,25,23,22,0,0,0,0,10,10,0,48,62,80,12,15,0,0,3,0,0,0,0,14,11,11,0,14,6,4,4,0,0,,12,0,2,1,1,1,1,1,1,0,1,1,1,0,1,1,1,1,1,1,0,0,1,0,1,1,1,0,,,102,0,0,1,0,0,0,5,TRUE,TRUE,FALSE,FALSE,TRUE,10,8,TRUE,TRUE,1,3,FALSE,FALSE,FALSE,FALSE,FALSE,FALSE,FALSE,Rede municipal direta em 2024,FALSE,,TRUE,FALSE,Rede municipal direta em 2024,TRUE,Censo 2024 registra escola municipal em atividade; a hipótese de escola nova precisa ser reinterpretada,TRUE,,corrigir,rede_municipal_direta,rede_municipal_direta,"Escola municipal inaugurada para o ano letivo de 2024, instalada em prédio anteriormente utilizado pela extinta Escola Estadual Dr. João Batista de Lacerda. Desde a inauguração integra a rede municipal direta. Opera em turno integral, com ensino bilíngue em inglês e modelo cívico-militar com monitoria da Brigada Militar. A condição de escola nova refere-se à inauguração em 2024, não à ausência ou ao funcionamento incerto no contexto pré-programa.","Escola municipal inaugurada para o ano letivo de 2024, instalada em prédio anteriormente utilizado pela extinta Escola Estadual Dr. João Batista de Lacerda. Desde a inauguração integra a rede municipal direta. Opera em turno integral, com ensino bilíngue em inglês e modelo cívico-militar com monitoria da Brigada Militar. A condição de escola nova refere-se à inauguração em 2024, não à ausência ou ao funcionamento incerto no contexto pré-programa.",TRUE,TRUE,TRUE,1a_avaliacao_formativa,1a_avaliacao_formativa,linha_base_pre_programa,pos_inicio_programa,regra temporal pre-programa registrada no painel,declaracao formal,,2026-07-24,regra temporal preexistente do projeto,Marian Dante - assessora UEF/SMED,4.248495242049359
ESC_022,43105491,TRUE,EMEF JOSE LOUREIRO DA SILVA,EMEF JOSE LOUREIRO DA SILVA,EMEF JOSE LOUREIRO DA SILVA,jalize,jalize,SIM,SIM,NA_APLICAVEL,SIM,NAO,SIM,0,1,,jalize,SEM_CARGA_DO_PROGRAMA,ATIVA,LINHA_BASE_PRE_PROGRAMA,ASSESSORADA,TRUE,TRUE,FALSE,TRUE,FALSE,TRUE,FALSE,FALSE,REGRA_TEMPORAL_CONFIRMADA,HOMOLOGADO,2025_1a_avaliacao_formativa_linha_base,2026-07-24_v1,2,Língua Portuguesa,TRUE,TRUE,TRUE,TRUE,TRUE,TRUE,TRUE,TRUE,TRUE,TRUE,Rede municipal direta em 2024,rede_municipal_direta_ou_nao_classificada,rede_municipal_direta,Municipal,Em atividade,FALSE,FALSE,477,21,26,22.714285714285715,18.346153846153847,30.39832285115304,9.821428571428571,2.380952380952381,44.04761904761905,4,100,Q3,300 a 499 matrículas,TRUE,93,65,69.89247311827957,61.84615384615385,24.476923076923075,32,42.98461538461538,85,62,72.94117647058823,62.03225806451613,23.016129032258064,27.5,49.483870967741936,63.5,3.0487033523086637,0.18610421836228144,-1.4607940446650112,-4.5,6.499255583126555,-8.602150537634408,-4.615384615384615,Sem alerta principal de composição,4,4,TRUE,TRUE,TRUE,TRUE,0,-8,-3,FALSE,FALSE,FALSE,FALSE,FALSE,FALSE,FALSE,FALSE,EMEF JOSE LOUREIRO DA SILVA,exata_normalizada,consolidado,,rede_municipal_direta_ou_nao_classificada,0,TRUE,FALSE,FALSE,FALSE,rede_municipal_direta,Rede municipal direta em 2024,codigo_inep_consolidado,2024,Censo Escolar/INEP via Base dos Dados,TRUE,3,,1,0,1,0,,,,300 a 499 matrículas,3,2024,RS,4314902,1,1,1,1,1,0,1,1,1008,42,816,477,96,87,101,102,91,339,150,99,99,0,508,500,547,241,202,2,1,15,204,145,59,24,57,49,26,24,53,45,35,21,14,0,,24,0,1,1,1,1,1,1,1,0,1,1,1,1,1,1,1,1,1,0,0,0,1,1,1,1,1,1,,,520,2,4,2,0,0,1,6,TRUE,TRUE,TRUE,TRUE,TRUE,10,10,TRUE,TRUE,1,3,FALSE,FALSE,FALSE,FALSE,FALSE,FALSE,FALSE,Rede municipal direta em 2024,FALSE,,TRUE,FALSE,Rede municipal direta em 2024,FALSE,,TRUE,,sem_revisao_necessaria,,,,Rede municipal direta em 2024,TRUE,TRUE,TRUE,1a_avaliacao_formativa,1a_avaliacao_formativa,linha_base_pre_programa,pos_inicio_programa,regra temporal pre-programa registrada no painel,declaracao formal,,2026-07-24,regra temporal preexistente do projeto,Marian Dante - assessora UEF/SMED,6.1675164908883415
ESC_023,43169490,TRUE,EMEF JOSE MARIANO BECK,EMEF JOSE MARIANO BECK,EMEF JOSE MARIANO BECK,nathalia,nathalia,SIM,SIM,NA_APLICAVEL,SIM,NAO,SIM,0,1,,nathalia,SEM_CARGA_DO_PROGRAMA,ATIVA,LINHA_BASE_PRE_PROGRAMA,ASSESSORADA,TRUE,TRUE,FALSE,TRUE,FALSE,TRUE,FALSE,FALSE,REGRA_TEMPORAL_CONFIRMADA,HOMOLOGADO,2025_1a_avaliacao_formativa_linha_base,2026-07-24_v1,2,Língua Portuguesa,TRUE,TRUE,TRUE,TRUE,TRUE,TRUE,TRUE,TRUE,TRUE,TRUE,Rede municipal direta em 2024,rede_municipal_direta_ou_nao_classificada,rede_municipal_direta,Municipal,Em atividade,FALSE,FALSE,329,15,24,21.933333333333337,13.708333333333334,0,6.185567010309279,0,45.65537555228277,4,100,Q3,300 a 499 matrículas,TRUE,65,52,80,60.94230769230769,24.865384615384617,30.692307692307693,44.44230769230769,60,48,80,59.625,30.4375,22.458333333333332,46.75,50,0,-1.3173076923076934,5.572115384615383,-8.233974358974361,2.3076923076923066,-7.6923076923076925,-7.6923076923076925,Sem alerta principal de composição,3,3,TRUE,TRUE,TRUE,TRUE,0,-5,-4,TRUE,TRUE,FALSE,FALSE,FALSE,FALSE,FALSE,FALSE,EMEF JOSE MARIANO BECK,exata_normalizada,consolidado,,rede_municipal_direta_ou_nao_classificada,0,TRUE,FALSE,FALSE,FALSE,rede_municipal_direta,Rede municipal direta em 2024,codigo_inep_consolidado,2024,Censo Escolar/INEP via Base dos Dados,TRUE,3,,1,0,1,0,,,,300 a 499 matrículas,2,2024,RS,4314902,1,1,1,1,1,0,1,1,679,56,559,329,65,64,72,65,63,230,64,42,42,0,338,341,355,132,177,0,1,14,0,0,0,0,53,45,24,27,45,37,29,15,14,0,,18,1,9,1,1,1,1,1,1,0,1,1,1,1,1,1,1,1,0,0,1,0,1,1,1,1,1,1,,,430,0,2,1,0,0,0,5,TRUE,TRUE,TRUE,TRUE,TRUE,10,10,TRUE,TRUE,1,3,FALSE,FALSE,FALSE,FALSE,FALSE,FALSE,FALSE,Rede municipal direta em 2024,FALSE,,TRUE,FALSE,Rede municipal direta em 2024,FALSE,,TRUE,,sem_revisao_necessaria,,,,Rede municipal direta em 2024,TRUE,TRUE,TRUE,1a_avaliacao_formativa,1a_avaliacao_formativa,linha_base_pre_programa,pos_inicio_programa,regra temporal pre-programa registrada no painel,declaracao formal,,2026-07-24,regra temporal preexistente do projeto,Marian Dante - assessora UEF/SMED,5.796057750765372
ESC_024,43109209,TRUE,EMEF LAURO RODRIGUES,EMEF LAURO RODRIGUES,EMEF LAURO RODRIGUES,clarissa,clarissa,SIM,SIM,NA_APLICAVEL,SIM,NAO,SIM,0,1,,clarissa,SEM_CARGA_DO_PROGRAMA,ATIVA,LINHA_BASE_PRE_PROGRAMA,ASSESSORADA,TRUE,TRUE,FALSE,TRUE,FALSE,TRUE,FALSE,FALSE,REGRA_TEMPORAL_CONFIRMADA,HOMOLOGADO,2025_1a_avaliacao_formativa_linha_base,2026-07-24_v1,2,Língua Portuguesa,TRUE,TRUE,TRUE,TRUE,TRUE,TRUE,TRUE,TRUE,TRUE,TRUE,Rede municipal direta em 2024,rede_municipal_direta_ou_nao_classificada,rede_municipal_direta,Municipal,Em atividade,FALSE,FALSE,339,15,27,22.6,12.555555555555555,20.64896755162242,7.451564828614009,3.5767511177347244,32.04172876304024,3,90,Q2,300 a 499 matrículas,TRUE,72,62,86.11111111111111,65.91935483870968,24.080645161290324,22.322580645161292,52.91935483870968,66,59,89.39393939393939,73.44067796610169,16.440677966101696,17.627118644067796,66.28813559322033,60.5,3.2828282828282767,7.521323127392009,-7.639967195188628,-4.695462001093496,13.368780754510652,-8.333333333333334,-4.838709677419355,Sem alerta principal de composição,3,3,TRUE,TRUE,TRUE,TRUE,0,-6,-3,TRUE,TRUE,FALSE,FALSE,FALSE,FALSE,FALSE,FALSE,EMEF LAURO RODRIGUES,exata_normalizada,consolidado,,rede_municipal_direta_ou_nao_classificada,0,TRUE,FALSE,FALSE,FALSE,rede_municipal_direta,Rede municipal direta em 2024,codigo_inep_consolidado,2024,Censo Escolar/INEP via Base dos Dados,TRUE,3,,1,0,1,0,,,,300 a 499 matrículas,2,2024,RS,4314902,1,1,1,1,1,0,0,1,671,61,610,339,63,66,80,69,61,271,0,50,50,0,350,321,398,105,110,0,0,58,89,70,19,24,51,47,27,27,49,31,27,15,12,0,,17,0,4,1,1,1,1,1,1,0,1,1,1,0,1,0,1,1,1,0,0,0,1,1,1,1,1,1,,,0,0,3,1,2,1,0,7,TRUE,TRUE,TRUE,FALSE,TRUE,10,9,TRUE,TRUE,1,3,FALSE,FALSE,FALSE,FALSE,FALSE,FALSE,FALSE,Rede municipal direta em 2024,FALSE,,TRUE,FALSE,Rede municipal direta em 2024,FALSE,,TRUE,,sem_revisao_necessaria,,,,Rede municipal direta em 2024,TRUE,TRUE,TRUE,1a_avaliacao_formativa,1a_avaliacao_formativa,linha_base_pre_programa,pos_inicio_programa,regra temporal pre-programa registrada no painel,declaracao formal,,2026-07-24,regra temporal preexistente do projeto,Marian Dante - assessora UEF/SMED,5.82600010738045
ESC_025,43109063,TRUE,EMEF LEOCADIA FELIZARDO PRESTES,EMEF LEOCADIA FELIZARDO PRESTES,EMEF LEOCADIA FELIZARDO PRESTES,graziela,graziela,SIM,SIM,NA_APLICAVEL,SIM,NAO,SIM,0,1,,graziela,SEM_CARGA_DO_PROGRAMA,ATIVA,LINHA_BASE_PRE_PROGRAMA,ASSESSORADA,TRUE,TRUE,FALSE,TRUE,FALSE,TRUE,FALSE,FALSE,REGRA_TEMPORAL_CONFIRMADA,HOMOLOGADO,2025_1a_avaliacao_formativa_linha_base,2026-07-24_v1,2,Língua Portuguesa,TRUE,TRUE,TRUE,TRUE,TRUE,TRUE,TRUE,TRUE,TRUE,TRUE,Rede municipal direta em 2024,rede_municipal_direta_ou_nao_classificada,rede_municipal_direta,Municipal,Em atividade,FALSE,FALSE,247,11,21,22.454545454545453,11.761904761904765,10.121457489878544,7.889908256880734,0,31.743119266055047,4,100,Q3,150 a 299 matrículas,TRUE,53,36,67.9245283018868,67.69444444444444,25.194444444444443,11.083333333333334,63.72222222222222,49,41,83.6734693877551,44.26829268292683,46.21951219512195,25.73170731707317,28.048780487804876,38.5,15.74894108586831,-23.426151761517616,21.025067750677508,14.648373983739836,-35.673441734417345,-7.547169811320755,13.88888888888889,Aumento de participação igual ou superior a 10 p.p.,2,2,TRUE,TRUE,TRUE,TRUE,0,-4,5,FALSE,FALSE,FALSE,TRUE,FALSE,FALSE,FALSE,FALSE,EMEF LEOCADIA FELIZARDO PRESTES,exata_normalizada,consolidado,,rede_municipal_direta_ou_nao_classificada,0,TRUE,FALSE,FALSE,FALSE,rede_municipal_direta,Rede municipal direta em 2024,codigo_inep_consolidado,2024,Censo Escolar/INEP via Base dos Dados,TRUE,3,,1,0,1,0,,,,150 a 299 matrículas,2,2024,RS,4314902,1,1,1,1,1,0,1,1,545,78,418,247,42,45,51,74,35,171,49,43,43,0,278,267,261,94,79,1,0,110,42,25,17,0,41,31,21,20,37,28,20,11,9,0,,19,2,10,1,1,1,1,1,1,0,1,1,1,1,1,1,1,1,1,1,0,0,1,1,1,1,1,1,,,260,0,2,1,0,0,0,6,TRUE,TRUE,TRUE,TRUE,TRUE,10,10,TRUE,TRUE,1,3,FALSE,FALSE,FALSE,FALSE,FALSE,FALSE,FALSE,Rede municipal direta em 2024,FALSE,,TRUE,FALSE,Rede municipal direta em 2024,FALSE,,TRUE,,sem_revisao_necessaria,,,,Rede municipal direta em 2024,TRUE,TRUE,TRUE,1a_avaliacao_formativa,1a_avaliacao_formativa,linha_base_pre_programa,pos_inicio_programa,regra temporal pre-programa registrada no painel,declaracao formal,,2026-07-24,regra temporal preexistente do projeto,Marian Dante - assessora UEF/SMED,5.5093883366279774
ESC_026,43109144,TRUE,EMEF LIDOVINO FANTON,EMEF LIDOVINO FANTON,EMEF LIDOVINO FANTON,julia,julia,SIM,SIM,NA_APLICAVEL,SIM,NAO,SIM,0,1,,julia,SEM_CARGA_DO_PROGRAMA,ATIVA,LINHA_BASE_PRE_PROGRAMA,ASSESSORADA,TRUE,TRUE,FALSE,TRUE,FALSE,TRUE,FALSE,FALSE,REGRA_TEMPORAL_CONFIRMADA,HOMOLOGADO,2025_1a_avaliacao_formativa_linha_base,2026-07-24_v1,2,Língua Portuguesa,TRUE,TRUE,TRUE,TRUE,TRUE,TRUE,TRUE,TRUE,TRUE,TRUE,Rede municipal direta em 2024,rede_municipal_direta_ou_nao_classificada,rede_municipal_direta,Municipal,Em atividade,FALSE,FALSE,563,23,35,24.47826086956522,16.085714285714285,14.209591474245116,6.009852216748769,0.7881773399014779,36.65024630541872,4,80,Q1 — menor infraestrutura,500 matrículas ou mais,TRUE,109,78,71.55963302752293,40.47435897435897,51.15384615384615,29.487179487179485,19.06410256410257,91,69,75.82417582417582,45.08695652173913,38.98550724637681,38.11594202898551,22.652173913043477,73.5,4.26454279665289,4.612597547380162,-12.16833890746934,8.628762541806022,3.588071348940911,-16.513761467889907,-11.538461538461538,Sem alerta principal de composição,4,4,TRUE,TRUE,TRUE,TRUE,0,-18,-9,TRUE,FALSE,FALSE,FALSE,FALSE,FALSE,FALSE,FALSE,EMEF LIDOVINO FANTON,exata_normalizada,consolidado,,rede_municipal_direta_ou_nao_classificada,0,TRUE,FALSE,FALSE,FALSE,rede_municipal_direta,Rede municipal direta em 2024,codigo_inep_consolidado,2024,Censo Escolar/INEP via Base dos Dados,TRUE,3,,1,0,1,0,,,,500 matrículas ou mais,4,2024,RS,4314902,1,1,1,1,1,0,1,1,1015,63,891,563,94,103,144,120,102,328,61,61,61,0,522,493,543,177,194,4,1,96,116,80,36,8,63,55,35,27,56,45,37,23,14,0,,26,1,3,1,1,1,1,1,1,0,1,0,1,1,1,0,1,1,1,1,0,0,1,1,1,1,1,1,,,250,1,2,3,1,1,0,8,TRUE,TRUE,TRUE,TRUE,TRUE,10,8,TRUE,TRUE,1,3,FALSE,FALSE,FALSE,FALSE,FALSE,FALSE,FALSE,Rede municipal direta em 2024,FALSE,,TRUE,FALSE,Rede municipal direta em 2024,FALSE,,TRUE,,sem_revisao_necessaria,,,,Rede municipal direta em 2024,TRUE,TRUE,TRUE,1a_avaliacao_formativa,1a_avaliacao_formativa,linha_base_pre_programa,pos_inicio_programa,regra temporal pre-programa registrada no painel,declaracao formal,,2026-07-24,regra temporal preexistente do projeto,Marian Dante - assessora UEF/SMED,6.333279628139691
ESC_027,43183018,TRUE,EMEF MARIO QUINTANA,EMEF MARIO QUINTANA,EMEF MARIO QUINTANA,ruti,ruti,SIM,SIM,NA_APLICAVEL,SIM,NAO,SIM,0,1,,ruti,SEM_CARGA_DO_PROGRAMA,ATIVA,LINHA_BASE_PRE_PROGRAMA,ASSESSORADA,TRUE,TRUE,FALSE,TRUE,FALSE,TRUE,FALSE,FALSE,REGRA_TEMPORAL_CONFIRMADA,HOMOLOGADO,2025_1a_avaliacao_formativa_linha_base,2026-07-24_v1,2,Língua Portuguesa,TRUE,TRUE,TRUE,TRUE,TRUE,TRUE,TRUE,TRUE,TRUE,TRUE,Rede municipal direta em 2024,rede_municipal_direta_ou_nao_classificada,rede_municipal_direta,Municipal,Em atividade,FALSE,FALSE,233,10,20,23.3,11.65,100,7.960199004975125,6.218905472636816,40.298507462686565,2,70,Q1 — menor infraestrutura,150 a 299 matrículas,TRUE,49,46,93.87755102040816,49,37,32.5,30.5,44,34,77.27272727272727,34.029411764705884,48.294117647058826,35.205882352941174,17.058823529411764,40,-16.604823747680896,-14.970588235294116,11.294117647058826,2.705882352941174,-13.441176470588236,-10.20408163265306,-26.08695652173913,Queda de participação igual ou superior a 10 p.p.,2,2,TRUE,TRUE,TRUE,TRUE,0,-5,-12,TRUE,FALSE,FALSE,FALSE,TRUE,FALSE,FALSE,FALSE,EMEF MARIO QUINTANA,exata_normalizada,consolidado,,rede_municipal_direta_ou_nao_classificada,0,TRUE,FALSE,FALSE,FALSE,rede_municipal_direta,Rede municipal direta em 2024,codigo_inep_consolidado,2024,Censo Escolar/INEP via Base dos Dados,TRUE,3,,1,0,1,0,,,,150 a 299 matrículas,1,2024,RS,4314902,1,0,1,1,1,0,0,1,402,0,402,233,49,48,48,45,43,169,0,32,32,0,189,213,215,77,84,0,1,25,365,233,132,25,30,30,20,13,28,18,18,10,8,16,,21,0,0,1,1,1,1,1,1,0,0,0,1,1,1,0,1,0,1,0,0,0,1,1,1,1,1,1,,,434,0,0,0,0,0,0,4,FALSE,TRUE,TRUE,FALSE,TRUE,10,7,TRUE,TRUE,1,3,FALSE,FALSE,FALSE,FALSE,FALSE,FALSE,FALSE,Rede municipal direta em 2024,FALSE,,TRUE,FALSE,Rede municipal direta em 2024,FALSE,,TRUE,,sem_revisao_necessaria,,,,Rede municipal direta em 2024,TRUE,TRUE,TRUE,1a_avaliacao_formativa,1a_avaliacao_formativa,linha_base_pre_programa,pos_inicio_programa,regra temporal pre-programa registrada no painel,declaracao formal,,2026-07-24,regra temporal preexistente do projeto,Marian Dante - assessora UEF/SMED,5.4510384535657
ESC_028,43177018,TRUE,EMEF MIGRANTES,EMEF MIGRANTES,EMEF MIGRANTES,nathalia,nathalia,SIM,SIM,NA_APLICAVEL,SIM,NAO,SIM,0,1,,nathalia,SEM_CARGA_DO_PROGRAMA,ATIVA,LINHA_BASE_PRE_PROGRAMA,ASSESSORADA,TRUE,TRUE,FALSE,TRUE,FALSE,TRUE,FALSE,FALSE,REGRA_TEMPORAL_CONFIRMADA,HOMOLOGADO,2025_1a_avaliacao_formativa_linha_base,2026-07-24_v1,2,Língua Portuguesa,TRUE,TRUE,TRUE,TRUE,TRUE,TRUE,TRUE,TRUE,TRUE,TRUE,Rede municipal direta em 2024,rede_municipal_direta_ou_nao_classificada,rede_municipal_direta,Municipal,Em atividade,FALSE,FALSE,80,5,10,16,8,0,7.975460122699387,0,26.380368098159508,3,90,Q2,Até 149 matrículas,TRUE,21,19,90.47619047619048,62,16,42,42,18,16,88.88888888888889,57,40,20,40,17.5,-1.587301587301596,-5,24,-22,-2,-14.285714285714286,-15.789473684210526,Baixo número de avaliados em pelo menos um ano,1,1,TRUE,TRUE,TRUE,TRUE,0,-3,-3,TRUE,TRUE,FALSE,FALSE,FALSE,FALSE,TRUE,TRUE,EMEF MIGRANTES,exata_normalizada,consolidado,,rede_municipal_direta_ou_nao_classificada,0,TRUE,FALSE,FALSE,FALSE,rede_municipal_direta,Rede municipal direta em 2024,codigo_inep_consolidado,2024,Censo Escolar/INEP via Base dos Dados,TRUE,3,,1,0,1,0,,,,Até 149 matrículas,1,2024,RS,4314902,1,1,1,1,1,0,0,1,163,28,135,80,20,20,13,14,13,55,0,13,13,0,67,96,115,9,34,0,0,5,0,0,0,0,19,17,10,10,15,11,9,5,4,0,,10,0,0,1,1,1,1,1,1,0,0,1,1,1,1,1,1,0,0,0,0,1,1,1,1,1,1,1,,,118,10,2,2,1,1,0,2,TRUE,TRUE,TRUE,FALSE,TRUE,10,9,TRUE,FALSE,1,3,FALSE,FALSE,FALSE,FALSE,FALSE,FALSE,FALSE,Rede municipal direta em 2024,FALSE,,TRUE,FALSE,Rede municipal direta em 2024,FALSE,,TRUE,,sem_revisao_necessaria,,,,Rede municipal direta em 2024,TRUE,TRUE,TRUE,1a_avaliacao_formativa,1a_avaliacao_formativa,linha_base_pre_programa,pos_inicio_programa,regra temporal pre-programa registrada no painel,declaracao formal,,2026-07-24,regra temporal preexistente do projeto,Marian Dante - assessora UEF/SMED,4.382026634673881
ESC_029,43293069,TRUE,EMEF MORADAS DA HIPICA,EMEF MORADAS DA HIPICA,EMEF MORADAS DA HIPICA,amanda,amanda,SIM,SIM,NA_APLICAVEL,SIM,NAO,SIM,0,1,,amanda,SEM_CARGA_DO_PROGRAMA,ATIVA,LINHA_BASE_PRE_PROGRAMA,ASSESSORADA,TRUE,TRUE,FALSE,TRUE,FALSE,TRUE,FALSE,FALSE,REGRA_TEMPORAL_CONFIRMADA,HOMOLOGADO,2025_1a_avaliacao_formativa_linha_base,2026-07-24_v1,2,Língua Portuguesa,TRUE,TRUE,TRUE,TRUE,TRUE,TRUE,TRUE,TRUE,TRUE,TRUE,Rede municipal direta em 2024,rede_municipal_direta_ou_nao_classificada,rede_municipal_direta,Municipal,Em atividade,FALSE,FALSE,488,19,20,25.68421052631579,24.4,9.221311475409836,7.818930041152264,3.4979423868312756,28.08641975308642,3,80,Q1 — menor infraestrutura,300 a 499 matrículas,TRUE,99,79,79.79797979797979,71.15189873417721,19.063291139240505,19.227848101265824,62.21518987341772,99,92,92.92929292929291,86.32608695652173,5.173913043478261,13.98913043478261,81.06521739130434,85.5,13.131313131313137,15.174188222344526,-13.889378095762243,-5.238717666483215,18.850027517886623,0,16.455696202531644,Aumento de participação igual ou superior a 10 p.p.,4,4,TRUE,TRUE,TRUE,TRUE,0,0,13,TRUE,FALSE,FALSE,TRUE,FALSE,FALSE,FALSE,FALSE,EMEF MORADAS DA HIPICA,exata_normalizada,consolidado,,rede_municipal_direta_ou_nao_classificada,0,TRUE,FALSE,FALSE,FALSE,rede_municipal_direta,Rede municipal direta em 2024,codigo_inep_consolidado,2024,Censo Escolar/INEP via Base dos Dados,TRUE,3,,1,0,1,0,,,,300 a 499 matrículas,3,2024,RS,4314902,1,1,1,1,1,0,0,1,972,97,875,488,87,78,109,107,107,387,0,76,76,0,483,489,671,88,183,3,2,25,64,45,19,34,40,36,20,17,39,38,33,19,14,0,,32,10,0,1,1,1,1,1,1,0,0,0,1,1,1,1,1,0,1,1,0,0,1,1,1,1,1,1,,,463,0,2,2,0,0,0,6,TRUE,TRUE,TRUE,FALSE,TRUE,10,8,TRUE,TRUE,1,3,FALSE,FALSE,FALSE,FALSE,FALSE,FALSE,FALSE,Rede municipal direta em 2024,FALSE,,TRUE,FALSE,Rede municipal direta em 2024,FALSE,,TRUE,,sem_revisao_necessaria,,,,Rede municipal direta em 2024,TRUE,TRUE,TRUE,1a_avaliacao_formativa,1a_avaliacao_formativa,linha_base_pre_programa,pos_inicio_programa,regra temporal pre-programa registrada no painel,declaracao formal,,2026-07-24,regra temporal preexistente do projeto,Marian Dante - assessora UEF/SMED,6.1903154058531475
ESC_030,43177034,TRUE,EMEF MORRO DA CRUZ,EMEF MORRO DA CRUZ,EMEF MORRO DA CRUZ,andreia,andreia,SIM,SIM,NA_APLICAVEL,SIM,NAO,SIM,0,1,,andreia,SEM_CARGA_DO_PROGRAMA,ATIVA,LINHA_BASE_PRE_PROGRAMA,ASSESSORADA,TRUE,TRUE,FALSE,TRUE,FALSE,TRUE,FALSE,FALSE,REGRA_TEMPORAL_CONFIRMADA,HOMOLOGADO,2025_1a_avaliacao_formativa_linha_base,2026-07-24_v1,2,Língua Portuguesa,TRUE,TRUE,TRUE,TRUE,TRUE,TRUE,TRUE,TRUE,TRUE,TRUE,Rede municipal direta em 2024,rede_municipal_direta_ou_nao_classificada,rede_municipal_direta,Municipal,Em atividade,FALSE,FALSE,538,21,27,25.61904761904762,19.925925925925927,10.037174721189592,6.2438057482656095,1.189296333002973,36.570862239841425,3,100,Q3,500 matrículas ou mais,TRUE,94,77,81.91489361702128,44.75324675324675,37.62337662337662,45.493506493506494,16.883116883116884,74,60,81.08108108108108,35.85,53.333333333333336,24.416666666666668,22.5,68.5,-0.8338125359401971,-8.903246753246755,15.709956709956714,-21.076839826839823,5.616883116883116,-21.27659574468085,-22.07792207792208,Mudança relevante no número de estudantes previstos,4,4,TRUE,TRUE,TRUE,TRUE,0,-20,-17,TRUE,TRUE,FALSE,FALSE,FALSE,TRUE,FALSE,FALSE,EMEF MORRO DA CRUZ,exata_normalizada,consolidado,,rede_municipal_direta_ou_nao_classificada,0,TRUE,FALSE,FALSE,FALSE,rede_municipal_direta,Rede municipal direta em 2024,codigo_inep_consolidado,2024,Censo Escolar/INEP via Base dos Dados,TRUE,3,,1,0,1,0,,,,500 matrículas ou mais,4,2024,RS,4314902,1,1,1,1,1,0,0,1,1009,130,879,538,95,99,122,113,109,341,0,63,63,0,484,525,536,158,209,3,2,101,89,54,35,12,53,46,27,21,50,41,34,21,13,0,,24,0,4,1,1,1,1,1,1,0,1,1,1,0,1,1,1,0,1,0,0,0,1,1,1,1,1,1,,,570,0,2,1,2,1,0,5,TRUE,TRUE,TRUE,FALSE,TRUE,10,10,TRUE,TRUE,1,3,FALSE,FALSE,FALSE,FALSE,FALSE,FALSE,FALSE,Rede municipal direta em 2024,FALSE,,TRUE,FALSE,Rede municipal direta em 2024,FALSE,,TRUE,,sem_revisao_necessaria,,,,Rede municipal direta em 2024,TRUE,TRUE,TRUE,1a_avaliacao_formativa,1a_avaliacao_formativa,linha_base_pre_programa,pos_inicio_programa,regra temporal pre-programa registrada no painel,declaracao formal,,2026-07-24,regra temporal preexistente do projeto,Marian Dante - assessora UEF/SMED,6.2878585601617845
ESC_031,43177042,TRUE,EMEF NEUSA GOULART BRIZOLA,EMEF NEUSA GOULART BRIZOLA,EMEF NEUSA GOULART BRIZOLA,julia,julia,SIM,SIM,NA_APLICAVEL,SIM,NAO,SIM,0,1,,julia,SEM_CARGA_DO_PROGRAMA,ATIVA,LINHA_BASE_PRE_PROGRAMA,ASSESSORADA,TRUE,TRUE,FALSE,TRUE,FALSE,TRUE,FALSE,FALSE,REGRA_TEMPORAL_CONFIRMADA,HOMOLOGADO,2025_1a_avaliacao_formativa_linha_base,2026-07-24_v1,2,Língua Portuguesa,TRUE,TRUE,TRUE,TRUE,TRUE,TRUE,TRUE,TRUE,TRUE,TRUE,Rede municipal direta em 2024,rede_municipal_direta_ou_nao_classificada,rede_municipal_direta,Municipal,Em atividade,FALSE,FALSE,218,10,31,21.8,7.032258064516129,100,14.698162729658792,3.1496062992125986,34.645669291338585,3,100,Q3,150 a 299 matrículas,TRUE,43,36,83.72093023255815,59,28,28,44.5,43,35,81.3953488372093,72.88571428571429,9.714285714285714,32.6,57.68571428571428,35.5,-2.3255813953488484,13.885714285714286,-18.285714285714285,4.600000000000001,13.185714285714283,0,-2.7777777777777777,Sem alerta principal de composição,2,2,TRUE,TRUE,TRUE,TRUE,0,0,-1,TRUE,TRUE,FALSE,FALSE,FALSE,FALSE,FALSE,FALSE,EMEF NEUSA GOULART BRIZOLA,exata_normalizada,consolidado,,rede_municipal_direta_ou_nao_classificada,0,TRUE,FALSE,FALSE,FALSE,rede_municipal_direta,Rede municipal direta em 2024,codigo_inep_consolidado,2024,Censo Escolar/INEP via Base dos Dados,TRUE,3,,1,0,1,0,,,,150 a 299 matrículas,1,2024,RS,4314902,1,1,1,1,1,0,0,1,381,41,340,218,43,41,52,43,39,122,0,56,56,0,188,193,241,58,74,0,0,8,340,218,122,12,48,44,31,26,44,19,17,10,7,17,,27,2,9,1,1,1,1,1,1,0,1,1,1,1,1,1,1,1,1,0,0,0,1,1,1,1,1,1,,,0,0,2,2,0,0,0,5,TRUE,TRUE,TRUE,FALSE,TRUE,10,10,TRUE,TRUE,1,3,FALSE,FALSE,FALSE,FALSE,FALSE,FALSE,FALSE,Rede municipal direta em 2024,FALSE,,TRUE,FALSE,Rede municipal direta em 2024,FALSE,,TRUE,,sem_revisao_necessaria,,,,Rede municipal direta em 2024,TRUE,TRUE,TRUE,1a_avaliacao_formativa,1a_avaliacao_formativa,linha_base_pre_programa,pos_inicio_programa,regra temporal pre-programa registrada no painel,declaracao formal,,2026-07-24,regra temporal preexistente do projeto,Marian Dante - assessora UEF/SMED,5.384495062789089
ESC_032,43105513,TRUE,EMEF NOSSA SENHORA DE FATIMA,EMEF NOSSA SENHORA DE FATIMA,EMEF NOSSA SENHORA DE FATIMA,amanda,amanda,SIM,SIM,NA_APLICAVEL,SIM,NAO,SIM,0,1,,amanda,SEM_CARGA_DO_PROGRAMA,ATIVA,LINHA_BASE_PRE_PROGRAMA,ASSESSORADA,TRUE,TRUE,FALSE,TRUE,FALSE,TRUE,FALSE,FALSE,REGRA_TEMPORAL_CONFIRMADA,HOMOLOGADO,2025_1a_avaliacao_formativa_linha_base,2026-07-24_v1,2,Língua Portuguesa,TRUE,TRUE,TRUE,TRUE,TRUE,TRUE,TRUE,TRUE,TRUE,TRUE,Rede municipal direta em 2024,rede_municipal_direta_ou_nao_classificada,rede_municipal_direta,Municipal,Em atividade,FALSE,FALSE,377,16,24,23.5625,15.708333333333334,0,6.575342465753424,0,53.013698630136986,4,100,Q3,300 a 499 matrículas,TRUE,75,56,74.66666666666667,49.82142857142857,42.67857142857143,26.642857142857142,30.285714285714285,60,41,68.33333333333333,48.80487804878049,32.21951219512195,32.41463414634146,35.02439024390244,48.5,-6.333333333333343,-1.0165505226480818,-10.45905923344948,5.7717770034843205,4.7386759581881535,-20,-26.785714285714285,Mudança relevante no número de estudantes previstos,3,3,TRUE,TRUE,TRUE,TRUE,0,-15,-15,FALSE,FALSE,FALSE,FALSE,FALSE,TRUE,FALSE,FALSE,EMEF NOSSA SENHORA DE FATIMA,exata_normalizada,consolidado,,rede_municipal_direta_ou_nao_classificada,0,TRUE,FALSE,FALSE,FALSE,rede_municipal_direta,Rede municipal direta em 2024,codigo_inep_consolidado,2024,Censo Escolar/INEP via Base dos Dados,TRUE,3,,1,0,1,0,,,,300 a 499 matrículas,2,2024,RS,4314902,1,1,1,1,1,0,1,1,730,65,611,377,70,71,91,72,73,234,54,48,48,0,339,391,334,191,193,0,3,9,0,0,0,0,48,38,24,19,45,33,26,16,10,0,,22,0,1,1,1,1,1,1,1,0,1,1,1,1,1,1,0,1,1,0,0,0,1,1,1,1,1,1,,,393,2,2,2,0,0,0,6,TRUE,TRUE,TRUE,TRUE,TRUE,10,10,TRUE,TRUE,1,3,FALSE,FALSE,FALSE,FALSE,FALSE,FALSE,FALSE,Rede municipal direta em 2024,FALSE,,TRUE,FALSE,Rede municipal direta em 2024,FALSE,,TRUE,,sem_revisao_necessaria,,,,Rede municipal direta em 2024,TRUE,TRUE,TRUE,1a_avaliacao_formativa,1a_avaliacao_formativa,linha_base_pre_programa,pos_inicio_programa,regra temporal pre-programa registrada no painel,declaracao formal,,2026-07-24,regra temporal preexistente do projeto,Marian Dante - assessora UEF/SMED,5.932245187448011
ESC_033,43204643,TRUE,EMEF NOSSA SENHORA DO CARMO,EMEF NOSSA SENHORA DO CARMO,EMEF NOSSA SENHORA DO CARMO,amanda,amanda,SIM,SIM,NA_APLICAVEL,SIM,NAO,SIM,0,1,,amanda,SEM_CARGA_DO_PROGRAMA,ATIVA,LINHA_BASE_PRE_PROGRAMA,ASSESSORADA,TRUE,TRUE,FALSE,TRUE,FALSE,TRUE,FALSE,FALSE,REGRA_TEMPORAL_CONFIRMADA,HOMOLOGADO,2025_1a_avaliacao_formativa_linha_base,2026-07-24_v1,2,Língua Portuguesa,TRUE,TRUE,TRUE,TRUE,TRUE,TRUE,TRUE,TRUE,TRUE,TRUE,Rede municipal direta em 2024,rede_municipal_direta_ou_nao_classificada,rede_municipal_direta,Municipal,Em atividade,FALSE,FALSE,408,16,22,25.5,18.545454545454547,38.23529411764706,7.363420427553444,7.957244655581948,42.75534441805225,4,90,Q2,300 a 499 matrículas,TRUE,69,61,88.40579710144928,79.14754098360656,8.081967213114755,24.40983606557377,67.1311475409836,66,60,90.9090909090909,33.6,58.55,21.166666666666668,20.283333333333335,60.5,2.503293807641626,-45.54754098360656,50.468032786885246,-3.243169398907103,-46.84781420765027,-4.3478260869565215,-1.639344262295082,Sem alerta principal de composição,3,3,TRUE,TRUE,TRUE,TRUE,0,-3,-1,TRUE,TRUE,FALSE,FALSE,FALSE,FALSE,FALSE,FALSE,EMEF NOSSA SENHORA DO CARMO,exata_normalizada,consolidado,,rede_municipal_direta_ou_nao_classificada,0,TRUE,FALSE,FALSE,FALSE,rede_municipal_direta,Rede municipal direta em 2024,codigo_inep_consolidado,2024,Censo Escolar/INEP via Base dos Dados,TRUE,3,,1,0,1,0,,,,300 a 499 matrículas,3,2024,RS,4314902,1,1,1,1,1,0,1,1,842,38,703,408,73,91,79,81,84,295,101,62,62,0,428,414,463,174,183,1,3,18,225,156,69,67,42,35,22,17,40,34,28,16,12,0,,22,0,4,1,1,1,1,1,1,0,1,1,1,1,1,0,1,0,1,0,0,0,1,1,1,1,1,1,,,318,0,1,2,2,1,0,5,TRUE,TRUE,TRUE,TRUE,TRUE,10,9,TRUE,TRUE,1,3,FALSE,FALSE,FALSE,FALSE,FALSE,FALSE,FALSE,Rede municipal direta em 2024,FALSE,,TRUE,FALSE,Rede municipal direta em 2024,FALSE,,TRUE,,sem_revisao_necessaria,,,,Rede municipal direta em 2024,TRUE,TRUE,TRUE,1a_avaliacao_formativa,1a_avaliacao_formativa,linha_base_pre_programa,pos_inicio_programa,regra temporal pre-programa registrada no painel,declaracao formal,,2026-07-24,regra temporal preexistente do projeto,Marian Dante - assessora UEF/SMED,6.0112671744041615
ESC_034,43105521,TRUE,EMEF PEPITA DE LEAO,EMEF PEPITA DE LEAO,EMEF PEPITA DE LEAO,nathalia,nathalia,SIM,SIM,NA_APLICAVEL,SIM,NAO,SIM,0,1,,nathalia,SEM_CARGA_DO_PROGRAMA,ATIVA,LINHA_BASE_PRE_PROGRAMA,ASSESSORADA,TRUE,TRUE,FALSE,TRUE,FALSE,TRUE,FALSE,FALSE,REGRA_TEMPORAL_CONFIRMADA,HOMOLOGADO,2025_1a_avaliacao_formativa_linha_base,2026-07-24_v1,2,Língua Portuguesa,TRUE,TRUE,TRUE,TRUE,TRUE,TRUE,TRUE,TRUE,TRUE,TRUE,Rede municipal direta em 2024,rede_municipal_direta_ou_nao_classificada,rede_municipal_direta,Municipal,Em atividade,FALSE,FALSE,255,12,19,21.25,13.421052631578949,18.823529411764707,13.174946004319654,3.4557235421166306,34.557235421166304,3,100,Q3,150 a 299 matrículas,TRUE,60,41,68.33333333333333,45.926829268292686,43.85365853658536,24.463414634146343,31.73170731707317,66,52,78.78787878787878,44.63461538461539,49.11538461538461,16.134615384615383,34.75,46.5,10.454545454545451,-1.2922138836772987,5.261726078799249,-8.32879924953096,3.0182926829268304,10,26.82926829268293,Aumento de participação igual ou superior a 10 p.p.,3,3,TRUE,TRUE,TRUE,TRUE,0,6,11,FALSE,FALSE,FALSE,TRUE,FALSE,FALSE,FALSE,FALSE,EMEF PEPITA DE LEAO,exata_normalizada,consolidado,,rede_municipal_direta_ou_nao_classificada,0,TRUE,FALSE,FALSE,FALSE,rede_municipal_direta,Rede municipal direta em 2024,codigo_inep_consolidado,2024,Censo Escolar/INEP via Base dos Dados,TRUE,3,,1,0,1,0,,,,150 a 299 matrículas,2,2024,RS,4314902,1,1,1,1,1,0,0,1,463,12,451,255,64,48,48,49,46,196,0,61,61,0,220,243,271,100,60,1,0,31,73,48,25,16,33,32,19,14,33,21,20,12,8,0,,12,0,0,1,1,1,1,1,1,0,1,1,1,0,1,1,1,0,0,0,0,1,1,1,1,1,1,1,,,350,7,3,2,1,1,0,4,TRUE,TRUE,TRUE,FALSE,TRUE,10,10,TRUE,FALSE,1,3,FALSE,FALSE,FALSE,FALSE,FALSE,FALSE,FALSE,Rede municipal direta em 2024,FALSE,,TRUE,FALSE,Rede municipal direta em 2024,FALSE,,TRUE,,sem_revisao_necessaria,,,,Rede municipal direta em 2024,TRUE,TRUE,TRUE,1a_avaliacao_formativa,1a_avaliacao_formativa,linha_base_pre_programa,pos_inicio_programa,regra temporal pre-programa registrada no painel,declaracao formal,,2026-07-24,regra temporal preexistente do projeto,Marian Dante - assessora UEF/SMED,5.541263545158426
ESC_035,43048200,TRUE,EMEF PORTO NOVO,EMEF PORTO NOVO,EMEF PORTO NOVO,marian,marian,SIM,SIM,NA_APLICAVEL,SIM,NAO,SIM,0,1,,marian,SEM_CARGA_DO_PROGRAMA,ATIVA,LINHA_BASE_PRE_PROGRAMA,ASSESSORADA,TRUE,TRUE,FALSE,TRUE,FALSE,TRUE,FALSE,FALSE,REGRA_TEMPORAL_CONFIRMADA,HOMOLOGADO,2025_1a_avaliacao_formativa_linha_base,2026-07-24_v1,2,Língua Portuguesa,TRUE,TRUE,TRUE,TRUE,TRUE,TRUE,TRUE,TRUE,TRUE,TRUE,Rede municipal direta em 2024,rede_municipal_direta_ou_nao_classificada,rede_municipal_direta,Municipal,Em atividade,FALSE,FALSE,237,10,33,23.7,7.181818181818182,100,12.368972746331236,0.4192872117400419,37.106918238993714,3,100,Q3,150 a 299 matrículas,TRUE,46,38,82.6086956521739,73.26315789473684,13.263157894736842,28.789473684210527,57.94736842105263,43,41,95.34883720930232,67.97560975609755,14.073170731707316,35.926829268292686,50,39.5,12.740141557128425,-5.287548138639281,0.8100128369704738,7.137355584082158,-7.94736842105263,-6.521739130434782,7.894736842105263,Aumento de participação igual ou superior a 10 p.p.,2,2,TRUE,TRUE,TRUE,TRUE,0,-3,3,TRUE,TRUE,FALSE,TRUE,FALSE,FALSE,FALSE,FALSE,EMEF PORTO NOVO,exata_normalizada,consolidado,,rede_municipal_direta_ou_nao_classificada,0,TRUE,FALSE,FALSE,FALSE,rede_municipal_direta,Rede municipal direta em 2024,codigo_inep_consolidado,2024,Censo Escolar/INEP via Base dos Dados,TRUE,3,,1,0,1,0,,,,150 a 299 matrículas,1,2024,RS,4314902,1,1,1,1,1,0,0,1,477,82,395,237,46,45,53,45,48,158,0,59,59,0,235,242,275,89,87,1,1,24,395,237,158,2,59,49,33,28,59,22,18,10,8,18,,28,1,14,1,1,1,1,1,1,0,1,1,1,1,1,1,1,0,1,1,1,0,1,1,1,1,1,1,,,594,2,1,2,1,1,0,5,TRUE,TRUE,TRUE,FALSE,TRUE,10,10,TRUE,TRUE,1,3,FALSE,FALSE,FALSE,FALSE,FALSE,FALSE,FALSE,Rede municipal direta em 2024,FALSE,,TRUE,FALSE,Rede municipal direta em 2024,FALSE,,TRUE,,sem_revisao_necessaria,,,,Rede municipal direta em 2024,TRUE,TRUE,TRUE,1a_avaliacao_formativa,1a_avaliacao_formativa,linha_base_pre_programa,pos_inicio_programa,regra temporal pre-programa registrada no painel,declaracao formal,,2026-07-24,regra temporal preexistente do projeto,Marian Dante - assessora UEF/SMED,5.4680601411351315
ESC_036,43108563,TRUE,EMEF PRES JOAO BELCHIOR MARQUES GOULART,EMEF PRES JOAO BELCHIOR MARQUES GOULART,EMEF PRES JOAO BELCHIOR MARQUES GOULART,marian,marian,SIM,SIM,NA_APLICAVEL,SIM,NAO,SIM,0,1,,marian,SEM_CARGA_DO_PROGRAMA,ATIVA,LINHA_BASE_PRE_PROGRAMA,ASSESSORADA,TRUE,TRUE,FALSE,TRUE,FALSE,TRUE,FALSE,FALSE,REGRA_TEMPORAL_CONFIRMADA,HOMOLOGADO,2025_1a_avaliacao_formativa_linha_base,2026-07-24_v1,2,Língua Portuguesa,TRUE,TRUE,TRUE,TRUE,TRUE,TRUE,TRUE,TRUE,TRUE,TRUE,Rede municipal direta em 2024,rede_municipal_direta_ou_nao_classificada,rede_municipal_direta,Municipal,Em atividade,FALSE,FALSE,358,18,23,19.88888888888889,15.565217391304348,4.4692737430167595,9.74124809741248,0.60882800608828,35.31202435312024,3,100,Q3,300 a 499 matrículas,TRUE,65,42,64.61538461538461,75.28571428571429,12.095238095238097,30.80952380952381,57.095238095238095,58,53,91.3793103448276,51.301886792452834,32.64150943396226,29.0188679245283,38.33962264150944,47.5,26.763925729442978,-23.983827493261455,20.546271338724168,-1.790655884995509,-18.75561545372866,-10.76923076923077,26.19047619047619,Aumento de participação igual ou superior a 10 p.p.,3,3,TRUE,TRUE,TRUE,TRUE,0,-7,11,FALSE,FALSE,FALSE,TRUE,FALSE,FALSE,FALSE,FALSE,EMEF PRES JOAO BELCHIOR MARQUES GOULART,exata_normalizada,consolidado,,rede_municipal_direta_ou_nao_classificada,0,TRUE,FALSE,FALSE,FALSE,rede_municipal_direta,Rede municipal direta em 2024,codigo_inep_consolidado,2024,Censo Escolar/INEP via Base dos Dados,TRUE,3,,1,0,1,0,,,,300 a 499 matrículas,2,2024,RS,4314902,1,1,1,1,1,0,0,1,657,67,590,358,72,71,88,59,68,232,0,64,64,0,290,367,416,79,152,0,1,9,17,16,1,4,41,35,23,16,40,33,29,18,11,0,,23,0,8,1,1,1,1,1,1,0,1,1,1,1,1,1,1,1,1,0,0,0,1,1,1,1,1,1,,,443,0,1,1,2,1,0,5,TRUE,TRUE,TRUE,FALSE,TRUE,10,10,TRUE,TRUE,1,3,FALSE,FALSE,FALSE,FALSE,FALSE,FALSE,FALSE,Rede municipal direta em 2024,FALSE,,TRUE,FALSE,Rede municipal direta em 2024,FALSE,,TRUE,,sem_revisao_necessaria,,,,Rede municipal direta em 2024,TRUE,TRUE,TRUE,1a_avaliacao_formativa,1a_avaliacao_formativa,linha_base_pre_programa,pos_inicio_programa,regra temporal pre-programa registrada no painel,declaracao formal,,2026-07-24,regra temporal preexistente do projeto,Marian Dante - assessora UEF/SMED,5.8805329864007
ESC_037,43105530,TRUE,EMEF PRESIDENTE VARGAS,EMEF PRESIDENTE VARGAS,EMEF PRESIDENTE VARGAS,eliane,eliane,SIM,SIM,NA_APLICAVEL,SIM,NAO,SIM,0,1,,eliane,SEM_CARGA_DO_PROGRAMA,ATIVA,LINHA_BASE_PRE_PROGRAMA,ASSESSORADA,TRUE,TRUE,FALSE,TRUE,FALSE,TRUE,FALSE,FALSE,REGRA_TEMPORAL_CONFIRMADA,HOMOLOGADO,2025_1a_avaliacao_formativa_linha_base,2026-07-24_v1,2,Língua Portuguesa,TRUE,TRUE,TRUE,TRUE,TRUE,TRUE,TRUE,TRUE,TRUE,TRUE,Rede municipal direta em 2024,rede_municipal_direta_ou_nao_classificada,rede_municipal_direta,Municipal,Em atividade,FALSE,FALSE,239,11,18,21.727272727272727,13.27777777777778,43.93305439330544,11.009174311926603,3.2110091743119265,38.99082568807339,2,80,Q1 — menor infraestrutura,150 a 299 matrículas,TRUE,46,32,69.56521739130434,57.375,34.34375,22.21875,43.4375,47,40,85.1063829787234,50.05,30.95,40.7,28.35,36,15.54116558741906,-7.325000000000003,-3.3937500000000007,18.481250000000003,-15.0875,2.1739130434782608,25,Aumento de participação igual ou superior a 10 p.p.,2,2,TRUE,TRUE,TRUE,TRUE,0,1,8,FALSE,FALSE,FALSE,TRUE,FALSE,FALSE,FALSE,FALSE,EMEF PRESIDENTE VARGAS,exata_normalizada,consolidado,,rede_municipal_direta_ou_nao_classificada,0,TRUE,FALSE,FALSE,FALSE,rede_municipal_direta,Rede municipal direta em 2024,codigo_inep_consolidado,2024,Censo Escolar/INEP via Base dos Dados,TRUE,3,,1,0,1,0,,,,150 a 299 matrículas,1,2024,RS,4314902,1,0,1,1,1,0,0,1,436,0,436,239,45,46,52,57,39,197,0,48,48,0,209,227,266,78,92,0,0,0,141,105,36,14,33,33,18,18,31,20,20,11,9,0,,15,0,3,1,1,1,1,1,1,1,1,0,1,0,1,0,1,0,1,0,0,0,1,1,1,0,1,1,,,384,0,1,2,0,0,0,4,FALSE,TRUE,TRUE,FALSE,TRUE,10,8,TRUE,TRUE,1,3,FALSE,FALSE,FALSE,FALSE,FALSE,FALSE,FALSE,Rede municipal direta em 2024,FALSE,,TRUE,FALSE,Rede municipal direta em 2024,FALSE,,TRUE,,sem_revisao_necessaria,,,,Rede municipal direta em 2024,TRUE,TRUE,TRUE,1a_avaliacao_formativa,1a_avaliacao_formativa,linha_base_pre_programa,pos_inicio_programa,regra temporal pre-programa registrada no painel,declaracao formal,,2026-07-24,regra temporal preexistente do projeto,Marian Dante - assessora UEF/SMED,5.476463551931511
ESC_038,43109195,TRUE,EMEF PROF ANA IRIS DO AMARAL,EMEF PROF ANA IRIS DO AMARAL,EMEF PROF ANA IRIS DO AMARAL,eliane,eliane,SIM,SIM,NA_APLICAVEL,SIM,NAO,SIM,0,1,,eliane,SEM_CARGA_DO_PROGRAMA,ATIVA,LINHA_BASE_PRE_PROGRAMA,ASSESSORADA,TRUE,TRUE,FALSE,TRUE,FALSE,TRUE,FALSE,FALSE,REGRA_TEMPORAL_CONFIRMADA,HOMOLOGADO,2025_1a_avaliacao_formativa_linha_base,2026-07-24_v1,2,Língua Portuguesa,TRUE,TRUE,TRUE,TRUE,TRUE,TRUE,TRUE,TRUE,TRUE,TRUE,Rede municipal direta em 2024,rede_municipal_direta_ou_nao_classificada,rede_municipal_direta,Municipal,Em atividade,FALSE,FALSE,224,10,21,22.4,10.666666666666666,100,11.442786069651742,6.218905472636816,34.32835820895522,3,70,Q1 — menor infraestrutura,150 a 299 matrículas,TRUE,49,41,83.6734693877551,69.34146341463415,14.609756097560975,24.48780487804878,60.90243902439025,44,40,90.9090909090909,72.225,10.725,40.475,48.8,40.5,7.235621521335801,2.883536585365846,-3.884756097560976,15.98719512195122,-12.10243902439025,-10.20408163265306,-2.4390243902439024,Sem alerta principal de composição,2,2,TRUE,TRUE,TRUE,TRUE,0,-5,-1,TRUE,TRUE,FALSE,FALSE,FALSE,FALSE,FALSE,FALSE,EMEF PROF ANA IRIS DO AMARAL,exata_normalizada,consolidado,,rede_municipal_direta_ou_nao_classificada,0,TRUE,FALSE,FALSE,FALSE,rede_municipal_direta,Rede municipal direta em 2024,codigo_inep_consolidado,2024,Censo Escolar/INEP via Base dos Dados,TRUE,3,,1,0,1,0,,,,150 a 299 matrículas,1,2024,RS,4314902,1,1,1,1,1,0,0,1,402,34,368,224,46,47,45,43,43,144,0,46,46,0,200,202,251,74,62,0,2,13,231,224,7,25,35,31,21,13,35,20,18,10,8,10,,20,0,0,1,1,1,1,1,1,0,0,0,1,0,1,1,1,0,0,0,0,1,1,0,1,1,1,1,,,340,2,0,1,0,0,0,8,TRUE,TRUE,TRUE,FALSE,TRUE,10,7,TRUE,FALSE,1,3,FALSE,FALSE,FALSE,FALSE,FALSE,FALSE,FALSE,Rede municipal direta em 2024,FALSE,,TRUE,FALSE,Rede municipal direta em 2024,FALSE,,TRUE,,sem_revisao_necessaria,,,,Rede municipal direta em 2024,TRUE,TRUE,TRUE,1a_avaliacao_formativa,1a_avaliacao_formativa,linha_base_pre_programa,pos_inicio_programa,regra temporal pre-programa registrada no painel,declaracao formal,,2026-07-24,regra temporal preexistente do projeto,Marian Dante - assessora UEF/SMED,5.4116460518550396
ESC_039,43172490,TRUE,EMEF PROF ANISIO TEIXEIRA,EMEF PROF ANISIO TEIXEIRA,EMEF PROF ANISIO TEIXEIRA,andreia,andreia,SIM,SIM,NA_APLICAVEL,SIM,NAO,SIM,0,1,,andreia,SEM_CARGA_DO_PROGRAMA,ATIVA,LINHA_BASE_PRE_PROGRAMA,ASSESSORADA,TRUE,TRUE,FALSE,TRUE,FALSE,TRUE,FALSE,FALSE,REGRA_TEMPORAL_CONFIRMADA,HOMOLOGADO,2025_1a_avaliacao_formativa_linha_base,2026-07-24_v1,2,Língua Portuguesa,TRUE,TRUE,TRUE,TRUE,TRUE,TRUE,TRUE,TRUE,TRUE,TRUE,Rede municipal direta em 2024,rede_municipal_direta_ou_nao_classificada,rede_municipal_direta,Municipal,Em atividade,FALSE,FALSE,471,19,27,24.789473684210527,17.444444444444443,11.46496815286624,10.571428571428571,5.714285714285714,18.571428571428573,3,100,Q3,300 a 499 matrículas,TRUE,61,50,81.9672131147541,65.58,20,33.98,46.02,79,69,87.34177215189874,65.81159420289855,16.753623188405797,31.08695652173913,52.44927536231884,59.5,5.3745590371446355,0.23159420289854893,-3.246376811594203,-2.893043478260868,6.42927536231884,29.50819672131147,38,Mudança relevante no número de estudantes previstos,3,4,TRUE,TRUE,TRUE,TRUE,1,18,19,TRUE,TRUE,FALSE,FALSE,FALSE,TRUE,FALSE,FALSE,EMEF PROF ANISIO TEIXEIRA,exata_normalizada,consolidado,,rede_municipal_direta_ou_nao_classificada,0,TRUE,FALSE,FALSE,FALSE,rede_municipal_direta,Rede municipal direta em 2024,codigo_inep_consolidado,2024,Censo Escolar/INEP via Base dos Dados,TRUE,3,,1,0,1,0,,,,300 a 499 matrículas,3,2024,RS,4314902,1,0,1,1,1,0,1,1,1050,0,945,471,59,76,99,132,105,474,105,111,111,0,484,566,631,88,106,1,1,223,100,54,46,60,54,50,27,27,53,40,36,19,17,0,,19,0,0,1,1,1,1,1,1,1,1,1,1,1,1,1,0,0,0,0,0,0,1,1,1,1,1,1,,,636,10,2,1,1,1,0,6,FALSE,TRUE,TRUE,TRUE,TRUE,10,10,TRUE,FALSE,1,3,FALSE,FALSE,FALSE,FALSE,FALSE,FALSE,FALSE,Rede municipal direta em 2024,FALSE,,TRUE,FALSE,Rede municipal direta em 2024,FALSE,,TRUE,,sem_revisao_necessaria,,,,Rede municipal direta em 2024,TRUE,TRUE,TRUE,1a_avaliacao_formativa,1a_avaliacao_formativa,linha_base_pre_programa,pos_inicio_programa,regra temporal pre-programa registrada no painel,declaracao formal,,2026-07-24,regra temporal preexistente do projeto,Marian Dante - assessora UEF/SMED,6.154858094016418
ESC_040,43109071,TRUE,EMEF PROF GILBERTO JORGE GONCALVES DA SILVA,EMEF PROF GILBERTO JORGE GONCALVES DA SILVA,EMEF PROF GILBERTO JORGE GONCALVES DA SILVA,ruti,ruti,SIM,SIM,NA_APLICAVEL,SIM,NAO,SIM,0,1,,ruti,SEM_CARGA_DO_PROGRAMA,ATIVA,LINHA_BASE_PRE_PROGRAMA,ASSESSORADA,TRUE,TRUE,FALSE,TRUE,FALSE,TRUE,FALSE,FALSE,REGRA_TEMPORAL_CONFIRMADA,HOMOLOGADO,2025_1a_avaliacao_formativa_linha_base,2026-07-24_v1,2,Língua Portuguesa,TRUE,TRUE,TRUE,TRUE,TRUE,TRUE,TRUE,TRUE,TRUE,TRUE,Rede municipal direta em 2024,rede_municipal_direta_ou_nao_classificada,rede_municipal_direta,Municipal,Em atividade,FALSE,FALSE,109,5,19,21.8,5.7368421052631575,100,18.867924528301888,0,27.83018867924528,3,80,Q1 — menor infraestrutura,Até 149 matrículas,TRUE,21,14,66.66666666666667,92,7,7,86,21,21,100,41,42,37,21,17.5,33.33333333333333,-51,35,30,-65,0,50,Aumento de participação igual ou superior a 10 p.p.,1,1,TRUE,TRUE,TRUE,TRUE,0,0,7,FALSE,FALSE,FALSE,TRUE,FALSE,FALSE,TRUE,FALSE,EMEF PROF GILBERTO JORGE GONCALVES DA SILVA,exata_normalizada,consolidado,,rede_municipal_direta_ou_nao_classificada,0,TRUE,FALSE,FALSE,FALSE,rede_municipal_direta,Rede municipal direta em 2024,codigo_inep_consolidado,2024,Censo Escolar/INEP via Base dos Dados,TRUE,3,,1,0,1,0,,,,Até 149 matrículas,1,2024,RS,4314902,1,1,1,1,1,0,0,1,212,36,176,109,23,22,24,19,21,67,0,40,40,0,106,106,150,27,32,0,0,3,176,109,67,0,31,28,19,16,31,11,9,5,4,9,,16,0,6,1,1,1,1,1,1,0,1,0,0,0,1,1,0,1,1,0,0,0,1,1,1,1,1,1,,,217,3,1,2,1,0,0,3,TRUE,TRUE,TRUE,FALSE,TRUE,10,8,TRUE,TRUE,1,3,FALSE,FALSE,FALSE,FALSE,FALSE,FALSE,FALSE,Rede municipal direta em 2024,FALSE,,TRUE,FALSE,Rede municipal direta em 2024,FALSE,,TRUE,,sem_revisao_necessaria,,,,Rede municipal direta em 2024,TRUE,TRUE,TRUE,1a_avaliacao_formativa,1a_avaliacao_formativa,linha_base_pre_programa,pos_inicio_programa,regra temporal pre-programa registrada no painel,declaracao formal,,2026-07-24,regra temporal preexistente do projeto,Marian Dante - assessora UEF/SMED,4.6913478822291435
ESC_041,43109055,TRUE,EMEF PROF JUDITH MACEDO DE ARAUJO,EMEF PROF JUDITH MACEDO DE ARAUJO,EMEF PROF JUDITH MACEDO DE ARAUJO,graziela,graziela,SIM,SIM,NA_APLICAVEL,SIM,NAO,SIM,0,1,,graziela,SEM_CARGA_DO_PROGRAMA,ATIVA,LINHA_BASE_PRE_PROGRAMA,ASSESSORADA,TRUE,TRUE,FALSE,TRUE,FALSE,TRUE,FALSE,FALSE,REGRA_TEMPORAL_CONFIRMADA,HOMOLOGADO,2025_1a_avaliacao_formativa_linha_base,2026-07-24_v1,2,Língua Portuguesa,TRUE,TRUE,TRUE,TRUE,TRUE,TRUE,TRUE,TRUE,TRUE,TRUE,Rede municipal direta em 2024,rede_municipal_direta_ou_nao_classificada,rede_municipal_direta,Municipal,Em atividade,FALSE,FALSE,367,14,19,26.214285714285715,19.31578947368421,14.168937329700272,6.004901960784314,0,41.1764705882353,3,100,Q3,300 a 499 matrículas,TRUE,79,71,89.87341772151899,61.38028169014085,22.47887323943662,32.28169014084507,44.929577464788736,79,69,87.34177215189874,60.01449275362319,28.36231884057971,25.15942028985507,46.84057971014493,70,-2.5316455696202524,-1.36578893651766,5.883445601143091,-7.122269850989998,1.911002245356194,0,-2.816901408450704,Sem alerta principal de composição,3,3,TRUE,TRUE,TRUE,TRUE,0,0,-2,TRUE,TRUE,FALSE,FALSE,FALSE,FALSE,FALSE,FALSE,EMEF PROF JUDITH MACEDO DE ARAUJO,exata_normalizada,consolidado,,rede_municipal_direta_ou_nao_classificada,0,TRUE,FALSE,FALSE,FALSE,rede_municipal_direta,Rede municipal direta em 2024,codigo_inep_consolidado,2024,Censo Escolar/INEP via Base dos Dados,TRUE,3,,1,0,1,0,,,,300 a 499 matrículas,2,2024,RS,4314902,1,0,1,1,1,0,1,1,816,0,714,367,70,76,78,57,86,347,102,49,49,0,388,428,456,171,164,1,1,23,83,52,31,0,46,38,19,23,45,35,27,14,13,0,,13,0,13,1,1,1,1,1,1,0,1,1,1,0,1,1,1,1,1,1,0,0,1,1,1,0,1,1,,,349,0,3,1,0,0,0,7,FALSE,TRUE,TRUE,TRUE,TRUE,10,10,TRUE,TRUE,1,3,FALSE,FALSE,FALSE,FALSE,FALSE,FALSE,FALSE,Rede municipal direta em 2024,FALSE,,TRUE,FALSE,Rede municipal direta em 2024,FALSE,,TRUE,,sem_revisao_necessaria,,,,Rede municipal direta em 2024,TRUE,TRUE,TRUE,1a_avaliacao_formativa,1a_avaliacao_formativa,linha_base_pre_programa,pos_inicio_programa,regra temporal pre-programa registrada no painel,declaracao formal,,2026-07-24,regra temporal preexistente do projeto,Marian Dante - assessora UEF/SMED,5.905361848054571
ESC_042,43109098,TRUE,EMEF PROF LARRY JOSE RIBEIRO ALVES,EMEF PROF LARRY JOSE RIBEIRO ALVES,EMEF PROF LARRY JOSE RIBEIRO ALVES,amanda,amanda,SIM,SIM,NA_APLICAVEL,SIM,NAO,SIM,0,1,,amanda,SEM_CARGA_DO_PROGRAMA,ATIVA,LINHA_BASE_PRE_PROGRAMA,ASSESSORADA,TRUE,TRUE,FALSE,TRUE,FALSE,TRUE,FALSE,FALSE,REGRA_TEMPORAL_CONFIRMADA,HOMOLOGADO,2025_1a_avaliacao_formativa_linha_base,2026-07-24_v1,2,Língua Portuguesa,TRUE,TRUE,TRUE,TRUE,TRUE,TRUE,TRUE,TRUE,TRUE,TRUE,Rede municipal direta em 2024,rede_municipal_direta_ou_nao_classificada,rede_municipal_direta,Municipal,Em atividade,FALSE,FALSE,420,16,22,26.25,19.09090909090909,21.19047619047619,6.1946902654867255,4.424778761061947,35.01896333754741,2,100,Q3,300 a 499 matrículas,TRUE,82,65,79.26829268292683,33.246153846153845,62.96923076923077,20.153846153846153,16.876923076923077,97,79,81.44329896907216,42.45569620253165,46.88607594936709,29.89873417721519,23.21518987341772,72,2.175006286145333,9.209542356377804,-16.08315481986368,9.744888023369036,6.3382667964946435,18.29268292682927,21.53846153846154,Sem alerta principal de composição,3,4,TRUE,TRUE,TRUE,TRUE,1,15,14,TRUE,FALSE,FALSE,FALSE,FALSE,FALSE,FALSE,FALSE,EMEF PROF LARRY JOSE RIBEIRO ALVES,exata_normalizada,consolidado,,rede_municipal_direta_ou_nao_classificada,0,TRUE,FALSE,FALSE,FALSE,rede_municipal_direta,Rede municipal direta em 2024,codigo_inep_consolidado,2024,Censo Escolar/INEP via Base dos Dados,TRUE,3,,1,0,1,0,,,,300 a 499 matrículas,3,2024,RS,4314902,1,0,1,1,1,0,0,1,791,0,791,420,72,80,102,83,83,371,0,49,49,0,359,432,447,155,121,3,1,64,122,89,33,35,38,38,22,21,36,30,30,16,14,0,,20,2,6,1,1,1,1,1,1,0,1,1,1,1,1,1,0,1,1,1,0,0,1,1,1,1,1,1,,,380,2,1,2,2,3,0,3,FALSE,TRUE,TRUE,FALSE,TRUE,10,10,TRUE,TRUE,1,3,FALSE,FALSE,FALSE,FALSE,FALSE,FALSE,FALSE,Rede municipal direta em 2024,FALSE,,TRUE,FALSE,Rede municipal direta em 2024,FALSE,,TRUE,,sem_revisao_necessaria,,,,Rede municipal direta em 2024,TRUE,TRUE,TRUE,1a_avaliacao_formativa,1a_avaliacao_formativa,linha_base_pre_programa,pos_inicio_programa,regra temporal pre-programa registrada no painel,declaracao formal,,2026-07-24,regra temporal preexistente do projeto,Marian Dante - assessora UEF/SMED,6.040254711277414
ESC_043,43293050,TRUE,EMEF RINCAO,EMEF RINCAO,EMEF RINCAO,jalize,jalize,SIM,SIM,NA_APLICAVEL,SIM,NAO,SIM,0,1,,jalize,SEM_CARGA_DO_PROGRAMA,ATIVA,LINHA_BASE_PRE_PROGRAMA,ASSESSORADA,TRUE,TRUE,FALSE,TRUE,FALSE,TRUE,FALSE,FALSE,REGRA_TEMPORAL_CONFIRMADA,HOMOLOGADO,2025_1a_avaliacao_formativa_linha_base,2026-07-24_v1,2,Língua Portuguesa,TRUE,TRUE,TRUE,TRUE,TRUE,TRUE,TRUE,TRUE,TRUE,TRUE,Rede municipal direta em 2024,rede_municipal_direta_ou_nao_classificada,rede_municipal_direta,Municipal,Em atividade,FALSE,FALSE,270,10,17,27,15.882352941176473,0,10.061601642710473,16.427104722792606,22.38193018480493,2,80,Q1 — menor infraestrutura,150 a 299 matrículas,TRUE,48,44,91.66666666666669,80.27272727272727,11.636363636363637,16,72.9090909090909,48,44,91.66666666666669,72.63636363636364,10.363636363636363,24.90909090909091,65.18181818181819,44,0,-7.636363636363626,-1.2727272727272734,8.90909090909091,-7.72727272727272,0,0,Sem alerta principal de composição,2,2,TRUE,TRUE,TRUE,TRUE,0,0,0,TRUE,TRUE,TRUE,FALSE,FALSE,FALSE,FALSE,FALSE,EMEF RINCAO,exata_normalizada,consolidado,,rede_municipal_direta_ou_nao_classificada,0,TRUE,FALSE,FALSE,FALSE,rede_municipal_direta,Rede municipal direta em 2024,codigo_inep_consolidado,2024,Censo Escolar/INEP via Base dos Dados,TRUE,3,,1,0,1,0,,,,150 a 299 matrículas,2,2024,RS,4314902,1,0,1,1,1,0,0,1,487,0,487,270,47,52,57,57,57,217,0,49,49,0,221,266,348,41,68,0,0,30,5,0,5,80,28,28,17,15,28,18,18,10,8,0,,9,1,8,1,1,1,1,1,1,0,0,1,1,0,1,0,1,1,0,0,0,0,1,1,1,1,1,1,,,220,1,2,0,0,5,0,4,FALSE,TRUE,TRUE,FALSE,TRUE,10,8,TRUE,TRUE,1,3,FALSE,FALSE,FALSE,FALSE,FALSE,FALSE,FALSE,Rede municipal direta em 2024,FALSE,,TRUE,FALSE,Rede municipal direta em 2024,FALSE,,TRUE,,sem_revisao_necessaria,,,,Rede municipal direta em 2024,TRUE,TRUE,TRUE,1a_avaliacao_formativa,1a_avaliacao_formativa,linha_base_pre_programa,pos_inicio_programa,regra temporal pre-programa registrada no painel,declaracao formal,,2026-07-24,regra temporal preexistente do projeto,Marian Dante - assessora UEF/SMED,5.598421958998375
ESC_044,43167179,TRUE,EMEF SAINT HILAIRE,EMEF SAINT HILAIRE,EMEF SAINT HILAIRE,andreia,andreia,SIM,SIM,NA_APLICAVEL,SIM,NAO,SIM,0,1,,andreia,SEM_CARGA_DO_PROGRAMA,ATIVA,LINHA_BASE_PRE_PROGRAMA,ASSESSORADA,TRUE,TRUE,FALSE,TRUE,FALSE,TRUE,FALSE,FALSE,REGRA_TEMPORAL_CONFIRMADA,HOMOLOGADO,2025_1a_avaliacao_formativa_linha_base,2026-07-24_v1,2,Língua Portuguesa,TRUE,TRUE,TRUE,TRUE,TRUE,TRUE,TRUE,TRUE,TRUE,TRUE,Rede municipal direta em 2024,rede_municipal_direta_ou_nao_classificada,rede_municipal_direta,Municipal,Em atividade,FALSE,FALSE,494,22,30,22.454545454545453,16.466666666666665,5.668016194331984,12.261306532663315,3.5175879396984926,33.266331658291456,4,90,Q2,300 a 499 matrículas,TRUE,90,66,73.33333333333333,42.86363636363637,47.10606060606061,33.621212121212125,19.75757575757576,74,56,75.67567567567568,41.660714285714285,40.910714285714285,43.625,15.464285714285714,61,2.3423423423423486,-1.2029220779220822,-6.195346320346324,10.003787878787875,-4.293290043290044,-17.77777777777778,-15.151515151515152,Sem alerta principal de composição,4,3,TRUE,TRUE,TRUE,TRUE,-1,-16,-10,TRUE,FALSE,FALSE,FALSE,FALSE,FALSE,FALSE,FALSE,EMEF SAINT HILAIRE,exata_normalizada,consolidado,,rede_municipal_direta_ou_nao_classificada,0,TRUE,FALSE,FALSE,FALSE,rede_municipal_direta,Rede municipal direta em 2024,codigo_inep_consolidado,2024,Censo Escolar/INEP via Base dos Dados,TRUE,3,,1,0,1,0,,,,300 a 499 matrículas,4,2024,RS,4314902,1,1,1,1,1,0,1,1,995,17,877,494,86,90,124,102,92,383,101,122,122,0,477,518,603,162,169,2,0,59,59,28,31,35,57,53,30,29,56,48,40,22,18,0,,21,0,0,1,1,1,1,1,1,0,1,0,1,1,1,1,0,1,0,0,0,0,1,1,1,1,1,1,,,458,0,2,1,0,0,0,4,TRUE,TRUE,TRUE,TRUE,TRUE,10,9,TRUE,TRUE,1,3,FALSE,FALSE,FALSE,FALSE,FALSE,FALSE,FALSE,Rede municipal direta em 2024,FALSE,,TRUE,FALSE,Rede municipal direta em 2024,FALSE,,TRUE,,sem_revisao_necessaria,,,,Rede municipal direta em 2024,TRUE,TRUE,TRUE,1a_avaliacao_formativa,1a_avaliacao_formativa,linha_base_pre_programa,pos_inicio_programa,regra temporal pre-programa registrada no painel,declaracao formal,,2026-07-24,regra temporal preexistente do projeto,Marian Dante - assessora UEF/SMED,6.202535517187923
ESC_045,43167535,TRUE,EMEF SAO PEDRO,EMEF SAO PEDRO,EMEF SAO PEDRO,marian,marian,SIM,SIM,NA_APLICAVEL,SIM,NAO,SIM,0,1,,marian,SEM_CARGA_DO_PROGRAMA,ATIVA,LINHA_BASE_PRE_PROGRAMA,ASSESSORADA,TRUE,TRUE,FALSE,TRUE,FALSE,TRUE,FALSE,FALSE,REGRA_TEMPORAL_CONFIRMADA,HOMOLOGADO,2025_1a_avaliacao_formativa_linha_base,2026-07-24_v1,2,Língua Portuguesa,TRUE,TRUE,TRUE,TRUE,TRUE,TRUE,TRUE,TRUE,TRUE,TRUE,Rede municipal direta em 2024,rede_municipal_direta_ou_nao_classificada,rede_municipal_direta,Municipal,Em atividade,FALSE,FALSE,477,22,31,21.681818181818183,15.387096774193548,5.031446540880503,6.70611439842209,5.029585798816568,26.52859960552268,4,100,Q3,300 a 499 matrículas,TRUE,102,79,77.45098039215686,70.9113924050633,15.253164556962023,29.075949367088608,55.89873417721519,86,76,88.37209302325581,43.6578947368421,41.38157894736842,33.78947368421053,24.26315789473684,77.5,10.92111263109895,-27.253497668221193,26.12841439040639,4.713524317121919,-31.635576282478347,-15.68627450980392,-3.797468354430379,Aumento de participação igual ou superior a 10 p.p.,5,4,TRUE,TRUE,TRUE,TRUE,-1,-16,-3,TRUE,FALSE,FALSE,TRUE,FALSE,FALSE,FALSE,FALSE,EMEF SAO PEDRO,exata_normalizada,consolidado,,rede_municipal_direta_ou_nao_classificada,0,TRUE,FALSE,FALSE,FALSE,rede_municipal_direta,Rede municipal direta em 2024,codigo_inep_consolidado,2024,Censo Escolar/INEP via Base dos Dados,TRUE,3,,1,0,1,0,,,,300 a 499 matrículas,3,2024,RS,4314902,1,1,1,1,1,0,1,1,1014,25,843,477,98,92,95,94,98,366,146,68,68,0,500,514,503,149,117,2,3,240,54,24,30,51,55,49,31,24,53,45,38,22,16,0,,23,0,4,1,1,1,1,1,1,1,1,1,1,1,1,1,0,0,1,0,0,0,1,1,1,1,1,1,,,3,0,3,3,0,0,0,15,TRUE,TRUE,TRUE,TRUE,TRUE,10,10,TRUE,TRUE,1,3,FALSE,FALSE,FALSE,FALSE,FALSE,FALSE,FALSE,Rede municipal direta em 2024,FALSE,,TRUE,FALSE,Rede municipal direta em 2024,FALSE,,TRUE,,sem_revisao_necessaria,,,,Rede municipal direta em 2024,TRUE,TRUE,TRUE,1a_avaliacao_formativa,1a_avaliacao_formativa,linha_base_pre_programa,pos_inicio_programa,regra temporal pre-programa registrada no painel,declaracao formal,,2026-07-24,regra temporal preexistente do projeto,Marian Dante - assessora UEF/SMED,6.1675164908883415
ESC_046,43107842,TRUE,EMEF SEN ALBERTO PASQUALINI,EMEF SEN ALBERTO PASQUALINI,EMEF SEN ALBERTO PASQUALINI,julia,julia,SIM,SIM,NA_APLICAVEL,SIM,NAO,SIM,0,1,,julia,SEM_CARGA_DO_PROGRAMA,ATIVA,LINHA_BASE_PRE_PROGRAMA,ASSESSORADA,TRUE,TRUE,FALSE,TRUE,FALSE,TRUE,FALSE,FALSE,REGRA_TEMPORAL_CONFIRMADA,HOMOLOGADO,2025_1a_avaliacao_formativa_linha_base,2026-07-24_v1,2,Língua Portuguesa,TRUE,TRUE,TRUE,TRUE,TRUE,TRUE,TRUE,TRUE,TRUE,TRUE,Rede municipal direta em 2024,rede_municipal_direta_ou_nao_classificada,rede_municipal_direta,Municipal,Em atividade,FALSE,FALSE,535,21,32,25.47619047619047,16.71875,17.94392523364486,9.370314842578711,4.72263868065967,31.93403298350825,3,90,Q2,500 matrículas ou mais,TRUE,77,57,74.02597402597402,54.49122807017544,28.140350877192983,40.26315789473684,31.614035087719294,68,56,82.3529411764706,60.535714285714285,28.464285714285715,20.625,50.910714285714285,56.5,8.326967150496571,6.044486215538846,0.3239348370927324,-19.63815789473684,19.296679197994987,-11.688311688311687,-1.7543859649122806,Sem alerta principal de composição,3,3,TRUE,TRUE,TRUE,TRUE,0,-9,-1,TRUE,FALSE,FALSE,FALSE,FALSE,FALSE,FALSE,FALSE,EMEF SEN ALBERTO PASQUALINI,exata_normalizada,consolidado,,rede_municipal_direta_ou_nao_classificada,0,TRUE,FALSE,FALSE,FALSE,rede_municipal_direta,Rede municipal direta em 2024,codigo_inep_consolidado,2024,Censo Escolar/INEP via Base dos Dados,TRUE,3,,1,0,1,0,,,,500 matrículas ou mais,4,2024,RS,4314902,1,0,1,1,1,0,1,1,1334,0,1006,535,74,100,117,133,111,471,328,125,125,0,653,681,726,220,204,1,2,181,141,96,45,63,65,57,32,31,65,45,38,21,17,0,,26,0,8,1,1,1,1,1,1,0,1,0,1,1,1,1,0,1,1,0,0,0,1,1,1,1,1,1,,,326,0,2,3,0,0,0,4,FALSE,TRUE,TRUE,TRUE,TRUE,10,9,TRUE,TRUE,1,3,FALSE,FALSE,FALSE,FALSE,FALSE,FALSE,FALSE,Rede municipal direta em 2024,FALSE,,TRUE,FALSE,Rede municipal direta em 2024,FALSE,,TRUE,,sem_revisao_necessaria,,,,Rede municipal direta em 2024,TRUE,TRUE,TRUE,1a_avaliacao_formativa,1a_avaliacao_formativa,linha_base_pre_programa,pos_inicio_programa,regra temporal pre-programa registrada no painel,declaracao formal,,2026-07-24,regra temporal preexistente do projeto,Marian Dante - assessora UEF/SMED,6.282266746896006
ESC_047,43189253,TRUE,EMEF TIMBAUVA,EMEF TIMBAUVA,EMEF TIMBAUVA,nathalia,nathalia,SIM,SIM,NA_APLICAVEL,SIM,NAO,SIM,0,1,,nathalia,SEM_CARGA_DO_PROGRAMA,ATIVA,LINHA_BASE_PRE_PROGRAMA,ASSESSORADA,TRUE,TRUE,FALSE,TRUE,FALSE,TRUE,FALSE,FALSE,REGRA_TEMPORAL_CONFIRMADA,HOMOLOGADO,2025_1a_avaliacao_formativa_linha_base,2026-07-24_v1,2,Língua Portuguesa,TRUE,TRUE,TRUE,TRUE,TRUE,TRUE,TRUE,TRUE,TRUE,TRUE,Rede municipal direta em 2024,rede_municipal_direta_ou_nao_classificada,rede_municipal_direta,Municipal,Em atividade,FALSE,FALSE,353,15,22,23.533333333333335,16.045454545454547,30.878186968838527,9.295774647887324,0.14084507042253522,39.57746478873239,3,80,Q1 — menor infraestrutura,300 a 499 matrículas,TRUE,60,47,78.33333333333333,72.08510638297872,21.382978723404257,17.04255319148936,61.85106382978723,57,56,98.24561403508773,70.46428571428571,17.357142857142858,25.25,57.392857142857146,51.5,19.9122807017544,-1.620820668693014,-4.025835866261399,8.207446808510639,-4.45820668693009,-5,19.148936170212767,Aumento de participação igual ou superior a 10 p.p.,3,3,TRUE,TRUE,TRUE,TRUE,0,-3,9,TRUE,FALSE,FALSE,TRUE,FALSE,FALSE,FALSE,FALSE,EMEF TIMBAUVA,exata_normalizada,consolidado,,rede_municipal_direta_ou_nao_classificada,0,TRUE,FALSE,FALSE,FALSE,rede_municipal_direta,Rede municipal direta em 2024,codigo_inep_consolidado,2024,Censo Escolar/INEP via Base dos Dados,TRUE,3,,1,0,1,0,,,,300 a 499 matrículas,2,2024,RS,4314902,1,1,1,1,1,0,0,1,710,82,628,353,69,63,71,76,74,275,0,66,66,0,333,377,354,99,180,0,2,75,200,109,91,1,48,43,22,23,47,31,27,15,12,0,,27,0,0,1,1,1,1,1,1,0,1,0,1,0,1,1,1,0,0,0,0,1,1,0,1,1,1,1,,,400,2,2,2,0,0,0,6,TRUE,TRUE,TRUE,FALSE,TRUE,10,8,TRUE,FALSE,1,3,FALSE,FALSE,FALSE,FALSE,FALSE,FALSE,FALSE,Rede municipal direta em 2024,FALSE,,TRUE,FALSE,Rede municipal direta em 2024,FALSE,,TRUE,,sem_revisao_necessaria,,,,Rede municipal direta em 2024,TRUE,TRUE,TRUE,1a_avaliacao_formativa,1a_avaliacao_formativa,linha_base_pre_programa,pos_inicio_programa,regra temporal pre-programa registrada no painel,declaracao formal,,2026-07-24,regra temporal preexistente do projeto,Marian Dante - assessora UEF/SMED,5.8664680569332965
ESC_048,43172482,TRUE,EMEF VER ANTONIO GIUDICE,EMEF VER ANTONIO GIUDICE,EMEF VER ANTONIO GIUDICE,clarissa,clarissa,SIM,SIM,NA_APLICAVEL,SIM,NAO,SIM,0,1,,clarissa,SEM_CARGA_DO_PROGRAMA,ATIVA,LINHA_BASE_PRE_PROGRAMA,ASSESSORADA,TRUE,TRUE,FALSE,TRUE,FALSE,TRUE,FALSE,FALSE,REGRA_TEMPORAL_CONFIRMADA,HOMOLOGADO,2025_1a_avaliacao_formativa_linha_base,2026-07-24_v1,2,Língua Portuguesa,TRUE,TRUE,TRUE,TRUE,TRUE,TRUE,TRUE,TRUE,TRUE,TRUE,Rede municipal direta em 2024,rede_municipal_direta_ou_nao_classificada,rede_municipal_direta,Municipal,Em atividade,FALSE,FALSE,404,18,27,22.444444444444443,14.962962962962964,0,9.766022380467955,12.817904374364192,30.824008138351985,3,100,Q3,300 a 499 matrículas,TRUE,67,48,71.64179104477611,57.291666666666664,35.208333333333336,16.916666666666668,47.875,87,76,87.356321839080465,69.52631578947368,21.51315789473684,17.105263157894736,61.0921052631579,62,15.714530794304352,12.23464912280702,-13.695175438596491,0.18859649122806843,13.217105263157896,29.850746268656717,58.333333333333336,Mudança relevante no público previsto e aumento de participação,3,4,TRUE,TRUE,TRUE,TRUE,1,20,28,TRUE,FALSE,FALSE,TRUE,FALSE,TRUE,FALSE,FALSE,EMEF VER ANTONIO GIUDICE,exata_normalizada,consolidado,,rede_municipal_direta_ou_nao_classificada,0,TRUE,FALSE,FALSE,FALSE,rede_municipal_direta,Rede municipal direta em 2024,codigo_inep_consolidado,2024,Censo Escolar/INEP via Base dos Dados,TRUE,3,,1,0,1,0,,,,300 a 499 matrículas,3,2024,RS,4314902,1,0,1,1,1,0,1,1,983,0,792,404,70,63,98,72,101,388,191,96,96,0,488,495,643,123,176,0,4,37,0,0,0,126,56,49,27,28,56,41,34,18,16,0,,16,0,0,1,1,1,1,1,1,0,1,1,1,1,1,1,0,1,0,0,0,0,1,1,1,1,1,1,,,490,0,0,3,0,0,0,7,FALSE,TRUE,TRUE,TRUE,TRUE,10,10,TRUE,TRUE,1,3,FALSE,FALSE,FALSE,FALSE,FALSE,FALSE,FALSE,Rede municipal direta em 2024,FALSE,,TRUE,FALSE,Rede municipal direta em 2024,FALSE,,TRUE,,sem_revisao_necessaria,,,,Rede municipal direta em 2024,TRUE,TRUE,TRUE,1a_avaliacao_formativa,1a_avaliacao_formativa,linha_base_pre_programa,pos_inicio_programa,regra temporal pre-programa registrada no painel,declaracao formal,,2026-07-24,regra temporal preexistente do projeto,Marian Dante - assessora UEF/SMED,6.0014148779611505
ESC_049,43109080,TRUE,EMEF VER CARLOS PESSOA DE BRUM,EMEF VER CARLOS PESSOA DE BRUM,EMEF VER CARLOS PESSOA DE BRUM,priscila,priscila,SIM,SIM,NA_APLICAVEL,SIM,NAO,SIM,0,1,,priscila,SEM_CARGA_DO_PROGRAMA,ATIVA,LINHA_BASE_PRE_PROGRAMA,ASSESSORADA,TRUE,TRUE,FALSE,TRUE,FALSE,TRUE,FALSE,FALSE,REGRA_TEMPORAL_CONFIRMADA,HOMOLOGADO,2025_1a_avaliacao_formativa_linha_base,2026-07-24_v1,2,Língua Portuguesa,TRUE,TRUE,TRUE,TRUE,TRUE,TRUE,TRUE,TRUE,TRUE,TRUE,Rede municipal direta em 2024,rede_municipal_direta_ou_nao_classificada,rede_municipal_direta,Municipal,Em atividade,FALSE,FALSE,574,22,25,26.09090909090909,22.96,36.23693379790941,6.63265306122449,3.061224489795918,39.625850340136054,4,90,Q2,500 matrículas ou mais,TRUE,107,76,71.02803738317758,66.21052631578948,23.76315789473684,25.394736842105264,51.1578947368421,119,90,75.63025210084034,41.28888888888889,47.333333333333336,28.344444444444445,24.72222222222222,83,4.602214717662761,-24.92163742690059,23.570175438596493,2.9497076023391813,-26.43567251461988,11.214953271028037,18.42105263157895,Sem alerta principal de composição,4,5,TRUE,TRUE,TRUE,TRUE,1,12,14,TRUE,FALSE,FALSE,FALSE,FALSE,FALSE,FALSE,FALSE,EMEF VER CARLOS PESSOA DE BRUM,exata_normalizada,consolidado,,rede_municipal_direta_ou_nao_classificada,0,TRUE,FALSE,FALSE,FALSE,rede_municipal_direta,Rede municipal direta em 2024,codigo_inep_consolidado,2024,Censo Escolar/INEP via Base dos Dados,TRUE,3,,1,0,1,0,,,,500 matrículas ou mais,4,2024,RS,4314902,1,1,1,1,1,0,1,1,1176,40,1014,574,95,103,130,122,124,440,122,78,78,0,594,582,558,261,199,3,6,149,294,208,86,36,55,49,25,30,53,51,41,22,19,0,,24,0,7,1,1,1,1,1,1,0,1,1,1,1,1,0,1,1,0,0,0,0,1,1,1,1,1,1,,,489,2,3,3,2,1,0,8,TRUE,TRUE,TRUE,TRUE,TRUE,10,9,TRUE,TRUE,1,3,FALSE,FALSE,FALSE,FALSE,FALSE,FALSE,FALSE,Rede municipal direta em 2024,FALSE,,TRUE,FALSE,Rede municipal direta em 2024,FALSE,,TRUE,,sem_revisao_necessaria,,,,Rede municipal direta em 2024,TRUE,TRUE,TRUE,1a_avaliacao_formativa,1a_avaliacao_formativa,linha_base_pre_programa,pos_inicio_programa,regra temporal pre-programa registrada no painel,declaracao formal,,2026-07-24,regra temporal preexistente do projeto,Marian Dante - assessora UEF/SMED,6.352629396319567
ESC_050,43109101,TRUE,EMEF VER MARTIM ARANHA,EMEF VER MARTIM ARANHA,EMEF VER MARTIM ARANHA,priscila,priscila,SIM,SIM,NA_APLICAVEL,SIM,NAO,SIM,0,1,,priscila,SEM_CARGA_DO_PROGRAMA,ATIVA,LINHA_BASE_PRE_PROGRAMA,ASSESSORADA,TRUE,TRUE,FALSE,TRUE,FALSE,TRUE,FALSE,FALSE,REGRA_TEMPORAL_CONFIRMADA,HOMOLOGADO,2025_1a_avaliacao_formativa_linha_base,2026-07-24_v1,2,Língua Portuguesa,TRUE,TRUE,TRUE,TRUE,TRUE,TRUE,TRUE,TRUE,TRUE,TRUE,Rede municipal direta em 2024,rede_municipal_direta_ou_nao_classificada,rede_municipal_direta,Municipal,Em atividade,FALSE,FALSE,333,15,20,22.2,16.65,21.62162162162162,10.66481994459834,1.8005540166204983,45.15235457063712,4,90,Q2,300 a 499 matrículas,TRUE,74,58,78.37837837837837,57.12068965517241,27.56896551724138,38.10344827586207,34.689655172413794,55,39,70.9090909090909,57.666666666666664,24.58974358974359,38.82051282051282,37.35897435897436,48.5,-7.469287469287465,0.5459770114942515,-2.9792219274977896,0.7170645446507464,2.669319186560564,-25.675675675675677,-32.758620689655174,Mudança relevante no número de estudantes previstos,3,3,TRUE,TRUE,TRUE,TRUE,0,-19,-19,TRUE,FALSE,FALSE,FALSE,FALSE,TRUE,FALSE,FALSE,EMEF VER MARTIM ARANHA,exata_normalizada,consolidado,,rede_municipal_direta_ou_nao_classificada,0,TRUE,FALSE,FALSE,FALSE,rede_municipal_direta,Rede municipal direta em 2024,codigo_inep_consolidado,2024,Censo Escolar/INEP via Base dos Dados,TRUE,3,,1,0,1,0,,,,300 a 499 matrículas,2,2024,RS,4314902,1,1,1,1,1,0,1,1,722,39,575,333,65,67,74,64,63,242,108,77,77,0,365,357,373,167,157,1,2,22,100,72,28,13,43,35,20,18,42,33,26,15,11,0,,20,0,0,1,1,1,1,1,1,0,1,1,1,1,1,0,1,1,1,0,1,0,1,1,1,1,1,1,,,351,3,2,1,1,1,0,6,TRUE,TRUE,TRUE,TRUE,TRUE,10,9,TRUE,TRUE,1,3,FALSE,FALSE,FALSE,FALSE,FALSE,FALSE,FALSE,Rede municipal direta em 2024,FALSE,,TRUE,FALSE,Rede municipal direta em 2024,FALSE,,TRUE,,sem_revisao_necessaria,,,,Rede municipal direta em 2024,TRUE,TRUE,TRUE,1a_avaliacao_formativa,1a_avaliacao_formativa,linha_base_pre_programa,pos_inicio_programa,regra temporal pre-programa registrada no painel,declaracao formal,,2026-07-24,regra temporal preexistente do projeto,Marian Dante - assessora UEF/SMED,5.808142489980444
ESC_051,43175120,TRUE,EMEF VILA MONTE CRISTO,EMEF VILA MONTE CRISTO,EMEF VILA MONTE CRISTO,graziela,graziela,SIM,SIM,NA_APLICAVEL,SIM,NAO,SIM,0,1,,graziela,SEM_CARGA_DO_PROGRAMA,ATIVA,LINHA_BASE_PRE_PROGRAMA,ASSESSORADA,TRUE,TRUE,FALSE,TRUE,FALSE,TRUE,FALSE,FALSE,REGRA_TEMPORAL_CONFIRMADA,HOMOLOGADO,2025_1a_avaliacao_formativa_linha_base,2026-07-24_v1,2,Língua Portuguesa,TRUE,TRUE,TRUE,TRUE,TRUE,TRUE,TRUE,TRUE,TRUE,TRUE,Rede municipal direta em 2024,rede_municipal_direta_ou_nao_classificada,rede_municipal_direta,Municipal,Em atividade,FALSE,FALSE,454,20,29,22.7,15.655172413793103,6.387665198237886,11.580882352941176,3.4926470588235294,30.514705882352946,4,70,Q1 — menor infraestrutura,300 a 499 matrículas,TRUE,87,68,78.16091954022988,56.48529411764706,29.352941176470587,30.794117647058822,39.60294117647059,83,77,92.7710843373494,46.76623376623377,39.532467532467535,33.935064935064936,26.532467532467532,72.5,14.61016479711951,-9.71906035141329,10.179526355996948,3.140947288006114,-13.070473644003055,-4.597701149425287,13.235294117647058,Aumento de participação igual ou superior a 10 p.p.,4,4,TRUE,TRUE,TRUE,TRUE,0,-4,9,TRUE,FALSE,FALSE,TRUE,FALSE,FALSE,FALSE,FALSE,EMEF VILA MONTE CRISTO,exata_normalizada,consolidado,,rede_municipal_direta_ou_nao_classificada,0,TRUE,FALSE,FALSE,FALSE,rede_municipal_direta,Rede municipal direta em 2024,codigo_inep_consolidado,2024,Censo Escolar/INEP via Base dos Dados,TRUE,3,,1,0,1,0,,,,300 a 499 matrículas,3,2024,RS,4314902,1,1,1,1,1,0,1,1,1088,48,845,454,89,87,89,86,103,391,195,126,126,0,509,579,711,158,171,1,3,44,89,29,60,38,63,52,29,29,61,50,38,20,18,0,,36,1,0,1,1,1,0,1,1,1,0,1,1,0,1,1,1,0,1,0,0,0,1,0,1,1,1,1,,,460,11,3,3,1,2,0,11,TRUE,TRUE,TRUE,TRUE,TRUE,10,7,TRUE,TRUE,1,3,FALSE,FALSE,FALSE,FALSE,FALSE,FALSE,FALSE,Rede municipal direta em 2024,FALSE,,TRUE,FALSE,Rede municipal direta em 2024,FALSE,,TRUE,,sem_revisao_necessaria,,,,Rede municipal direta em 2024,TRUE,TRUE,TRUE,1a_avaliacao_formativa,1a_avaliacao_formativa,linha_base_pre_programa,pos_inicio_programa,regra temporal pre-programa registrada no painel,declaracao formal,,2026-07-24,regra temporal preexistente do projeto,Marian Dante - assessora UEF/SMED,6.118097198041348
ESC_052,43173721,TRUE,EMEF WENCESLAU FONTOURA,EMEF WENCESLAU FONTOURA,EMEF WENCESLAU FONTOURA,eliane,eliane,SIM,SIM,NA_APLICAVEL,SIM,NAO,SIM,0,1,,eliane,SEM_CARGA_DO_PROGRAMA,ATIVA,LINHA_BASE_PRE_PROGRAMA,ASSESSORADA,TRUE,TRUE,FALSE,TRUE,FALSE,TRUE,FALSE,FALSE,REGRA_TEMPORAL_CONFIRMADA,HOMOLOGADO,2025_1a_avaliacao_formativa_linha_base,2026-07-24_v1,2,Língua Portuguesa,TRUE,TRUE,TRUE,TRUE,TRUE,TRUE,TRUE,TRUE,TRUE,TRUE,Rede municipal direta em 2024,rede_municipal_direta_ou_nao_classificada,rede_municipal_direta,Municipal,Em atividade,FALSE,FALSE,446,17,25,26.235294117647054,17.84,34.75336322869955,9.976525821596244,0.5868544600938967,38.14553990610329,3,90,Q2,300 a 499 matrículas,TRUE,106,82,77.35849056603773,53.829268292682926,34.30487804878049,29.341463414634145,36.35365853658536,97,91,93.81443298969072,63.68131868131868,19.054945054945055,33.637362637362635,47.30769230769231,86.5,16.455942423652985,9.852050388635751,-15.249932993835433,4.29589922272849,10.954033771106944,-8.49056603773585,10.975609756097562,Aumento de participação igual ou superior a 10 p.p.,4,4,TRUE,TRUE,TRUE,TRUE,0,-9,9,TRUE,FALSE,FALSE,TRUE,FALSE,FALSE,FALSE,FALSE,EMEF WENCESLAU FONTOURA,exata_normalizada,consolidado,,rede_municipal_direta_ou_nao_classificada,0,TRUE,FALSE,FALSE,FALSE,rede_municipal_direta,Rede municipal direta em 2024,codigo_inep_consolidado,2024,Censo Escolar/INEP via Base dos Dados,TRUE,3,,1,0,1,0,,,,300 a 499 matrículas,3,2024,RS,4314902,1,1,1,1,1,0,0,1,852,80,772,446,98,104,78,81,85,326,0,85,85,0,437,415,503,157,167,0,1,24,261,155,106,5,45,43,25,21,43,33,29,17,12,0,,27,1,0,1,1,1,1,1,1,0,0,1,1,1,1,1,1,1,0,1,0,0,1,1,1,1,1,1,,,400,0,3,2,2,1,0,5,TRUE,TRUE,TRUE,FALSE,TRUE,10,9,TRUE,TRUE,1,3,FALSE,FALSE,FALSE,FALSE,FALSE,FALSE,FALSE,Rede municipal direta em 2024,FALSE,,TRUE,FALSE,Rede municipal direta em 2024,FALSE,,TRUE,,sem_revisao_necessaria,,,,Rede municipal direta em 2024,TRUE,TRUE,TRUE,1a_avaliacao_formativa,1a_avaliacao_formativa,linha_base_pre_programa,pos_inicio_programa,regra temporal pre-programa registrada no painel,declaracao formal,,2026-07-24,regra temporal preexistente do projeto,Marian Dante - assessora UEF/SMED,6.100318952020064
ESC_053,43105246,TRUE,EMEM EMILIO MEYER,EMEM EMILIO MEYER,EMEM EMILIO MEYER,ruti,ruti,SIM,SIM,NA_APLICAVEL,SIM,NAO,SIM,0,1,,ruti,SEM_CARGA_DO_PROGRAMA,ATIVA,LINHA_BASE_PRE_PROGRAMA,ASSESSORADA,TRUE,TRUE,FALSE,TRUE,FALSE,TRUE,FALSE,FALSE,REGRA_TEMPORAL_CONFIRMADA,HOMOLOGADO,2025_1a_avaliacao_formativa_linha_base,2026-07-24_v1,2,Língua Portuguesa,TRUE,TRUE,TRUE,TRUE,TRUE,TRUE,TRUE,TRUE,TRUE,TRUE,Rede municipal direta em 2024,rede_municipal_direta_ou_nao_classificada,rede_municipal_direta,Municipal,Em atividade,FALSE,FALSE,377,18,27,20.944444444444443,13.962962962962964,0.7957559681697612,9.70873786407767,4.854368932038835,35.19417475728155,3,90,Q2,300 a 499 matrículas,TRUE,76,63,82.89473684210526,46.904761904761905,38.26984126984127,36.698412698412696,25.50793650793651,75,73,97.33333333333331,46.95890410958904,37.32876712328767,28.36986301369863,34.04109589041096,68,14.438596491228068,0.05414220482713716,-0.9410741465536034,-8.328549684714066,8.533159382474448,-1.3157894736842106,15.873015873015872,Aumento de participação igual ou superior a 10 p.p.,4,4,TRUE,TRUE,TRUE,TRUE,0,-1,10,TRUE,TRUE,FALSE,TRUE,FALSE,FALSE,FALSE,FALSE,EMEM EMILIO MEYER,exata_normalizada,consolidado,,rede_municipal_direta_ou_nao_classificada,0,TRUE,FALSE,FALSE,FALSE,rede_municipal_direta,Rede municipal direta em 2024,codigo_inep_consolidado,2024,Censo Escolar/INEP via Base dos Dados,TRUE,3,,1,0,1,0,,,,300 a 499 matrículas,2,2024,RS,4314902,1,1,1,1,1,1,0,1,824,102,533,377,81,75,80,71,70,156,0,80,80,0,445,379,487,166,123,0,1,47,3,3,0,40,66,40,27,16,66,43,26,18,8,0,,35,0,2,1,1,1,1,1,1,0,1,1,0,0,1,1,0,1,1,0,0,0,1,1,1,1,1,1,,,480,0,1,3,0,0,0,9,TRUE,TRUE,TRUE,FALSE,TRUE,10,9,TRUE,TRUE,1,3,FALSE,FALSE,FALSE,FALSE,FALSE,FALSE,FALSE,Rede municipal direta em 2024,FALSE,,TRUE,FALSE,Rede municipal direta em 2024,FALSE,,TRUE,,sem_revisao_necessaria,,,,Rede municipal direta em 2024,TRUE,TRUE,TRUE,1a_avaliacao_formativa,1a_avaliacao_formativa,linha_base_pre_programa,pos_inicio_programa,regra temporal pre-programa registrada no painel,declaracao formal,,2026-07-24,regra temporal preexistente do projeto,Marian Dante - assessora UEF/SMED,5.932245187448011
ESC_054,43106668,TRUE,ESC EST ENS FUN PROFESSORA LEOPOLDA BARNEWITZ,ESC EST ENS FUN PROFESSORA LEOPOLDA BARNEWITZ,ESC EST ENS FUN PROFESSORA LEOPOLDA BARNEWITZ,julia,julia,SIM,SIM,NA_APLICAVEL,SIM,NAO,SIM,0,1,,julia,SEM_CARGA_DO_PROGRAMA,ATIVA,LINHA_BASE_PRE_PROGRAMA,ASSESSORADA,TRUE,TRUE,FALSE,TRUE,FALSE,TRUE,FALSE,FALSE,REGRA_TEMPORAL_CONFIRMADA,HOMOLOGADO,2025_1a_avaliacao_formativa_linha_base,2026-07-24_v1,2,Língua Portuguesa,TRUE,TRUE,TRUE,TRUE,FALSE,FALSE,TRUE,FALSE,FALSE,TRUE,"Estadual em 2024, municipalizada posteriormente",municipalizada_apos_2024,rede_municipal_direta,Estadual,Em atividade,TRUE,FALSE,154,8,17,19.25,9.058823529411764,100,5.194805194805195,0,32.467532467532465,1,60,Q1 — menor infraestrutura,150 a 299 matrículas,TRUE,31,26,83.87096774193549,74.6923076923077,15.76923076923077,23.53846153846154,61.69230769230769,21,19,90.47619047619048,90,0,16,84,22.5,6.605222734254994,15.307692307692308,-15.76923076923077,-7.53846153846154,22.307692307692307,-32.25806451612903,-26.923076923076923,Mudança relevante no número de estudantes previstos,2,1,TRUE,TRUE,TRUE,TRUE,-1,-10,-7,TRUE,TRUE,FALSE,FALSE,FALSE,TRUE,FALSE,TRUE,ESC EST ENS FUN PROFESSORA LEOPOLDA BARNEWITZ,exata_normalizada,consolidado,,municipalizada_apos_2024,0,TRUE,FALSE,TRUE,FALSE,rede_municipal_direta,"Escola pertencente e em funcionamento normal na rede estadual durante 2024. Foi municipalizada em janeiro de 2025 e passou a operar como escola da rede municipal direta, em regime de tempo integral. Para o contexto pré-programa de 2024 deve permanecer classificada como estadual; para 2025 em diante deve ser tratada como municipalizada recentemente e integrante da rede municipal direta.",codigo_inep_consolidado,2024,Censo Escolar/INEP via Base dos Dados,TRUE,2,,1,0,1,0,,,,150 a 299 matrículas,1,2024,RS,4314902,1,0,1,1,0,0,0,1,154,0,154,154,44,23,24,28,35,0,0,8,8,0,79,75,101,22,28,0,0,3,154,154,0,0,17,17,17,0,16,8,8,8,0,8,,17,0,0,1,1,1,1,0,0,0,0,0,1,1,1,1,0,0,0,0,0,1,1,0,1,1,1,1,,,30,0,0,0,0,0,5,2,FALSE,TRUE,FALSE,FALSE,TRUE,10,6,FALSE,FALSE,1,2,FALSE,FALSE,FALSE,FALSE,FALSE,FALSE,FALSE,Situação administrativa a examinar,FALSE,,TRUE,FALSE,Rede estadual em 2024,TRUE,"Censo 2024 registra dependência estadual, mas o cadastro local classifica como rede municipal direta",TRUE,Dependência estadual no Censo 2024,confirmar_com_ressalva,municipalizada_apos_2024,rede_municipal_direta,"Escola pertencente e em funcionamento normal na rede estadual durante 2024. Foi municipalizada em janeiro de 2025 e passou a operar como escola da rede municipal direta, em regime de tempo integral. Para o contexto pré-programa de 2024 deve permanecer classificada como estadual; para 2025 em diante deve ser tratada como municipalizada recentemente e integrante da rede municipal direta.","Escola pertencente e em funcionamento normal na rede estadual durante 2024. Foi municipalizada em janeiro de 2025 e passou a operar como escola da rede municipal direta, em regime de tempo integral. Para o contexto pré-programa de 2024 deve permanecer classificada como estadual; para 2025 em diante deve ser tratada como municipalizada recentemente e integrante da rede municipal direta.",TRUE,TRUE,TRUE,1a_avaliacao_formativa,1a_avaliacao_formativa,linha_base_pre_programa,pos_inicio_programa,regra temporal pre-programa registrada no painel,declaracao formal,,2026-07-24,regra temporal preexistente do projeto,Marian Dante - assessora UEF/SMED,5.0369526024136295
ESC_055,43105300,TRUE,ESCOLA DE ENSINO FUNDAMENTAL MADRE RAFFO,7028 ESCOLA DE ENSINO FUNDAMENTAL MADRE RAFFO,ESCOLA DE ENSINO FUNDAMENTAL MADRE RAFFO,outras,outras,SIM,SIM,NA_APLICAVEL,NAO,NAO,NAO,0,0,,,SEM_CARGA_DO_PROGRAMA,ZERO_OU_TENDENTE_A_ZERO,LINHA_BASE_PRE_PROGRAMA,NAO_EXPOSTA_INELEGIVEL,TRUE,TRUE,FALSE,FALSE,FALSE,FALSE,FALSE,TRUE,REGRA_TEMPORAL_CONFIRMADA,HOMOLOGADO,2025_1a_avaliacao_formativa_linha_base,2026-07-24_v1,2,Língua Portuguesa,TRUE,TRUE,TRUE,TRUE,FALSE,TRUE,FALSE,FALSE,TRUE,FALSE,Privada conveniada ou supervisionada,privada_conveniada_sob_supervisao_municipal,fora_da_rede_municipal_direta,Privada,Em atividade,FALSE,TRUE,159,8,13,19.875,12.23076923076923,0,4.406779661016949,0,5.762711864406779,3,80,Q1 — menor infraestrutura,150 a 299 matrículas,TRUE,5,3,60,68,33,0,67,14,14,100,65,21,29,50,8.5,40,-3,-12,29,-17,180,366.6666666666667,Mudança relevante no público previsto e aumento de participação,1,1,TRUE,TRUE,TRUE,TRUE,0,9,11,FALSE,FALSE,FALSE,TRUE,FALSE,TRUE,TRUE,TRUE,ESCOLA DE ENSINO FUNDAMENTAL MADRE RAFFO,exata_normalizada,consolidado,,privada_conveniada_sob_supervisao_municipal,0,TRUE,FALSE,FALSE,FALSE,fora_da_rede_municipal_direta,"Escola da rede privada comunitária, vinculada ao grupo Horto de Ensino, conveniada com a Prefeitura de Porto Alegre para atendimento da demanda por vagas públicas. Não possui docentes cedidos pelo poder público, mas integra a supervisão programática da SMED e o acompanhamento dos resultados das avaliações municipais. Mantém parceria com a Prefeitura ao menos desde 2020, em situação semelhante à Pequena Casa da Criança e à Aldeia Lumiar. Deve ser classificada como instituição privada conveniada ou supervisionada, fora da rede municipal direta, mas incluída no universo municipal ampliado quando pertinente.",codigo_inep_consolidado,2024,Censo Escolar/INEP via Base dos Dados,TRUE,4,4,1,0,1,1,1,,,150 a 299 matrículas,1,2024,RS,4314902,,1,1,1,1,0,0,1,295,37,258,159,36,36,20,39,28,99,0,13,13,0,149,146,218,4,13,0,0,60,0,0,0,0,21,19,13,10,18,14,12,8,4,0,,9,9,5,1,1,1,1,1,1,0,0,1,1,1,1,0,1,1,1,1,0,0,1,1,1,0,0,1,,,0,0,1,0,1,1,1,2,TRUE,TRUE,TRUE,FALSE,TRUE,10,8,TRUE,TRUE,1,4,FALSE,FALSE,FALSE,FALSE,FALSE,FALSE,FALSE,Situação administrativa a examinar,FALSE,,TRUE,FALSE,Privada sem vínculo municipal classificado,TRUE,"Censo 2024 registra dependência privada, mas o cadastro local classifica como rede municipal direta",TRUE,Dependência privada no Censo 2024,corrigir,privada_conveniada_sob_supervisao_municipal,fora_da_rede_municipal_direta,"Escola da rede privada comunitária, vinculada ao grupo Horto de Ensino, conveniada com a Prefeitura de Porto Alegre para atendimento da demanda por vagas públicas. Não possui docentes cedidos pelo poder público, mas integra a supervisão programática da SMED e o acompanhamento dos resultados das avaliações municipais. Mantém parceria com a Prefeitura ao menos desde 2020, em situação semelhante à Pequena Casa da Criança e à Aldeia Lumiar. Deve ser classificada como instituição privada conveniada ou supervisionada, fora da rede municipal direta, mas incluída no universo municipal ampliado quando pertinente.","Escola da rede privada comunitária, vinculada ao grupo Horto de Ensino, conveniada com a Prefeitura de Porto Alegre para atendimento da demanda por vagas públicas. Não possui docentes cedidos pelo poder público, mas integra a supervisão programática da SMED e o acompanhamento dos resultados das avaliações municipais. Mantém parceria com a Prefeitura ao menos desde 2020, em situação semelhante à Pequena Casa da Criança e à Aldeia Lumiar. Deve ser classificada como instituição privada conveniada ou supervisionada, fora da rede municipal direta, mas incluída no universo municipal ampliado quando pertinente.",TRUE,TRUE,TRUE,1a_avaliacao_formativa,1a_avaliacao_formativa,linha_base_pre_programa,pos_inicio_programa,regra temporal pre-programa registrada no painel,declaracao formal,,2026-07-24,regra temporal preexistente do projeto,Marian Dante - assessora UEF/SMED,5.0689042022202315
ESC_056,43189768,TRUE,EEF ALDEIA LUMIAR,,EEF ALDEIA LUMIAR,,Sem vinculação informada,SIM,SIM,NA_APLICAVEL,NAO,NAO,NAO,0,0,,,SEM_CARGA_DO_PROGRAMA,ZERO_OU_TENDENTE_A_ZERO,LINHA_BASE_PRE_PROGRAMA,NAO_EXPOSTA_INELEGIVEL,TRUE,TRUE,FALSE,FALSE,FALSE,FALSE,FALSE,TRUE,REGRA_TEMPORAL_CONFIRMADA,HOMOLOGADO,2025_1a_avaliacao_formativa_linha_base,2026-07-24_v1,3,Língua Portuguesa,FALSE,FALSE,TRUE,FALSE,FALSE,FALSE,FALSE,FALSE,TRUE,FALSE,Filantrópica supervisionada,filantropica_sob_supervisao_municipal,fora_da_rede_municipal_direta,Privada,Em atividade,FALSE,TRUE,109,0,0,,,100,6.598984771573604,0,20.304568527918786,2,80,Q1 — menor infraestrutura,Até 149 matrículas,TRUE,23,17,73.91304347826087,77.23529411764706,6.117647058823529,23.764705882352946,70.58823529411765,,,,,,,,,,,,,,,,Escola-série ausente em um dos anos,3,,TRUE,FALSE,TRUE,FALSE,,,,,,,,,,TRUE,,6002 EEF ALDEIA LUMIAR,aceite_manual,consolidado,escola filantropica sob supervisao municipal,filantropica_sob_supervisao_municipal,0,TRUE,FALSE,FALSE,FALSE,fora_da_rede_municipal_direta,Instituição filantrópica supervisionada,codigo_inep_consolidado,2024,Censo Escolar/INEP via Base dos Dados,TRUE,4,4,1,0,1,1,1,,,Até 149 matrículas,1,2024,RS,4314902,,0,1,1,1,0,0,1,197,0,197,109,26,22,19,21,21,88,0,13,13,0,96,101,108,20,18,0,2,49,197,109,88,0,10,10,0,10,9,10,10,0,10,10,,6,0,0,1,1,1,1,1,1,0,0,0,1,0,1,1,0,0,0,0,0,0,1,1,1,1,1,1,,,0,0,0,0,0,0,0,2,FALSE,TRUE,TRUE,FALSE,TRUE,10,8,TRUE,FALSE,1,4,FALSE,FALSE,FALSE,FALSE,TRUE,TRUE,FALSE,Instituição filantrópica supervisionada,TRUE,"Matrículas positivas, mas nenhuma turma dos anos iniciais | Matrículas positivas, mas nenhum docente dos anos iniciais",TRUE,TRUE,Filantrópica supervisionada,FALSE,,FALSE,"Matrículas positivas, mas nenhuma turma dos anos iniciais | Matrículas positivas, mas nenhum docente dos anos iniciais",sem_revisao_necessaria,,,,Instituição filantrópica supervisionada,TRUE,FALSE,TRUE,1a_avaliacao_formativa,1a_avaliacao_formativa,linha_base_pre_programa,pos_inicio_programa,regra temporal pre-programa registrada no painel,declaracao formal,,2026-07-24,regra temporal preexistente do projeto,Marian Dante - assessora UEF/SMED,4.6913478822291435
ESC_001,43105416,TRUE,EEF PEQUENA CASA DA CRIANCA,6001 EEF PEQUENA CASA DA CRIANCA,EEF PEQUENA CASA DA CRIANCA,outras,outras,SIM,SIM,NA_APLICAVEL,NAO,NAO,NAO,0,0,,,SEM_CARGA_DO_PROGRAMA,ZERO_OU_TENDENTE_A_ZERO,LINHA_BASE_PRE_PROGRAMA,NAO_EXPOSTA_INELEGIVEL,TRUE,TRUE,FALSE,FALSE,FALSE,FALSE,FALSE,TRUE,REGRA_TEMPORAL_CONFIRMADA,HOMOLOGADO,2025_1a_avaliacao_formativa_linha_base,2026-07-24_v1,3,Língua Portuguesa,TRUE,TRUE,TRUE,TRUE,FALSE,TRUE,FALSE,FALSE,TRUE,FALSE,Privada conveniada ou supervisionada,privada_conveniada_sob_supervisao_municipal,fora_da_rede_municipal_direta,Privada,Em atividade,FALSE,TRUE,245,14,11,17.5,22.272727272727273,18.367346938775512,6.128133704735376,0,20.33426183844011,2,70,Q1 — menor infraestrutura,150 a 299 matrículas,TRUE,70,55,78.57142857142857,56.52727272727272,30.963636363636365,29.21818181818182,39.81818181818182,63,60,95.23809523809524,44.28333333333333,40.06666666666667,28.566666666666663,31.45,57.5,16.66666666666667,-12.243939393939392,9.103030303030303,-0.6515151515151523,-8.36818181818182,-10,9.090909090909092,Aumento de participação igual ou superior a 10 p.p.,4,4,TRUE,TRUE,TRUE,TRUE,0,-7,5,TRUE,FALSE,FALSE,TRUE,FALSE,FALSE,FALSE,FALSE,6001 EEF PEQUENA CASA DA CRIANCA,aceite_manual,consolidado,escola privada conveniada sob supervisao municipal,privada_conveniada_sob_supervisao_municipal,0,TRUE,FALSE,FALSE,FALSE,fora_da_rede_municipal_direta,Instituição privada conveniada ou supervisionada,codigo_inep_consolidado,2024,Censo Escolar/INEP via Base dos Dados,TRUE,4,4,1,0,1,1,1,,,150 a 299 matrículas,1,2024,RS,4314902,,1,1,1,0,0,0,1,359,114,245,245,44,48,69,43,41,0,0,22,22,0,165,194,92,36,37,0,0,194,45,45,0,0,19,11,11,0,15,22,14,14,0,3,,23,6,0,1,1,1,1,1,1,0,0,1,0,0,1,1,0,0,0,0,0,0,1,0,1,0,1,1,,,0,0,0,0,1,1,0,1,TRUE,TRUE,FALSE,FALSE,TRUE,10,7,TRUE,FALSE,1,4,FALSE,FALSE,FALSE,FALSE,FALSE,FALSE,FALSE,Instituição privada conveniada ou supervisionada,FALSE,,TRUE,TRUE,Privada conveniada ou supervisionada,FALSE,,TRUE,Dependência privada no Censo 2024,sem_revisao_necessaria,,,,Instituição privada conveniada ou supervisionada,TRUE,TRUE,TRUE,1a_avaliacao_formativa,1a_avaliacao_formativa,linha_base_pre_programa,pos_inicio_programa,regra temporal pre-programa registrada no painel,declaracao formal,,2026-07-24,regra temporal preexistente do projeto,Marian Dante - assessora UEF/SMED,5.501258210544727
ESC_002,43105505,TRUE,EMEB DR LIBERATO SALZANO VIEIRA DA CUNHA,EMEB DR LIBERATO SALZANO VIEIRA DA CUNHA,EMEB DR LIBERATO SALZANO VIEIRA DA CUNHA,clarissa,clarissa,SIM,SIM,NA_APLICAVEL,SIM,NAO,SIM,0,1,,clarissa,SEM_CARGA_DO_PROGRAMA,ATIVA,LINHA_BASE_PRE_PROGRAMA,ASSESSORADA,TRUE,TRUE,FALSE,TRUE,FALSE,TRUE,FALSE,FALSE,REGRA_TEMPORAL_CONFIRMADA,HOMOLOGADO,2025_1a_avaliacao_formativa_linha_base,2026-07-24_v1,3,Língua Portuguesa,TRUE,TRUE,TRUE,TRUE,TRUE,TRUE,TRUE,TRUE,TRUE,TRUE,Rede municipal direta em 2024,rede_municipal_direta_ou_nao_classificada,rede_municipal_direta,Municipal,Em atividade,FALSE,FALSE,465,21,33,22.142857142857142,14.090909090909092,0.21505376344086025,7.790262172284645,1.198501872659176,24.04494382022472,4,100,Q3,300 a 499 matrículas,TRUE,97,77,79.38144329896907,53.11688311688312,33.5974025974026,33.753246753246756,32.4025974025974,98,82,83.6734693877551,43.74390243902439,36.48780487804878,34.28048780487805,28.914634146341463,79.5,4.292026088786031,-9.372980677858727,2.890402280646178,0.5272410516312931,-3.487963256255938,1.0309278350515465,6.4935064935064934,Sem alerta principal de composição,4,4,TRUE,TRUE,TRUE,TRUE,0,1,5,TRUE,FALSE,FALSE,FALSE,FALSE,FALSE,FALSE,FALSE,EMEB DR LIBERATO SALZANO VIEIRA DA CUNHA,exata_normalizada,consolidado,,rede_municipal_direta_ou_nao_classificada,0,TRUE,FALSE,FALSE,FALSE,rede_municipal_direta,Rede municipal direta em 2024,codigo_inep_consolidado,2024,Censo Escolar/INEP via Base dos Dados,TRUE,3,,1,0,1,0,,,,300 a 499 matrículas,3,2024,RS,4314902,1,1,1,1,1,1,1,1,1335,118,840,465,83,90,103,81,108,375,146,104,104,0,730,605,829,193,127,0,1,185,1,1,0,16,82,53,33,24,77,56,35,21,14,0,,28,3,0,1,1,1,1,1,1,0,1,1,1,1,1,1,1,1,0,0,1,0,1,1,1,1,1,1,,,520,6,4,6,0,0,0,10,TRUE,TRUE,TRUE,TRUE,TRUE,10,10,TRUE,TRUE,1,3,FALSE,FALSE,FALSE,FALSE,FALSE,FALSE,FALSE,Rede municipal direta em 2024,FALSE,,TRUE,FALSE,Rede municipal direta em 2024,FALSE,,TRUE,,sem_revisao_necessaria,,,,Rede municipal direta em 2024,TRUE,TRUE,TRUE,1a_avaliacao_formativa,1a_avaliacao_formativa,linha_base_pre_programa,pos_inicio_programa,regra temporal pre-programa registrada no painel,declaracao formal,,2026-07-24,regra temporal preexistente do projeto,Marian Dante - assessora UEF/SMED,6.142037405587356
ESC_003,43105440,TRUE,EMEF AFONSO GUERREIRO LIMA,EMEF AFONSO GUERREIRO LIMA,EMEF AFONSO GUERREIRO LIMA,graziela,graziela,SIM,SIM,NA_APLICAVEL,SIM,NAO,SIM,0,1,,graziela,SEM_CARGA_DO_PROGRAMA,ATIVA,LINHA_BASE_PRE_PROGRAMA,ASSESSORADA,TRUE,TRUE,FALSE,TRUE,FALSE,TRUE,FALSE,FALSE,REGRA_TEMPORAL_CONFIRMADA,HOMOLOGADO,2025_1a_avaliacao_formativa_linha_base,2026-07-24_v1,3,Língua Portuguesa,TRUE,TRUE,TRUE,TRUE,TRUE,TRUE,TRUE,TRUE,TRUE,TRUE,Rede municipal direta em 2024,rede_municipal_direta_ou_nao_classificada,rede_municipal_direta,Municipal,Em atividade,FALSE,FALSE,517,22,27,23.5,19.14814814814815,15.667311411992262,7.41901776384535,5.851619644723093,33.751306165099265,4,90,Q2,500 matrículas ou mais,TRUE,121,97,80.16528925619835,53.28865979381443,34.75257731958763,29.938144329896907,34.91752577319588,120,94,78.33333333333333,56.702127659574465,23.48936170212766,31.606382978723403,44.712765957446805,95.5,-1.8319559228650208,3.4134678657600332,-11.26321561745997,1.6682386488264953,9.795240184250927,-0.8264462809917356,-3.0927835051546393,Sem alerta principal de composição,5,5,TRUE,TRUE,TRUE,TRUE,0,-1,-3,TRUE,FALSE,FALSE,FALSE,FALSE,FALSE,FALSE,FALSE,EMEF AFONSO GUERREIRO LIMA,exata_normalizada,consolidado,,rede_municipal_direta_ou_nao_classificada,0,TRUE,FALSE,FALSE,FALSE,rede_municipal_direta,Rede municipal direta em 2024,codigo_inep_consolidado,2024,Censo Escolar/INEP via Base dos Dados,TRUE,3,,1,0,1,0,,,,500 matrículas ou mais,4,2024,RS,4314902,1,1,1,1,1,0,1,1,957,19,866,517,92,100,147,91,87,349,72,71,71,0,476,481,514,153,169,0,1,120,100,81,19,56,49,42,27,18,48,40,35,22,13,0,,30,0,8,1,1,1,1,1,1,0,1,1,1,1,1,0,1,0,1,0,0,0,1,1,1,1,1,1,,,468,0,4,4,0,0,0,6,TRUE,TRUE,TRUE,TRUE,TRUE,10,9,TRUE,TRUE,1,3,FALSE,FALSE,FALSE,FALSE,FALSE,FALSE,FALSE,Rede municipal direta em 2024,FALSE,,TRUE,FALSE,Rede municipal direta em 2024,FALSE,,TRUE,,sem_revisao_necessaria,,,,Rede municipal direta em 2024,TRUE,TRUE,TRUE,1a_avaliacao_formativa,1a_avaliacao_formativa,linha_base_pre_programa,pos_inicio_programa,regra temporal pre-programa registrada no painel,declaracao formal,,2026-07-24,regra temporal preexistente do projeto,Marian Dante - assessora UEF/SMED,6.248042874508429
ESC_004,43105459,TRUE,EMEF AMERICA,EMEF AMERICA,EMEF AMERICA,nathalia,nathalia,SIM,SIM,NA_APLICAVEL,SIM,NAO,SIM,0,1,,nathalia,SEM_CARGA_DO_PROGRAMA,ATIVA,LINHA_BASE_PRE_PROGRAMA,ASSESSORADA,TRUE,TRUE,FALSE,TRUE,FALSE,TRUE,FALSE,FALSE,REGRA_TEMPORAL_CONFIRMADA,HOMOLOGADO,2025_1a_avaliacao_formativa_linha_base,2026-07-24_v1,3,Língua Portuguesa,TRUE,TRUE,TRUE,TRUE,TRUE,TRUE,TRUE,TRUE,TRUE,TRUE,Rede municipal direta em 2024,rede_municipal_direta_ou_nao_classificada,rede_municipal_direta,Municipal,Em atividade,FALSE,FALSE,261,10,18,26.1,14.5,0.3831417624521073,7.205240174672489,0,39.956331877729255,2,100,Q3,150 a 299 matrículas,TRUE,57,43,75.43859649122807,75.53488372093024,11.604651162790695,23.3953488372093,65,50,40,80,50.475,36.2,20.225,43.575,41.5,4.561403508771932,-25.059883720930237,24.595348837209308,-3.1703488372093,-21.424999999999997,-12.280701754385966,-6.976744186046512,Sem alerta principal de composição,2,2,TRUE,TRUE,TRUE,TRUE,0,-7,-3,TRUE,FALSE,FALSE,FALSE,FALSE,FALSE,FALSE,FALSE,EMEF AMERICA,exata_normalizada,consolidado,,rede_municipal_direta_ou_nao_classificada,0,TRUE,FALSE,FALSE,FALSE,rede_municipal_direta,Rede municipal direta em 2024,codigo_inep_consolidado,2024,Censo Escolar/INEP via Base dos Dados,TRUE,3,,1,0,1,0,,,,150 a 299 matrículas,2,2024,RS,4314902,1,0,1,1,1,0,0,1,458,0,458,261,47,52,52,58,52,197,0,33,33,0,220,238,247,115,67,1,1,27,1,1,0,0,32,32,18,19,32,19,19,10,9,0,,12,0,0,1,1,1,1,1,1,0,1,1,1,1,1,1,1,1,1,0,0,0,1,1,1,1,1,1,,,380,0,2,2,0,0,0,4,FALSE,TRUE,TRUE,FALSE,TRUE,10,10,TRUE,TRUE,1,3,FALSE,FALSE,FALSE,FALSE,FALSE,FALSE,FALSE,Rede municipal direta em 2024,FALSE,,TRUE,FALSE,Rede municipal direta em 2024,FALSE,,TRUE,,sem_revisao_necessaria,,,,Rede municipal direta em 2024,TRUE,TRUE,TRUE,1a_avaliacao_formativa,1a_avaliacao_formativa,linha_base_pre_programa,pos_inicio_programa,regra temporal pre-programa registrada no painel,declaracao formal,,2026-07-24,regra temporal preexistente do projeto,Marian Dante - assessora UEF/SMED,5.564520407322694
ESC_005,43105467,TRUE,EMEF ARAMY SILVA,EMEF ARAMY SILVA,EMEF ARAMY SILVA,priscila,priscila,SIM,SIM,NA_APLICAVEL,SIM,NAO,SIM,0,1,,priscila,SEM_CARGA_DO_PROGRAMA,ATIVA,LINHA_BASE_PRE_PROGRAMA,ASSESSORADA,TRUE,TRUE,FALSE,TRUE,FALSE,TRUE,FALSE,FALSE,REGRA_TEMPORAL_CONFIRMADA,HOMOLOGADO,2025_1a_avaliacao_formativa_linha_base,2026-07-24_v1,3,Língua Portuguesa,TRUE,TRUE,TRUE,TRUE,TRUE,TRUE,TRUE,TRUE,TRUE,TRUE,Rede municipal direta em 2024,rede_municipal_direta_ou_nao_classificada,rede_municipal_direta,Municipal,Em atividade,FALSE,FALSE,422,20,27,21.1,15.62962962962963,0,11.951219512195122,1.0975609756097562,18.29268292682927,3,100,Q3,300 a 499 matrículas,TRUE,90,65,72.22222222222223,40.01538461538462,55.43076923076923,16.753846153846155,27.815384615384616,99,79,79.79797979797979,52.58227848101266,29.253164556962027,28.063291139240505,42.620253164556956,72,7.575757575757564,12.56689386562804,-26.177604673807203,11.30944498539435,14.804868549172348,10,21.53846153846154,Sem alerta principal de composição,4,4,TRUE,TRUE,TRUE,TRUE,0,9,14,TRUE,FALSE,FALSE,FALSE,FALSE,FALSE,FALSE,FALSE,EMEF ARAMY SILVA,exata_normalizada,consolidado,,rede_municipal_direta_ou_nao_classificada,0,TRUE,FALSE,FALSE,FALSE,rede_municipal_direta,Rede municipal direta em 2024,codigo_inep_consolidado,2024,Censo Escolar/INEP via Base dos Dados,TRUE,3,,1,0,1,0,,,,300 a 499 matrículas,3,2024,RS,4314902,1,1,1,1,1,0,0,1,820,75,745,422,85,66,94,80,97,323,0,98,98,0,364,456,627,62,88,0,0,43,0,0,0,9,48,45,27,23,46,39,35,20,15,0,,20,0,0,1,1,1,1,1,1,0,1,1,1,1,1,1,1,1,1,0,0,0,1,1,1,1,1,1,,,525,0,3,4,0,0,0,6,TRUE,TRUE,TRUE,FALSE,TRUE,10,10,TRUE,TRUE,1,3,FALSE,FALSE,FALSE,FALSE,FALSE,FALSE,FALSE,Rede municipal direta em 2024,FALSE,,TRUE,FALSE,Rede municipal direta em 2024,FALSE,,TRUE,,sem_revisao_necessaria,,,,Rede municipal direta em 2024,TRUE,TRUE,TRUE,1a_avaliacao_formativa,1a_avaliacao_formativa,linha_base_pre_programa,pos_inicio_programa,regra temporal pre-programa registrada no painel,declaracao formal,,2026-07-24,regra temporal preexistente do projeto,Marian Dante - assessora UEF/SMED,6.045005314036012
ESC_006,43173713,TRUE,EMEF CAMPOS DO CRISTAL,EMEF CAMPOS DO CRISTAL,EMEF CAMPOS DO CRISTAL,andreia,andreia,SIM,SIM,NA_APLICAVEL,SIM,NAO,SIM,0,1,,andreia,SEM_CARGA_DO_PROGRAMA,ATIVA,LINHA_BASE_PRE_PROGRAMA,ASSESSORADA,TRUE,TRUE,FALSE,TRUE,FALSE,TRUE,FALSE,FALSE,REGRA_TEMPORAL_CONFIRMADA,HOMOLOGADO,2025_1a_avaliacao_formativa_linha_base,2026-07-24_v1,3,Língua Portuguesa,TRUE,TRUE,TRUE,TRUE,TRUE,TRUE,TRUE,TRUE,TRUE,TRUE,Rede municipal direta em 2024,rede_municipal_direta_ou_nao_classificada,rede_municipal_direta,Municipal,Em atividade,FALSE,FALSE,255,10,16,25.5,15.9375,34.90196078431372,12.266112266112266,1.0395010395010396,34.71933471933472,3,100,Q3,150 a 299 matrículas,TRUE,54,47,87.03703703703704,52.53191489361702,31.893617021276597,27.46808510638298,40.191489361702125,52,49,94.23076923076924,70.63265306122449,12.346938775510203,26.428571428571427,61.734693877551024,48,7.193732193732188,18.100738167607467,-19.54667824576639,-1.039513677811552,21.5432045158489,-3.703703703703704,4.25531914893617,Sem alerta principal de composição,2,2,TRUE,TRUE,TRUE,TRUE,0,-2,2,TRUE,TRUE,FALSE,FALSE,FALSE,FALSE,FALSE,FALSE,EMEF CAMPOS DO CRISTAL,exata_normalizada,consolidado,,rede_municipal_direta_ou_nao_classificada,0,TRUE,FALSE,FALSE,FALSE,rede_municipal_direta,Rede municipal direta em 2024,codigo_inep_consolidado,2024,Censo Escolar/INEP via Base dos Dados,TRUE,3,,1,0,1,0,,,,150 a 299 matrículas,2,2024,RS,4314902,1,1,1,1,1,0,0,1,481,54,427,255,45,53,55,52,50,172,0,59,59,0,242,239,269,81,84,0,2,45,153,89,64,5,29,28,16,15,28,21,18,10,8,0,,16,8,12,1,1,1,1,1,1,0,1,1,1,1,1,1,0,1,1,0,0,0,1,1,1,1,1,1,,,302,5,3,1,1,1,0,4,TRUE,TRUE,TRUE,FALSE,TRUE,10,10,TRUE,TRUE,1,3,FALSE,FALSE,FALSE,FALSE,FALSE,FALSE,FALSE,Rede municipal direta em 2024,FALSE,,TRUE,FALSE,Rede municipal direta em 2024,FALSE,,TRUE,,sem_revisao_necessaria,,,,Rede municipal direta em 2024,TRUE,TRUE,TRUE,1a_avaliacao_formativa,1a_avaliacao_formativa,linha_base_pre_programa,pos_inicio_programa,regra temporal pre-programa registrada no painel,declaracao formal,,2026-07-24,regra temporal preexistente do projeto,Marian Dante - assessora UEF/SMED,5.541263545158426
ESC_007,43187560,TRUE,EMEF CHAPEU DO SOL,EMEF CHAPEU DO SOL,EMEF CHAPEU DO SOL,ruti,ruti,SIM,SIM,NA_APLICAVEL,SIM,NAO,SIM,0,1,,ruti,SEM_CARGA_DO_PROGRAMA,ATIVA,LINHA_BASE_PRE_PROGRAMA,ASSESSORADA,TRUE,TRUE,FALSE,TRUE,FALSE,TRUE,FALSE,FALSE,REGRA_TEMPORAL_CONFIRMADA,HOMOLOGADO,2025_1a_avaliacao_formativa_linha_base,2026-07-24_v1,3,Língua Portuguesa,TRUE,TRUE,TRUE,TRUE,TRUE,TRUE,TRUE,TRUE,TRUE,TRUE,Rede municipal direta em 2024,rede_municipal_direta_ou_nao_classificada,rede_municipal_direta,Municipal,Em atividade,FALSE,FALSE,542,22,26,24.636363636363637,20.846153846153847,28.59778597785978,8.558558558558559,3.4234234234234235,27.74774774774775,4,100,Q3,500 matrículas ou mais,TRUE,130,102,78.46153846153847,41.11764705882353,50.02941176470589,23.705882352941178,26.441176470588236,119,109,91.5966386554622,25.431192660550455,63.99082568807339,21.94495412844037,13.880733944954128,105.5,13.13510019392372,-15.68645439827307,13.961413923367507,-1.7609282245008089,-12.560442525634109,-8.461538461538462,6.862745098039215,Aumento de participação igual ou superior a 10 p.p.,5,5,TRUE,TRUE,TRUE,TRUE,0,-11,7,TRUE,FALSE,FALSE,TRUE,FALSE,FALSE,FALSE,FALSE,EMEF CHAPEU DO SOL,exata_normalizada,consolidado,,rede_municipal_direta_ou_nao_classificada,0,TRUE,FALSE,FALSE,FALSE,rede_municipal_direta,Rede municipal direta em 2024,codigo_inep_consolidado,2024,Censo Escolar/INEP via Base dos Dados,TRUE,3,,1,0,1,0,,,,500 matrículas ou mais,4,2024,RS,4314902,1,1,1,1,1,0,1,1,1110,69,948,542,90,94,102,133,123,406,93,95,95,0,552,558,772,135,172,0,1,30,218,155,63,38,52,47,26,26,52,46,38,22,16,0,,21,0,10,1,1,1,1,1,1,0,1,1,1,1,1,1,0,0,1,0,0,0,1,1,1,1,1,1,,,400,0,1,2,0,0,0,5,TRUE,TRUE,TRUE,TRUE,TRUE,10,10,TRUE,TRUE,1,3,FALSE,FALSE,FALSE,FALSE,FALSE,FALSE,FALSE,Rede municipal direta em 2024,FALSE,,TRUE,FALSE,Rede municipal direta em 2024,FALSE,,TRUE,,sem_revisao_necessaria,,,,Rede municipal direta em 2024,TRUE,TRUE,TRUE,1a_avaliacao_formativa,1a_avaliacao_formativa,linha_base_pre_programa,pos_inicio_programa,regra temporal pre-programa registrada no painel,declaracao formal,,2026-07-24,regra temporal preexistente do projeto,Marian Dante - assessora UEF/SMED,6.295266001439646
ESC_008,43177581,TRUE,EMEF CHICO MENDES,EMEF CHICO MENDES,EMEF CHICO MENDES,eliane,eliane,SIM,SIM,NA_APLICAVEL,SIM,NAO,SIM,0,1,,eliane,SEM_CARGA_DO_PROGRAMA,ATIVA,LINHA_BASE_PRE_PROGRAMA,ASSESSORADA,TRUE,TRUE,FALSE,TRUE,FALSE,TRUE,FALSE,FALSE,REGRA_TEMPORAL_CONFIRMADA,HOMOLOGADO,2025_1a_avaliacao_formativa_linha_base,2026-07-24_v1,3,Língua Portuguesa,TRUE,TRUE,TRUE,TRUE,TRUE,TRUE,TRUE,TRUE,TRUE,TRUE,Rede municipal direta em 2024,rede_municipal_direta_ou_nao_classificada,rede_municipal_direta,Municipal,Em atividade,FALSE,FALSE,541,22,29,24.59090909090909,18.655172413793103,13.67837338262477,9.099181073703368,1.1828935395814375,34.303912647861694,3,100,Q3,500 matrículas ou mais,TRUE,99,63,63.63636363636363,63.857142857142854,19.07936507936508,33.523809523809526,47.63492063492063,100,77,77,45.01298701298701,37.935064935064936,34.72727272727273,27.350649350649352,70,13.363636363636369,-18.844155844155843,18.855699855699857,1.2034632034632011,-20.28427128427128,1.0101010101010102,22.22222222222222,Aumento de participação igual ou superior a 10 p.p.,4,4,TRUE,TRUE,TRUE,TRUE,0,1,14,FALSE,FALSE,FALSE,TRUE,FALSE,FALSE,FALSE,FALSE,EMEF CHICO MENDES,exata_normalizada,consolidado,,rede_municipal_direta_ou_nao_classificada,0,TRUE,FALSE,FALSE,FALSE,rede_municipal_direta,Rede municipal direta em 2024,codigo_inep_consolidado,2024,Censo Escolar/INEP via Base dos Dados,TRUE,3,,1,0,1,0,,,,500 matrículas ou mais,4,2024,RS,4314902,1,0,1,1,1,0,1,1,1099,0,994,541,96,80,125,132,108,453,105,100,100,0,499,600,385,186,188,0,3,337,122,74,48,13,66,61,29,39,64,47,42,22,20,0,,21,0,3,1,1,1,1,1,1,0,1,1,1,1,1,1,1,1,1,0,0,0,1,1,1,1,1,1,,,595,3,2,1,2,1,0,7,FALSE,TRUE,TRUE,TRUE,TRUE,10,10,TRUE,TRUE,1,3,FALSE,FALSE,FALSE,FALSE,FALSE,FALSE,FALSE,Rede municipal direta em 2024,FALSE,,TRUE,FALSE,Rede municipal direta em 2024,FALSE,,TRUE,,sem_revisao_necessaria,,,,Rede municipal direta em 2024,TRUE,TRUE,TRUE,1a_avaliacao_formativa,1a_avaliacao_formativa,linha_base_pre_programa,pos_inicio_programa,regra temporal pre-programa registrada no painel,declaracao formal,,2026-07-24,regra temporal preexistente do projeto,Marian Dante - assessora UEF/SMED,6.293419278846481
ESC_009,43105475,TRUE,EMEF DECIO MARTINS COSTA,EMEF DECIO MARTINS COSTA,EMEF DECIO MARTINS COSTA,nathalia,nathalia,SIM,SIM,NA_APLICAVEL,SIM,NAO,SIM,0,1,,nathalia,SEM_CARGA_DO_PROGRAMA,ATIVA,LINHA_BASE_PRE_PROGRAMA,ASSESSORADA,TRUE,TRUE,FALSE,TRUE,FALSE,TRUE,FALSE,FALSE,REGRA_TEMPORAL_CONFIRMADA,HOMOLOGADO,2025_1a_avaliacao_formativa_linha_base,2026-07-24_v1,3,Língua Portuguesa,TRUE,TRUE,TRUE,TRUE,TRUE,TRUE,TRUE,TRUE,TRUE,TRUE,Rede municipal direta em 2024,rede_municipal_direta_ou_nao_classificada,rede_municipal_direta,Municipal,Em atividade,FALSE,FALSE,511,21,35,24.333333333333332,14.6,9.001956947162427,6.335797254487856,1.0559662090813091,26.504751847940867,3,100,Q3,500 matrículas ou mais,TRUE,113,95,84.070796460177,61.8421052631579,28.32631578947369,23.021052631578947,48.642105263157895,93,81,87.09677419354838,47.32098765432099,39.32098765432099,26.123456790123456,35.06172839506173,88,3.0259777333713913,-14.52111760883691,10.994671864847302,3.102404158544509,-13.580376868096169,-17.699115044247787,-14.736842105263158,Sem alerta principal de composição,4,4,TRUE,TRUE,TRUE,TRUE,0,-20,-14,TRUE,TRUE,FALSE,FALSE,FALSE,FALSE,FALSE,FALSE,EMEF DECIO MARTINS COSTA,exata_normalizada,consolidado,,rede_municipal_direta_ou_nao_classificada,0,TRUE,FALSE,FALSE,FALSE,rede_municipal_direta,Rede municipal direta em 2024,codigo_inep_consolidado,2024,Censo Escolar/INEP via Base dos Dados,TRUE,3,,1,0,1,0,,,,500 matrículas ou mais,4,2024,RS,4314902,1,1,1,1,1,0,0,1,947,77,870,511,88,103,127,99,94,359,0,60,60,0,476,471,514,110,140,2,1,180,87,46,41,10,56,52,35,22,49,41,37,21,16,0,,20,0,4,1,1,1,1,1,1,1,1,1,1,1,1,1,1,0,0,0,0,1,1,1,1,1,1,1,,,490,0,3,1,0,0,0,5,TRUE,TRUE,TRUE,FALSE,TRUE,10,10,TRUE,FALSE,1,3,FALSE,FALSE,FALSE,FALSE,FALSE,FALSE,FALSE,Rede municipal direta em 2024,FALSE,,TRUE,FALSE,Rede municipal direta em 2024,FALSE,,TRUE,,sem_revisao_necessaria,,,,Rede municipal direta em 2024,TRUE,TRUE,TRUE,1a_avaliacao_formativa,1a_avaliacao_formativa,linha_base_pre_programa,pos_inicio_programa,regra temporal pre-programa registrada no painel,declaracao formal,,2026-07-24,regra temporal preexistente do projeto,Marian Dante - assessora UEF/SMED,6.236369590203704
ESC_010,43109128,TRUE,EMEF DEP MARCIRIO GOULART LOUREIRO,EMEF DEP MARCIRIO GOULART LOUREIRO,EMEF DEP MARCIRIO GOULART LOUREIRO,marian,marian,SIM,SIM,NA_APLICAVEL,SIM,NAO,SIM,0,1,,marian,SEM_CARGA_DO_PROGRAMA,ATIVA,LINHA_BASE_PRE_PROGRAMA,ASSESSORADA,TRUE,TRUE,FALSE,TRUE,FALSE,TRUE,FALSE,FALSE,REGRA_TEMPORAL_CONFIRMADA,HOMOLOGADO,2025_1a_avaliacao_formativa_linha_base,2026-07-24_v1,3,Língua Portuguesa,TRUE,TRUE,TRUE,TRUE,TRUE,TRUE,TRUE,TRUE,TRUE,TRUE,Rede municipal direta em 2024,rede_municipal_direta_ou_nao_classificada,rede_municipal_direta,Municipal,Em atividade,FALSE,FALSE,495,19,27,26.05263157894737,18.333333333333332,0.202020202020202,7.142857142857143,0.5175983436853002,35.40372670807454,3,100,Q3,300 a 499 matrículas,TRUE,106,74,69.81132075471699,42,43.270270270270274,33.75675675675676,23.2027027027027,104,90,86.53846153846153,33.111111111111114,54.74444444444445,24.466666666666665,20.788888888888888,82,16.727140783744545,-8.888888888888886,11.474174174174172,-9.290090090090091,-2.413813813813814,-1.8867924528301887,21.62162162162162,Aumento de participação igual ou superior a 10 p.p.,4,4,TRUE,TRUE,TRUE,TRUE,0,-2,16,FALSE,FALSE,FALSE,TRUE,FALSE,FALSE,FALSE,FALSE,EMEF DEP MARCIRIO GOULART LOUREIRO,exata_normalizada,consolidado,,rede_municipal_direta_ou_nao_classificada,0,TRUE,FALSE,FALSE,FALSE,rede_municipal_direta,Rede municipal direta em 2024,codigo_inep_consolidado,2024,Censo Escolar/INEP via Base dos Dados,TRUE,3,,1,0,1,0,,,,300 a 499 matrículas,4,2024,RS,4314902,1,0,1,1,1,0,1,1,966,0,850,495,96,104,103,106,86,355,116,69,69,0,446,520,443,175,167,0,0,181,2,1,1,5,52,46,27,22,52,39,32,19,13,0,,20,0,0,1,1,1,1,1,1,0,1,1,1,0,1,1,1,1,1,0,1,0,1,1,1,1,1,1,,,418,0,0,1,0,0,0,3,FALSE,TRUE,TRUE,TRUE,TRUE,10,10,TRUE,TRUE,1,3,FALSE,FALSE,FALSE,FALSE,FALSE,FALSE,FALSE,Rede municipal direta em 2024,FALSE,,TRUE,FALSE,Rede municipal direta em 2024,FALSE,,TRUE,,sem_revisao_necessaria,,,,Rede municipal direta em 2024,TRUE,TRUE,TRUE,1a_avaliacao_formativa,1a_avaliacao_formativa,linha_base_pre_programa,pos_inicio_programa,regra temporal pre-programa registrada no painel,declaracao formal,,2026-07-24,regra temporal preexistente do projeto,Marian Dante - assessora UEF/SMED,6.20455776256869
ESC_011,43109225,TRUE,EMEF DEP VICTOR ISSLER,EMEF DEP VICTOR ISSLER,EMEF DEP VICTOR ISSLER,clarissa,clarissa,SIM,SIM,NA_APLICAVEL,SIM,NAO,SIM,0,1,,clarissa,SEM_CARGA_DO_PROGRAMA,ATIVA,LINHA_BASE_PRE_PROGRAMA,ASSESSORADA,TRUE,TRUE,FALSE,TRUE,FALSE,TRUE,FALSE,FALSE,REGRA_TEMPORAL_CONFIRMADA,HOMOLOGADO,2025_1a_avaliacao_formativa_linha_base,2026-07-24_v1,3,Língua Portuguesa,TRUE,TRUE,TRUE,TRUE,TRUE,TRUE,TRUE,TRUE,TRUE,TRUE,Rede municipal direta em 2024,rede_municipal_direta_ou_nao_classificada,rede_municipal_direta,Municipal,Em atividade,FALSE,FALSE,581,23,37,25.26086956521739,15.702702702702704,1.8932874354561104,7.331136738056013,0.4942339373970346,35.667215815485996,3,100,Q3,500 matrículas ou mais,TRUE,157,133,84.71337579617834,55.50375939849624,32.21052631578947,28.661654135338345,39.12781954887218,163,147,90.1840490797546,47.83673469387755,35.51700680272109,27.761904761904763,36.70068027210884,140,5.470673283576261,-7.66702470461869,3.306480486931619,-0.8997493734335826,-2.4271392767633415,3.821656050955414,10.526315789473683,Sem alerta principal de composição,6,6,TRUE,TRUE,TRUE,TRUE,0,6,14,TRUE,TRUE,FALSE,FALSE,FALSE,FALSE,FALSE,FALSE,EMEF DEP VICTOR ISSLER,exata_normalizada,consolidado,,rede_municipal_direta_ou_nao_classificada,0,TRUE,FALSE,FALSE,FALSE,rede_municipal_direta,Rede municipal direta em 2024,codigo_inep_consolidado,2024,Censo Escolar/INEP via Base dos Dados,TRUE,3,,1,0,1,0,,,,500 matrículas ou mais,4,2024,RS,4314902,1,0,1,1,1,0,1,1,1214,0,1016,581,118,124,130,102,107,435,198,89,89,0,588,626,724,203,229,2,1,55,17,11,6,6,69,63,37,32,68,45,39,23,16,0,,22,7,3,1,1,1,1,1,1,0,1,1,1,1,1,1,1,1,1,0,0,0,1,1,1,1,1,1,,,410,0,4,3,0,0,0,8,FALSE,TRUE,TRUE,TRUE,TRUE,10,10,TRUE,TRUE,1,3,FALSE,FALSE,FALSE,FALSE,FALSE,FALSE,FALSE,Rede municipal direta em 2024,FALSE,,TRUE,FALSE,Rede municipal direta em 2024,FALSE,,TRUE,,sem_revisao_necessaria,,,,Rede municipal direta em 2024,TRUE,TRUE,TRUE,1a_avaliacao_formativa,1a_avaliacao_formativa,linha_base_pre_programa,pos_inicio_programa,regra temporal pre-programa registrada no painel,declaracao formal,,2026-07-24,regra temporal preexistente do projeto,Marian Dante - assessora UEF/SMED,6.364750756851911
ESC_012,43105483,TRUE,EMEF DOLORES ALCARAZ CALDAS,EMEF DOLORES ALCARAZ CALDAS,EMEF DOLORES ALCARAZ CALDAS,jalize,jalize,SIM,SIM,NA_APLICAVEL,SIM,NAO,SIM,0,1,,jalize,SEM_CARGA_DO_PROGRAMA,ATIVA,LINHA_BASE_PRE_PROGRAMA,ASSESSORADA,TRUE,TRUE,FALSE,TRUE,FALSE,TRUE,FALSE,FALSE,REGRA_TEMPORAL_CONFIRMADA,HOMOLOGADO,2025_1a_avaliacao_formativa_linha_base,2026-07-24_v1,3,Língua Portuguesa,TRUE,TRUE,TRUE,TRUE,TRUE,TRUE,TRUE,TRUE,TRUE,TRUE,Rede municipal direta em 2024,rede_municipal_direta_ou_nao_classificada,rede_municipal_direta,Municipal,Em atividade,FALSE,FALSE,677,27,31,25.074074074074073,21.838709677419356,20.236336779911372,6.896551724137931,3.8314176245210727,39.00383141762452,4,90,Q2,500 matrículas ou mais,TRUE,163,125,76.68711656441718,45.4,44.688,25.6,29.528,182,150,82.41758241758242,46.153333333333336,36.36666666666667,28.74,34.92,137.5,5.730465853165242,0.7533333333333374,-8.321333333333335,3.139999999999997,5.392000000000003,11.656441717791411,20,Sem alerta principal de composição,6,7,TRUE,TRUE,TRUE,TRUE,1,19,25,TRUE,FALSE,FALSE,FALSE,FALSE,FALSE,FALSE,FALSE,EMEF DOLORES ALCARAZ CALDAS,exata_normalizada,consolidado,,rede_municipal_direta_ou_nao_classificada,0,TRUE,FALSE,FALSE,FALSE,rede_municipal_direta,Rede municipal direta em 2024,codigo_inep_consolidado,2024,Censo Escolar/INEP via Base dos Dados,TRUE,3,,1,0,1,0,,,,500 matrículas ou mais,4,2024,RS,4314902,1,1,1,1,1,0,1,1,1305,78,1143,677,182,130,160,97,108,466,84,90,90,0,630,675,698,261,245,1,3,97,209,137,72,50,64,57,31,31,64,53,45,27,18,0,,25,7,7,1,1,1,1,1,1,0,1,1,1,1,1,0,1,1,1,1,0,0,1,1,1,1,1,1,,,120,0,3,2,1,2,0,8,TRUE,TRUE,TRUE,TRUE,TRUE,10,9,TRUE,TRUE,1,3,FALSE,FALSE,FALSE,FALSE,FALSE,FALSE,FALSE,Rede municipal direta em 2024,FALSE,,TRUE,FALSE,Rede municipal direta em 2024,FALSE,,TRUE,,sem_revisao_necessaria,,,,Rede municipal direta em 2024,TRUE,TRUE,TRUE,1a_avaliacao_formativa,1a_avaliacao_formativa,linha_base_pre_programa,pos_inicio_programa,regra temporal pre-programa registrada no painel,declaracao formal,,2026-07-24,regra temporal preexistente do projeto,Marian Dante - assessora UEF/SMED,6.517671272912275
ESC_013,43106331,TRUE,EMEF ESPIRITO SANTO,EMEF ESPIRITO SANTO,EMEF ESPIRITO SANTO,priscila,priscila,NAO,SIM,NA_APLICAVEL,SIM,NAO,SIM,0,1,,priscila,SEM_CARGA_DO_PROGRAMA,ATIVA,LINHA_BASE_PRE_PROGRAMA,ASSESSORADA,FALSE,TRUE,FALSE,TRUE,FALSE,TRUE,FALSE,FALSE,REGRA_TEMPORAL_CONFIRMADA,HOMOLOGADO,2025_1a_avaliacao_formativa_linha_base,2026-07-24_v1,3,Língua Portuguesa,FALSE,FALSE,TRUE,FALSE,FALSE,FALSE,FALSE,FALSE,FALSE,FALSE,Rede estadual em 2024,rede_municipal_direta_ou_nao_classificada,vinculo_estadual_em_2025_a_confirmar,Estadual,Em atividade,FALSE,FALSE,54,4,5,13.5,10.8,0,0,0,61.111111111111114,1,60,,,FALSE,,,,,,,,24,23,95.83333333333331,20,70,26,4,,,,,,,,,Escola-série ausente em um dos anos,,1,FALSE,TRUE,FALSE,TRUE,,,,,,,,,,,FALSE,ESC EST ENS FUN ESPIRITO SANTO,aceite_manual,consolidado,municipalização recente,rede_municipal_direta_ou_nao_classificada,0,TRUE,FALSE,TRUE,FALSE,vinculo_estadual_em_2025_a_confirmar,Escola estadual no Censo 2024; municipalização posterior a confirmar,codigo_inep_consolidado,2024,Censo Escolar/INEP via Base dos Dados,TRUE,2,,1,0,1,0,,,,Até 149 matrículas,1,2024,RS,4314902,1,0,1,1,0,0,0,0,54,0,54,54,16,13,14,11,0,0,0,0,0,0,26,28,14,19,14,0,0,7,0,0,0,0,5,5,5,0,0,4,4,4,0,0,,6,0,0,1,1,1,1,1,1,0,0,1,0,0,1,1,0,0,1,0,0,0,1,0,1,1,1,0,,,30,0,0,0,0,0,0,2,FALSE,TRUE,FALSE,FALSE,FALSE,10,6,TRUE,TRUE,1,2,FALSE,FALSE,FALSE,FALSE,FALSE,FALSE,FALSE,Escola estadual no Censo 2024; municipalização posterior a confirmar,FALSE,,TRUE,FALSE,Rede estadual em 2024,FALSE,,TRUE,Dependência estadual no Censo 2024,sem_revisao_necessaria,,,,Escola estadual no Censo 2024; municipalização posterior a confirmar,TRUE,TRUE,TRUE,1a_avaliacao_formativa,1a_avaliacao_formativa,linha_base_pre_programa,pos_inicio_programa,regra temporal pre-programa registrada no painel,declaracao formal,,2026-07-24,regra temporal preexistente do projeto,Marian Dante - assessora UEF/SMED,3.9889840465642745
ESC_014,43106382,TRUE,EMEF EVARISTO GONCALVES NETTO,EMEF EVARISTO GONCALVES NETTO,EMEF EVARISTO GONCALVES NETTO,jalize,jalize,NAO,SIM,NA_APLICAVEL,SIM,NAO,SIM,0,1,,jalize,SEM_CARGA_DO_PROGRAMA,ATIVA,LINHA_BASE_PRE_PROGRAMA,ASSESSORADA,FALSE,TRUE,FALSE,TRUE,FALSE,TRUE,FALSE,FALSE,REGRA_TEMPORAL_CONFIRMADA,HOMOLOGADO,2025_1a_avaliacao_formativa_linha_base,2026-07-24_v1,3,Língua Portuguesa,FALSE,FALSE,TRUE,FALSE,FALSE,FALSE,FALSE,FALSE,FALSE,FALSE,Rede estadual em 2024,rede_municipal_direta_ou_nao_classificada,vinculo_estadual_em_2025_a_confirmar,Estadual,Em atividade,FALSE,FALSE,100,5,7,20,14.285714285714286,0,1,0,33,1,70,,,FALSE,,,,,,,,25,17,68,18,76,18,6,,,,,,,,,Escola-série ausente em um dos anos,,1,FALSE,TRUE,FALSE,TRUE,,,,,,,,,,,TRUE,ESC EST ENS FUN EVARISTO GONCALVES NETTO,aceite_manual,consolidado,municipalização recente,rede_municipal_direta_ou_nao_classificada,0,TRUE,FALSE,TRUE,FALSE,vinculo_estadual_em_2025_a_confirmar,Escola estadual no Censo 2024; municipalização posterior a confirmar,codigo_inep_consolidado,2024,Censo Escolar/INEP via Base dos Dados,TRUE,2,,1,0,1,0,,,,Até 149 matrículas,1,2024,RS,4314902,1,0,1,1,0,0,0,1,100,0,100,100,19,23,24,17,17,0,0,1,1,0,49,51,42,20,13,0,0,25,0,0,0,0,7,7,7,0,2,5,5,5,0,0,,5,0,0,1,1,1,1,1,1,0,0,1,1,0,1,1,1,0,0,0,0,0,1,0,1,1,1,0,,,30,0,0,0,0,0,0,2,FALSE,TRUE,FALSE,FALSE,TRUE,10,7,TRUE,FALSE,1,2,FALSE,FALSE,FALSE,FALSE,FALSE,FALSE,FALSE,Escola estadual no Censo 2024; municipalização posterior a confirmar,FALSE,,TRUE,FALSE,Rede estadual em 2024,FALSE,,TRUE,Dependência estadual no Censo 2024,sem_revisao_necessaria,,,,Escola estadual no Censo 2024; municipalização posterior a confirmar,TRUE,TRUE,TRUE,1a_avaliacao_formativa,1a_avaliacao_formativa,linha_base_pre_programa,pos_inicio_programa,regra temporal pre-programa registrada no painel,declaracao formal,,2026-07-24,regra temporal preexistente do projeto,Marian Dante - assessora UEF/SMED,4.605170185988092
ESC_015,43109233,TRUE,EMEF GABRIEL OBINO,EMEF GABRIEL OBINO,EMEF GABRIEL OBINO,amanda,amanda,SIM,SIM,NA_APLICAVEL,SIM,NAO,SIM,0,1,,amanda,SEM_CARGA_DO_PROGRAMA,ATIVA,LINHA_BASE_PRE_PROGRAMA,ASSESSORADA,TRUE,TRUE,FALSE,TRUE,FALSE,TRUE,FALSE,FALSE,REGRA_TEMPORAL_CONFIRMADA,HOMOLOGADO,2025_1a_avaliacao_formativa_linha_base,2026-07-24_v1,3,Língua Portuguesa,TRUE,TRUE,TRUE,TRUE,TRUE,TRUE,TRUE,TRUE,TRUE,TRUE,Rede municipal direta em 2024,rede_municipal_direta_ou_nao_classificada,rede_municipal_direta,Municipal,Em atividade,FALSE,FALSE,255,13,22,19.615384615384617,11.590909090909092,0,5.743243243243243,3.2094594594594597,41.0472972972973,4,100,Q3,150 a 299 matrículas,TRUE,73,59,80.82191780821918,40.067796610169495,52.50847457627118,25.779661016949152,22.06779661016949,66,49,74.24242424242425,47.775510204081634,35.59183673469388,24.632653061224488,39.775510204081634,54,-6.579493565794934,7.707713593912139,-16.916637841577305,-1.1470079557246642,17.707713593912143,-9.58904109589041,-16.949152542372882,Sem alerta principal de composição,3,3,TRUE,TRUE,TRUE,TRUE,0,-7,-10,TRUE,FALSE,FALSE,FALSE,FALSE,FALSE,FALSE,FALSE,EMEF GABRIEL OBINO,exata_normalizada,consolidado,,rede_municipal_direta_ou_nao_classificada,0,TRUE,FALSE,FALSE,FALSE,rede_municipal_direta,Rede municipal direta em 2024,codigo_inep_consolidado,2024,Censo Escolar/INEP via Base dos Dados,TRUE,3,,1,0,1,0,,,,150 a 299 matrículas,2,2024,RS,4314902,1,1,1,1,1,0,1,1,592,82,463,255,53,48,51,56,47,208,47,34,34,0,289,303,319,110,131,1,2,29,0,0,0,19,42,38,22,21,38,32,24,13,11,0,,28,0,0,1,1,1,1,1,1,0,1,1,1,1,1,1,1,1,1,0,0,0,1,1,1,1,1,1,,,332,0,2,2,0,0,0,6,TRUE,TRUE,TRUE,TRUE,TRUE,10,10,TRUE,TRUE,1,3,FALSE,FALSE,FALSE,FALSE,FALSE,FALSE,FALSE,Rede municipal direta em 2024,FALSE,,TRUE,FALSE,Rede municipal direta em 2024,FALSE,,TRUE,,sem_revisao_necessaria,,,,Rede municipal direta em 2024,TRUE,TRUE,TRUE,1a_avaliacao_formativa,1a_avaliacao_formativa,linha_base_pre_programa,pos_inicio_programa,regra temporal pre-programa registrada no painel,declaracao formal,,2026-07-24,regra temporal preexistente do projeto,Marian Dante - assessora UEF/SMED,5.541263545158426
ESC_016,43107508,TRUE,EMEF GOV ILDO MENEGHETTI,EMEF GOV ILDO MENEGHETTI,EMEF GOV ILDO MENEGHETTI,clarissa,clarissa,SIM,SIM,NA_APLICAVEL,SIM,NAO,SIM,0,1,,clarissa,SEM_CARGA_DO_PROGRAMA,ATIVA,LINHA_BASE_PRE_PROGRAMA,ASSESSORADA,TRUE,TRUE,FALSE,TRUE,FALSE,TRUE,FALSE,FALSE,REGRA_TEMPORAL_CONFIRMADA,HOMOLOGADO,2025_1a_avaliacao_formativa_linha_base,2026-07-24_v1,3,Língua Portuguesa,TRUE,TRUE,TRUE,TRUE,TRUE,TRUE,TRUE,TRUE,TRUE,TRUE,Rede municipal direta em 2024,rede_municipal_direta_ou_nao_classificada,rede_municipal_direta,Municipal,Em atividade,FALSE,FALSE,585,24,28,24.375,20.892857142857142,8.376068376068377,8.389830508474576,0.2542372881355932,38.47457627118644,4,90,Q2,500 matrículas ou mais,TRUE,128,90,70.3125,44.98888888888889,42.37777777777778,32.17777777777778,25.444444444444443,124,102,82.25806451612904,47.01960784313726,34.1078431372549,30.941176470588236,35.14705882352941,96,11.94556451612904,2.0307189542483712,-8.269934640522877,-1.2366013071895416,9.70261437908497,-3.125,13.333333333333334,Aumento de participação igual ou superior a 10 p.p.,5,5,TRUE,TRUE,TRUE,TRUE,0,-4,12,TRUE,FALSE,FALSE,TRUE,FALSE,FALSE,FALSE,FALSE,EMEF GOV ILDO MENEGHETTI,exata_normalizada,consolidado,,rede_municipal_direta_ou_nao_classificada,0,TRUE,FALSE,FALSE,FALSE,rede_municipal_direta,Rede municipal direta em 2024,codigo_inep_consolidado,2024,Censo Escolar/INEP via Base dos Dados,TRUE,3,,1,0,1,0,,,,500 matrículas ou mais,4,2024,RS,4314902,1,1,1,1,1,0,1,1,1180,34,994,585,109,125,105,124,122,409,152,99,99,0,619,561,703,241,211,4,2,19,49,49,0,3,59,49,28,25,54,48,41,24,17,0,,25,0,12,1,1,1,1,1,1,1,1,1,1,1,1,0,1,1,1,0,0,0,1,1,1,1,1,1,,,450,0,4,2,0,0,0,5,TRUE,TRUE,TRUE,TRUE,TRUE,10,9,TRUE,TRUE,1,3,FALSE,FALSE,FALSE,FALSE,FALSE,FALSE,FALSE,Rede municipal direta em 2024,FALSE,,TRUE,FALSE,Rede municipal direta em 2024,FALSE,,TRUE,,sem_revisao_necessaria,,,,Rede municipal direta em 2024,TRUE,TRUE,TRUE,1a_avaliacao_formativa,1a_avaliacao_formativa,linha_base_pre_programa,pos_inicio_programa,regra temporal pre-programa registrada no painel,declaracao formal,,2026-07-24,regra temporal preexistente do projeto,Marian Dante - assessora UEF/SMED,6.371611847231857
ESC_017,43108571,TRUE,EMEF GRANDE ORIENTE DO RGS,EMEF GRANDE ORIENTE DO RGS,EMEF GRANDE ORIENTE DO RGS,andreia,andreia,SIM,SIM,NA_APLICAVEL,SIM,NAO,SIM,0,1,,andreia,SEM_CARGA_DO_PROGRAMA,ATIVA,LINHA_BASE_PRE_PROGRAMA,ASSESSORADA,TRUE,TRUE,FALSE,TRUE,FALSE,TRUE,FALSE,FALSE,REGRA_TEMPORAL_CONFIRMADA,HOMOLOGADO,2025_1a_avaliacao_formativa_linha_base,2026-07-24_v1,3,Língua Portuguesa,TRUE,TRUE,TRUE,TRUE,TRUE,TRUE,TRUE,TRUE,TRUE,TRUE,Rede municipal direta em 2024,rede_municipal_direta_ou_nao_classificada,rede_municipal_direta,Municipal,Em atividade,FALSE,FALSE,470,20,25,23.5,18.8,24.46808510638298,7.762096774193548,0.907258064516129,42.54032258064516,4,80,Q1 — menor infraestrutura,300 a 499 matrículas,TRUE,106,71,66.98113207547169,34.971830985915496,52.15492957746479,30.887323943661972,17,106,84,79.24528301886792,43.095238095238095,41.333333333333336,26.857142857142858,32.54761904761905,77.5,12.264150943396231,8.1234071093226,-10.821596244131456,-4.030181086519114,15.547619047619053,0,18.309859154929576,Aumento de participação igual ou superior a 10 p.p.,4,4,TRUE,TRUE,TRUE,TRUE,0,0,13,FALSE,FALSE,FALSE,TRUE,FALSE,FALSE,FALSE,FALSE,EMEF GRANDE ORIENTE DO RGS,exata_normalizada,consolidado,,rede_municipal_direta_ou_nao_classificada,0,TRUE,FALSE,FALSE,FALSE,rede_municipal_direta,Rede municipal direta em 2024,codigo_inep_consolidado,2024,Censo Escolar/INEP via Base dos Dados,TRUE,3,,1,0,1,0,,,,300 a 499 matrículas,3,2024,RS,4314902,1,1,1,1,1,0,1,1,992,49,780,470,95,86,99,87,103,310,163,77,77,0,508,484,487,221,197,2,4,81,197,115,82,9,57,44,25,25,54,44,34,20,14,0,,28,0,0,1,1,1,1,1,1,0,1,1,1,1,1,0,1,1,1,0,0,0,1,0,1,1,1,1,,,366,0,1,2,0,0,0,4,TRUE,TRUE,TRUE,TRUE,TRUE,10,8,TRUE,TRUE,1,3,FALSE,FALSE,FALSE,FALSE,FALSE,FALSE,FALSE,Rede municipal direta em 2024,FALSE,,TRUE,FALSE,Rede municipal direta em 2024,FALSE,,TRUE,,sem_revisao_necessaria,,,,Rede municipal direta em 2024,TRUE,TRUE,TRUE,1a_avaliacao_formativa,1a_avaliacao_formativa,linha_base_pre_programa,pos_inicio_programa,regra temporal pre-programa registrada no painel,declaracao formal,,2026-07-24,regra temporal preexistente do projeto,Marian Dante - assessora UEF/SMED,6.152732694704104
ESC_018,43105548,TRUE,EMEF HEITOR VILLA LOBOS,EMEF HEITOR VILLA LOBOS,EMEF HEITOR VILLA LOBOS,jalize,jalize,SIM,SIM,NA_APLICAVEL,SIM,NAO,SIM,0,1,,jalize,SEM_CARGA_DO_PROGRAMA,ATIVA,LINHA_BASE_PRE_PROGRAMA,ASSESSORADA,TRUE,TRUE,FALSE,TRUE,FALSE,TRUE,FALSE,FALSE,REGRA_TEMPORAL_CONFIRMADA,HOMOLOGADO,2025_1a_avaliacao_formativa_linha_base,2026-07-24_v1,3,Língua Portuguesa,TRUE,TRUE,TRUE,TRUE,TRUE,TRUE,TRUE,TRUE,TRUE,TRUE,Rede municipal direta em 2024,rede_municipal_direta_ou_nao_classificada,rede_municipal_direta,Municipal,Em atividade,FALSE,FALSE,501,19,24,26.36842105263158,20.875,5.788423153692615,7.265388496468214,11.301715438950556,39.05146316851665,3,100,Q3,500 matrículas ou mais,TRUE,105,83,79.04761904761905,19.518072289156628,72.53012048192771,19.228915662650603,8.46987951807229,109,95,87.1559633027523,31.778947368421058,59.32631578947368,19.105263157894736,21.57894736842105,89,8.108344255133247,12.260875079264428,-13.203804692454028,-0.1236525047558672,13.109067850348762,3.8095238095238098,14.457831325301203,Sem alerta principal de composição,4,4,TRUE,TRUE,TRUE,TRUE,0,4,12,TRUE,FALSE,FALSE,FALSE,FALSE,FALSE,FALSE,FALSE,EMEF HEITOR VILLA LOBOS,exata_normalizada,consolidado,,rede_municipal_direta_ou_nao_classificada,0,TRUE,FALSE,FALSE,FALSE,rede_municipal_direta,Rede municipal direta em 2024,codigo_inep_consolidado,2024,Censo Escolar/INEP via Base dos Dados,TRUE,3,,1,0,1,0,,,,500 matrículas ou mais,4,2024,RS,4314902,1,0,1,1,1,0,1,1,991,0,861,501,96,98,116,107,84,360,130,72,72,0,477,514,552,174,210,1,3,51,50,29,21,112,47,41,24,22,46,37,32,19,13,0,,20,3,1,1,1,1,1,1,1,0,1,1,1,1,1,1,1,1,1,0,0,0,1,1,1,1,1,1,,,527,0,2,3,0,0,0,7,FALSE,TRUE,TRUE,TRUE,TRUE,10,10,TRUE,TRUE,1,3,FALSE,FALSE,FALSE,FALSE,FALSE,FALSE,FALSE,Rede municipal direta em 2024,FALSE,,TRUE,FALSE,Rede municipal direta em 2024,FALSE,,TRUE,,sem_revisao_necessaria,,,,Rede municipal direta em 2024,TRUE,TRUE,TRUE,1a_avaliacao_formativa,1a_avaliacao_formativa,linha_base_pre_programa,pos_inicio_programa,regra temporal pre-programa registrada no painel,declaracao formal,,2026-07-24,regra temporal preexistente do projeto,Marian Dante - assessora UEF/SMED,6.2166061010848646
ESC_019,43172474,TRUE,EMEF JEAN PIAGET,EMEF JEAN PIAGET,EMEF JEAN PIAGET,clarissa,clarissa,SIM,SIM,NA_APLICAVEL,SIM,NAO,SIM,0,1,,clarissa,SEM_CARGA_DO_PROGRAMA,ATIVA,LINHA_BASE_PRE_PROGRAMA,ASSESSORADA,TRUE,TRUE,FALSE,TRUE,FALSE,TRUE,FALSE,FALSE,REGRA_TEMPORAL_CONFIRMADA,HOMOLOGADO,2025_1a_avaliacao_formativa_linha_base,2026-07-24_v1,3,Língua Portuguesa,TRUE,TRUE,TRUE,TRUE,TRUE,TRUE,TRUE,TRUE,TRUE,TRUE,Rede municipal direta em 2024,rede_municipal_direta_ou_nao_classificada,rede_municipal_direta,Municipal,Em atividade,FALSE,FALSE,379,16,26,23.6875,14.576923076923077,0,8.375634517766498,1.1421319796954317,30.96446700507614,4,100,Q3,300 a 499 matrículas,TRUE,77,54,70.12987012987013,62.22222222222222,16.555555555555557,40.81481481481482,42.629629629629626,79,65,82.27848101265823,51.92307692307692,33.738461538461536,23.661538461538463,42.92307692307692,59.5,12.148610882788104,-10.299145299145302,17.18290598290598,-17.153276353276354,0.2934472934472936,2.5974025974025974,20.37037037037037,Aumento de participação igual ou superior a 10 p.p.,3,3,TRUE,TRUE,TRUE,TRUE,0,2,11,TRUE,FALSE,FALSE,TRUE,FALSE,FALSE,FALSE,FALSE,EMEF JEAN PIAGET,exata_normalizada,consolidado,,rede_municipal_direta_ou_nao_classificada,0,TRUE,FALSE,FALSE,FALSE,rede_municipal_direta,Rede municipal direta em 2024,codigo_inep_consolidado,2024,Censo Escolar/INEP via Base dos Dados,TRUE,3,,1,0,1,0,,,,300 a 499 matrículas,3,2024,RS,4314902,1,1,1,1,1,0,1,1,788,58,675,379,69,67,92,84,67,296,55,66,66,0,393,395,515,132,111,4,1,25,0,0,0,9,55,48,26,25,53,36,29,16,13,0,,16,0,0,1,1,1,1,1,1,0,1,1,1,0,1,1,1,0,1,0,0,0,1,1,1,1,1,1,,,345,0,4,1,1,1,0,6,TRUE,TRUE,TRUE,TRUE,TRUE,10,10,TRUE,TRUE,1,3,FALSE,FALSE,FALSE,FALSE,FALSE,FALSE,FALSE,Rede municipal direta em 2024,FALSE,,TRUE,FALSE,Rede municipal direta em 2024,FALSE,,TRUE,,sem_revisao_necessaria,,,,Rede municipal direta em 2024,TRUE,TRUE,TRUE,1a_avaliacao_formativa,1a_avaliacao_formativa,linha_base_pre_programa,pos_inicio_programa,regra temporal pre-programa registrada no painel,declaracao formal,,2026-07-24,regra temporal preexistente do projeto,Marian Dante - assessora UEF/SMED,5.937536205082426
ESC_020,43109217,TRUE,EMEF JOAO ANTONIO SATTE,EMEF JOAO ANTONIO SATTE,EMEF JOAO ANTONIO SATTE,eliane,eliane,SIM,SIM,NA_APLICAVEL,SIM,NAO,SIM,0,1,,eliane,SEM_CARGA_DO_PROGRAMA,ATIVA,LINHA_BASE_PRE_PROGRAMA,ASSESSORADA,TRUE,TRUE,FALSE,TRUE,FALSE,TRUE,FALSE,FALSE,REGRA_TEMPORAL_CONFIRMADA,HOMOLOGADO,2025_1a_avaliacao_formativa_linha_base,2026-07-24_v1,3,Língua Portuguesa,TRUE,TRUE,TRUE,TRUE,TRUE,TRUE,TRUE,TRUE,TRUE,TRUE,Rede municipal direta em 2024,rede_municipal_direta_ou_nao_classificada,rede_municipal_direta,Municipal,Em atividade,FALSE,FALSE,417,20,31,20.85,13.451612903225806,0,7.159353348729792,4.041570438799076,34.75750577367206,3,90,Q2,300 a 499 matrículas,TRUE,95,67,70.52631578947368,60.44776119402985,28.41791044776119,24,47.82089552238806,61,53,86.88524590163935,64.90566037735849,22.58490566037736,11.660377358490566,65.75471698113208,60,16.358930112165666,4.457899183328635,-5.833004787383835,-12.339622641509434,17.93382145874402,-35.78947368421053,-20.895522388059703,Mudança relevante no público previsto e aumento de participação,4,3,TRUE,TRUE,TRUE,TRUE,-1,-34,-14,TRUE,FALSE,FALSE,TRUE,FALSE,TRUE,FALSE,FALSE,EMEF JOAO ANTONIO SATTE,exata_normalizada,consolidado,,rede_municipal_direta_ou_nao_classificada,0,TRUE,FALSE,FALSE,FALSE,rede_municipal_direta,Rede municipal direta em 2024,codigo_inep_consolidado,2024,Censo Escolar/INEP via Base dos Dados,TRUE,3,,1,0,1,0,,,,300 a 499 matrículas,3,2024,RS,4314902,1,0,1,1,1,0,1,1,866,0,788,417,57,63,116,92,89,371,78,62,62,0,403,463,528,150,148,4,3,33,0,0,0,35,58,49,31,25,53,38,34,20,14,0,,21,0,1,1,1,1,1,1,1,1,1,0,1,1,1,1,1,1,0,0,0,0,1,1,1,1,1,1,,,521,0,3,3,0,0,0,7,FALSE,TRUE,TRUE,TRUE,TRUE,10,9,TRUE,TRUE,1,3,FALSE,FALSE,FALSE,FALSE,FALSE,FALSE,FALSE,Rede municipal direta em 2024,FALSE,,TRUE,FALSE,Rede municipal direta em 2024,FALSE,,TRUE,,sem_revisao_necessaria,,,,Rede municipal direta em 2024,TRUE,TRUE,TRUE,1a_avaliacao_formativa,1a_avaliacao_formativa,linha_base_pre_programa,pos_inicio_programa,regra temporal pre-programa registrada no painel,declaracao formal,,2026-07-24,regra temporal preexistente do projeto,Marian Dante - assessora UEF/SMED,6.0330862217988015
ESC_021,43219543,TRUE,EMEF JOAO CARLOS DAVILA PAIXAO CORTES - LACADOR,EMEF JOAO CARLOS DAVILA PAIXAO CORTES - LACADOR,EMEF JOAO CARLOS DAVILA PAIXAO CORTES LACADOR,julia,julia,SIM,SIM,NA_APLICAVEL,SIM,NAO,SIM,0,1,,julia,SEM_CARGA_DO_PROGRAMA,ATIVA,LINHA_BASE_PRE_PROGRAMA,ASSESSORADA,TRUE,TRUE,FALSE,TRUE,FALSE,TRUE,FALSE,FALSE,REGRA_TEMPORAL_CONFIRMADA,HOMOLOGADO,2025_1a_avaliacao_formativa_linha_base,2026-07-24_v1,3,Língua Portuguesa,TRUE,TRUE,TRUE,TRUE,TRUE,TRUE,TRUE,TRUE,TRUE,TRUE,Rede municipal direta em 2024,rede_municipal_direta,rede_municipal_direta,Municipal,Em atividade,FALSE,FALSE,70,4,11,17.5,6.363636363636363,0,9.090909090909092,0,24.545454545454547,2,80,Q1 — menor infraestrutura,Até 149 matrículas,TRUE,23,19,82.6086956521739,86,0,32,68,24,22,91.66666666666669,77,0,33,67,20.5,9.057971014492765,-9,0,1,-1,4.3478260869565215,15.789473684210526,Baixo número de avaliados em pelo menos um ano,1,1,TRUE,TRUE,TRUE,TRUE,0,1,3,TRUE,TRUE,FALSE,FALSE,FALSE,FALSE,TRUE,FALSE,EMEF JOAO CARLOS DAVILA PAIXAO CORTES - LACADOR,aceite_manual,consolidado,escola nova,rede_municipal_direta,0,TRUE,FALSE,FALSE,TRUE,rede_municipal_direta,"Escola municipal inaugurada para o ano letivo de 2024, instalada em prédio anteriormente utilizado pela extinta Escola Estadual Dr. João Batista de Lacerda. Desde a inauguração integra a rede municipal direta. Opera em turno integral, com ensino bilíngue em inglês e modelo cívico-militar com monitoria da Brigada Militar. A condição de escola nova refere-se à inauguração em 2024, não à ausência ou ao funcionamento incerto no contexto pré-programa.",codigo_inep_consolidado,2024,Censo Escolar/INEP via Base dos Dados,TRUE,3,,1,0,1,0,,,,Até 149 matrículas,1,2024,RS,4314902,1,1,1,1,0,0,0,1,110,40,70,70,25,23,22,0,0,0,0,10,10,0,48,62,80,12,15,0,0,3,0,0,0,0,14,11,11,0,14,6,4,4,0,0,,12,0,2,1,1,1,1,1,1,0,1,1,1,0,1,1,1,1,1,1,0,0,1,0,1,1,1,0,,,102,0,0,1,0,0,0,5,TRUE,TRUE,FALSE,FALSE,TRUE,10,8,TRUE,TRUE,1,3,FALSE,FALSE,FALSE,FALSE,FALSE,FALSE,FALSE,Rede municipal direta em 2024,FALSE,,TRUE,FALSE,Rede municipal direta em 2024,TRUE,Censo 2024 registra escola municipal em atividade; a hipótese de escola nova precisa ser reinterpretada,TRUE,,corrigir,rede_municipal_direta,rede_municipal_direta,"Escola municipal inaugurada para o ano letivo de 2024, instalada em prédio anteriormente utilizado pela extinta Escola Estadual Dr. João Batista de Lacerda. Desde a inauguração integra a rede municipal direta. Opera em turno integral, com ensino bilíngue em inglês e modelo cívico-militar com monitoria da Brigada Militar. A condição de escola nova refere-se à inauguração em 2024, não à ausência ou ao funcionamento incerto no contexto pré-programa.","Escola municipal inaugurada para o ano letivo de 2024, instalada em prédio anteriormente utilizado pela extinta Escola Estadual Dr. João Batista de Lacerda. Desde a inauguração integra a rede municipal direta. Opera em turno integral, com ensino bilíngue em inglês e modelo cívico-militar com monitoria da Brigada Militar. A condição de escola nova refere-se à inauguração em 2024, não à ausência ou ao funcionamento incerto no contexto pré-programa.",TRUE,TRUE,TRUE,1a_avaliacao_formativa,1a_avaliacao_formativa,linha_base_pre_programa,pos_inicio_programa,regra temporal pre-programa registrada no painel,declaracao formal,,2026-07-24,regra temporal preexistente do projeto,Marian Dante - assessora UEF/SMED,4.248495242049359
ESC_022,43105491,TRUE,EMEF JOSE LOUREIRO DA SILVA,EMEF JOSE LOUREIRO DA SILVA,EMEF JOSE LOUREIRO DA SILVA,jalize,jalize,SIM,SIM,NA_APLICAVEL,SIM,NAO,SIM,0,1,,jalize,SEM_CARGA_DO_PROGRAMA,ATIVA,LINHA_BASE_PRE_PROGRAMA,ASSESSORADA,TRUE,TRUE,FALSE,TRUE,FALSE,TRUE,FALSE,FALSE,REGRA_TEMPORAL_CONFIRMADA,HOMOLOGADO,2025_1a_avaliacao_formativa_linha_base,2026-07-24_v1,3,Língua Portuguesa,TRUE,TRUE,TRUE,TRUE,TRUE,TRUE,TRUE,TRUE,TRUE,TRUE,Rede municipal direta em 2024,rede_municipal_direta_ou_nao_classificada,rede_municipal_direta,Municipal,Em atividade,FALSE,FALSE,477,21,26,22.714285714285715,18.346153846153847,30.39832285115304,9.821428571428571,2.380952380952381,44.04761904761905,4,100,Q3,300 a 499 matrículas,TRUE,103,65,63.10679611650485,61.61538461538461,23.16923076923077,32.323076923076925,44.738461538461536,103,76,73.7864077669903,36.26315789473684,47.86842105263158,27.19736842105263,24.93421052631579,70.5,10.67961165048544,-25.35222672064777,24.699190283400817,-5.125708502024295,-19.804251012145745,0,16.923076923076923,Aumento de participação igual ou superior a 10 p.p.,4,4,TRUE,TRUE,TRUE,TRUE,0,0,11,FALSE,FALSE,FALSE,TRUE,FALSE,FALSE,FALSE,FALSE,EMEF JOSE LOUREIRO DA SILVA,exata_normalizada,consolidado,,rede_municipal_direta_ou_nao_classificada,0,TRUE,FALSE,FALSE,FALSE,rede_municipal_direta,Rede municipal direta em 2024,codigo_inep_consolidado,2024,Censo Escolar/INEP via Base dos Dados,TRUE,3,,1,0,1,0,,,,300 a 499 matrículas,3,2024,RS,4314902,1,1,1,1,1,0,1,1,1008,42,816,477,96,87,101,102,91,339,150,99,99,0,508,500,547,241,202,2,1,15,204,145,59,24,57,49,26,24,53,45,35,21,14,0,,24,0,1,1,1,1,1,1,1,0,1,1,1,1,1,1,1,1,1,0,0,0,1,1,1,1,1,1,,,520,2,4,2,0,0,1,6,TRUE,TRUE,TRUE,TRUE,TRUE,10,10,TRUE,TRUE,1,3,FALSE,FALSE,FALSE,FALSE,FALSE,FALSE,FALSE,Rede municipal direta em 2024,FALSE,,TRUE,FALSE,Rede municipal direta em 2024,FALSE,,TRUE,,sem_revisao_necessaria,,,,Rede municipal direta em 2024,TRUE,TRUE,TRUE,1a_avaliacao_formativa,1a_avaliacao_formativa,linha_base_pre_programa,pos_inicio_programa,regra temporal pre-programa registrada no painel,declaracao formal,,2026-07-24,regra temporal preexistente do projeto,Marian Dante - assessora UEF/SMED,6.1675164908883415
ESC_023,43169490,TRUE,EMEF JOSE MARIANO BECK,EMEF JOSE MARIANO BECK,EMEF JOSE MARIANO BECK,nathalia,nathalia,SIM,SIM,NA_APLICAVEL,SIM,NAO,SIM,0,1,,nathalia,SEM_CARGA_DO_PROGRAMA,ATIVA,LINHA_BASE_PRE_PROGRAMA,ASSESSORADA,TRUE,TRUE,FALSE,TRUE,FALSE,TRUE,FALSE,FALSE,REGRA_TEMPORAL_CONFIRMADA,HOMOLOGADO,2025_1a_avaliacao_formativa_linha_base,2026-07-24_v1,3,Língua Portuguesa,TRUE,TRUE,TRUE,TRUE,TRUE,TRUE,TRUE,TRUE,TRUE,TRUE,Rede municipal direta em 2024,rede_municipal_direta_ou_nao_classificada,rede_municipal_direta,Municipal,Em atividade,FALSE,FALSE,329,15,24,21.933333333333337,13.708333333333334,0,6.185567010309279,0,45.65537555228277,4,100,Q3,300 a 499 matrículas,TRUE,68,54,79.41176470588235,38.57407407407408,48.092592592592595,35.333333333333336,16.574074074074073,67,56,83.58208955223881,36.089285714285715,47.94642857142857,28.035714285714285,24.017857142857142,55,4.170324846356465,-2.484788359788361,-0.14616402116402585,-7.297619047619051,7.44378306878307,-1.4705882352941178,3.703703703703704,Sem alerta principal de composição,3,3,TRUE,TRUE,TRUE,TRUE,0,-1,2,TRUE,FALSE,FALSE,FALSE,FALSE,FALSE,FALSE,FALSE,EMEF JOSE MARIANO BECK,exata_normalizada,consolidado,,rede_municipal_direta_ou_nao_classificada,0,TRUE,FALSE,FALSE,FALSE,rede_municipal_direta,Rede municipal direta em 2024,codigo_inep_consolidado,2024,Censo Escolar/INEP via Base dos Dados,TRUE,3,,1,0,1,0,,,,300 a 499 matrículas,2,2024,RS,4314902,1,1,1,1,1,0,1,1,679,56,559,329,65,64,72,65,63,230,64,42,42,0,338,341,355,132,177,0,1,14,0,0,0,0,53,45,24,27,45,37,29,15,14,0,,18,1,9,1,1,1,1,1,1,0,1,1,1,1,1,1,1,1,0,0,1,0,1,1,1,1,1,1,,,430,0,2,1,0,0,0,5,TRUE,TRUE,TRUE,TRUE,TRUE,10,10,TRUE,TRUE,1,3,FALSE,FALSE,FALSE,FALSE,FALSE,FALSE,FALSE,Rede municipal direta em 2024,FALSE,,TRUE,FALSE,Rede municipal direta em 2024,FALSE,,TRUE,,sem_revisao_necessaria,,,,Rede municipal direta em 2024,TRUE,TRUE,TRUE,1a_avaliacao_formativa,1a_avaliacao_formativa,linha_base_pre_programa,pos_inicio_programa,regra temporal pre-programa registrada no painel,declaracao formal,,2026-07-24,regra temporal preexistente do projeto,Marian Dante - assessora UEF/SMED,5.796057750765372
ESC_024,43109209,TRUE,EMEF LAURO RODRIGUES,EMEF LAURO RODRIGUES,EMEF LAURO RODRIGUES,clarissa,clarissa,SIM,SIM,NA_APLICAVEL,SIM,NAO,SIM,0,1,,clarissa,SEM_CARGA_DO_PROGRAMA,ATIVA,LINHA_BASE_PRE_PROGRAMA,ASSESSORADA,TRUE,TRUE,FALSE,TRUE,FALSE,TRUE,FALSE,FALSE,REGRA_TEMPORAL_CONFIRMADA,HOMOLOGADO,2025_1a_avaliacao_formativa_linha_base,2026-07-24_v1,3,Língua Portuguesa,TRUE,TRUE,TRUE,TRUE,TRUE,TRUE,TRUE,TRUE,TRUE,TRUE,Rede municipal direta em 2024,rede_municipal_direta_ou_nao_classificada,rede_municipal_direta,Municipal,Em atividade,FALSE,FALSE,339,15,27,22.6,12.555555555555555,20.64896755162242,7.451564828614009,3.5767511177347244,32.04172876304024,3,90,Q2,300 a 499 matrículas,TRUE,73,61,83.56164383561644,59.55737704918032,29.50819672131147,26.39344262295082,44.09836065573771,65,64,98.46153846153848,62.109375,15.03125,33.3125,51.65625,62.5,14.89989462592203,2.5519979508196755,-14.476946721311474,6.919057377049182,7.557889344262293,-10.95890410958904,4.918032786885246,Aumento de participação igual ou superior a 10 p.p.,3,3,TRUE,TRUE,TRUE,TRUE,0,-8,3,TRUE,TRUE,FALSE,TRUE,FALSE,FALSE,FALSE,FALSE,EMEF LAURO RODRIGUES,exata_normalizada,consolidado,,rede_municipal_direta_ou_nao_classificada,0,TRUE,FALSE,FALSE,FALSE,rede_municipal_direta,Rede municipal direta em 2024,codigo_inep_consolidado,2024,Censo Escolar/INEP via Base dos Dados,TRUE,3,,1,0,1,0,,,,300 a 499 matrículas,2,2024,RS,4314902,1,1,1,1,1,0,0,1,671,61,610,339,63,66,80,69,61,271,0,50,50,0,350,321,398,105,110,0,0,58,89,70,19,24,51,47,27,27,49,31,27,15,12,0,,17,0,4,1,1,1,1,1,1,0,1,1,1,0,1,0,1,1,1,0,0,0,1,1,1,1,1,1,,,0,0,3,1,2,1,0,7,TRUE,TRUE,TRUE,FALSE,TRUE,10,9,TRUE,TRUE,1,3,FALSE,FALSE,FALSE,FALSE,FALSE,FALSE,FALSE,Rede municipal direta em 2024,FALSE,,TRUE,FALSE,Rede municipal direta em 2024,FALSE,,TRUE,,sem_revisao_necessaria,,,,Rede municipal direta em 2024,TRUE,TRUE,TRUE,1a_avaliacao_formativa,1a_avaliacao_formativa,linha_base_pre_programa,pos_inicio_programa,regra temporal pre-programa registrada no painel,declaracao formal,,2026-07-24,regra temporal preexistente do projeto,Marian Dante - assessora UEF/SMED,5.82600010738045
ESC_025,43109063,TRUE,EMEF LEOCADIA FELIZARDO PRESTES,EMEF LEOCADIA FELIZARDO PRESTES,EMEF LEOCADIA FELIZARDO PRESTES,graziela,graziela,SIM,SIM,NA_APLICAVEL,SIM,NAO,SIM,0,1,,graziela,SEM_CARGA_DO_PROGRAMA,ATIVA,LINHA_BASE_PRE_PROGRAMA,ASSESSORADA,TRUE,TRUE,FALSE,TRUE,FALSE,TRUE,FALSE,FALSE,REGRA_TEMPORAL_CONFIRMADA,HOMOLOGADO,2025_1a_avaliacao_formativa_linha_base,2026-07-24_v1,3,Língua Portuguesa,TRUE,TRUE,TRUE,TRUE,TRUE,TRUE,TRUE,TRUE,TRUE,TRUE,Rede municipal direta em 2024,rede_municipal_direta_ou_nao_classificada,rede_municipal_direta,Municipal,Em atividade,FALSE,FALSE,247,11,21,22.454545454545453,11.761904761904765,10.121457489878544,7.889908256880734,0,31.743119266055047,4,100,Q3,150 a 299 matrículas,TRUE,66,51,77.27272727272727,60.86274509803921,21.62745098039216,41.3921568627451,36.98039215686274,63,54,85.71428571428571,29.703703703703702,62.31481481481482,17.962962962962962,19.72222222222222,52.5,8.441558441558442,-31.15904139433551,40.687363834422655,-23.429193899782135,-17.25816993464052,-4.545454545454546,5.882352941176471,Sem alerta principal de composição,3,3,TRUE,TRUE,TRUE,TRUE,0,-3,3,TRUE,FALSE,FALSE,FALSE,FALSE,FALSE,FALSE,FALSE,EMEF LEOCADIA FELIZARDO PRESTES,exata_normalizada,consolidado,,rede_municipal_direta_ou_nao_classificada,0,TRUE,FALSE,FALSE,FALSE,rede_municipal_direta,Rede municipal direta em 2024,codigo_inep_consolidado,2024,Censo Escolar/INEP via Base dos Dados,TRUE,3,,1,0,1,0,,,,150 a 299 matrículas,2,2024,RS,4314902,1,1,1,1,1,0,1,1,545,78,418,247,42,45,51,74,35,171,49,43,43,0,278,267,261,94,79,1,0,110,42,25,17,0,41,31,21,20,37,28,20,11,9,0,,19,2,10,1,1,1,1,1,1,0,1,1,1,1,1,1,1,1,1,1,0,0,1,1,1,1,1,1,,,260,0,2,1,0,0,0,6,TRUE,TRUE,TRUE,TRUE,TRUE,10,10,TRUE,TRUE,1,3,FALSE,FALSE,FALSE,FALSE,FALSE,FALSE,FALSE,Rede municipal direta em 2024,FALSE,,TRUE,FALSE,Rede municipal direta em 2024,FALSE,,TRUE,,sem_revisao_necessaria,,,,Rede municipal direta em 2024,TRUE,TRUE,TRUE,1a_avaliacao_formativa,1a_avaliacao_formativa,linha_base_pre_programa,pos_inicio_programa,regra temporal pre-programa registrada no painel,declaracao formal,,2026-07-24,regra temporal preexistente do projeto,Marian Dante - assessora UEF/SMED,5.5093883366279774
ESC_026,43109144,TRUE,EMEF LIDOVINO FANTON,EMEF LIDOVINO FANTON,EMEF LIDOVINO FANTON,julia,julia,SIM,SIM,NA_APLICAVEL,SIM,NAO,SIM,0,1,,julia,SEM_CARGA_DO_PROGRAMA,ATIVA,LINHA_BASE_PRE_PROGRAMA,ASSESSORADA,TRUE,TRUE,FALSE,TRUE,FALSE,TRUE,FALSE,FALSE,REGRA_TEMPORAL_CONFIRMADA,HOMOLOGADO,2025_1a_avaliacao_formativa_linha_base,2026-07-24_v1,3,Língua Portuguesa,TRUE,TRUE,TRUE,TRUE,TRUE,TRUE,TRUE,TRUE,TRUE,TRUE,Rede municipal direta em 2024,rede_municipal_direta_ou_nao_classificada,rede_municipal_direta,Municipal,Em atividade,FALSE,FALSE,563,23,35,24.47826086956522,16.085714285714285,14.209591474245116,6.009852216748769,0.7881773399014779,36.65024630541872,4,80,Q1 — menor infraestrutura,500 matrículas ou mais,TRUE,143,103,72.02797202797203,21.796116504854368,75.54368932038835,21.475728155339805,2.9805825242718447,135,87,64.44444444444444,45.72413793103448,39.701149425287355,25.885057471264368,34.60919540229885,95,-7.583527583527584,23.928021426180116,-35.842539895101,4.409329315924563,31.62861287802701,-5.594405594405594,-15.533980582524272,Sem alerta principal de composição,6,5,TRUE,TRUE,TRUE,TRUE,-1,-8,-16,FALSE,FALSE,FALSE,FALSE,FALSE,FALSE,FALSE,FALSE,EMEF LIDOVINO FANTON,exata_normalizada,consolidado,,rede_municipal_direta_ou_nao_classificada,0,TRUE,FALSE,FALSE,FALSE,rede_municipal_direta,Rede municipal direta em 2024,codigo_inep_consolidado,2024,Censo Escolar/INEP via Base dos Dados,TRUE,3,,1,0,1,0,,,,500 matrículas ou mais,4,2024,RS,4314902,1,1,1,1,1,0,1,1,1015,63,891,563,94,103,144,120,102,328,61,61,61,0,522,493,543,177,194,4,1,96,116,80,36,8,63,55,35,27,56,45,37,23,14,0,,26,1,3,1,1,1,1,1,1,0,1,0,1,1,1,0,1,1,1,1,0,0,1,1,1,1,1,1,,,250,1,2,3,1,1,0,8,TRUE,TRUE,TRUE,TRUE,TRUE,10,8,TRUE,TRUE,1,3,FALSE,FALSE,FALSE,FALSE,FALSE,FALSE,FALSE,Rede municipal direta em 2024,FALSE,,TRUE,FALSE,Rede municipal direta em 2024,FALSE,,TRUE,,sem_revisao_necessaria,,,,Rede municipal direta em 2024,TRUE,TRUE,TRUE,1a_avaliacao_formativa,1a_avaliacao_formativa,linha_base_pre_programa,pos_inicio_programa,regra temporal pre-programa registrada no painel,declaracao formal,,2026-07-24,regra temporal preexistente do projeto,Marian Dante - assessora UEF/SMED,6.333279628139691
ESC_027,43183018,TRUE,EMEF MARIO QUINTANA,EMEF MARIO QUINTANA,EMEF MARIO QUINTANA,ruti,ruti,SIM,SIM,NA_APLICAVEL,SIM,NAO,SIM,0,1,,ruti,SEM_CARGA_DO_PROGRAMA,ATIVA,LINHA_BASE_PRE_PROGRAMA,ASSESSORADA,TRUE,TRUE,FALSE,TRUE,FALSE,TRUE,FALSE,FALSE,REGRA_TEMPORAL_CONFIRMADA,HOMOLOGADO,2025_1a_avaliacao_formativa_linha_base,2026-07-24_v1,3,Língua Portuguesa,TRUE,TRUE,TRUE,TRUE,TRUE,TRUE,TRUE,TRUE,TRUE,TRUE,Rede municipal direta em 2024,rede_municipal_direta_ou_nao_classificada,rede_municipal_direta,Municipal,Em atividade,FALSE,FALSE,233,10,20,23.3,11.65,100,7.960199004975125,6.218905472636816,40.298507462686565,2,70,Q1 — menor infraestrutura,150 a 299 matrículas,TRUE,51,42,82.3529411764706,55,36,31,33.5,49,43,87.75510204081633,41.51162790697674,42.95348837209303,31.023255813953487,26.023255813953487,42.5,5.402160864345731,-13.488372093023258,6.953488372093027,0.02325581395348663,-7.476744186046513,-3.92156862745098,2.380952380952381,Sem alerta principal de composição,2,2,TRUE,TRUE,TRUE,TRUE,0,-2,1,TRUE,TRUE,FALSE,FALSE,FALSE,FALSE,FALSE,FALSE,EMEF MARIO QUINTANA,exata_normalizada,consolidado,,rede_municipal_direta_ou_nao_classificada,0,TRUE,FALSE,FALSE,FALSE,rede_municipal_direta,Rede municipal direta em 2024,codigo_inep_consolidado,2024,Censo Escolar/INEP via Base dos Dados,TRUE,3,,1,0,1,0,,,,150 a 299 matrículas,1,2024,RS,4314902,1,0,1,1,1,0,0,1,402,0,402,233,49,48,48,45,43,169,0,32,32,0,189,213,215,77,84,0,1,25,365,233,132,25,30,30,20,13,28,18,18,10,8,16,,21,0,0,1,1,1,1,1,1,0,0,0,1,1,1,0,1,0,1,0,0,0,1,1,1,1,1,1,,,434,0,0,0,0,0,0,4,FALSE,TRUE,TRUE,FALSE,TRUE,10,7,TRUE,TRUE,1,3,FALSE,FALSE,FALSE,FALSE,FALSE,FALSE,FALSE,Rede municipal direta em 2024,FALSE,,TRUE,FALSE,Rede municipal direta em 2024,FALSE,,TRUE,,sem_revisao_necessaria,,,,Rede municipal direta em 2024,TRUE,TRUE,TRUE,1a_avaliacao_formativa,1a_avaliacao_formativa,linha_base_pre_programa,pos_inicio_programa,regra temporal pre-programa registrada no painel,declaracao formal,,2026-07-24,regra temporal preexistente do projeto,Marian Dante - assessora UEF/SMED,5.4510384535657
ESC_028,43177018,TRUE,EMEF MIGRANTES,EMEF MIGRANTES,EMEF MIGRANTES,nathalia,nathalia,SIM,SIM,NA_APLICAVEL,SIM,NAO,SIM,0,1,,nathalia,SEM_CARGA_DO_PROGRAMA,ATIVA,LINHA_BASE_PRE_PROGRAMA,ASSESSORADA,TRUE,TRUE,FALSE,TRUE,FALSE,TRUE,FALSE,FALSE,REGRA_TEMPORAL_CONFIRMADA,HOMOLOGADO,2025_1a_avaliacao_formativa_linha_base,2026-07-24_v1,3,Língua Portuguesa,TRUE,TRUE,TRUE,TRUE,TRUE,TRUE,TRUE,TRUE,TRUE,TRUE,Rede municipal direta em 2024,rede_municipal_direta_ou_nao_classificada,rede_municipal_direta,Municipal,Em atividade,FALSE,FALSE,80,5,10,16,8,0,7.975460122699387,0,26.380368098159508,3,90,Q2,Até 149 matrículas,TRUE,27,26,96.29629629629628,51.15384615384615,34.61538461538461,34.38461538461539,30.53846153846154,18,13,72.22222222222223,55,23,38,38,19.5,-24.074074074074066,3.8461538461538463,-11.615384615384611,3.615384615384613,7.46153846153846,-33.333333333333336,-50,Mudança relevante no público previsto e queda de participação,2,1,TRUE,TRUE,TRUE,TRUE,-1,-9,-13,TRUE,FALSE,FALSE,FALSE,TRUE,TRUE,FALSE,TRUE,EMEF MIGRANTES,exata_normalizada,consolidado,,rede_municipal_direta_ou_nao_classificada,0,TRUE,FALSE,FALSE,FALSE,rede_municipal_direta,Rede municipal direta em 2024,codigo_inep_consolidado,2024,Censo Escolar/INEP via Base dos Dados,TRUE,3,,1,0,1,0,,,,Até 149 matrículas,1,2024,RS,4314902,1,1,1,1,1,0,0,1,163,28,135,80,20,20,13,14,13,55,0,13,13,0,67,96,115,9,34,0,0,5,0,0,0,0,19,17,10,10,15,11,9,5,4,0,,10,0,0,1,1,1,1,1,1,0,0,1,1,1,1,1,1,0,0,0,0,1,1,1,1,1,1,1,,,118,10,2,2,1,1,0,2,TRUE,TRUE,TRUE,FALSE,TRUE,10,9,TRUE,FALSE,1,3,FALSE,FALSE,FALSE,FALSE,FALSE,FALSE,FALSE,Rede municipal direta em 2024,FALSE,,TRUE,FALSE,Rede municipal direta em 2024,FALSE,,TRUE,,sem_revisao_necessaria,,,,Rede municipal direta em 2024,TRUE,TRUE,TRUE,1a_avaliacao_formativa,1a_avaliacao_formativa,linha_base_pre_programa,pos_inicio_programa,regra temporal pre-programa registrada no painel,declaracao formal,,2026-07-24,regra temporal preexistente do projeto,Marian Dante - assessora UEF/SMED,4.382026634673881
ESC_029,43293069,TRUE,EMEF MORADAS DA HIPICA,EMEF MORADAS DA HIPICA,EMEF MORADAS DA HIPICA,amanda,amanda,SIM,SIM,NA_APLICAVEL,SIM,NAO,SIM,0,1,,amanda,SEM_CARGA_DO_PROGRAMA,ATIVA,LINHA_BASE_PRE_PROGRAMA,ASSESSORADA,TRUE,TRUE,FALSE,TRUE,FALSE,TRUE,FALSE,FALSE,REGRA_TEMPORAL_CONFIRMADA,HOMOLOGADO,2025_1a_avaliacao_formativa_linha_base,2026-07-24_v1,3,Língua Portuguesa,TRUE,TRUE,TRUE,TRUE,TRUE,TRUE,TRUE,TRUE,TRUE,TRUE,Rede municipal direta em 2024,rede_municipal_direta_ou_nao_classificada,rede_municipal_direta,Municipal,Em atividade,FALSE,FALSE,488,19,20,25.68421052631579,24.4,9.221311475409836,7.818930041152264,3.4979423868312756,28.08641975308642,3,80,Q1 — menor infraestrutura,300 a 499 matrículas,TRUE,79,69,87.34177215189874,68.5072463768116,16,33.30434782608695,50.69565217391305,104,91,87.5,74.42857142857143,10.692307692307692,22.67032967032967,66.63736263736264,80,0.15822784810126225,5.921325051759837,-5.307692307692308,-10.634018155757282,15.941710463449596,31.64556962025317,31.884057971014492,Mudança relevante no número de estudantes previstos,3,4,TRUE,TRUE,TRUE,TRUE,1,25,22,TRUE,TRUE,FALSE,FALSE,FALSE,TRUE,FALSE,FALSE,EMEF MORADAS DA HIPICA,exata_normalizada,consolidado,,rede_municipal_direta_ou_nao_classificada,0,TRUE,FALSE,FALSE,FALSE,rede_municipal_direta,Rede municipal direta em 2024,codigo_inep_consolidado,2024,Censo Escolar/INEP via Base dos Dados,TRUE,3,,1,0,1,0,,,,300 a 499 matrículas,3,2024,RS,4314902,1,1,1,1,1,0,0,1,972,97,875,488,87,78,109,107,107,387,0,76,76,0,483,489,671,88,183,3,2,25,64,45,19,34,40,36,20,17,39,38,33,19,14,0,,32,10,0,1,1,1,1,1,1,0,0,0,1,1,1,1,1,0,1,1,0,0,1,1,1,1,1,1,,,463,0,2,2,0,0,0,6,TRUE,TRUE,TRUE,FALSE,TRUE,10,8,TRUE,TRUE,1,3,FALSE,FALSE,FALSE,FALSE,FALSE,FALSE,FALSE,Rede municipal direta em 2024,FALSE,,TRUE,FALSE,Rede municipal direta em 2024,FALSE,,TRUE,,sem_revisao_necessaria,,,,Rede municipal direta em 2024,TRUE,TRUE,TRUE,1a_avaliacao_formativa,1a_avaliacao_formativa,linha_base_pre_programa,pos_inicio_programa,regra temporal pre-programa registrada no painel,declaracao formal,,2026-07-24,regra temporal preexistente do projeto,Marian Dante - assessora UEF/SMED,6.1903154058531475
ESC_030,43177034,TRUE,EMEF MORRO DA CRUZ,EMEF MORRO DA CRUZ,EMEF MORRO DA CRUZ,andreia,andreia,SIM,SIM,NA_APLICAVEL,SIM,NAO,SIM,0,1,,andreia,SEM_CARGA_DO_PROGRAMA,ATIVA,LINHA_BASE_PRE_PROGRAMA,ASSESSORADA,TRUE,TRUE,FALSE,TRUE,FALSE,TRUE,FALSE,FALSE,REGRA_TEMPORAL_CONFIRMADA,HOMOLOGADO,2025_1a_avaliacao_formativa_linha_base,2026-07-24_v1,3,Língua Portuguesa,TRUE,TRUE,TRUE,TRUE,TRUE,TRUE,TRUE,TRUE,TRUE,TRUE,Rede municipal direta em 2024,rede_municipal_direta_ou_nao_classificada,rede_municipal_direta,Municipal,Em atividade,FALSE,FALSE,538,21,27,25.61904761904762,19.925925925925927,10.037174721189592,6.2438057482656095,1.189296333002973,36.570862239841425,3,100,Q3,500 matrículas ou mais,TRUE,103,84,81.55339805825243,57.42857142857143,33.57142857142857,21.345238095238095,45.345238095238095,103,78,75.72815533980582,53.17948717948718,31.93589743589743,22.32051282051282,45.97435897435897,81,-5.825242718446603,-4.249084249084248,-1.635531135531135,0.9752747252747264,0.629120879120876,0,-7.142857142857143,Sem alerta principal de composição,4,4,TRUE,TRUE,TRUE,TRUE,0,0,-6,TRUE,FALSE,FALSE,FALSE,FALSE,FALSE,FALSE,FALSE,EMEF MORRO DA CRUZ,exata_normalizada,consolidado,,rede_municipal_direta_ou_nao_classificada,0,TRUE,FALSE,FALSE,FALSE,rede_municipal_direta,Rede municipal direta em 2024,codigo_inep_consolidado,2024,Censo Escolar/INEP via Base dos Dados,TRUE,3,,1,0,1,0,,,,500 matrículas ou mais,4,2024,RS,4314902,1,1,1,1,1,0,0,1,1009,130,879,538,95,99,122,113,109,341,0,63,63,0,484,525,536,158,209,3,2,101,89,54,35,12,53,46,27,21,50,41,34,21,13,0,,24,0,4,1,1,1,1,1,1,0,1,1,1,0,1,1,1,0,1,0,0,0,1,1,1,1,1,1,,,570,0,2,1,2,1,0,5,TRUE,TRUE,TRUE,FALSE,TRUE,10,10,TRUE,TRUE,1,3,FALSE,FALSE,FALSE,FALSE,FALSE,FALSE,FALSE,Rede municipal direta em 2024,FALSE,,TRUE,FALSE,Rede municipal direta em 2024,FALSE,,TRUE,,sem_revisao_necessaria,,,,Rede municipal direta em 2024,TRUE,TRUE,TRUE,1a_avaliacao_formativa,1a_avaliacao_formativa,linha_base_pre_programa,pos_inicio_programa,regra temporal pre-programa registrada no painel,declaracao formal,,2026-07-24,regra temporal preexistente do projeto,Marian Dante - assessora UEF/SMED,6.2878585601617845
ESC_031,43177042,TRUE,EMEF NEUSA GOULART BRIZOLA,EMEF NEUSA GOULART BRIZOLA,EMEF NEUSA GOULART BRIZOLA,julia,julia,SIM,SIM,NA_APLICAVEL,SIM,NAO,SIM,0,1,,julia,SEM_CARGA_DO_PROGRAMA,ATIVA,LINHA_BASE_PRE_PROGRAMA,ASSESSORADA,TRUE,TRUE,FALSE,TRUE,FALSE,TRUE,FALSE,FALSE,REGRA_TEMPORAL_CONFIRMADA,HOMOLOGADO,2025_1a_avaliacao_formativa_linha_base,2026-07-24_v1,3,Língua Portuguesa,TRUE,TRUE,TRUE,TRUE,TRUE,TRUE,TRUE,TRUE,TRUE,TRUE,Rede municipal direta em 2024,rede_municipal_direta_ou_nao_classificada,rede_municipal_direta,Municipal,Em atividade,FALSE,FALSE,218,10,31,21.8,7.032258064516129,100,14.698162729658792,3.1496062992125986,34.645669291338585,3,100,Q3,150 a 299 matrículas,TRUE,44,30,68.18181818181819,34.666666666666664,50.333333333333336,39.93333333333333,9.733333333333333,44,38,86.36363636363636,83.89473684210526,9.31578947368421,9,82.15789473684211,34,18.181818181818173,49.22807017543859,-41.01754385964912,-30.93333333333333,72.42456140350878,0,26.666666666666668,Aumento de participação igual ou superior a 10 p.p.,2,2,TRUE,TRUE,TRUE,TRUE,0,0,8,FALSE,FALSE,FALSE,TRUE,FALSE,FALSE,FALSE,FALSE,EMEF NEUSA GOULART BRIZOLA,exata_normalizada,consolidado,,rede_municipal_direta_ou_nao_classificada,0,TRUE,FALSE,FALSE,FALSE,rede_municipal_direta,Rede municipal direta em 2024,codigo_inep_consolidado,2024,Censo Escolar/INEP via Base dos Dados,TRUE,3,,1,0,1,0,,,,150 a 299 matrículas,1,2024,RS,4314902,1,1,1,1,1,0,0,1,381,41,340,218,43,41,52,43,39,122,0,56,56,0,188,193,241,58,74,0,0,8,340,218,122,12,48,44,31,26,44,19,17,10,7,17,,27,2,9,1,1,1,1,1,1,0,1,1,1,1,1,1,1,1,1,0,0,0,1,1,1,1,1,1,,,0,0,2,2,0,0,0,5,TRUE,TRUE,TRUE,FALSE,TRUE,10,10,TRUE,TRUE,1,3,FALSE,FALSE,FALSE,FALSE,FALSE,FALSE,FALSE,Rede municipal direta em 2024,FALSE,,TRUE,FALSE,Rede municipal direta em 2024,FALSE,,TRUE,,sem_revisao_necessaria,,,,Rede municipal direta em 2024,TRUE,TRUE,TRUE,1a_avaliacao_formativa,1a_avaliacao_formativa,linha_base_pre_programa,pos_inicio_programa,regra temporal pre-programa registrada no painel,declaracao formal,,2026-07-24,regra temporal preexistente do projeto,Marian Dante - assessora UEF/SMED,5.384495062789089
ESC_032,43105513,TRUE,EMEF NOSSA SENHORA DE FATIMA,EMEF NOSSA SENHORA DE FATIMA,EMEF NOSSA SENHORA DE FATIMA,amanda,amanda,SIM,SIM,NA_APLICAVEL,SIM,NAO,SIM,0,1,,amanda,SEM_CARGA_DO_PROGRAMA,ATIVA,LINHA_BASE_PRE_PROGRAMA,ASSESSORADA,TRUE,TRUE,FALSE,TRUE,FALSE,TRUE,FALSE,FALSE,REGRA_TEMPORAL_CONFIRMADA,HOMOLOGADO,2025_1a_avaliacao_formativa_linha_base,2026-07-24_v1,3,Língua Portuguesa,TRUE,TRUE,TRUE,TRUE,TRUE,TRUE,TRUE,TRUE,TRUE,TRUE,Rede municipal direta em 2024,rede_municipal_direta_ou_nao_classificada,rede_municipal_direta,Municipal,Em atividade,FALSE,FALSE,377,16,24,23.5625,15.708333333333334,0,6.575342465753424,0,53.013698630136986,4,100,Q3,300 a 499 matrículas,TRUE,75,62,82.66666666666667,52.88709677419355,34,28.983870967741936,37.016129032258064,79,68,86.07594936708861,42.88235294117647,38.161764705882355,36.9264705882353,24.573529411764707,65,3.40928270042194,-10.00474383301708,4.161764705882355,7.942599620493361,-12.442599620493358,5.333333333333333,9.67741935483871,Sem alerta principal de composição,3,3,TRUE,TRUE,TRUE,TRUE,0,4,6,TRUE,TRUE,FALSE,FALSE,FALSE,FALSE,FALSE,FALSE,EMEF NOSSA SENHORA DE FATIMA,exata_normalizada,consolidado,,rede_municipal_direta_ou_nao_classificada,0,TRUE,FALSE,FALSE,FALSE,rede_municipal_direta,Rede municipal direta em 2024,codigo_inep_consolidado,2024,Censo Escolar/INEP via Base dos Dados,TRUE,3,,1,0,1,0,,,,300 a 499 matrículas,2,2024,RS,4314902,1,1,1,1,1,0,1,1,730,65,611,377,70,71,91,72,73,234,54,48,48,0,339,391,334,191,193,0,3,9,0,0,0,0,48,38,24,19,45,33,26,16,10,0,,22,0,1,1,1,1,1,1,1,0,1,1,1,1,1,1,0,1,1,0,0,0,1,1,1,1,1,1,,,393,2,2,2,0,0,0,6,TRUE,TRUE,TRUE,TRUE,TRUE,10,10,TRUE,TRUE,1,3,FALSE,FALSE,FALSE,FALSE,FALSE,FALSE,FALSE,Rede municipal direta em 2024,FALSE,,TRUE,FALSE,Rede municipal direta em 2024,FALSE,,TRUE,,sem_revisao_necessaria,,,,Rede municipal direta em 2024,TRUE,TRUE,TRUE,1a_avaliacao_formativa,1a_avaliacao_formativa,linha_base_pre_programa,pos_inicio_programa,regra temporal pre-programa registrada no painel,declaracao formal,,2026-07-24,regra temporal preexistente do projeto,Marian Dante - assessora UEF/SMED,5.932245187448011
ESC_033,43204643,TRUE,EMEF NOSSA SENHORA DO CARMO,EMEF NOSSA SENHORA DO CARMO,EMEF NOSSA SENHORA DO CARMO,amanda,amanda,SIM,SIM,NA_APLICAVEL,SIM,NAO,SIM,0,1,,amanda,SEM_CARGA_DO_PROGRAMA,ATIVA,LINHA_BASE_PRE_PROGRAMA,ASSESSORADA,TRUE,TRUE,FALSE,TRUE,FALSE,TRUE,FALSE,FALSE,REGRA_TEMPORAL_CONFIRMADA,HOMOLOGADO,2025_1a_avaliacao_formativa_linha_base,2026-07-24_v1,3,Língua Portuguesa,TRUE,TRUE,TRUE,TRUE,TRUE,TRUE,TRUE,TRUE,TRUE,TRUE,Rede municipal direta em 2024,rede_municipal_direta_ou_nao_classificada,rede_municipal_direta,Municipal,Em atividade,FALSE,FALSE,408,16,22,25.5,18.545454545454547,38.23529411764706,7.363420427553444,7.957244655581948,42.75534441805225,4,90,Q2,300 a 499 matrículas,TRUE,105,88,83.80952380952381,61.32954545454545,24.738636363636363,27.352272727272727,47.90909090909091,83,70,84.33734939759036,47.94285714285714,34.385714285714286,29.6,36.01428571428571,79,0.5278255880665483,-13.38668831168831,9.647077922077925,2.247727272727275,-11.894805194805194,-20.952380952380953,-20.454545454545453,Mudança relevante no número de estudantes previstos,4,3,TRUE,TRUE,TRUE,TRUE,-1,-22,-18,TRUE,TRUE,FALSE,FALSE,FALSE,TRUE,FALSE,FALSE,EMEF NOSSA SENHORA DO CARMO,exata_normalizada,consolidado,,rede_municipal_direta_ou_nao_classificada,0,TRUE,FALSE,FALSE,FALSE,rede_municipal_direta,Rede municipal direta em 2024,codigo_inep_consolidado,2024,Censo Escolar/INEP via Base dos Dados,TRUE,3,,1,0,1,0,,,,300 a 499 matrículas,3,2024,RS,4314902,1,1,1,1,1,0,1,1,842,38,703,408,73,91,79,81,84,295,101,62,62,0,428,414,463,174,183,1,3,18,225,156,69,67,42,35,22,17,40,34,28,16,12,0,,22,0,4,1,1,1,1,1,1,0,1,1,1,1,1,0,1,0,1,0,0,0,1,1,1,1,1,1,,,318,0,1,2,2,1,0,5,TRUE,TRUE,TRUE,TRUE,TRUE,10,9,TRUE,TRUE,1,3,FALSE,FALSE,FALSE,FALSE,FALSE,FALSE,FALSE,Rede municipal direta em 2024,FALSE,,TRUE,FALSE,Rede municipal direta em 2024,FALSE,,TRUE,,sem_revisao_necessaria,,,,Rede municipal direta em 2024,TRUE,TRUE,TRUE,1a_avaliacao_formativa,1a_avaliacao_formativa,linha_base_pre_programa,pos_inicio_programa,regra temporal pre-programa registrada no painel,declaracao formal,,2026-07-24,regra temporal preexistente do projeto,Marian Dante - assessora UEF/SMED,6.0112671744041615
ESC_034,43105521,TRUE,EMEF PEPITA DE LEAO,EMEF PEPITA DE LEAO,EMEF PEPITA DE LEAO,nathalia,nathalia,SIM,SIM,NA_APLICAVEL,SIM,NAO,SIM,0,1,,nathalia,SEM_CARGA_DO_PROGRAMA,ATIVA,LINHA_BASE_PRE_PROGRAMA,ASSESSORADA,TRUE,TRUE,FALSE,TRUE,FALSE,TRUE,FALSE,FALSE,REGRA_TEMPORAL_CONFIRMADA,HOMOLOGADO,2025_1a_avaliacao_formativa_linha_base,2026-07-24_v1,3,Língua Portuguesa,TRUE,TRUE,TRUE,TRUE,TRUE,TRUE,TRUE,TRUE,TRUE,TRUE,Rede municipal direta em 2024,rede_municipal_direta_ou_nao_classificada,rede_municipal_direta,Municipal,Em atividade,FALSE,FALSE,255,12,19,21.25,13.421052631578949,18.823529411764707,13.174946004319654,3.4557235421166306,34.557235421166304,3,100,Q3,150 a 299 matrículas,TRUE,68,49,72.05882352941177,37.204081632653065,49.12244897959184,36.673469387755105,14.20408163265306,65,51,78.46153846153847,72.72549019607843,10.68627450980392,23.941176470588236,65.37254901960785,50,6.402714932126699,35.52140856342536,-38.436174469787915,-12.73229291716687,51.16846738695479,-4.411764705882353,4.081632653061225,Sem alerta principal de composição,3,3,TRUE,TRUE,TRUE,TRUE,0,-3,2,TRUE,FALSE,FALSE,FALSE,FALSE,FALSE,FALSE,FALSE,EMEF PEPITA DE LEAO,exata_normalizada,consolidado,,rede_municipal_direta_ou_nao_classificada,0,TRUE,FALSE,FALSE,FALSE,rede_municipal_direta,Rede municipal direta em 2024,codigo_inep_consolidado,2024,Censo Escolar/INEP via Base dos Dados,TRUE,3,,1,0,1,0,,,,150 a 299 matrículas,2,2024,RS,4314902,1,1,1,1,1,0,0,1,463,12,451,255,64,48,48,49,46,196,0,61,61,0,220,243,271,100,60,1,0,31,73,48,25,16,33,32,19,14,33,21,20,12,8,0,,12,0,0,1,1,1,1,1,1,0,1,1,1,0,1,1,1,0,0,0,0,1,1,1,1,1,1,1,,,350,7,3,2,1,1,0,4,TRUE,TRUE,TRUE,FALSE,TRUE,10,10,TRUE,FALSE,1,3,FALSE,FALSE,FALSE,FALSE,FALSE,FALSE,FALSE,Rede municipal direta em 2024,FALSE,,TRUE,FALSE,Rede municipal direta em 2024,FALSE,,TRUE,,sem_revisao_necessaria,,,,Rede municipal direta em 2024,TRUE,TRUE,TRUE,1a_avaliacao_formativa,1a_avaliacao_formativa,linha_base_pre_programa,pos_inicio_programa,regra temporal pre-programa registrada no painel,declaracao formal,,2026-07-24,regra temporal preexistente do projeto,Marian Dante - assessora UEF/SMED,5.541263545158426
ESC_035,43048200,TRUE,EMEF PORTO NOVO,EMEF PORTO NOVO,EMEF PORTO NOVO,marian,marian,SIM,SIM,NA_APLICAVEL,SIM,NAO,SIM,0,1,,marian,SEM_CARGA_DO_PROGRAMA,ATIVA,LINHA_BASE_PRE_PROGRAMA,ASSESSORADA,TRUE,TRUE,FALSE,TRUE,FALSE,TRUE,FALSE,FALSE,REGRA_TEMPORAL_CONFIRMADA,HOMOLOGADO,2025_1a_avaliacao_formativa_linha_base,2026-07-24_v1,3,Língua Portuguesa,TRUE,TRUE,TRUE,TRUE,TRUE,TRUE,TRUE,TRUE,TRUE,TRUE,Rede municipal direta em 2024,rede_municipal_direta_ou_nao_classificada,rede_municipal_direta,Municipal,Em atividade,FALSE,FALSE,237,10,33,23.7,7.181818181818182,100,12.368972746331236,0.4192872117400419,37.106918238993714,3,100,Q3,150 a 299 matrículas,TRUE,46,35,76.08695652173913,33.2,57.08571428571429,20.085714285714285,22.82857142857143,45,43,95.55555555555556,45.48837209302326,32.55813953488372,34.883720930232556,32.55813953488372,39,19.46859903381643,12.288372093023256,-24.527574750830567,14.79800664451827,9.729568106312293,-2.1739130434782608,22.857142857142858,Aumento de participação igual ou superior a 10 p.p.,2,2,TRUE,TRUE,TRUE,TRUE,0,-1,8,TRUE,FALSE,FALSE,TRUE,FALSE,FALSE,FALSE,FALSE,EMEF PORTO NOVO,exata_normalizada,consolidado,,rede_municipal_direta_ou_nao_classificada,0,TRUE,FALSE,FALSE,FALSE,rede_municipal_direta,Rede municipal direta em 2024,codigo_inep_consolidado,2024,Censo Escolar/INEP via Base dos Dados,TRUE,3,,1,0,1,0,,,,150 a 299 matrículas,1,2024,RS,4314902,1,1,1,1,1,0,0,1,477,82,395,237,46,45,53,45,48,158,0,59,59,0,235,242,275,89,87,1,1,24,395,237,158,2,59,49,33,28,59,22,18,10,8,18,,28,1,14,1,1,1,1,1,1,0,1,1,1,1,1,1,1,0,1,1,1,0,1,1,1,1,1,1,,,594,2,1,2,1,1,0,5,TRUE,TRUE,TRUE,FALSE,TRUE,10,10,TRUE,TRUE,1,3,FALSE,FALSE,FALSE,FALSE,FALSE,FALSE,FALSE,Rede municipal direta em 2024,FALSE,,TRUE,FALSE,Rede municipal direta em 2024,FALSE,,TRUE,,sem_revisao_necessaria,,,,Rede municipal direta em 2024,TRUE,TRUE,TRUE,1a_avaliacao_formativa,1a_avaliacao_formativa,linha_base_pre_programa,pos_inicio_programa,regra temporal pre-programa registrada no painel,declaracao formal,,2026-07-24,regra temporal preexistente do projeto,Marian Dante - assessora UEF/SMED,5.4680601411351315
ESC_036,43108563,TRUE,EMEF PRES JOAO BELCHIOR MARQUES GOULART,EMEF PRES JOAO BELCHIOR MARQUES GOULART,EMEF PRES JOAO BELCHIOR MARQUES GOULART,marian,marian,SIM,SIM,NA_APLICAVEL,SIM,NAO,SIM,0,1,,marian,SEM_CARGA_DO_PROGRAMA,ATIVA,LINHA_BASE_PRE_PROGRAMA,ASSESSORADA,TRUE,TRUE,FALSE,TRUE,FALSE,TRUE,FALSE,FALSE,REGRA_TEMPORAL_CONFIRMADA,HOMOLOGADO,2025_1a_avaliacao_formativa_linha_base,2026-07-24_v1,3,Língua Portuguesa,TRUE,TRUE,TRUE,TRUE,TRUE,TRUE,TRUE,TRUE,TRUE,TRUE,Rede municipal direta em 2024,rede_municipal_direta_ou_nao_classificada,rede_municipal_direta,Municipal,Em atividade,FALSE,FALSE,358,18,23,19.88888888888889,15.565217391304348,4.4692737430167595,9.74124809741248,0.60882800608828,35.31202435312024,3,100,Q3,300 a 499 matrículas,TRUE,71,52,73.2394366197183,71.65384615384616,11.615384615384617,30.76923076923077,57.61538461538461,74,64,86.48648648648648,48.90625,32.703125,34.75,32.84375,58,13.24704986676818,-22.74759615384616,21.087740384615387,3.98076923076923,-24.771634615384613,4.225352112676056,23.076923076923077,Aumento de participação igual ou superior a 10 p.p.,3,4,TRUE,TRUE,TRUE,TRUE,1,3,12,TRUE,FALSE,FALSE,TRUE,FALSE,FALSE,FALSE,FALSE,EMEF PRES JOAO BELCHIOR MARQUES GOULART,exata_normalizada,consolidado,,rede_municipal_direta_ou_nao_classificada,0,TRUE,FALSE,FALSE,FALSE,rede_municipal_direta,Rede municipal direta em 2024,codigo_inep_consolidado,2024,Censo Escolar/INEP via Base dos Dados,TRUE,3,,1,0,1,0,,,,300 a 499 matrículas,2,2024,RS,4314902,1,1,1,1,1,0,0,1,657,67,590,358,72,71,88,59,68,232,0,64,64,0,290,367,416,79,152,0,1,9,17,16,1,4,41,35,23,16,40,33,29,18,11,0,,23,0,8,1,1,1,1,1,1,0,1,1,1,1,1,1,1,1,1,0,0,0,1,1,1,1,1,1,,,443,0,1,1,2,1,0,5,TRUE,TRUE,TRUE,FALSE,TRUE,10,10,TRUE,TRUE,1,3,FALSE,FALSE,FALSE,FALSE,FALSE,FALSE,FALSE,Rede municipal direta em 2024,FALSE,,TRUE,FALSE,Rede municipal direta em 2024,FALSE,,TRUE,,sem_revisao_necessaria,,,,Rede municipal direta em 2024,TRUE,TRUE,TRUE,1a_avaliacao_formativa,1a_avaliacao_formativa,linha_base_pre_programa,pos_inicio_programa,regra temporal pre-programa registrada no painel,declaracao formal,,2026-07-24,regra temporal preexistente do projeto,Marian Dante - assessora UEF/SMED,5.8805329864007
ESC_037,43105530,TRUE,EMEF PRESIDENTE VARGAS,EMEF PRESIDENTE VARGAS,EMEF PRESIDENTE VARGAS,eliane,eliane,SIM,SIM,NA_APLICAVEL,SIM,NAO,SIM,0,1,,eliane,SEM_CARGA_DO_PROGRAMA,ATIVA,LINHA_BASE_PRE_PROGRAMA,ASSESSORADA,TRUE,TRUE,FALSE,TRUE,FALSE,TRUE,FALSE,FALSE,REGRA_TEMPORAL_CONFIRMADA,HOMOLOGADO,2025_1a_avaliacao_formativa_linha_base,2026-07-24_v1,3,Língua Portuguesa,TRUE,TRUE,TRUE,TRUE,TRUE,TRUE,TRUE,TRUE,TRUE,TRUE,Rede municipal direta em 2024,rede_municipal_direta_ou_nao_classificada,rede_municipal_direta,Municipal,Em atividade,FALSE,FALSE,239,11,18,21.727272727272727,13.27777777777778,43.93305439330544,11.009174311926603,3.2110091743119265,38.99082568807339,2,80,Q1 — menor infraestrutura,150 a 299 matrículas,TRUE,51,35,68.62745098039215,55.34285714285714,37.457142857142856,20.11428571428571,42.885714285714286,50,40,80,50.8,27.4,39.05,34.025,37.5,11.372549019607844,-4.5428571428571445,-10.057142857142855,18.935714285714283,-8.860714285714288,-1.96078431372549,14.285714285714286,Aumento de participação igual ou superior a 10 p.p.,2,2,TRUE,TRUE,TRUE,TRUE,0,-1,5,FALSE,FALSE,FALSE,TRUE,FALSE,FALSE,FALSE,FALSE,EMEF PRESIDENTE VARGAS,exata_normalizada,consolidado,,rede_municipal_direta_ou_nao_classificada,0,TRUE,FALSE,FALSE,FALSE,rede_municipal_direta,Rede municipal direta em 2024,codigo_inep_consolidado,2024,Censo Escolar/INEP via Base dos Dados,TRUE,3,,1,0,1,0,,,,150 a 299 matrículas,1,2024,RS,4314902,1,0,1,1,1,0,0,1,436,0,436,239,45,46,52,57,39,197,0,48,48,0,209,227,266,78,92,0,0,0,141,105,36,14,33,33,18,18,31,20,20,11,9,0,,15,0,3,1,1,1,1,1,1,1,1,0,1,0,1,0,1,0,1,0,0,0,1,1,1,0,1,1,,,384,0,1,2,0,0,0,4,FALSE,TRUE,TRUE,FALSE,TRUE,10,8,TRUE,TRUE,1,3,FALSE,FALSE,FALSE,FALSE,FALSE,FALSE,FALSE,Rede municipal direta em 2024,FALSE,,TRUE,FALSE,Rede municipal direta em 2024,FALSE,,TRUE,,sem_revisao_necessaria,,,,Rede municipal direta em 2024,TRUE,TRUE,TRUE,1a_avaliacao_formativa,1a_avaliacao_formativa,linha_base_pre_programa,pos_inicio_programa,regra temporal pre-programa registrada no painel,declaracao formal,,2026-07-24,regra temporal preexistente do projeto,Marian Dante - assessora UEF/SMED,5.476463551931511
ESC_038,43109195,TRUE,EMEF PROF ANA IRIS DO AMARAL,EMEF PROF ANA IRIS DO AMARAL,EMEF PROF ANA IRIS DO AMARAL,eliane,eliane,SIM,SIM,NA_APLICAVEL,SIM,NAO,SIM,0,1,,eliane,SEM_CARGA_DO_PROGRAMA,ATIVA,LINHA_BASE_PRE_PROGRAMA,ASSESSORADA,TRUE,TRUE,FALSE,TRUE,FALSE,TRUE,FALSE,FALSE,REGRA_TEMPORAL_CONFIRMADA,HOMOLOGADO,2025_1a_avaliacao_formativa_linha_base,2026-07-24_v1,3,Língua Portuguesa,TRUE,TRUE,TRUE,TRUE,TRUE,TRUE,TRUE,TRUE,TRUE,TRUE,Rede municipal direta em 2024,rede_municipal_direta_ou_nao_classificada,rede_municipal_direta,Municipal,Em atividade,FALSE,FALSE,224,10,21,22.4,10.666666666666666,100,11.442786069651742,6.218905472636816,34.32835820895522,3,70,Q1 — menor infraestrutura,150 a 299 matrículas,TRUE,48,43,89.58333333333333,57.674418604651166,25.930232558139537,39.2093023255814,34.86046511627907,47,45,95.74468085106383,71.35555555555555,14.11111111111111,18.4,67.4888888888889,44,6.161347517730505,13.681136950904389,-11.819121447028426,-20.8093023255814,32.62842377260982,-2.0833333333333335,4.651162790697675,Sem alerta principal de composição,2,2,TRUE,TRUE,TRUE,TRUE,0,-1,2,TRUE,TRUE,FALSE,FALSE,FALSE,FALSE,FALSE,FALSE,EMEF PROF ANA IRIS DO AMARAL,exata_normalizada,consolidado,,rede_municipal_direta_ou_nao_classificada,0,TRUE,FALSE,FALSE,FALSE,rede_municipal_direta,Rede municipal direta em 2024,codigo_inep_consolidado,2024,Censo Escolar/INEP via Base dos Dados,TRUE,3,,1,0,1,0,,,,150 a 299 matrículas,1,2024,RS,4314902,1,1,1,1,1,0,0,1,402,34,368,224,46,47,45,43,43,144,0,46,46,0,200,202,251,74,62,0,2,13,231,224,7,25,35,31,21,13,35,20,18,10,8,10,,20,0,0,1,1,1,1,1,1,0,0,0,1,0,1,1,1,0,0,0,0,1,1,0,1,1,1,1,,,340,2,0,1,0,0,0,8,TRUE,TRUE,TRUE,FALSE,TRUE,10,7,TRUE,FALSE,1,3,FALSE,FALSE,FALSE,FALSE,FALSE,FALSE,FALSE,Rede municipal direta em 2024,FALSE,,TRUE,FALSE,Rede municipal direta em 2024,FALSE,,TRUE,,sem_revisao_necessaria,,,,Rede municipal direta em 2024,TRUE,TRUE,TRUE,1a_avaliacao_formativa,1a_avaliacao_formativa,linha_base_pre_programa,pos_inicio_programa,regra temporal pre-programa registrada no painel,declaracao formal,,2026-07-24,regra temporal preexistente do projeto,Marian Dante - assessora UEF/SMED,5.4116460518550396
ESC_039,43172490,TRUE,EMEF PROF ANISIO TEIXEIRA,EMEF PROF ANISIO TEIXEIRA,EMEF PROF ANISIO TEIXEIRA,andreia,andreia,SIM,SIM,NA_APLICAVEL,SIM,NAO,SIM,0,1,,andreia,SEM_CARGA_DO_PROGRAMA,ATIVA,LINHA_BASE_PRE_PROGRAMA,ASSESSORADA,TRUE,TRUE,FALSE,TRUE,FALSE,TRUE,FALSE,FALSE,REGRA_TEMPORAL_CONFIRMADA,HOMOLOGADO,2025_1a_avaliacao_formativa_linha_base,2026-07-24_v1,3,Língua Portuguesa,TRUE,TRUE,TRUE,TRUE,TRUE,TRUE,TRUE,TRUE,TRUE,TRUE,Rede municipal direta em 2024,rede_municipal_direta_ou_nao_classificada,rede_municipal_direta,Municipal,Em atividade,FALSE,FALSE,471,19,27,24.789473684210527,17.444444444444443,11.46496815286624,10.571428571428571,5.714285714285714,18.571428571428573,3,100,Q3,300 a 499 matrículas,TRUE,101,80,79.20792079207921,77.15,7.4625,26.1875,66.35,72,64,88.88888888888889,55.03125,26.546875,30.984375,42.15625,72,9.68096809680968,-22.11875000000001,19.084375,4.796875,-24.19374999999999,-28.712871287128714,-20,Mudança relevante no número de estudantes previstos,4,3,TRUE,TRUE,TRUE,TRUE,-1,-29,-16,TRUE,FALSE,FALSE,FALSE,FALSE,TRUE,FALSE,FALSE,EMEF PROF ANISIO TEIXEIRA,exata_normalizada,consolidado,,rede_municipal_direta_ou_nao_classificada,0,TRUE,FALSE,FALSE,FALSE,rede_municipal_direta,Rede municipal direta em 2024,codigo_inep_consolidado,2024,Censo Escolar/INEP via Base dos Dados,TRUE,3,,1,0,1,0,,,,300 a 499 matrículas,3,2024,RS,4314902,1,0,1,1,1,0,1,1,1050,0,945,471,59,76,99,132,105,474,105,111,111,0,484,566,631,88,106,1,1,223,100,54,46,60,54,50,27,27,53,40,36,19,17,0,,19,0,0,1,1,1,1,1,1,1,1,1,1,1,1,1,0,0,0,0,0,0,1,1,1,1,1,1,,,636,10,2,1,1,1,0,6,FALSE,TRUE,TRUE,TRUE,TRUE,10,10,TRUE,FALSE,1,3,FALSE,FALSE,FALSE,FALSE,FALSE,FALSE,FALSE,Rede municipal direta em 2024,FALSE,,TRUE,FALSE,Rede municipal direta em 2024,FALSE,,TRUE,,sem_revisao_necessaria,,,,Rede municipal direta em 2024,TRUE,TRUE,TRUE,1a_avaliacao_formativa,1a_avaliacao_formativa,linha_base_pre_programa,pos_inicio_programa,regra temporal pre-programa registrada no painel,declaracao formal,,2026-07-24,regra temporal preexistente do projeto,Marian Dante - assessora UEF/SMED,6.154858094016418
ESC_040,43109071,TRUE,EMEF PROF GILBERTO JORGE GONCALVES DA SILVA,EMEF PROF GILBERTO JORGE GONCALVES DA SILVA,EMEF PROF GILBERTO JORGE GONCALVES DA SILVA,ruti,ruti,SIM,SIM,NA_APLICAVEL,SIM,NAO,SIM,0,1,,ruti,SEM_CARGA_DO_PROGRAMA,ATIVA,LINHA_BASE_PRE_PROGRAMA,ASSESSORADA,TRUE,TRUE,FALSE,TRUE,FALSE,TRUE,FALSE,FALSE,REGRA_TEMPORAL_CONFIRMADA,HOMOLOGADO,2025_1a_avaliacao_formativa_linha_base,2026-07-24_v1,3,Língua Portuguesa,TRUE,TRUE,TRUE,TRUE,TRUE,TRUE,TRUE,TRUE,TRUE,TRUE,Rede municipal direta em 2024,rede_municipal_direta_ou_nao_classificada,rede_municipal_direta,Municipal,Em atividade,FALSE,FALSE,109,5,19,21.8,5.7368421052631575,100,18.867924528301888,0,27.83018867924528,3,80,Q1 — menor infraestrutura,Até 149 matrículas,TRUE,22,16,72.72727272727273,71,13,38,50,21,21,100,69,22,11,67,18.5,27.272727272727263,-2,9,-27,17,-4.545454545454546,31.25,Aumento de participação igual ou superior a 10 p.p.,1,1,TRUE,TRUE,TRUE,TRUE,0,-1,5,TRUE,FALSE,FALSE,TRUE,FALSE,FALSE,TRUE,FALSE,EMEF PROF GILBERTO JORGE GONCALVES DA SILVA,exata_normalizada,consolidado,,rede_municipal_direta_ou_nao_classificada,0,TRUE,FALSE,FALSE,FALSE,rede_municipal_direta,Rede municipal direta em 2024,codigo_inep_consolidado,2024,Censo Escolar/INEP via Base dos Dados,TRUE,3,,1,0,1,0,,,,Até 149 matrículas,1,2024,RS,4314902,1,1,1,1,1,0,0,1,212,36,176,109,23,22,24,19,21,67,0,40,40,0,106,106,150,27,32,0,0,3,176,109,67,0,31,28,19,16,31,11,9,5,4,9,,16,0,6,1,1,1,1,1,1,0,1,0,0,0,1,1,0,1,1,0,0,0,1,1,1,1,1,1,,,217,3,1,2,1,0,0,3,TRUE,TRUE,TRUE,FALSE,TRUE,10,8,TRUE,TRUE,1,3,FALSE,FALSE,FALSE,FALSE,FALSE,FALSE,FALSE,Rede municipal direta em 2024,FALSE,,TRUE,FALSE,Rede municipal direta em 2024,FALSE,,TRUE,,sem_revisao_necessaria,,,,Rede municipal direta em 2024,TRUE,TRUE,TRUE,1a_avaliacao_formativa,1a_avaliacao_formativa,linha_base_pre_programa,pos_inicio_programa,regra temporal pre-programa registrada no painel,declaracao formal,,2026-07-24,regra temporal preexistente do projeto,Marian Dante - assessora UEF/SMED,4.6913478822291435
ESC_041,43109055,TRUE,EMEF PROF JUDITH MACEDO DE ARAUJO,EMEF PROF JUDITH MACEDO DE ARAUJO,EMEF PROF JUDITH MACEDO DE ARAUJO,graziela,graziela,SIM,SIM,NA_APLICAVEL,SIM,NAO,SIM,0,1,,graziela,SEM_CARGA_DO_PROGRAMA,ATIVA,LINHA_BASE_PRE_PROGRAMA,ASSESSORADA,TRUE,TRUE,FALSE,TRUE,FALSE,TRUE,FALSE,FALSE,REGRA_TEMPORAL_CONFIRMADA,HOMOLOGADO,2025_1a_avaliacao_formativa_linha_base,2026-07-24_v1,3,Língua Portuguesa,TRUE,TRUE,TRUE,TRUE,TRUE,TRUE,TRUE,TRUE,TRUE,TRUE,Rede municipal direta em 2024,rede_municipal_direta_ou_nao_classificada,rede_municipal_direta,Municipal,Em atividade,FALSE,FALSE,367,14,19,26.214285714285715,19.31578947368421,14.168937329700272,6.004901960784314,0,41.1764705882353,3,100,Q3,300 a 499 matrículas,TRUE,80,66,82.5,52.48484848484848,27.454545454545453,45.46969696969697,27.075757575757574,86,71,82.55813953488372,42.80281690140845,44.859154929577464,23,32.140845070422536,68.5,0.05813953488372192,-9.682031583440036,17.40460947503201,-22.46969696969697,5.0650874946649616,7.5,7.575757575757576,Sem alerta principal de composição,3,3,TRUE,TRUE,TRUE,TRUE,0,6,5,TRUE,TRUE,FALSE,FALSE,FALSE,FALSE,FALSE,FALSE,EMEF PROF JUDITH MACEDO DE ARAUJO,exata_normalizada,consolidado,,rede_municipal_direta_ou_nao_classificada,0,TRUE,FALSE,FALSE,FALSE,rede_municipal_direta,Rede municipal direta em 2024,codigo_inep_consolidado,2024,Censo Escolar/INEP via Base dos Dados,TRUE,3,,1,0,1,0,,,,300 a 499 matrículas,2,2024,RS,4314902,1,0,1,1,1,0,1,1,816,0,714,367,70,76,78,57,86,347,102,49,49,0,388,428,456,171,164,1,1,23,83,52,31,0,46,38,19,23,45,35,27,14,13,0,,13,0,13,1,1,1,1,1,1,0,1,1,1,0,1,1,1,1,1,1,0,0,1,1,1,0,1,1,,,349,0,3,1,0,0,0,7,FALSE,TRUE,TRUE,TRUE,TRUE,10,10,TRUE,TRUE,1,3,FALSE,FALSE,FALSE,FALSE,FALSE,FALSE,FALSE,Rede municipal direta em 2024,FALSE,,TRUE,FALSE,Rede municipal direta em 2024,FALSE,,TRUE,,sem_revisao_necessaria,,,,Rede municipal direta em 2024,TRUE,TRUE,TRUE,1a_avaliacao_formativa,1a_avaliacao_formativa,linha_base_pre_programa,pos_inicio_programa,regra temporal pre-programa registrada no painel,declaracao formal,,2026-07-24,regra temporal preexistente do projeto,Marian Dante - assessora UEF/SMED,5.905361848054571
ESC_042,43109098,TRUE,EMEF PROF LARRY JOSE RIBEIRO ALVES,EMEF PROF LARRY JOSE RIBEIRO ALVES,EMEF PROF LARRY JOSE RIBEIRO ALVES,amanda,amanda,SIM,SIM,NA_APLICAVEL,SIM,NAO,SIM,0,1,,amanda,SEM_CARGA_DO_PROGRAMA,ATIVA,LINHA_BASE_PRE_PROGRAMA,ASSESSORADA,TRUE,TRUE,FALSE,TRUE,FALSE,TRUE,FALSE,FALSE,REGRA_TEMPORAL_CONFIRMADA,HOMOLOGADO,2025_1a_avaliacao_formativa_linha_base,2026-07-24_v1,3,Língua Portuguesa,TRUE,TRUE,TRUE,TRUE,TRUE,TRUE,TRUE,TRUE,TRUE,TRUE,Rede municipal direta em 2024,rede_municipal_direta_ou_nao_classificada,rede_municipal_direta,Municipal,Em atividade,FALSE,FALSE,420,16,22,26.25,19.09090909090909,21.19047619047619,6.1946902654867255,4.424778761061947,35.01896333754741,2,100,Q3,300 a 499 matrículas,TRUE,113,90,79.64601769911505,54.922222222222224,29.844444444444445,33.43333333333333,36.71111111111111,111,88,79.27927927927928,40.40909090909091,37.79545454545455,37.875,24.261363636363637,89,-0.3667384198357695,-14.513131313131318,7.951010101010102,4.44166666666667,-12.449747474747472,-1.7699115044247788,-2.2222222222222223,Sem alerta principal de composição,4,4,TRUE,TRUE,TRUE,TRUE,0,-2,-2,TRUE,FALSE,FALSE,FALSE,FALSE,FALSE,FALSE,FALSE,EMEF PROF LARRY JOSE RIBEIRO ALVES,exata_normalizada,consolidado,,rede_municipal_direta_ou_nao_classificada,0,TRUE,FALSE,FALSE,FALSE,rede_municipal_direta,Rede municipal direta em 2024,codigo_inep_consolidado,2024,Censo Escolar/INEP via Base dos Dados,TRUE,3,,1,0,1,0,,,,300 a 499 matrículas,3,2024,RS,4314902,1,0,1,1,1,0,0,1,791,0,791,420,72,80,102,83,83,371,0,49,49,0,359,432,447,155,121,3,1,64,122,89,33,35,38,38,22,21,36,30,30,16,14,0,,20,2,6,1,1,1,1,1,1,0,1,1,1,1,1,1,0,1,1,1,0,0,1,1,1,1,1,1,,,380,2,1,2,2,3,0,3,FALSE,TRUE,TRUE,FALSE,TRUE,10,10,TRUE,TRUE,1,3,FALSE,FALSE,FALSE,FALSE,FALSE,FALSE,FALSE,Rede municipal direta em 2024,FALSE,,TRUE,FALSE,Rede municipal direta em 2024,FALSE,,TRUE,,sem_revisao_necessaria,,,,Rede municipal direta em 2024,TRUE,TRUE,TRUE,1a_avaliacao_formativa,1a_avaliacao_formativa,linha_base_pre_programa,pos_inicio_programa,regra temporal pre-programa registrada no painel,declaracao formal,,2026-07-24,regra temporal preexistente do projeto,Marian Dante - assessora UEF/SMED,6.040254711277414
ESC_043,43293050,TRUE,EMEF RINCAO,EMEF RINCAO,EMEF RINCAO,jalize,jalize,SIM,SIM,NA_APLICAVEL,SIM,NAO,SIM,0,1,,jalize,SEM_CARGA_DO_PROGRAMA,ATIVA,LINHA_BASE_PRE_PROGRAMA,ASSESSORADA,TRUE,TRUE,FALSE,TRUE,FALSE,TRUE,FALSE,FALSE,REGRA_TEMPORAL_CONFIRMADA,HOMOLOGADO,2025_1a_avaliacao_formativa_linha_base,2026-07-24_v1,3,Língua Portuguesa,TRUE,TRUE,TRUE,TRUE,TRUE,TRUE,TRUE,TRUE,TRUE,TRUE,Rede municipal direta em 2024,rede_municipal_direta_ou_nao_classificada,rede_municipal_direta,Municipal,Em atividade,FALSE,FALSE,270,10,17,27,15.882352941176473,0,10.061601642710473,16.427104722792606,22.38193018480493,2,80,Q1 — menor infraestrutura,150 a 299 matrículas,TRUE,51,40,78.43137254901961,83.35,4.95,20.3,74.75,50,44,88,59.54545454545455,16.227272727272727,46.06818181818182,37.70454545454545,42,9.568627450980388,-23.804545454545448,11.277272727272727,25.76818181818182,-37.04545454545455,-1.96078431372549,10,Sem alerta principal de composição,2,2,TRUE,TRUE,TRUE,TRUE,0,-1,4,TRUE,FALSE,FALSE,FALSE,FALSE,FALSE,FALSE,FALSE,EMEF RINCAO,exata_normalizada,consolidado,,rede_municipal_direta_ou_nao_classificada,0,TRUE,FALSE,FALSE,FALSE,rede_municipal_direta,Rede municipal direta em 2024,codigo_inep_consolidado,2024,Censo Escolar/INEP via Base dos Dados,TRUE,3,,1,0,1,0,,,,150 a 299 matrículas,2,2024,RS,4314902,1,0,1,1,1,0,0,1,487,0,487,270,47,52,57,57,57,217,0,49,49,0,221,266,348,41,68,0,0,30,5,0,5,80,28,28,17,15,28,18,18,10,8,0,,9,1,8,1,1,1,1,1,1,0,0,1,1,0,1,0,1,1,0,0,0,0,1,1,1,1,1,1,,,220,1,2,0,0,5,0,4,FALSE,TRUE,TRUE,FALSE,TRUE,10,8,TRUE,TRUE,1,3,FALSE,FALSE,FALSE,FALSE,FALSE,FALSE,FALSE,Rede municipal direta em 2024,FALSE,,TRUE,FALSE,Rede municipal direta em 2024,FALSE,,TRUE,,sem_revisao_necessaria,,,,Rede municipal direta em 2024,TRUE,TRUE,TRUE,1a_avaliacao_formativa,1a_avaliacao_formativa,linha_base_pre_programa,pos_inicio_programa,regra temporal pre-programa registrada no painel,declaracao formal,,2026-07-24,regra temporal preexistente do projeto,Marian Dante - assessora UEF/SMED,5.598421958998375
ESC_044,43167179,TRUE,EMEF SAINT HILAIRE,EMEF SAINT HILAIRE,EMEF SAINT HILAIRE,andreia,andreia,SIM,SIM,NA_APLICAVEL,SIM,NAO,SIM,0,1,,andreia,SEM_CARGA_DO_PROGRAMA,ATIVA,LINHA_BASE_PRE_PROGRAMA,ASSESSORADA,TRUE,TRUE,FALSE,TRUE,FALSE,TRUE,FALSE,FALSE,REGRA_TEMPORAL_CONFIRMADA,HOMOLOGADO,2025_1a_avaliacao_formativa_linha_base,2026-07-24_v1,3,Língua Portuguesa,TRUE,TRUE,TRUE,TRUE,TRUE,TRUE,TRUE,TRUE,TRUE,TRUE,Rede municipal direta em 2024,rede_municipal_direta_ou_nao_classificada,rede_municipal_direta,Municipal,Em atividade,FALSE,FALSE,494,22,30,22.454545454545453,16.466666666666665,5.668016194331984,12.261306532663315,3.5175879396984926,33.266331658291456,4,90,Q2,300 a 499 matrículas,TRUE,113,85,75.22123893805309,44.31764705882353,44.858823529411765,26.08235294117647,29.529411764705884,94,82,87.23404255319149,44.0609756097561,39.792682926829265,26.74390243902439,32.951219512195124,83.5,12.012803615138395,-0.2566714490674329,-5.0661406025825,0.6615494978479184,3.4218077474892397,-16.8141592920354,-3.5294117647058822,Aumento de participação igual ou superior a 10 p.p.,5,4,TRUE,TRUE,TRUE,TRUE,-1,-19,-3,TRUE,FALSE,FALSE,TRUE,FALSE,FALSE,FALSE,FALSE,EMEF SAINT HILAIRE,exata_normalizada,consolidado,,rede_municipal_direta_ou_nao_classificada,0,TRUE,FALSE,FALSE,FALSE,rede_municipal_direta,Rede municipal direta em 2024,codigo_inep_consolidado,2024,Censo Escolar/INEP via Base dos Dados,TRUE,3,,1,0,1,0,,,,300 a 499 matrículas,4,2024,RS,4314902,1,1,1,1,1,0,1,1,995,17,877,494,86,90,124,102,92,383,101,122,122,0,477,518,603,162,169,2,0,59,59,28,31,35,57,53,30,29,56,48,40,22,18,0,,21,0,0,1,1,1,1,1,1,0,1,0,1,1,1,1,0,1,0,0,0,0,1,1,1,1,1,1,,,458,0,2,1,0,0,0,4,TRUE,TRUE,TRUE,TRUE,TRUE,10,9,TRUE,TRUE,1,3,FALSE,FALSE,FALSE,FALSE,FALSE,FALSE,FALSE,Rede municipal direta em 2024,FALSE,,TRUE,FALSE,Rede municipal direta em 2024,FALSE,,TRUE,,sem_revisao_necessaria,,,,Rede municipal direta em 2024,TRUE,TRUE,TRUE,1a_avaliacao_formativa,1a_avaliacao_formativa,linha_base_pre_programa,pos_inicio_programa,regra temporal pre-programa registrada no painel,declaracao formal,,2026-07-24,regra temporal preexistente do projeto,Marian Dante - assessora UEF/SMED,6.202535517187923
ESC_045,43167535,TRUE,EMEF SAO PEDRO,EMEF SAO PEDRO,EMEF SAO PEDRO,marian,marian,SIM,SIM,NA_APLICAVEL,SIM,NAO,SIM,0,1,,marian,SEM_CARGA_DO_PROGRAMA,ATIVA,LINHA_BASE_PRE_PROGRAMA,ASSESSORADA,TRUE,TRUE,FALSE,TRUE,FALSE,TRUE,FALSE,FALSE,REGRA_TEMPORAL_CONFIRMADA,HOMOLOGADO,2025_1a_avaliacao_formativa_linha_base,2026-07-24_v1,3,Língua Portuguesa,TRUE,TRUE,TRUE,TRUE,TRUE,TRUE,TRUE,TRUE,TRUE,TRUE,Rede municipal direta em 2024,rede_municipal_direta_ou_nao_classificada,rede_municipal_direta,Municipal,Em atividade,FALSE,FALSE,477,22,31,21.681818181818183,15.387096774193548,5.031446540880503,6.70611439842209,5.029585798816568,26.52859960552268,4,100,Q3,300 a 499 matrículas,TRUE,112,99,88.39285714285714,67.17171717171718,19.47474747474747,32.484848484848484,48.62626262626262,109,85,77.98165137614679,55.61176470588235,32.56470588235294,17.505882352941178,49.92941176470588,92,-10.411205766710353,-11.559952465834826,13.089958407605463,-14.978966131907306,1.30314913844326,-2.6785714285714284,-14.141414141414142,Queda de participação igual ou superior a 10 p.p.,5,4,TRUE,TRUE,TRUE,TRUE,-1,-3,-14,TRUE,FALSE,FALSE,FALSE,TRUE,FALSE,FALSE,FALSE,EMEF SAO PEDRO,exata_normalizada,consolidado,,rede_municipal_direta_ou_nao_classificada,0,TRUE,FALSE,FALSE,FALSE,rede_municipal_direta,Rede municipal direta em 2024,codigo_inep_consolidado,2024,Censo Escolar/INEP via Base dos Dados,TRUE,3,,1,0,1,0,,,,300 a 499 matrículas,3,2024,RS,4314902,1,1,1,1,1,0,1,1,1014,25,843,477,98,92,95,94,98,366,146,68,68,0,500,514,503,149,117,2,3,240,54,24,30,51,55,49,31,24,53,45,38,22,16,0,,23,0,4,1,1,1,1,1,1,1,1,1,1,1,1,1,0,0,1,0,0,0,1,1,1,1,1,1,,,3,0,3,3,0,0,0,15,TRUE,TRUE,TRUE,TRUE,TRUE,10,10,TRUE,TRUE,1,3,FALSE,FALSE,FALSE,FALSE,FALSE,FALSE,FALSE,Rede municipal direta em 2024,FALSE,,TRUE,FALSE,Rede municipal direta em 2024,FALSE,,TRUE,,sem_revisao_necessaria,,,,Rede municipal direta em 2024,TRUE,TRUE,TRUE,1a_avaliacao_formativa,1a_avaliacao_formativa,linha_base_pre_programa,pos_inicio_programa,regra temporal pre-programa registrada no painel,declaracao formal,,2026-07-24,regra temporal preexistente do projeto,Marian Dante - assessora UEF/SMED,6.1675164908883415
ESC_046,43107842,TRUE,EMEF SEN ALBERTO PASQUALINI,EMEF SEN ALBERTO PASQUALINI,EMEF SEN ALBERTO PASQUALINI,julia,julia,SIM,SIM,NA_APLICAVEL,SIM,NAO,SIM,0,1,,julia,SEM_CARGA_DO_PROGRAMA,ATIVA,LINHA_BASE_PRE_PROGRAMA,ASSESSORADA,TRUE,TRUE,FALSE,TRUE,FALSE,TRUE,FALSE,FALSE,REGRA_TEMPORAL_CONFIRMADA,HOMOLOGADO,2025_1a_avaliacao_formativa_linha_base,2026-07-24_v1,3,Língua Portuguesa,TRUE,TRUE,TRUE,TRUE,TRUE,TRUE,TRUE,TRUE,TRUE,TRUE,Rede municipal direta em 2024,rede_municipal_direta_ou_nao_classificada,rede_municipal_direta,Municipal,Em atividade,FALSE,FALSE,535,21,32,25.47619047619047,16.71875,17.94392523364486,9.370314842578711,4.72263868065967,31.93403298350825,3,90,Q2,500 matrículas ou mais,TRUE,125,84,67.2,64.19047619047619,24.904761904761905,22.797619047619047,52.29761904761905,100,84,84,49.54761904761905,35.48809523809524,23.107142857142858,41.404761904761905,84,16.799999999999997,-14.64285714285714,10.583333333333336,0.3095238095238102,-10.892857142857146,-20,0,Mudança relevante no público previsto e aumento de participação,5,4,TRUE,TRUE,TRUE,TRUE,-1,-25,0,FALSE,FALSE,FALSE,TRUE,FALSE,TRUE,FALSE,FALSE,EMEF SEN ALBERTO PASQUALINI,exata_normalizada,consolidado,,rede_municipal_direta_ou_nao_classificada,0,TRUE,FALSE,FALSE,FALSE,rede_municipal_direta,Rede municipal direta em 2024,codigo_inep_consolidado,2024,Censo Escolar/INEP via Base dos Dados,TRUE,3,,1,0,1,0,,,,500 matrículas ou mais,4,2024,RS,4314902,1,0,1,1,1,0,1,1,1334,0,1006,535,74,100,117,133,111,471,328,125,125,0,653,681,726,220,204,1,2,181,141,96,45,63,65,57,32,31,65,45,38,21,17,0,,26,0,8,1,1,1,1,1,1,0,1,0,1,1,1,1,0,1,1,0,0,0,1,1,1,1,1,1,,,326,0,2,3,0,0,0,4,FALSE,TRUE,TRUE,TRUE,TRUE,10,9,TRUE,TRUE,1,3,FALSE,FALSE,FALSE,FALSE,FALSE,FALSE,FALSE,Rede municipal direta em 2024,FALSE,,TRUE,FALSE,Rede municipal direta em 2024,FALSE,,TRUE,,sem_revisao_necessaria,,,,Rede municipal direta em 2024,TRUE,TRUE,TRUE,1a_avaliacao_formativa,1a_avaliacao_formativa,linha_base_pre_programa,pos_inicio_programa,regra temporal pre-programa registrada no painel,declaracao formal,,2026-07-24,regra temporal preexistente do projeto,Marian Dante - assessora UEF/SMED,6.282266746896006
ESC_047,43189253,TRUE,EMEF TIMBAUVA,EMEF TIMBAUVA,EMEF TIMBAUVA,nathalia,nathalia,SIM,SIM,NA_APLICAVEL,SIM,NAO,SIM,0,1,,nathalia,SEM_CARGA_DO_PROGRAMA,ATIVA,LINHA_BASE_PRE_PROGRAMA,ASSESSORADA,TRUE,TRUE,FALSE,TRUE,FALSE,TRUE,FALSE,FALSE,REGRA_TEMPORAL_CONFIRMADA,HOMOLOGADO,2025_1a_avaliacao_formativa_linha_base,2026-07-24_v1,3,Língua Portuguesa,TRUE,TRUE,TRUE,TRUE,TRUE,TRUE,TRUE,TRUE,TRUE,TRUE,Rede municipal direta em 2024,rede_municipal_direta_ou_nao_classificada,rede_municipal_direta,Municipal,Em atividade,FALSE,FALSE,353,15,22,23.533333333333335,16.045454545454547,30.878186968838527,9.295774647887324,0.14084507042253522,39.57746478873239,3,80,Q1 — menor infraestrutura,300 a 499 matrículas,TRUE,67,48,71.64179104477611,38.5,56.208333333333336,18.8125,24.979166666666668,68,65,95.58823529411764,60.738461538461536,26.615384615384617,15.953846153846154,57.76923076923077,56.5,23.94644424934154,22.238461538461536,-29.59294871794872,-2.858653846153846,32.7900641025641,1.492537313432836,35.416666666666664,Aumento de participação igual ou superior a 10 p.p.,3,3,TRUE,TRUE,TRUE,TRUE,0,1,17,TRUE,FALSE,FALSE,TRUE,FALSE,FALSE,FALSE,FALSE,EMEF TIMBAUVA,exata_normalizada,consolidado,,rede_municipal_direta_ou_nao_classificada,0,TRUE,FALSE,FALSE,FALSE,rede_municipal_direta,Rede municipal direta em 2024,codigo_inep_consolidado,2024,Censo Escolar/INEP via Base dos Dados,TRUE,3,,1,0,1,0,,,,300 a 499 matrículas,2,2024,RS,4314902,1,1,1,1,1,0,0,1,710,82,628,353,69,63,71,76,74,275,0,66,66,0,333,377,354,99,180,0,2,75,200,109,91,1,48,43,22,23,47,31,27,15,12,0,,27,0,0,1,1,1,1,1,1,0,1,0,1,0,1,1,1,0,0,0,0,1,1,0,1,1,1,1,,,400,2,2,2,0,0,0,6,TRUE,TRUE,TRUE,FALSE,TRUE,10,8,TRUE,FALSE,1,3,FALSE,FALSE,FALSE,FALSE,FALSE,FALSE,FALSE,Rede municipal direta em 2024,FALSE,,TRUE,FALSE,Rede municipal direta em 2024,FALSE,,TRUE,,sem_revisao_necessaria,,,,Rede municipal direta em 2024,TRUE,TRUE,TRUE,1a_avaliacao_formativa,1a_avaliacao_formativa,linha_base_pre_programa,pos_inicio_programa,regra temporal pre-programa registrada no painel,declaracao formal,,2026-07-24,regra temporal preexistente do projeto,Marian Dante - assessora UEF/SMED,5.8664680569332965
ESC_048,43172482,TRUE,EMEF VER ANTONIO GIUDICE,EMEF VER ANTONIO GIUDICE,EMEF VER ANTONIO GIUDICE,clarissa,clarissa,SIM,SIM,NA_APLICAVEL,SIM,NAO,SIM,0,1,,clarissa,SEM_CARGA_DO_PROGRAMA,ATIVA,LINHA_BASE_PRE_PROGRAMA,ASSESSORADA,TRUE,TRUE,FALSE,TRUE,FALSE,TRUE,FALSE,FALSE,REGRA_TEMPORAL_CONFIRMADA,HOMOLOGADO,2025_1a_avaliacao_formativa_linha_base,2026-07-24_v1,3,Língua Portuguesa,TRUE,TRUE,TRUE,TRUE,TRUE,TRUE,TRUE,TRUE,TRUE,TRUE,Rede municipal direta em 2024,rede_municipal_direta_ou_nao_classificada,rede_municipal_direta,Municipal,Em atividade,FALSE,FALSE,404,18,27,22.444444444444443,14.962962962962964,0,9.766022380467955,12.817904374364192,30.824008138351985,3,100,Q3,300 a 499 matrículas,TRUE,75,63,84,43.73015873015873,36.285714285714285,42.857142857142854,20.857142857142858,71,66,92.95774647887325,67.42424242424242,16.545454545454547,26.696969696969695,56.75757575757576,64.5,8.957746478873233,23.694083694083695,-19.740259740259734,-16.16017316017316,35.900432900432904,-5.333333333333333,4.761904761904762,Sem alerta principal de composição,3,3,TRUE,TRUE,TRUE,TRUE,0,-4,3,TRUE,TRUE,FALSE,FALSE,FALSE,FALSE,FALSE,FALSE,EMEF VER ANTONIO GIUDICE,exata_normalizada,consolidado,,rede_municipal_direta_ou_nao_classificada,0,TRUE,FALSE,FALSE,FALSE,rede_municipal_direta,Rede municipal direta em 2024,codigo_inep_consolidado,2024,Censo Escolar/INEP via Base dos Dados,TRUE,3,,1,0,1,0,,,,300 a 499 matrículas,3,2024,RS,4314902,1,0,1,1,1,0,1,1,983,0,792,404,70,63,98,72,101,388,191,96,96,0,488,495,643,123,176,0,4,37,0,0,0,126,56,49,27,28,56,41,34,18,16,0,,16,0,0,1,1,1,1,1,1,0,1,1,1,1,1,1,0,1,0,0,0,0,1,1,1,1,1,1,,,490,0,0,3,0,0,0,7,FALSE,TRUE,TRUE,TRUE,TRUE,10,10,TRUE,TRUE,1,3,FALSE,FALSE,FALSE,FALSE,FALSE,FALSE,FALSE,Rede municipal direta em 2024,FALSE,,TRUE,FALSE,Rede municipal direta em 2024,FALSE,,TRUE,,sem_revisao_necessaria,,,,Rede municipal direta em 2024,TRUE,TRUE,TRUE,1a_avaliacao_formativa,1a_avaliacao_formativa,linha_base_pre_programa,pos_inicio_programa,regra temporal pre-programa registrada no painel,declaracao formal,,2026-07-24,regra temporal preexistente do projeto,Marian Dante - assessora UEF/SMED,6.0014148779611505
ESC_049,43109080,TRUE,EMEF VER CARLOS PESSOA DE BRUM,EMEF VER CARLOS PESSOA DE BRUM,EMEF VER CARLOS PESSOA DE BRUM,priscila,priscila,SIM,SIM,NA_APLICAVEL,SIM,NAO,SIM,0,1,,priscila,SEM_CARGA_DO_PROGRAMA,ATIVA,LINHA_BASE_PRE_PROGRAMA,ASSESSORADA,TRUE,TRUE,FALSE,TRUE,FALSE,TRUE,FALSE,FALSE,REGRA_TEMPORAL_CONFIRMADA,HOMOLOGADO,2025_1a_avaliacao_formativa_linha_base,2026-07-24_v1,3,Língua Portuguesa,TRUE,TRUE,TRUE,TRUE,TRUE,TRUE,TRUE,TRUE,TRUE,TRUE,Rede municipal direta em 2024,rede_municipal_direta_ou_nao_classificada,rede_municipal_direta,Municipal,Em atividade,FALSE,FALSE,574,22,25,26.09090909090909,22.96,36.23693379790941,6.63265306122449,3.061224489795918,39.625850340136054,4,90,Q2,500 matrículas ou mais,TRUE,127,86,67.71653543307086,34.36046511627907,47.7093023255814,39.627906976744185,13.069767441860463,153,121,79.08496732026144,29.73553719008265,55.14876033057851,27.669421487603305,17.512396694214875,103.5,11.368431887190582,-4.624927926196428,7.439458004997114,-11.95848548914088,4.4426292523544095,20.47244094488189,40.69767441860465,Mudança relevante no público previsto e aumento de participação,5,6,TRUE,TRUE,TRUE,TRUE,1,26,35,FALSE,FALSE,FALSE,TRUE,FALSE,TRUE,FALSE,FALSE,EMEF VER CARLOS PESSOA DE BRUM,exata_normalizada,consolidado,,rede_municipal_direta_ou_nao_classificada,0,TRUE,FALSE,FALSE,FALSE,rede_municipal_direta,Rede municipal direta em 2024,codigo_inep_consolidado,2024,Censo Escolar/INEP via Base dos Dados,TRUE,3,,1,0,1,0,,,,500 matrículas ou mais,4,2024,RS,4314902,1,1,1,1,1,0,1,1,1176,40,1014,574,95,103,130,122,124,440,122,78,78,0,594,582,558,261,199,3,6,149,294,208,86,36,55,49,25,30,53,51,41,22,19,0,,24,0,7,1,1,1,1,1,1,0,1,1,1,1,1,0,1,1,0,0,0,0,1,1,1,1,1,1,,,489,2,3,3,2,1,0,8,TRUE,TRUE,TRUE,TRUE,TRUE,10,9,TRUE,TRUE,1,3,FALSE,FALSE,FALSE,FALSE,FALSE,FALSE,FALSE,Rede municipal direta em 2024,FALSE,,TRUE,FALSE,Rede municipal direta em 2024,FALSE,,TRUE,,sem_revisao_necessaria,,,,Rede municipal direta em 2024,TRUE,TRUE,TRUE,1a_avaliacao_formativa,1a_avaliacao_formativa,linha_base_pre_programa,pos_inicio_programa,regra temporal pre-programa registrada no painel,declaracao formal,,2026-07-24,regra temporal preexistente do projeto,Marian Dante - assessora UEF/SMED,6.352629396319567
ESC_050,43109101,TRUE,EMEF VER MARTIM ARANHA,EMEF VER MARTIM ARANHA,EMEF VER MARTIM ARANHA,priscila,priscila,SIM,SIM,NA_APLICAVEL,SIM,NAO,SIM,0,1,,priscila,SEM_CARGA_DO_PROGRAMA,ATIVA,LINHA_BASE_PRE_PROGRAMA,ASSESSORADA,TRUE,TRUE,FALSE,TRUE,FALSE,TRUE,FALSE,FALSE,REGRA_TEMPORAL_CONFIRMADA,HOMOLOGADO,2025_1a_avaliacao_formativa_linha_base,2026-07-24_v1,3,Língua Portuguesa,TRUE,TRUE,TRUE,TRUE,TRUE,TRUE,TRUE,TRUE,TRUE,TRUE,Rede municipal direta em 2024,rede_municipal_direta_ou_nao_classificada,rede_municipal_direta,Municipal,Em atividade,FALSE,FALSE,333,15,20,22.2,16.65,21.62162162162162,10.66481994459834,1.8005540166204983,45.15235457063712,4,90,Q2,300 a 499 matrículas,TRUE,82,59,71.95121951219512,64.62711864406779,17.10169491525424,33.94915254237288,49.271186440677965,76,60,78.94736842105263,35,45.7,33.5,21.1,59.5,6.996148908857506,-29.627118644067792,28.598305084745764,-0.4491525423728788,-28.171186440677964,-7.317073170731708,1.694915254237288,Sem alerta principal de composição,3,3,TRUE,TRUE,TRUE,TRUE,0,-6,1,TRUE,FALSE,FALSE,FALSE,FALSE,FALSE,FALSE,FALSE,EMEF VER MARTIM ARANHA,exata_normalizada,consolidado,,rede_municipal_direta_ou_nao_classificada,0,TRUE,FALSE,FALSE,FALSE,rede_municipal_direta,Rede municipal direta em 2024,codigo_inep_consolidado,2024,Censo Escolar/INEP via Base dos Dados,TRUE,3,,1,0,1,0,,,,300 a 499 matrículas,2,2024,RS,4314902,1,1,1,1,1,0,1,1,722,39,575,333,65,67,74,64,63,242,108,77,77,0,365,357,373,167,157,1,2,22,100,72,28,13,43,35,20,18,42,33,26,15,11,0,,20,0,0,1,1,1,1,1,1,0,1,1,1,1,1,0,1,1,1,0,1,0,1,1,1,1,1,1,,,351,3,2,1,1,1,0,6,TRUE,TRUE,TRUE,TRUE,TRUE,10,9,TRUE,TRUE,1,3,FALSE,FALSE,FALSE,FALSE,FALSE,FALSE,FALSE,Rede municipal direta em 2024,FALSE,,TRUE,FALSE,Rede municipal direta em 2024,FALSE,,TRUE,,sem_revisao_necessaria,,,,Rede municipal direta em 2024,TRUE,TRUE,TRUE,1a_avaliacao_formativa,1a_avaliacao_formativa,linha_base_pre_programa,pos_inicio_programa,regra temporal pre-programa registrada no painel,declaracao formal,,2026-07-24,regra temporal preexistente do projeto,Marian Dante - assessora UEF/SMED,5.808142489980444
ESC_051,43175120,TRUE,EMEF VILA MONTE CRISTO,EMEF VILA MONTE CRISTO,EMEF VILA MONTE CRISTO,graziela,graziela,SIM,SIM,NA_APLICAVEL,SIM,NAO,SIM,0,1,,graziela,SEM_CARGA_DO_PROGRAMA,ATIVA,LINHA_BASE_PRE_PROGRAMA,ASSESSORADA,TRUE,TRUE,FALSE,TRUE,FALSE,TRUE,FALSE,FALSE,REGRA_TEMPORAL_CONFIRMADA,HOMOLOGADO,2025_1a_avaliacao_formativa_linha_base,2026-07-24_v1,3,Língua Portuguesa,TRUE,TRUE,TRUE,TRUE,TRUE,TRUE,TRUE,TRUE,TRUE,TRUE,Rede municipal direta em 2024,rede_municipal_direta_ou_nao_classificada,rede_municipal_direta,Municipal,Em atividade,FALSE,FALSE,454,20,29,22.7,15.655172413793103,6.387665198237886,11.580882352941176,3.4926470588235294,30.514705882352946,4,70,Q1 — menor infraestrutura,300 a 499 matrículas,TRUE,92,72,78.26086956521739,63,27.65277777777778,20.72222222222222,51.19444444444444,91,83,91.2087912087912,46.12048192771084,36.30120481927711,28.66265060240964,34.54216867469879,77.5,12.94792164357382,-16.87951807228916,8.648427041499332,7.940428380187416,-16.65227576974565,-1.0869565217391304,15.27777777777778,Aumento de participação igual ou superior a 10 p.p.,4,4,TRUE,TRUE,TRUE,TRUE,0,-1,11,TRUE,FALSE,FALSE,TRUE,FALSE,FALSE,FALSE,FALSE,EMEF VILA MONTE CRISTO,exata_normalizada,consolidado,,rede_municipal_direta_ou_nao_classificada,0,TRUE,FALSE,FALSE,FALSE,rede_municipal_direta,Rede municipal direta em 2024,codigo_inep_consolidado,2024,Censo Escolar/INEP via Base dos Dados,TRUE,3,,1,0,1,0,,,,300 a 499 matrículas,3,2024,RS,4314902,1,1,1,1,1,0,1,1,1088,48,845,454,89,87,89,86,103,391,195,126,126,0,509,579,711,158,171,1,3,44,89,29,60,38,63,52,29,29,61,50,38,20,18,0,,36,1,0,1,1,1,0,1,1,1,0,1,1,0,1,1,1,0,1,0,0,0,1,0,1,1,1,1,,,460,11,3,3,1,2,0,11,TRUE,TRUE,TRUE,TRUE,TRUE,10,7,TRUE,TRUE,1,3,FALSE,FALSE,FALSE,FALSE,FALSE,FALSE,FALSE,Rede municipal direta em 2024,FALSE,,TRUE,FALSE,Rede municipal direta em 2024,FALSE,,TRUE,,sem_revisao_necessaria,,,,Rede municipal direta em 2024,TRUE,TRUE,TRUE,1a_avaliacao_formativa,1a_avaliacao_formativa,linha_base_pre_programa,pos_inicio_programa,regra temporal pre-programa registrada no painel,declaracao formal,,2026-07-24,regra temporal preexistente do projeto,Marian Dante - assessora UEF/SMED,6.118097198041348
ESC_052,43173721,TRUE,EMEF WENCESLAU FONTOURA,EMEF WENCESLAU FONTOURA,EMEF WENCESLAU FONTOURA,eliane,eliane,SIM,SIM,NA_APLICAVEL,SIM,NAO,SIM,0,1,,eliane,SEM_CARGA_DO_PROGRAMA,ATIVA,LINHA_BASE_PRE_PROGRAMA,ASSESSORADA,TRUE,TRUE,FALSE,TRUE,FALSE,TRUE,FALSE,FALSE,REGRA_TEMPORAL_CONFIRMADA,HOMOLOGADO,2025_1a_avaliacao_formativa_linha_base,2026-07-24_v1,3,Língua Portuguesa,TRUE,TRUE,TRUE,TRUE,TRUE,TRUE,TRUE,TRUE,TRUE,TRUE,Rede municipal direta em 2024,rede_municipal_direta_ou_nao_classificada,rede_municipal_direta,Municipal,Em atividade,FALSE,FALSE,446,17,25,26.235294117647054,17.84,34.75336322869955,9.976525821596244,0.5868544600938967,38.14553990610329,3,90,Q2,300 a 499 matrículas,TRUE,103,76,73.7864077669903,50.81578947368421,39.39473684210526,28.86842105263158,31.73684210526316,102,92,90.19607843137256,51.25,26.652173913043477,33.18478260869565,40.16304347826087,84,16.40967066438226,0.4342105263157876,-12.742562929061783,4.31636155606407,8.42620137299771,-0.970873786407767,21.05263157894737,Aumento de participação igual ou superior a 10 p.p.,4,4,TRUE,TRUE,TRUE,TRUE,0,-1,16,TRUE,FALSE,FALSE,TRUE,FALSE,FALSE,FALSE,FALSE,EMEF WENCESLAU FONTOURA,exata_normalizada,consolidado,,rede_municipal_direta_ou_nao_classificada,0,TRUE,FALSE,FALSE,FALSE,rede_municipal_direta,Rede municipal direta em 2024,codigo_inep_consolidado,2024,Censo Escolar/INEP via Base dos Dados,TRUE,3,,1,0,1,0,,,,300 a 499 matrículas,3,2024,RS,4314902,1,1,1,1,1,0,0,1,852,80,772,446,98,104,78,81,85,326,0,85,85,0,437,415,503,157,167,0,1,24,261,155,106,5,45,43,25,21,43,33,29,17,12,0,,27,1,0,1,1,1,1,1,1,0,0,1,1,1,1,1,1,1,0,1,0,0,1,1,1,1,1,1,,,400,0,3,2,2,1,0,5,TRUE,TRUE,TRUE,FALSE,TRUE,10,9,TRUE,TRUE,1,3,FALSE,FALSE,FALSE,FALSE,FALSE,FALSE,FALSE,Rede municipal direta em 2024,FALSE,,TRUE,FALSE,Rede municipal direta em 2024,FALSE,,TRUE,,sem_revisao_necessaria,,,,Rede municipal direta em 2024,TRUE,TRUE,TRUE,1a_avaliacao_formativa,1a_avaliacao_formativa,linha_base_pre_programa,pos_inicio_programa,regra temporal pre-programa registrada no painel,declaracao formal,,2026-07-24,regra temporal preexistente do projeto,Marian Dante - assessora UEF/SMED,6.100318952020064
ESC_053,43105246,TRUE,EMEM EMILIO MEYER,EMEM EMILIO MEYER,EMEM EMILIO MEYER,ruti,ruti,SIM,SIM,NA_APLICAVEL,SIM,NAO,SIM,0,1,,ruti,SEM_CARGA_DO_PROGRAMA,ATIVA,LINHA_BASE_PRE_PROGRAMA,ASSESSORADA,TRUE,TRUE,FALSE,TRUE,FALSE,TRUE,FALSE,FALSE,REGRA_TEMPORAL_CONFIRMADA,HOMOLOGADO,2025_1a_avaliacao_formativa_linha_base,2026-07-24_v1,3,Língua Portuguesa,TRUE,TRUE,TRUE,TRUE,TRUE,TRUE,TRUE,TRUE,TRUE,TRUE,Rede municipal direta em 2024,rede_municipal_direta_ou_nao_classificada,rede_municipal_direta,Municipal,Em atividade,FALSE,FALSE,377,18,27,20.944444444444443,13.962962962962964,0.7957559681697612,9.70873786407767,4.854368932038835,35.19417475728155,3,90,Q2,300 a 499 matrículas,TRUE,96,73,76.04166666666667,47.54794520547945,40.89041095890411,24.616438356164384,34.013698630136986,88,70,79.54545454545455,45.457142857142856,39.371428571428574,28.557142857142857,32.07142857142857,71.5,3.5037878787878753,-2.090802348336595,-1.518982387475539,3.940704500978473,-1.9422700587084163,-8.333333333333334,-4.109589041095891,Sem alerta principal de composição,4,4,TRUE,TRUE,TRUE,TRUE,0,-8,-3,TRUE,FALSE,FALSE,FALSE,FALSE,FALSE,FALSE,FALSE,EMEM EMILIO MEYER,exata_normalizada,consolidado,,rede_municipal_direta_ou_nao_classificada,0,TRUE,FALSE,FALSE,FALSE,rede_municipal_direta,Rede municipal direta em 2024,codigo_inep_consolidado,2024,Censo Escolar/INEP via Base dos Dados,TRUE,3,,1,0,1,0,,,,300 a 499 matrículas,2,2024,RS,4314902,1,1,1,1,1,1,0,1,824,102,533,377,81,75,80,71,70,156,0,80,80,0,445,379,487,166,123,0,1,47,3,3,0,40,66,40,27,16,66,43,26,18,8,0,,35,0,2,1,1,1,1,1,1,0,1,1,0,0,1,1,0,1,1,0,0,0,1,1,1,1,1,1,,,480,0,1,3,0,0,0,9,TRUE,TRUE,TRUE,FALSE,TRUE,10,9,TRUE,TRUE,1,3,FALSE,FALSE,FALSE,FALSE,FALSE,FALSE,FALSE,Rede municipal direta em 2024,FALSE,,TRUE,FALSE,Rede municipal direta em 2024,FALSE,,TRUE,,sem_revisao_necessaria,,,,Rede municipal direta em 2024,TRUE,TRUE,TRUE,1a_avaliacao_formativa,1a_avaliacao_formativa,linha_base_pre_programa,pos_inicio_programa,regra temporal pre-programa registrada no painel,declaracao formal,,2026-07-24,regra temporal preexistente do projeto,Marian Dante - assessora UEF/SMED,5.932245187448011
ESC_054,43106668,TRUE,ESC EST ENS FUN PROFESSORA LEOPOLDA BARNEWITZ,ESC EST ENS FUN PROFESSORA LEOPOLDA BARNEWITZ,ESC EST ENS FUN PROFESSORA LEOPOLDA BARNEWITZ,julia,julia,SIM,SIM,NA_APLICAVEL,SIM,NAO,SIM,0,1,,julia,SEM_CARGA_DO_PROGRAMA,ATIVA,LINHA_BASE_PRE_PROGRAMA,ASSESSORADA,TRUE,TRUE,FALSE,TRUE,FALSE,TRUE,FALSE,FALSE,REGRA_TEMPORAL_CONFIRMADA,HOMOLOGADO,2025_1a_avaliacao_formativa_linha_base,2026-07-24_v1,3,Língua Portuguesa,TRUE,TRUE,TRUE,TRUE,FALSE,FALSE,TRUE,FALSE,FALSE,TRUE,"Estadual em 2024, municipalizada posteriormente",municipalizada_apos_2024,rede_municipal_direta,Estadual,Em atividade,TRUE,FALSE,154,8,17,19.25,9.058823529411764,100,5.194805194805195,0,32.467532467532465,1,60,Q1 — menor infraestrutura,150 a 299 matrículas,TRUE,26,20,76.92307692307692,73,20,10,70,39,39,100,82.07692307692308,2.923076923076923,18.53846153846154,79.02564102564102,29.5,23.07692307692308,9.07692307692308,-17.076923076923077,8.53846153846154,9.025641025641022,50,95,Mudança relevante no público previsto e aumento de participação,1,2,TRUE,TRUE,TRUE,TRUE,1,13,19,TRUE,FALSE,FALSE,TRUE,FALSE,TRUE,FALSE,FALSE,ESC EST ENS FUN PROFESSORA LEOPOLDA BARNEWITZ,exata_normalizada,consolidado,,municipalizada_apos_2024,0,TRUE,FALSE,TRUE,FALSE,rede_municipal_direta,"Escola pertencente e em funcionamento normal na rede estadual durante 2024. Foi municipalizada em janeiro de 2025 e passou a operar como escola da rede municipal direta, em regime de tempo integral. Para o contexto pré-programa de 2024 deve permanecer classificada como estadual; para 2025 em diante deve ser tratada como municipalizada recentemente e integrante da rede municipal direta.",codigo_inep_consolidado,2024,Censo Escolar/INEP via Base dos Dados,TRUE,2,,1,0,1,0,,,,150 a 299 matrículas,1,2024,RS,4314902,1,0,1,1,0,0,0,1,154,0,154,154,44,23,24,28,35,0,0,8,8,0,79,75,101,22,28,0,0,3,154,154,0,0,17,17,17,0,16,8,8,8,0,8,,17,0,0,1,1,1,1,0,0,0,0,0,1,1,1,1,0,0,0,0,0,1,1,0,1,1,1,1,,,30,0,0,0,0,0,5,2,FALSE,TRUE,FALSE,FALSE,TRUE,10,6,FALSE,FALSE,1,2,FALSE,FALSE,FALSE,FALSE,FALSE,FALSE,FALSE,Situação administrativa a examinar,FALSE,,TRUE,FALSE,Rede estadual em 2024,TRUE,"Censo 2024 registra dependência estadual, mas o cadastro local classifica como rede municipal direta",TRUE,Dependência estadual no Censo 2024,confirmar_com_ressalva,municipalizada_apos_2024,rede_municipal_direta,"Escola pertencente e em funcionamento normal na rede estadual durante 2024. Foi municipalizada em janeiro de 2025 e passou a operar como escola da rede municipal direta, em regime de tempo integral. Para o contexto pré-programa de 2024 deve permanecer classificada como estadual; para 2025 em diante deve ser tratada como municipalizada recentemente e integrante da rede municipal direta.","Escola pertencente e em funcionamento normal na rede estadual durante 2024. Foi municipalizada em janeiro de 2025 e passou a operar como escola da rede municipal direta, em regime de tempo integral. Para o contexto pré-programa de 2024 deve permanecer classificada como estadual; para 2025 em diante deve ser tratada como municipalizada recentemente e integrante da rede municipal direta.",TRUE,TRUE,TRUE,1a_avaliacao_formativa,1a_avaliacao_formativa,linha_base_pre_programa,pos_inicio_programa,regra temporal pre-programa registrada no painel,declaracao formal,,2026-07-24,regra temporal preexistente do projeto,Marian Dante - assessora UEF/SMED,5.0369526024136295
ESC_055,43105300,TRUE,ESCOLA DE ENSINO FUNDAMENTAL MADRE RAFFO,7028 ESCOLA DE ENSINO FUNDAMENTAL MADRE RAFFO,ESCOLA DE ENSINO FUNDAMENTAL MADRE RAFFO,outras,outras,SIM,SIM,NA_APLICAVEL,NAO,NAO,NAO,0,0,,,SEM_CARGA_DO_PROGRAMA,ZERO_OU_TENDENTE_A_ZERO,LINHA_BASE_PRE_PROGRAMA,NAO_EXPOSTA_INELEGIVEL,TRUE,TRUE,FALSE,FALSE,FALSE,FALSE,FALSE,TRUE,REGRA_TEMPORAL_CONFIRMADA,HOMOLOGADO,2025_1a_avaliacao_formativa_linha_base,2026-07-24_v1,3,Língua Portuguesa,TRUE,TRUE,TRUE,TRUE,FALSE,TRUE,FALSE,FALSE,TRUE,FALSE,Privada conveniada ou supervisionada,privada_conveniada_sob_supervisao_municipal,fora_da_rede_municipal_direta,Privada,Em atividade,FALSE,TRUE,159,8,13,19.875,12.23076923076923,0,4.406779661016949,0,5.762711864406779,3,80,Q1 — menor infraestrutura,150 a 299 matrículas,TRUE,9,8,88.88888888888889,80,0,25,75,4,4,100,77,0,50,50,6,11.111111111111114,-3,0,25,-25,-55.55555555555556,-50,Mudança relevante no público previsto e aumento de participação,1,1,TRUE,TRUE,TRUE,TRUE,0,-5,-4,TRUE,TRUE,FALSE,TRUE,FALSE,TRUE,TRUE,TRUE,ESCOLA DE ENSINO FUNDAMENTAL MADRE RAFFO,exata_normalizada,consolidado,,privada_conveniada_sob_supervisao_municipal,0,TRUE,FALSE,FALSE,FALSE,fora_da_rede_municipal_direta,"Escola da rede privada comunitária, vinculada ao grupo Horto de Ensino, conveniada com a Prefeitura de Porto Alegre para atendimento da demanda por vagas públicas. Não possui docentes cedidos pelo poder público, mas integra a supervisão programática da SMED e o acompanhamento dos resultados das avaliações municipais. Mantém parceria com a Prefeitura ao menos desde 2020, em situação semelhante à Pequena Casa da Criança e à Aldeia Lumiar. Deve ser classificada como instituição privada conveniada ou supervisionada, fora da rede municipal direta, mas incluída no universo municipal ampliado quando pertinente.",codigo_inep_consolidado,2024,Censo Escolar/INEP via Base dos Dados,TRUE,4,4,1,0,1,1,1,,,150 a 299 matrículas,1,2024,RS,4314902,,1,1,1,1,0,0,1,295,37,258,159,36,36,20,39,28,99,0,13,13,0,149,146,218,4,13,0,0,60,0,0,0,0,21,19,13,10,18,14,12,8,4,0,,9,9,5,1,1,1,1,1,1,0,0,1,1,1,1,0,1,1,1,1,0,0,1,1,1,0,0,1,,,0,0,1,0,1,1,1,2,TRUE,TRUE,TRUE,FALSE,TRUE,10,8,TRUE,TRUE,1,4,FALSE,FALSE,FALSE,FALSE,FALSE,FALSE,FALSE,Situação administrativa a examinar,FALSE,,TRUE,FALSE,Privada sem vínculo municipal classificado,TRUE,"Censo 2024 registra dependência privada, mas o cadastro local classifica como rede municipal direta",TRUE,Dependência privada no Censo 2024,corrigir,privada_conveniada_sob_supervisao_municipal,fora_da_rede_municipal_direta,"Escola da rede privada comunitária, vinculada ao grupo Horto de Ensino, conveniada com a Prefeitura de Porto Alegre para atendimento da demanda por vagas públicas. Não possui docentes cedidos pelo poder público, mas integra a supervisão programática da SMED e o acompanhamento dos resultados das avaliações municipais. Mantém parceria com a Prefeitura ao menos desde 2020, em situação semelhante à Pequena Casa da Criança e à Aldeia Lumiar. Deve ser classificada como instituição privada conveniada ou supervisionada, fora da rede municipal direta, mas incluída no universo municipal ampliado quando pertinente.","Escola da rede privada comunitária, vinculada ao grupo Horto de Ensino, conveniada com a Prefeitura de Porto Alegre para atendimento da demanda por vagas públicas. Não possui docentes cedidos pelo poder público, mas integra a supervisão programática da SMED e o acompanhamento dos resultados das avaliações municipais. Mantém parceria com a Prefeitura ao menos desde 2020, em situação semelhante à Pequena Casa da Criança e à Aldeia Lumiar. Deve ser classificada como instituição privada conveniada ou supervisionada, fora da rede municipal direta, mas incluída no universo municipal ampliado quando pertinente.",TRUE,TRUE,TRUE,1a_avaliacao_formativa,1a_avaliacao_formativa,linha_base_pre_programa,pos_inicio_programa,regra temporal pre-programa registrada no painel,declaracao formal,,2026-07-24,regra temporal preexistente do projeto,Marian Dante - assessora UEF/SMED,5.0689042022202315
ESC_056,43189768,TRUE,EEF ALDEIA LUMIAR,,EEF ALDEIA LUMIAR,,Sem vinculação informada,SIM,SIM,NA_APLICAVEL,NAO,NAO,NAO,0,0,,,SEM_CARGA_DO_PROGRAMA,ZERO_OU_TENDENTE_A_ZERO,LINHA_BASE_PRE_PROGRAMA,NAO_EXPOSTA_INELEGIVEL,TRUE,TRUE,FALSE,FALSE,FALSE,FALSE,FALSE,TRUE,REGRA_TEMPORAL_CONFIRMADA,HOMOLOGADO,2025_1a_avaliacao_formativa_linha_base,2026-07-24_v1,4,Língua Portuguesa,FALSE,FALSE,TRUE,FALSE,FALSE,FALSE,FALSE,FALSE,TRUE,FALSE,Filantrópica supervisionada,filantropica_sob_supervisao_municipal,fora_da_rede_municipal_direta,Privada,Em atividade,FALSE,TRUE,109,0,0,,,100,6.598984771573604,0,20.304568527918786,2,80,Q1 — menor infraestrutura,Até 149 matrículas,TRUE,20,16,80,77.8125,6.1875,31.0625,62.75,,,,,,,,,,,,,,,,Escola-série ausente em um dos anos,2,,TRUE,FALSE,TRUE,FALSE,,,,,,,,,,TRUE,,6002 EEF ALDEIA LUMIAR,aceite_manual,consolidado,escola filantropica sob supervisao municipal,filantropica_sob_supervisao_municipal,0,TRUE,FALSE,FALSE,FALSE,fora_da_rede_municipal_direta,Instituição filantrópica supervisionada,codigo_inep_consolidado,2024,Censo Escolar/INEP via Base dos Dados,TRUE,4,4,1,0,1,1,1,,,Até 149 matrículas,1,2024,RS,4314902,,0,1,1,1,0,0,1,197,0,197,109,26,22,19,21,21,88,0,13,13,0,96,101,108,20,18,0,2,49,197,109,88,0,10,10,0,10,9,10,10,0,10,10,,6,0,0,1,1,1,1,1,1,0,0,0,1,0,1,1,0,0,0,0,0,0,1,1,1,1,1,1,,,0,0,0,0,0,0,0,2,FALSE,TRUE,TRUE,FALSE,TRUE,10,8,TRUE,FALSE,1,4,FALSE,FALSE,FALSE,FALSE,TRUE,TRUE,FALSE,Instituição filantrópica supervisionada,TRUE,"Matrículas positivas, mas nenhuma turma dos anos iniciais | Matrículas positivas, mas nenhum docente dos anos iniciais",TRUE,TRUE,Filantrópica supervisionada,FALSE,,FALSE,"Matrículas positivas, mas nenhuma turma dos anos iniciais | Matrículas positivas, mas nenhum docente dos anos iniciais",sem_revisao_necessaria,,,,Instituição filantrópica supervisionada,TRUE,FALSE,TRUE,1a_avaliacao_formativa,1a_avaliacao_formativa,linha_base_pre_programa,pos_inicio_programa,regra temporal pre-programa registrada no painel,declaracao formal,,2026-07-24,regra temporal preexistente do projeto,Marian Dante - assessora UEF/SMED,4.6913478822291435
ESC_001,43105416,TRUE,EEF PEQUENA CASA DA CRIANCA,6001 EEF PEQUENA CASA DA CRIANCA,EEF PEQUENA CASA DA CRIANCA,outras,outras,SIM,SIM,NA_APLICAVEL,NAO,NAO,NAO,0,0,,,SEM_CARGA_DO_PROGRAMA,ZERO_OU_TENDENTE_A_ZERO,LINHA_BASE_PRE_PROGRAMA,NAO_EXPOSTA_INELEGIVEL,TRUE,TRUE,FALSE,FALSE,FALSE,FALSE,FALSE,TRUE,REGRA_TEMPORAL_CONFIRMADA,HOMOLOGADO,2025_1a_avaliacao_formativa_linha_base,2026-07-24_v1,4,Língua Portuguesa,TRUE,TRUE,TRUE,TRUE,FALSE,TRUE,FALSE,FALSE,TRUE,FALSE,Privada conveniada ou supervisionada,privada_conveniada_sob_supervisao_municipal,fora_da_rede_municipal_direta,Privada,Em atividade,FALSE,TRUE,245,14,11,17.5,22.272727272727273,18.367346938775512,6.128133704735376,0,20.33426183844011,2,70,Q1 — menor infraestrutura,150 a 299 matrículas,TRUE,57,46,80.70175438596492,57.71739130434783,24.08695652173913,35,41.58695652173913,72,62,86.11111111111111,44.96774193548387,43.854838709677416,23.161290322580644,32.983870967741936,54,5.409356725146196,-12.749649368863956,19.767882187938287,-11.838709677419356,-8.603085553997197,26.31578947368421,34.78260869565217,Mudança relevante no número de estudantes previstos,3,3,TRUE,TRUE,TRUE,TRUE,0,15,16,TRUE,TRUE,FALSE,FALSE,FALSE,TRUE,FALSE,FALSE,6001 EEF PEQUENA CASA DA CRIANCA,aceite_manual,consolidado,escola privada conveniada sob supervisao municipal,privada_conveniada_sob_supervisao_municipal,0,TRUE,FALSE,FALSE,FALSE,fora_da_rede_municipal_direta,Instituição privada conveniada ou supervisionada,codigo_inep_consolidado,2024,Censo Escolar/INEP via Base dos Dados,TRUE,4,4,1,0,1,1,1,,,150 a 299 matrículas,1,2024,RS,4314902,,1,1,1,0,0,0,1,359,114,245,245,44,48,69,43,41,0,0,22,22,0,165,194,92,36,37,0,0,194,45,45,0,0,19,11,11,0,15,22,14,14,0,3,,23,6,0,1,1,1,1,1,1,0,0,1,0,0,1,1,0,0,0,0,0,0,1,0,1,0,1,1,,,0,0,0,0,1,1,0,1,TRUE,TRUE,FALSE,FALSE,TRUE,10,7,TRUE,FALSE,1,4,FALSE,FALSE,FALSE,FALSE,FALSE,FALSE,FALSE,Instituição privada conveniada ou supervisionada,FALSE,,TRUE,TRUE,Privada conveniada ou supervisionada,FALSE,,TRUE,Dependência privada no Censo 2024,sem_revisao_necessaria,,,,Instituição privada conveniada ou supervisionada,TRUE,TRUE,TRUE,1a_avaliacao_formativa,1a_avaliacao_formativa,linha_base_pre_programa,pos_inicio_programa,regra temporal pre-programa registrada no painel,declaracao formal,,2026-07-24,regra temporal preexistente do projeto,Marian Dante - assessora UEF/SMED,5.501258210544727
ESC_002,43105505,TRUE,EMEB DR LIBERATO SALZANO VIEIRA DA CUNHA,EMEB DR LIBERATO SALZANO VIEIRA DA CUNHA,EMEB DR LIBERATO SALZANO VIEIRA DA CUNHA,clarissa,clarissa,SIM,SIM,NA_APLICAVEL,SIM,NAO,SIM,0,1,,clarissa,SEM_CARGA_DO_PROGRAMA,ATIVA,LINHA_BASE_PRE_PROGRAMA,ASSESSORADA,TRUE,TRUE,FALSE,TRUE,FALSE,TRUE,FALSE,FALSE,REGRA_TEMPORAL_CONFIRMADA,HOMOLOGADO,2025_1a_avaliacao_formativa_linha_base,2026-07-24_v1,4,Língua Portuguesa,TRUE,TRUE,TRUE,TRUE,TRUE,TRUE,TRUE,TRUE,TRUE,TRUE,Rede municipal direta em 2024,rede_municipal_direta_ou_nao_classificada,rede_municipal_direta,Municipal,Em atividade,FALSE,FALSE,465,21,33,22.142857142857142,14.090909090909092,0.21505376344086025,7.790262172284645,1.198501872659176,24.04494382022472,4,100,Q3,300 a 499 matrículas,TRUE,99,80,80.8080808080808,56.5875,36.2875,16.225,47.775,92,81,88.04347826086956,57.44444444444444,31.061728395061728,22.506172839506178,46.13580246913581,80.5,7.23539745278876,0.8569444444444443,-5.225771604938274,6.281172839506173,-1.6391975308641946,-7.070707070707071,1.25,Sem alerta principal de composição,4,4,TRUE,TRUE,TRUE,TRUE,0,-7,1,TRUE,TRUE,FALSE,FALSE,FALSE,FALSE,FALSE,FALSE,EMEB DR LIBERATO SALZANO VIEIRA DA CUNHA,exata_normalizada,consolidado,,rede_municipal_direta_ou_nao_classificada,0,TRUE,FALSE,FALSE,FALSE,rede_municipal_direta,Rede municipal direta em 2024,codigo_inep_consolidado,2024,Censo Escolar/INEP via Base dos Dados,TRUE,3,,1,0,1,0,,,,300 a 499 matrículas,3,2024,RS,4314902,1,1,1,1,1,1,1,1,1335,118,840,465,83,90,103,81,108,375,146,104,104,0,730,605,829,193,127,0,1,185,1,1,0,16,82,53,33,24,77,56,35,21,14,0,,28,3,0,1,1,1,1,1,1,0,1,1,1,1,1,1,1,1,0,0,1,0,1,1,1,1,1,1,,,520,6,4,6,0,0,0,10,TRUE,TRUE,TRUE,TRUE,TRUE,10,10,TRUE,TRUE,1,3,FALSE,FALSE,FALSE,FALSE,FALSE,FALSE,FALSE,Rede municipal direta em 2024,FALSE,,TRUE,FALSE,Rede municipal direta em 2024,FALSE,,TRUE,,sem_revisao_necessaria,,,,Rede municipal direta em 2024,TRUE,TRUE,TRUE,1a_avaliacao_formativa,1a_avaliacao_formativa,linha_base_pre_programa,pos_inicio_programa,regra temporal pre-programa registrada no painel,declaracao formal,,2026-07-24,regra temporal preexistente do projeto,Marian Dante - assessora UEF/SMED,6.142037405587356
ESC_003,43105440,TRUE,EMEF AFONSO GUERREIRO LIMA,EMEF AFONSO GUERREIRO LIMA,EMEF AFONSO GUERREIRO LIMA,graziela,graziela,SIM,SIM,NA_APLICAVEL,SIM,NAO,SIM,0,1,,graziela,SEM_CARGA_DO_PROGRAMA,ATIVA,LINHA_BASE_PRE_PROGRAMA,ASSESSORADA,TRUE,TRUE,FALSE,TRUE,FALSE,TRUE,FALSE,FALSE,REGRA_TEMPORAL_CONFIRMADA,HOMOLOGADO,2025_1a_avaliacao_formativa_linha_base,2026-07-24_v1,4,Língua Portuguesa,TRUE,TRUE,TRUE,TRUE,TRUE,TRUE,TRUE,TRUE,TRUE,TRUE,Rede municipal direta em 2024,rede_municipal_direta_ou_nao_classificada,rede_municipal_direta,Municipal,Em atividade,FALSE,FALSE,517,22,27,23.5,19.14814814814815,15.667311411992262,7.41901776384535,5.851619644723093,33.751306165099265,4,90,Q2,500 matrículas ou mais,TRUE,131,109,83.20610687022901,68.1743119266055,19.24770642201835,24.71559633027523,56.03669724770642,108,94,87.03703703703704,62.07446808510638,22.79787234042553,28.872340425531913,48.53191489361702,101.5,3.830930166808031,-6.099843841499116,3.550165918407181,4.156744095256684,-7.5047823540894,-17.557251908396946,-13.761467889908255,Sem alerta principal de composição,5,5,TRUE,TRUE,TRUE,TRUE,0,-23,-15,TRUE,TRUE,FALSE,FALSE,FALSE,FALSE,FALSE,FALSE,EMEF AFONSO GUERREIRO LIMA,exata_normalizada,consolidado,,rede_municipal_direta_ou_nao_classificada,0,TRUE,FALSE,FALSE,FALSE,rede_municipal_direta,Rede municipal direta em 2024,codigo_inep_consolidado,2024,Censo Escolar/INEP via Base dos Dados,TRUE,3,,1,0,1,0,,,,500 matrículas ou mais,4,2024,RS,4314902,1,1,1,1,1,0,1,1,957,19,866,517,92,100,147,91,87,349,72,71,71,0,476,481,514,153,169,0,1,120,100,81,19,56,49,42,27,18,48,40,35,22,13,0,,30,0,8,1,1,1,1,1,1,0,1,1,1,1,1,0,1,0,1,0,0,0,1,1,1,1,1,1,,,468,0,4,4,0,0,0,6,TRUE,TRUE,TRUE,TRUE,TRUE,10,9,TRUE,TRUE,1,3,FALSE,FALSE,FALSE,FALSE,FALSE,FALSE,FALSE,Rede municipal direta em 2024,FALSE,,TRUE,FALSE,Rede municipal direta em 2024,FALSE,,TRUE,,sem_revisao_necessaria,,,,Rede municipal direta em 2024,TRUE,TRUE,TRUE,1a_avaliacao_formativa,1a_avaliacao_formativa,linha_base_pre_programa,pos_inicio_programa,regra temporal pre-programa registrada no painel,declaracao formal,,2026-07-24,regra temporal preexistente do projeto,Marian Dante - assessora UEF/SMED,6.248042874508429
ESC_004,43105459,TRUE,EMEF AMERICA,EMEF AMERICA,EMEF AMERICA,nathalia,nathalia,SIM,SIM,NA_APLICAVEL,SIM,NAO,SIM,0,1,,nathalia,SEM_CARGA_DO_PROGRAMA,ATIVA,LINHA_BASE_PRE_PROGRAMA,ASSESSORADA,TRUE,TRUE,FALSE,TRUE,FALSE,TRUE,FALSE,FALSE,REGRA_TEMPORAL_CONFIRMADA,HOMOLOGADO,2025_1a_avaliacao_formativa_linha_base,2026-07-24_v1,4,Língua Portuguesa,TRUE,TRUE,TRUE,TRUE,TRUE,TRUE,TRUE,TRUE,TRUE,TRUE,Rede municipal direta em 2024,rede_municipal_direta_ou_nao_classificada,rede_municipal_direta,Municipal,Em atividade,FALSE,FALSE,261,10,18,26.1,14.5,0.3831417624521073,7.205240174672489,0,39.956331877729255,2,100,Q3,150 a 299 matrículas,TRUE,53,44,83.01886792452831,61,20.636363636363637,45.31818181818182,34.04545454545455,53,48,90.56603773584904,67.35416666666667,14.5625,31.208333333333332,54.229166666666664,46,7.547169811320742,6.354166666666671,-6.073863636363637,-14.109848484848488,20.18371212121212,0,9.090909090909092,Sem alerta principal de composição,2,2,TRUE,TRUE,TRUE,TRUE,0,0,4,TRUE,TRUE,FALSE,FALSE,FALSE,FALSE,FALSE,FALSE,EMEF AMERICA,exata_normalizada,consolidado,,rede_municipal_direta_ou_nao_classificada,0,TRUE,FALSE,FALSE,FALSE,rede_municipal_direta,Rede municipal direta em 2024,codigo_inep_consolidado,2024,Censo Escolar/INEP via Base dos Dados,TRUE,3,,1,0,1,0,,,,150 a 299 matrículas,2,2024,RS,4314902,1,0,1,1,1,0,0,1,458,0,458,261,47,52,52,58,52,197,0,33,33,0,220,238,247,115,67,1,1,27,1,1,0,0,32,32,18,19,32,19,19,10,9,0,,12,0,0,1,1,1,1,1,1,0,1,1,1,1,1,1,1,1,1,0,0,0,1,1,1,1,1,1,,,380,0,2,2,0,0,0,4,FALSE,TRUE,TRUE,FALSE,TRUE,10,10,TRUE,TRUE,1,3,FALSE,FALSE,FALSE,FALSE,FALSE,FALSE,FALSE,Rede municipal direta em 2024,FALSE,,TRUE,FALSE,Rede municipal direta em 2024,FALSE,,TRUE,,sem_revisao_necessaria,,,,Rede municipal direta em 2024,TRUE,TRUE,TRUE,1a_avaliacao_formativa,1a_avaliacao_formativa,linha_base_pre_programa,pos_inicio_programa,regra temporal pre-programa registrada no painel,declaracao formal,,2026-07-24,regra temporal preexistente do projeto,Marian Dante - assessora UEF/SMED,5.564520407322694
ESC_005,43105467,TRUE,EMEF ARAMY SILVA,EMEF ARAMY SILVA,EMEF ARAMY SILVA,priscila,priscila,SIM,SIM,NA_APLICAVEL,SIM,NAO,SIM,0,1,,priscila,SEM_CARGA_DO_PROGRAMA,ATIVA,LINHA_BASE_PRE_PROGRAMA,ASSESSORADA,TRUE,TRUE,FALSE,TRUE,FALSE,TRUE,FALSE,FALSE,REGRA_TEMPORAL_CONFIRMADA,HOMOLOGADO,2025_1a_avaliacao_formativa_linha_base,2026-07-24_v1,4,Língua Portuguesa,TRUE,TRUE,TRUE,TRUE,TRUE,TRUE,TRUE,TRUE,TRUE,TRUE,Rede municipal direta em 2024,rede_municipal_direta_ou_nao_classificada,rede_municipal_direta,Municipal,Em atividade,FALSE,FALSE,422,20,27,21.1,15.62962962962963,0,11.951219512195122,1.0975609756097562,18.29268292682927,3,100,Q3,300 a 499 matrículas,TRUE,95,78,82.10526315789474,70.14102564102564,23.46153846153846,15.564102564102564,61.73076923076923,62,59,95.16129032258064,58.186440677966104,24.694915254237287,34.71186440677966,40.728813559322035,68.5,13.0560271646859,-11.954584963059531,1.2333767926988273,19.1477618426771,-21.0019556714472,-34.73684210526316,-24.35897435897436,Mudança relevante no público previsto e aumento de participação,4,3,TRUE,TRUE,TRUE,TRUE,-1,-33,-19,TRUE,TRUE,FALSE,TRUE,FALSE,TRUE,FALSE,FALSE,EMEF ARAMY SILVA,exata_normalizada,consolidado,,rede_municipal_direta_ou_nao_classificada,0,TRUE,FALSE,FALSE,FALSE,rede_municipal_direta,Rede municipal direta em 2024,codigo_inep_consolidado,2024,Censo Escolar/INEP via Base dos Dados,TRUE,3,,1,0,1,0,,,,300 a 499 matrículas,3,2024,RS,4314902,1,1,1,1,1,0,0,1,820,75,745,422,85,66,94,80,97,323,0,98,98,0,364,456,627,62,88,0,0,43,0,0,0,9,48,45,27,23,46,39,35,20,15,0,,20,0,0,1,1,1,1,1,1,0,1,1,1,1,1,1,1,1,1,0,0,0,1,1,1,1,1,1,,,525,0,3,4,0,0,0,6,TRUE,TRUE,TRUE,FALSE,TRUE,10,10,TRUE,TRUE,1,3,FALSE,FALSE,FALSE,FALSE,FALSE,FALSE,FALSE,Rede municipal direta em 2024,FALSE,,TRUE,FALSE,Rede municipal direta em 2024,FALSE,,TRUE,,sem_revisao_necessaria,,,,Rede municipal direta em 2024,TRUE,TRUE,TRUE,1a_avaliacao_formativa,1a_avaliacao_formativa,linha_base_pre_programa,pos_inicio_programa,regra temporal pre-programa registrada no painel,declaracao formal,,2026-07-24,regra temporal preexistente do projeto,Marian Dante - assessora UEF/SMED,6.045005314036012
ESC_006,43173713,TRUE,EMEF CAMPOS DO CRISTAL,EMEF CAMPOS DO CRISTAL,EMEF CAMPOS DO CRISTAL,andreia,andreia,SIM,SIM,NA_APLICAVEL,SIM,NAO,SIM,0,1,,andreia,SEM_CARGA_DO_PROGRAMA,ATIVA,LINHA_BASE_PRE_PROGRAMA,ASSESSORADA,TRUE,TRUE,FALSE,TRUE,FALSE,TRUE,FALSE,FALSE,REGRA_TEMPORAL_CONFIRMADA,HOMOLOGADO,2025_1a_avaliacao_formativa_linha_base,2026-07-24_v1,4,Língua Portuguesa,TRUE,TRUE,TRUE,TRUE,TRUE,TRUE,TRUE,TRUE,TRUE,TRUE,Rede municipal direta em 2024,rede_municipal_direta_ou_nao_classificada,rede_municipal_direta,Municipal,Em atividade,FALSE,FALSE,255,10,16,25.5,15.9375,34.90196078431372,12.266112266112266,1.0395010395010396,34.71933471933472,3,100,Q3,150 a 299 matrículas,TRUE,56,51,91.07142857142856,68.13725490196079,13.96078431372549,35.333333333333336,51.21568627450981,45,42,93.33333333333331,71.5,14,29.5,57,46.5,2.261904761904759,3.3627450980392126,0.03921568627450966,-5.833333333333336,5.784313725490193,-19.642857142857142,-17.647058823529413,Sem alerta principal de composição,2,2,TRUE,TRUE,TRUE,TRUE,0,-11,-9,TRUE,TRUE,TRUE,FALSE,FALSE,FALSE,FALSE,FALSE,EMEF CAMPOS DO CRISTAL,exata_normalizada,consolidado,,rede_municipal_direta_ou_nao_classificada,0,TRUE,FALSE,FALSE,FALSE,rede_municipal_direta,Rede municipal direta em 2024,codigo_inep_consolidado,2024,Censo Escolar/INEP via Base dos Dados,TRUE,3,,1,0,1,0,,,,150 a 299 matrículas,2,2024,RS,4314902,1,1,1,1,1,0,0,1,481,54,427,255,45,53,55,52,50,172,0,59,59,0,242,239,269,81,84,0,2,45,153,89,64,5,29,28,16,15,28,21,18,10,8,0,,16,8,12,1,1,1,1,1,1,0,1,1,1,1,1,1,0,1,1,0,0,0,1,1,1,1,1,1,,,302,5,3,1,1,1,0,4,TRUE,TRUE,TRUE,FALSE,TRUE,10,10,TRUE,TRUE,1,3,FALSE,FALSE,FALSE,FALSE,FALSE,FALSE,FALSE,Rede municipal direta em 2024,FALSE,,TRUE,FALSE,Rede municipal direta em 2024,FALSE,,TRUE,,sem_revisao_necessaria,,,,Rede municipal direta em 2024,TRUE,TRUE,TRUE,1a_avaliacao_formativa,1a_avaliacao_formativa,linha_base_pre_programa,pos_inicio_programa,regra temporal pre-programa registrada no painel,declaracao formal,,2026-07-24,regra temporal preexistente do projeto,Marian Dante - assessora UEF/SMED,5.541263545158426
ESC_007,43187560,TRUE,EMEF CHAPEU DO SOL,EMEF CHAPEU DO SOL,EMEF CHAPEU DO SOL,ruti,ruti,SIM,SIM,NA_APLICAVEL,SIM,NAO,SIM,0,1,,ruti,SEM_CARGA_DO_PROGRAMA,ATIVA,LINHA_BASE_PRE_PROGRAMA,ASSESSORADA,TRUE,TRUE,FALSE,TRUE,FALSE,TRUE,FALSE,FALSE,REGRA_TEMPORAL_CONFIRMADA,HOMOLOGADO,2025_1a_avaliacao_formativa_linha_base,2026-07-24_v1,4,Língua Portuguesa,TRUE,TRUE,TRUE,TRUE,TRUE,TRUE,TRUE,TRUE,TRUE,TRUE,Rede municipal direta em 2024,rede_municipal_direta_ou_nao_classificada,rede_municipal_direta,Municipal,Em atividade,FALSE,FALSE,542,22,26,24.636363636363637,20.846153846153847,28.59778597785978,8.558558558558559,3.4234234234234235,27.74774774774775,4,100,Q3,500 matrículas ou mais,TRUE,109,82,75.22935779816514,53.76829268292683,28.134146341463413,39.03658536585366,33.08536585365854,112,103,91.96428571428572,44.36893203883495,45.077669902912625,19.74757281553398,34.94174757281554,92.5,16.73492791612057,-9.399360644091878,16.94352356144921,-19.28901255031968,1.8563817191569996,2.7522935779816513,25.609756097560975,Aumento de participação igual ou superior a 10 p.p.,4,4,TRUE,TRUE,TRUE,TRUE,0,3,21,TRUE,FALSE,FALSE,TRUE,FALSE,FALSE,FALSE,FALSE,EMEF CHAPEU DO SOL,exata_normalizada,consolidado,,rede_municipal_direta_ou_nao_classificada,0,TRUE,FALSE,FALSE,FALSE,rede_municipal_direta,Rede municipal direta em 2024,codigo_inep_consolidado,2024,Censo Escolar/INEP via Base dos Dados,TRUE,3,,1,0,1,0,,,,500 matrículas ou mais,4,2024,RS,4314902,1,1,1,1,1,0,1,1,1110,69,948,542,90,94,102,133,123,406,93,95,95,0,552,558,772,135,172,0,1,30,218,155,63,38,52,47,26,26,52,46,38,22,16,0,,21,0,10,1,1,1,1,1,1,0,1,1,1,1,1,1,0,0,1,0,0,0,1,1,1,1,1,1,,,400,0,1,2,0,0,0,5,TRUE,TRUE,TRUE,TRUE,TRUE,10,10,TRUE,TRUE,1,3,FALSE,FALSE,FALSE,FALSE,FALSE,FALSE,FALSE,Rede municipal direta em 2024,FALSE,,TRUE,FALSE,Rede municipal direta em 2024,FALSE,,TRUE,,sem_revisao_necessaria,,,,Rede municipal direta em 2024,TRUE,TRUE,TRUE,1a_avaliacao_formativa,1a_avaliacao_formativa,linha_base_pre_programa,pos_inicio_programa,regra temporal pre-programa registrada no painel,declaracao formal,,2026-07-24,regra temporal preexistente do projeto,Marian Dante - assessora UEF/SMED,6.295266001439646
ESC_008,43177581,TRUE,EMEF CHICO MENDES,EMEF CHICO MENDES,EMEF CHICO MENDES,eliane,eliane,SIM,SIM,NA_APLICAVEL,SIM,NAO,SIM,0,1,,eliane,SEM_CARGA_DO_PROGRAMA,ATIVA,LINHA_BASE_PRE_PROGRAMA,ASSESSORADA,TRUE,TRUE,FALSE,TRUE,FALSE,TRUE,FALSE,FALSE,REGRA_TEMPORAL_CONFIRMADA,HOMOLOGADO,2025_1a_avaliacao_formativa_linha_base,2026-07-24_v1,4,Língua Portuguesa,TRUE,TRUE,TRUE,TRUE,TRUE,TRUE,TRUE,TRUE,TRUE,TRUE,Rede municipal direta em 2024,rede_municipal_direta_ou_nao_classificada,rede_municipal_direta,Municipal,Em atividade,FALSE,FALSE,541,22,29,24.59090909090909,18.655172413793103,13.67837338262477,9.099181073703368,1.1828935395814375,34.303912647861694,3,100,Q3,500 matrículas ou mais,TRUE,128,97,75.78125,45.845360824742265,39.06185567010309,32.06185567010309,28.876288659793815,102,93,91.17647058823528,42.58064516129032,46.18279569892473,22.268817204301076,32.075268817204304,95,15.39522058823529,-3.2647156634519447,7.120940028821636,-9.793038465802017,3.198980157410489,-20.3125,-4.123711340206185,Mudança relevante no público previsto e aumento de participação,5,4,TRUE,TRUE,TRUE,TRUE,-1,-26,-4,TRUE,FALSE,FALSE,TRUE,FALSE,TRUE,FALSE,FALSE,EMEF CHICO MENDES,exata_normalizada,consolidado,,rede_municipal_direta_ou_nao_classificada,0,TRUE,FALSE,FALSE,FALSE,rede_municipal_direta,Rede municipal direta em 2024,codigo_inep_consolidado,2024,Censo Escolar/INEP via Base dos Dados,TRUE,3,,1,0,1,0,,,,500 matrículas ou mais,4,2024,RS,4314902,1,0,1,1,1,0,1,1,1099,0,994,541,96,80,125,132,108,453,105,100,100,0,499,600,385,186,188,0,3,337,122,74,48,13,66,61,29,39,64,47,42,22,20,0,,21,0,3,1,1,1,1,1,1,0,1,1,1,1,1,1,1,1,1,0,0,0,1,1,1,1,1,1,,,595,3,2,1,2,1,0,7,FALSE,TRUE,TRUE,TRUE,TRUE,10,10,TRUE,TRUE,1,3,FALSE,FALSE,FALSE,FALSE,FALSE,FALSE,FALSE,Rede municipal direta em 2024,FALSE,,TRUE,FALSE,Rede municipal direta em 2024,FALSE,,TRUE,,sem_revisao_necessaria,,,,Rede municipal direta em 2024,TRUE,TRUE,TRUE,1a_avaliacao_formativa,1a_avaliacao_formativa,linha_base_pre_programa,pos_inicio_programa,regra temporal pre-programa registrada no painel,declaracao formal,,2026-07-24,regra temporal preexistente do projeto,Marian Dante - assessora UEF/SMED,6.293419278846481
ESC_009,43105475,TRUE,EMEF DECIO MARTINS COSTA,EMEF DECIO MARTINS COSTA,EMEF DECIO MARTINS COSTA,nathalia,nathalia,SIM,SIM,NA_APLICAVEL,SIM,NAO,SIM,0,1,,nathalia,SEM_CARGA_DO_PROGRAMA,ATIVA,LINHA_BASE_PRE_PROGRAMA,ASSESSORADA,TRUE,TRUE,FALSE,TRUE,FALSE,TRUE,FALSE,FALSE,REGRA_TEMPORAL_CONFIRMADA,HOMOLOGADO,2025_1a_avaliacao_formativa_linha_base,2026-07-24_v1,4,Língua Portuguesa,TRUE,TRUE,TRUE,TRUE,TRUE,TRUE,TRUE,TRUE,TRUE,TRUE,Rede municipal direta em 2024,rede_municipal_direta_ou_nao_classificada,rede_municipal_direta,Municipal,Em atividade,FALSE,FALSE,511,21,35,24.333333333333332,14.6,9.001956947162427,6.335797254487856,1.0559662090813091,26.504751847940867,3,100,Q3,500 matrículas ou mais,TRUE,121,100,82.64462809917356,71.15,17.04,23.23,59.94,125,113,90.4,50.85840707964602,36,25.628318584070797,38.336283185840706,106.5,7.755371900826447,-20.291592920353985,18.96,2.398318584070797,-21.60371681415929,3.3057851239669422,13,Sem alerta principal de composição,5,5,TRUE,TRUE,TRUE,TRUE,0,4,13,TRUE,TRUE,FALSE,FALSE,FALSE,FALSE,FALSE,FALSE,EMEF DECIO MARTINS COSTA,exata_normalizada,consolidado,,rede_municipal_direta_ou_nao_classificada,0,TRUE,FALSE,FALSE,FALSE,rede_municipal_direta,Rede municipal direta em 2024,codigo_inep_consolidado,2024,Censo Escolar/INEP via Base dos Dados,TRUE,3,,1,0,1,0,,,,500 matrículas ou mais,4,2024,RS,4314902,1,1,1,1,1,0,0,1,947,77,870,511,88,103,127,99,94,359,0,60,60,0,476,471,514,110,140,2,1,180,87,46,41,10,56,52,35,22,49,41,37,21,16,0,,20,0,4,1,1,1,1,1,1,1,1,1,1,1,1,1,1,0,0,0,0,1,1,1,1,1,1,1,,,490,0,3,1,0,0,0,5,TRUE,TRUE,TRUE,FALSE,TRUE,10,10,TRUE,FALSE,1,3,FALSE,FALSE,FALSE,FALSE,FALSE,FALSE,FALSE,Rede municipal direta em 2024,FALSE,,TRUE,FALSE,Rede municipal direta em 2024,FALSE,,TRUE,,sem_revisao_necessaria,,,,Rede municipal direta em 2024,TRUE,TRUE,TRUE,1a_avaliacao_formativa,1a_avaliacao_formativa,linha_base_pre_programa,pos_inicio_programa,regra temporal pre-programa registrada no painel,declaracao formal,,2026-07-24,regra temporal preexistente do projeto,Marian Dante - assessora UEF/SMED,6.236369590203704
ESC_010,43109128,TRUE,EMEF DEP MARCIRIO GOULART LOUREIRO,EMEF DEP MARCIRIO GOULART LOUREIRO,EMEF DEP MARCIRIO GOULART LOUREIRO,marian,marian,SIM,SIM,NA_APLICAVEL,SIM,NAO,SIM,0,1,,marian,SEM_CARGA_DO_PROGRAMA,ATIVA,LINHA_BASE_PRE_PROGRAMA,ASSESSORADA,TRUE,TRUE,FALSE,TRUE,FALSE,TRUE,FALSE,FALSE,REGRA_TEMPORAL_CONFIRMADA,HOMOLOGADO,2025_1a_avaliacao_formativa_linha_base,2026-07-24_v1,4,Língua Portuguesa,TRUE,TRUE,TRUE,TRUE,TRUE,TRUE,TRUE,TRUE,TRUE,TRUE,Rede municipal direta em 2024,rede_municipal_direta_ou_nao_classificada,rede_municipal_direta,Municipal,Em atividade,FALSE,FALSE,495,19,27,26.05263157894737,18.333333333333332,0.202020202020202,7.142857142857143,0.5175983436853002,35.40372670807454,3,100,Q3,300 a 499 matrículas,TRUE,112,80,71.42857142857143,44.7625,50.075,17.525,32.3375,108,95,87.96296296296296,51.473684210526315,31.48421052631579,35.14736842105263,33.61052631578947,87.5,16.53439153439153,6.711184210526312,-18.590789473684215,17.622368421052634,1.2730263157894726,-3.5714285714285716,18.75,Aumento de participação igual ou superior a 10 p.p.,4,4,TRUE,TRUE,TRUE,TRUE,0,-4,15,TRUE,FALSE,FALSE,TRUE,FALSE,FALSE,FALSE,FALSE,EMEF DEP MARCIRIO GOULART LOUREIRO,exata_normalizada,consolidado,,rede_municipal_direta_ou_nao_classificada,0,TRUE,FALSE,FALSE,FALSE,rede_municipal_direta,Rede municipal direta em 2024,codigo_inep_consolidado,2024,Censo Escolar/INEP via Base dos Dados,TRUE,3,,1,0,1,0,,,,300 a 499 matrículas,4,2024,RS,4314902,1,0,1,1,1,0,1,1,966,0,850,495,96,104,103,106,86,355,116,69,69,0,446,520,443,175,167,0,0,181,2,1,1,5,52,46,27,22,52,39,32,19,13,0,,20,0,0,1,1,1,1,1,1,0,1,1,1,0,1,1,1,1,1,0,1,0,1,1,1,1,1,1,,,418,0,0,1,0,0,0,3,FALSE,TRUE,TRUE,TRUE,TRUE,10,10,TRUE,TRUE,1,3,FALSE,FALSE,FALSE,FALSE,FALSE,FALSE,FALSE,Rede municipal direta em 2024,FALSE,,TRUE,FALSE,Rede municipal direta em 2024,FALSE,,TRUE,,sem_revisao_necessaria,,,,Rede municipal direta em 2024,TRUE,TRUE,TRUE,1a_avaliacao_formativa,1a_avaliacao_formativa,linha_base_pre_programa,pos_inicio_programa,regra temporal pre-programa registrada no painel,declaracao formal,,2026-07-24,regra temporal preexistente do projeto,Marian Dante - assessora UEF/SMED,6.20455776256869
ESC_011,43109225,TRUE,EMEF DEP VICTOR ISSLER,EMEF DEP VICTOR ISSLER,EMEF DEP VICTOR ISSLER,clarissa,clarissa,SIM,SIM,NA_APLICAVEL,SIM,NAO,SIM,0,1,,clarissa,SEM_CARGA_DO_PROGRAMA,ATIVA,LINHA_BASE_PRE_PROGRAMA,ASSESSORADA,TRUE,TRUE,FALSE,TRUE,FALSE,TRUE,FALSE,FALSE,REGRA_TEMPORAL_CONFIRMADA,HOMOLOGADO,2025_1a_avaliacao_formativa_linha_base,2026-07-24_v1,4,Língua Portuguesa,TRUE,TRUE,TRUE,TRUE,TRUE,TRUE,TRUE,TRUE,TRUE,TRUE,Rede municipal direta em 2024,rede_municipal_direta_ou_nao_classificada,rede_municipal_direta,Municipal,Em atividade,FALSE,FALSE,581,23,37,25.26086956521739,15.702702702702704,1.8932874354561104,7.331136738056013,0.4942339373970346,35.667215815485996,3,100,Q3,500 matrículas ou mais,TRUE,115,101,87.82608695652173,70.74257425742574,15.712871287128714,26.85148514851485,57.43564356435643,136,121,88.97058823529412,55.25619834710744,31.40495867768595,25.702479338842977,43.11570247933884,111,1.1445012787723812,-15.486375910318309,15.692087390557235,-1.149005809671877,-14.31994108501759,18.26086956521739,19.8019801980198,Sem alerta principal de composição,4,5,TRUE,TRUE,TRUE,TRUE,1,21,20,TRUE,TRUE,FALSE,FALSE,FALSE,FALSE,FALSE,FALSE,EMEF DEP VICTOR ISSLER,exata_normalizada,consolidado,,rede_municipal_direta_ou_nao_classificada,0,TRUE,FALSE,FALSE,FALSE,rede_municipal_direta,Rede municipal direta em 2024,codigo_inep_consolidado,2024,Censo Escolar/INEP via Base dos Dados,TRUE,3,,1,0,1,0,,,,500 matrículas ou mais,4,2024,RS,4314902,1,0,1,1,1,0,1,1,1214,0,1016,581,118,124,130,102,107,435,198,89,89,0,588,626,724,203,229,2,1,55,17,11,6,6,69,63,37,32,68,45,39,23,16,0,,22,7,3,1,1,1,1,1,1,0,1,1,1,1,1,1,1,1,1,0,0,0,1,1,1,1,1,1,,,410,0,4,3,0,0,0,8,FALSE,TRUE,TRUE,TRUE,TRUE,10,10,TRUE,TRUE,1,3,FALSE,FALSE,FALSE,FALSE,FALSE,FALSE,FALSE,Rede municipal direta em 2024,FALSE,,TRUE,FALSE,Rede municipal direta em 2024,FALSE,,TRUE,,sem_revisao_necessaria,,,,Rede municipal direta em 2024,TRUE,TRUE,TRUE,1a_avaliacao_formativa,1a_avaliacao_formativa,linha_base_pre_programa,pos_inicio_programa,regra temporal pre-programa registrada no painel,declaracao formal,,2026-07-24,regra temporal preexistente do projeto,Marian Dante - assessora UEF/SMED,6.364750756851911
ESC_012,43105483,TRUE,EMEF DOLORES ALCARAZ CALDAS,EMEF DOLORES ALCARAZ CALDAS,EMEF DOLORES ALCARAZ CALDAS,jalize,jalize,SIM,SIM,NA_APLICAVEL,SIM,NAO,SIM,0,1,,jalize,SEM_CARGA_DO_PROGRAMA,ATIVA,LINHA_BASE_PRE_PROGRAMA,ASSESSORADA,TRUE,TRUE,FALSE,TRUE,FALSE,TRUE,FALSE,FALSE,REGRA_TEMPORAL_CONFIRMADA,HOMOLOGADO,2025_1a_avaliacao_formativa_linha_base,2026-07-24_v1,4,Língua Portuguesa,TRUE,TRUE,TRUE,TRUE,TRUE,TRUE,TRUE,TRUE,TRUE,TRUE,Rede municipal direta em 2024,rede_municipal_direta_ou_nao_classificada,rede_municipal_direta,Municipal,Em atividade,FALSE,FALSE,677,27,31,25.074074074074073,21.838709677419356,20.236336779911372,6.896551724137931,3.8314176245210727,39.00383141762452,4,90,Q2,500 matrículas ou mais,TRUE,136,110,80.88235294117646,66.6,24.73636363636364,18.3,57.38181818181818,152,140,92.10526315789474,52.035714285714285,30.814285714285713,34.121428571428574,34.85,125,11.222910216718276,-14.56428571428571,6.077922077922075,15.821428571428571,-22.53181818181818,11.764705882352942,27.272727272727273,Aumento de participação igual ou superior a 10 p.p.,5,5,TRUE,TRUE,TRUE,TRUE,0,16,30,TRUE,TRUE,FALSE,TRUE,FALSE,FALSE,FALSE,FALSE,EMEF DOLORES ALCARAZ CALDAS,exata_normalizada,consolidado,,rede_municipal_direta_ou_nao_classificada,0,TRUE,FALSE,FALSE,FALSE,rede_municipal_direta,Rede municipal direta em 2024,codigo_inep_consolidado,2024,Censo Escolar/INEP via Base dos Dados,TRUE,3,,1,0,1,0,,,,500 matrículas ou mais,4,2024,RS,4314902,1,1,1,1,1,0,1,1,1305,78,1143,677,182,130,160,97,108,466,84,90,90,0,630,675,698,261,245,1,3,97,209,137,72,50,64,57,31,31,64,53,45,27,18,0,,25,7,7,1,1,1,1,1,1,0,1,1,1,1,1,0,1,1,1,1,0,0,1,1,1,1,1,1,,,120,0,3,2,1,2,0,8,TRUE,TRUE,TRUE,TRUE,TRUE,10,9,TRUE,TRUE,1,3,FALSE,FALSE,FALSE,FALSE,FALSE,FALSE,FALSE,Rede municipal direta em 2024,FALSE,,TRUE,FALSE,Rede municipal direta em 2024,FALSE,,TRUE,,sem_revisao_necessaria,,,,Rede municipal direta em 2024,TRUE,TRUE,TRUE,1a_avaliacao_formativa,1a_avaliacao_formativa,linha_base_pre_programa,pos_inicio_programa,regra temporal pre-programa registrada no painel,declaracao formal,,2026-07-24,regra temporal preexistente do projeto,Marian Dante - assessora UEF/SMED,6.517671272912275
ESC_013,43106331,TRUE,EMEF ESPIRITO SANTO,EMEF ESPIRITO SANTO,EMEF ESPIRITO SANTO,priscila,priscila,NAO,SIM,NA_APLICAVEL,SIM,NAO,SIM,0,1,,priscila,SEM_CARGA_DO_PROGRAMA,ATIVA,LINHA_BASE_PRE_PROGRAMA,ASSESSORADA,FALSE,TRUE,FALSE,TRUE,FALSE,TRUE,FALSE,FALSE,REGRA_TEMPORAL_CONFIRMADA,HOMOLOGADO,2025_1a_avaliacao_formativa_linha_base,2026-07-24_v1,4,Língua Portuguesa,FALSE,FALSE,TRUE,FALSE,FALSE,FALSE,FALSE,FALSE,FALSE,FALSE,Rede estadual em 2024,rede_municipal_direta_ou_nao_classificada,vinculo_estadual_em_2025_a_confirmar,Estadual,Em atividade,FALSE,FALSE,54,4,5,13.5,10.8,0,0,0,61.111111111111114,1,60,,,FALSE,,,,,,,,17,14,82.3529411764706,72,14,29,57,,,,,,,,,Escola-série ausente em um dos anos,,1,FALSE,TRUE,FALSE,TRUE,,,,,,,,,,,TRUE,ESC EST ENS FUN ESPIRITO SANTO,aceite_manual,consolidado,municipalização recente,rede_municipal_direta_ou_nao_classificada,0,TRUE,FALSE,TRUE,FALSE,vinculo_estadual_em_2025_a_confirmar,Escola estadual no Censo 2024; municipalização posterior a confirmar,codigo_inep_consolidado,2024,Censo Escolar/INEP via Base dos Dados,TRUE,2,,1,0,1,0,,,,Até 149 matrículas,1,2024,RS,4314902,1,0,1,1,0,0,0,0,54,0,54,54,16,13,14,11,0,0,0,0,0,0,26,28,14,19,14,0,0,7,0,0,0,0,5,5,5,0,0,4,4,4,0,0,,6,0,0,1,1,1,1,1,1,0,0,1,0,0,1,1,0,0,1,0,0,0,1,0,1,1,1,0,,,30,0,0,0,0,0,0,2,FALSE,TRUE,FALSE,FALSE,FALSE,10,6,TRUE,TRUE,1,2,FALSE,FALSE,FALSE,FALSE,FALSE,FALSE,FALSE,Escola estadual no Censo 2024; municipalização posterior a confirmar,FALSE,,TRUE,FALSE,Rede estadual em 2024,FALSE,,TRUE,Dependência estadual no Censo 2024,sem_revisao_necessaria,,,,Escola estadual no Censo 2024; municipalização posterior a confirmar,TRUE,TRUE,TRUE,1a_avaliacao_formativa,1a_avaliacao_formativa,linha_base_pre_programa,pos_inicio_programa,regra temporal pre-programa registrada no painel,declaracao formal,,2026-07-24,regra temporal preexistente do projeto,Marian Dante - assessora UEF/SMED,3.9889840465642745
ESC_014,43106382,TRUE,EMEF EVARISTO GONCALVES NETTO,EMEF EVARISTO GONCALVES NETTO,EMEF EVARISTO GONCALVES NETTO,jalize,jalize,NAO,SIM,NA_APLICAVEL,SIM,NAO,SIM,0,1,,jalize,SEM_CARGA_DO_PROGRAMA,ATIVA,LINHA_BASE_PRE_PROGRAMA,ASSESSORADA,FALSE,TRUE,FALSE,TRUE,FALSE,TRUE,FALSE,FALSE,REGRA_TEMPORAL_CONFIRMADA,HOMOLOGADO,2025_1a_avaliacao_formativa_linha_base,2026-07-24_v1,4,Língua Portuguesa,FALSE,FALSE,TRUE,FALSE,FALSE,FALSE,FALSE,FALSE,FALSE,FALSE,Rede estadual em 2024,rede_municipal_direta_ou_nao_classificada,vinculo_estadual_em_2025_a_confirmar,Estadual,Em atividade,FALSE,FALSE,100,5,7,20,14.285714285714286,0,1,0,33,1,70,,,FALSE,,,,,,,,34,26,76.47058823529412,40.23076923076923,46.23076923076923,27.153846153846153,27.153846153846153,,,,,,,,,Escola-série ausente em um dos anos,,2,FALSE,TRUE,FALSE,TRUE,,,,,,,,,,,FALSE,ESC EST ENS FUN EVARISTO GONCALVES NETTO,aceite_manual,consolidado,municipalização recente,rede_municipal_direta_ou_nao_classificada,0,TRUE,FALSE,TRUE,FALSE,vinculo_estadual_em_2025_a_confirmar,Escola estadual no Censo 2024; municipalização posterior a confirmar,codigo_inep_consolidado,2024,Censo Escolar/INEP via Base dos Dados,TRUE,2,,1,0,1,0,,,,Até 149 matrículas,1,2024,RS,4314902,1,0,1,1,0,0,0,1,100,0,100,100,19,23,24,17,17,0,0,1,1,0,49,51,42,20,13,0,0,25,0,0,0,0,7,7,7,0,2,5,5,5,0,0,,5,0,0,1,1,1,1,1,1,0,0,1,1,0,1,1,1,0,0,0,0,0,1,0,1,1,1,0,,,30,0,0,0,0,0,0,2,FALSE,TRUE,FALSE,FALSE,TRUE,10,7,TRUE,FALSE,1,2,FALSE,FALSE,FALSE,FALSE,FALSE,FALSE,FALSE,Escola estadual no Censo 2024; municipalização posterior a confirmar,FALSE,,TRUE,FALSE,Rede estadual em 2024,FALSE,,TRUE,Dependência estadual no Censo 2024,sem_revisao_necessaria,,,,Escola estadual no Censo 2024; municipalização posterior a confirmar,TRUE,TRUE,TRUE,1a_avaliacao_formativa,1a_avaliacao_formativa,linha_base_pre_programa,pos_inicio_programa,regra temporal pre-programa registrada no painel,declaracao formal,,2026-07-24,regra temporal preexistente do projeto,Marian Dante - assessora UEF/SMED,4.605170185988092
ESC_015,43109233,TRUE,EMEF GABRIEL OBINO,EMEF GABRIEL OBINO,EMEF GABRIEL OBINO,amanda,amanda,SIM,SIM,NA_APLICAVEL,SIM,NAO,SIM,0,1,,amanda,SEM_CARGA_DO_PROGRAMA,ATIVA,LINHA_BASE_PRE_PROGRAMA,ASSESSORADA,TRUE,TRUE,FALSE,TRUE,FALSE,TRUE,FALSE,FALSE,REGRA_TEMPORAL_CONFIRMADA,HOMOLOGADO,2025_1a_avaliacao_formativa_linha_base,2026-07-24_v1,4,Língua Portuguesa,TRUE,TRUE,TRUE,TRUE,TRUE,TRUE,TRUE,TRUE,TRUE,TRUE,Rede municipal direta em 2024,rede_municipal_direta_ou_nao_classificada,rede_municipal_direta,Municipal,Em atividade,FALSE,FALSE,255,13,22,19.615384615384617,11.590909090909092,0,5.743243243243243,3.2094594594594597,41.0472972972973,4,100,Q3,150 a 299 matrículas,TRUE,41,32,78.04878048780488,39.25,56.375,18.6875,25.40625,58,49,84.48275862068965,49.81632653061224,37.61224489795919,24.816326530612244,37.57142857142857,40.5,6.433978132884775,10.566326530612244,-18.762755102040813,6.128826530612244,12.16517857142857,41.46341463414634,53.125,Mudança relevante no número de estudantes previstos,2,3,TRUE,TRUE,TRUE,TRUE,1,17,17,TRUE,FALSE,FALSE,FALSE,FALSE,TRUE,FALSE,FALSE,EMEF GABRIEL OBINO,exata_normalizada,consolidado,,rede_municipal_direta_ou_nao_classificada,0,TRUE,FALSE,FALSE,FALSE,rede_municipal_direta,Rede municipal direta em 2024,codigo_inep_consolidado,2024,Censo Escolar/INEP via Base dos Dados,TRUE,3,,1,0,1,0,,,,150 a 299 matrículas,2,2024,RS,4314902,1,1,1,1,1,0,1,1,592,82,463,255,53,48,51,56,47,208,47,34,34,0,289,303,319,110,131,1,2,29,0,0,0,19,42,38,22,21,38,32,24,13,11,0,,28,0,0,1,1,1,1,1,1,0,1,1,1,1,1,1,1,1,1,0,0,0,1,1,1,1,1,1,,,332,0,2,2,0,0,0,6,TRUE,TRUE,TRUE,TRUE,TRUE,10,10,TRUE,TRUE,1,3,FALSE,FALSE,FALSE,FALSE,FALSE,FALSE,FALSE,Rede municipal direta em 2024,FALSE,,TRUE,FALSE,Rede municipal direta em 2024,FALSE,,TRUE,,sem_revisao_necessaria,,,,Rede municipal direta em 2024,TRUE,TRUE,TRUE,1a_avaliacao_formativa,1a_avaliacao_formativa,linha_base_pre_programa,pos_inicio_programa,regra temporal pre-programa registrada no painel,declaracao formal,,2026-07-24,regra temporal preexistente do projeto,Marian Dante - assessora UEF/SMED,5.541263545158426
ESC_016,43107508,TRUE,EMEF GOV ILDO MENEGHETTI,EMEF GOV ILDO MENEGHETTI,EMEF GOV ILDO MENEGHETTI,clarissa,clarissa,SIM,SIM,NA_APLICAVEL,SIM,NAO,SIM,0,1,,clarissa,SEM_CARGA_DO_PROGRAMA,ATIVA,LINHA_BASE_PRE_PROGRAMA,ASSESSORADA,TRUE,TRUE,FALSE,TRUE,FALSE,TRUE,FALSE,FALSE,REGRA_TEMPORAL_CONFIRMADA,HOMOLOGADO,2025_1a_avaliacao_formativa_linha_base,2026-07-24_v1,4,Língua Portuguesa,TRUE,TRUE,TRUE,TRUE,TRUE,TRUE,TRUE,TRUE,TRUE,TRUE,Rede municipal direta em 2024,rede_municipal_direta_ou_nao_classificada,rede_municipal_direta,Municipal,Em atividade,FALSE,FALSE,585,24,28,24.375,20.892857142857142,8.376068376068377,8.389830508474576,0.2542372881355932,38.47457627118644,4,90,Q2,500 matrículas ou mais,TRUE,112,93,83.03571428571429,54.956989247311824,29.107526881720432,35.516129032258064,35.376344086021504,133,113,84.9624060150376,64.01769911504425,26.91150442477876,17.238938053097346,56.230088495575224,103,1.9266917293233092,9.060709867732427,-2.1960224569416695,-18.27719097916072,20.85374440955372,18.75,21.50537634408602,Sem alerta principal de composição,4,5,TRUE,TRUE,TRUE,TRUE,1,21,20,TRUE,TRUE,FALSE,FALSE,FALSE,FALSE,FALSE,FALSE,EMEF GOV ILDO MENEGHETTI,exata_normalizada,consolidado,,rede_municipal_direta_ou_nao_classificada,0,TRUE,FALSE,FALSE,FALSE,rede_municipal_direta,Rede municipal direta em 2024,codigo_inep_consolidado,2024,Censo Escolar/INEP via Base dos Dados,TRUE,3,,1,0,1,0,,,,500 matrículas ou mais,4,2024,RS,4314902,1,1,1,1,1,0,1,1,1180,34,994,585,109,125,105,124,122,409,152,99,99,0,619,561,703,241,211,4,2,19,49,49,0,3,59,49,28,25,54,48,41,24,17,0,,25,0,12,1,1,1,1,1,1,1,1,1,1,1,1,0,1,1,1,0,0,0,1,1,1,1,1,1,,,450,0,4,2,0,0,0,5,TRUE,TRUE,TRUE,TRUE,TRUE,10,9,TRUE,TRUE,1,3,FALSE,FALSE,FALSE,FALSE,FALSE,FALSE,FALSE,Rede municipal direta em 2024,FALSE,,TRUE,FALSE,Rede municipal direta em 2024,FALSE,,TRUE,,sem_revisao_necessaria,,,,Rede municipal direta em 2024,TRUE,TRUE,TRUE,1a_avaliacao_formativa,1a_avaliacao_formativa,linha_base_pre_programa,pos_inicio_programa,regra temporal pre-programa registrada no painel,declaracao formal,,2026-07-24,regra temporal preexistente do projeto,Marian Dante - assessora UEF/SMED,6.371611847231857
ESC_017,43108571,TRUE,EMEF GRANDE ORIENTE DO RGS,EMEF GRANDE ORIENTE DO RGS,EMEF GRANDE ORIENTE DO RGS,andreia,andreia,SIM,SIM,NA_APLICAVEL,SIM,NAO,SIM,0,1,,andreia,SEM_CARGA_DO_PROGRAMA,ATIVA,LINHA_BASE_PRE_PROGRAMA,ASSESSORADA,TRUE,TRUE,FALSE,TRUE,FALSE,TRUE,FALSE,FALSE,REGRA_TEMPORAL_CONFIRMADA,HOMOLOGADO,2025_1a_avaliacao_formativa_linha_base,2026-07-24_v1,4,Língua Portuguesa,TRUE,TRUE,TRUE,TRUE,TRUE,TRUE,TRUE,TRUE,TRUE,TRUE,Rede municipal direta em 2024,rede_municipal_direta_ou_nao_classificada,rede_municipal_direta,Municipal,Em atividade,FALSE,FALSE,470,20,25,23.5,18.8,24.46808510638298,7.762096774193548,0.907258064516129,42.54032258064516,4,80,Q1 — menor infraestrutura,300 a 499 matrículas,TRUE,108,75,69.44444444444444,52.053333333333335,34.733333333333334,27.866666666666667,37.4,102,85,83.33333333333333,36.247058823529414,50.88235294117647,28.211764705882352,21.176470588235293,80,13.888888888888886,-15.80627450980392,16.149019607843137,0.34509803921568505,-16.223529411764705,-5.555555555555555,13.333333333333334,Aumento de participação igual ou superior a 10 p.p.,4,4,TRUE,TRUE,TRUE,TRUE,0,-6,10,FALSE,FALSE,FALSE,TRUE,FALSE,FALSE,FALSE,FALSE,EMEF GRANDE ORIENTE DO RGS,exata_normalizada,consolidado,,rede_municipal_direta_ou_nao_classificada,0,TRUE,FALSE,FALSE,FALSE,rede_municipal_direta,Rede municipal direta em 2024,codigo_inep_consolidado,2024,Censo Escolar/INEP via Base dos Dados,TRUE,3,,1,0,1,0,,,,300 a 499 matrículas,3,2024,RS,4314902,1,1,1,1,1,0,1,1,992,49,780,470,95,86,99,87,103,310,163,77,77,0,508,484,487,221,197,2,4,81,197,115,82,9,57,44,25,25,54,44,34,20,14,0,,28,0,0,1,1,1,1,1,1,0,1,1,1,1,1,0,1,1,1,0,0,0,1,0,1,1,1,1,,,366,0,1,2,0,0,0,4,TRUE,TRUE,TRUE,TRUE,TRUE,10,8,TRUE,TRUE,1,3,FALSE,FALSE,FALSE,FALSE,FALSE,FALSE,FALSE,Rede municipal direta em 2024,FALSE,,TRUE,FALSE,Rede municipal direta em 2024,FALSE,,TRUE,,sem_revisao_necessaria,,,,Rede municipal direta em 2024,TRUE,TRUE,TRUE,1a_avaliacao_formativa,1a_avaliacao_formativa,linha_base_pre_programa,pos_inicio_programa,regra temporal pre-programa registrada no painel,declaracao formal,,2026-07-24,regra temporal preexistente do projeto,Marian Dante - assessora UEF/SMED,6.152732694704104
ESC_018,43105548,TRUE,EMEF HEITOR VILLA LOBOS,EMEF HEITOR VILLA LOBOS,EMEF HEITOR VILLA LOBOS,jalize,jalize,SIM,SIM,NA_APLICAVEL,SIM,NAO,SIM,0,1,,jalize,SEM_CARGA_DO_PROGRAMA,ATIVA,LINHA_BASE_PRE_PROGRAMA,ASSESSORADA,TRUE,TRUE,FALSE,TRUE,FALSE,TRUE,FALSE,FALSE,REGRA_TEMPORAL_CONFIRMADA,HOMOLOGADO,2025_1a_avaliacao_formativa_linha_base,2026-07-24_v1,4,Língua Portuguesa,TRUE,TRUE,TRUE,TRUE,TRUE,TRUE,TRUE,TRUE,TRUE,TRUE,Rede municipal direta em 2024,rede_municipal_direta_ou_nao_classificada,rede_municipal_direta,Municipal,Em atividade,FALSE,FALSE,501,19,24,26.36842105263158,20.875,5.788423153692615,7.265388496468214,11.301715438950556,39.05146316851665,3,100,Q3,500 matrículas ou mais,TRUE,112,93,83.03571428571429,57.806451612903224,26.795698924731184,29.096774193548388,43.8494623655914,103,97,94.1747572815534,46.83505154639175,39.41237113402062,26.50515463917526,33.78350515463917,95,11.139042995839104,-10.971400066511473,12.616672209289431,-2.5916195543731284,-10.065957210952227,-8.035714285714286,4.301075268817204,Aumento de participação igual ou superior a 10 p.p.,4,4,TRUE,TRUE,TRUE,TRUE,0,-9,4,TRUE,TRUE,FALSE,TRUE,FALSE,FALSE,FALSE,FALSE,EMEF HEITOR VILLA LOBOS,exata_normalizada,consolidado,,rede_municipal_direta_ou_nao_classificada,0,TRUE,FALSE,FALSE,FALSE,rede_municipal_direta,Rede municipal direta em 2024,codigo_inep_consolidado,2024,Censo Escolar/INEP via Base dos Dados,TRUE,3,,1,0,1,0,,,,500 matrículas ou mais,4,2024,RS,4314902,1,0,1,1,1,0,1,1,991,0,861,501,96,98,116,107,84,360,130,72,72,0,477,514,552,174,210,1,3,51,50,29,21,112,47,41,24,22,46,37,32,19,13,0,,20,3,1,1,1,1,1,1,1,0,1,1,1,1,1,1,1,1,1,0,0,0,1,1,1,1,1,1,,,527,0,2,3,0,0,0,7,FALSE,TRUE,TRUE,TRUE,TRUE,10,10,TRUE,TRUE,1,3,FALSE,FALSE,FALSE,FALSE,FALSE,FALSE,FALSE,Rede municipal direta em 2024,FALSE,,TRUE,FALSE,Rede municipal direta em 2024,FALSE,,TRUE,,sem_revisao_necessaria,,,,Rede municipal direta em 2024,TRUE,TRUE,TRUE,1a_avaliacao_formativa,1a_avaliacao_formativa,linha_base_pre_programa,pos_inicio_programa,regra temporal pre-programa registrada no painel,declaracao formal,,2026-07-24,regra temporal preexistente do projeto,Marian Dante - assessora UEF/SMED,6.2166061010848646
ESC_019,43172474,TRUE,EMEF JEAN PIAGET,EMEF JEAN PIAGET,EMEF JEAN PIAGET,clarissa,clarissa,SIM,SIM,NA_APLICAVEL,SIM,NAO,SIM,0,1,,clarissa,SEM_CARGA_DO_PROGRAMA,ATIVA,LINHA_BASE_PRE_PROGRAMA,ASSESSORADA,TRUE,TRUE,FALSE,TRUE,FALSE,TRUE,FALSE,FALSE,REGRA_TEMPORAL_CONFIRMADA,HOMOLOGADO,2025_1a_avaliacao_formativa_linha_base,2026-07-24_v1,4,Língua Portuguesa,TRUE,TRUE,TRUE,TRUE,TRUE,TRUE,TRUE,TRUE,TRUE,TRUE,Rede municipal direta em 2024,rede_municipal_direta_ou_nao_classificada,rede_municipal_direta,Municipal,Em atividade,FALSE,FALSE,379,16,26,23.6875,14.576923076923077,0,8.375634517766498,1.1421319796954317,30.96446700507614,4,100,Q3,300 a 499 matrículas,TRUE,97,73,75.25773195876289,67.68493150684931,20.493150684931507,27.424657534246577,52.082191780821915,70,62,88.57142857142857,72.56451612903226,17.112903225806452,21.387096774193548,61.54838709677419,67.5,13.31369661266568,4.879584622182946,-3.380247459125055,-6.037560760053026,9.466195315952277,-27.835051546391753,-15.068493150684931,Mudança relevante no público previsto e aumento de participação,4,3,TRUE,TRUE,TRUE,TRUE,-1,-27,-11,TRUE,FALSE,FALSE,TRUE,FALSE,TRUE,FALSE,FALSE,EMEF JEAN PIAGET,exata_normalizada,consolidado,,rede_municipal_direta_ou_nao_classificada,0,TRUE,FALSE,FALSE,FALSE,rede_municipal_direta,Rede municipal direta em 2024,codigo_inep_consolidado,2024,Censo Escolar/INEP via Base dos Dados,TRUE,3,,1,0,1,0,,,,300 a 499 matrículas,3,2024,RS,4314902,1,1,1,1,1,0,1,1,788,58,675,379,69,67,92,84,67,296,55,66,66,0,393,395,515,132,111,4,1,25,0,0,0,9,55,48,26,25,53,36,29,16,13,0,,16,0,0,1,1,1,1,1,1,0,1,1,1,0,1,1,1,0,1,0,0,0,1,1,1,1,1,1,,,345,0,4,1,1,1,0,6,TRUE,TRUE,TRUE,TRUE,TRUE,10,10,TRUE,TRUE,1,3,FALSE,FALSE,FALSE,FALSE,FALSE,FALSE,FALSE,Rede municipal direta em 2024,FALSE,,TRUE,FALSE,Rede municipal direta em 2024,FALSE,,TRUE,,sem_revisao_necessaria,,,,Rede municipal direta em 2024,TRUE,TRUE,TRUE,1a_avaliacao_formativa,1a_avaliacao_formativa,linha_base_pre_programa,pos_inicio_programa,regra temporal pre-programa registrada no painel,declaracao formal,,2026-07-24,regra temporal preexistente do projeto,Marian Dante - assessora UEF/SMED,5.937536205082426
ESC_020,43109217,TRUE,EMEF JOAO ANTONIO SATTE,EMEF JOAO ANTONIO SATTE,EMEF JOAO ANTONIO SATTE,eliane,eliane,SIM,SIM,NA_APLICAVEL,SIM,NAO,SIM,0,1,,eliane,SEM_CARGA_DO_PROGRAMA,ATIVA,LINHA_BASE_PRE_PROGRAMA,ASSESSORADA,TRUE,TRUE,FALSE,TRUE,FALSE,TRUE,FALSE,FALSE,REGRA_TEMPORAL_CONFIRMADA,HOMOLOGADO,2025_1a_avaliacao_formativa_linha_base,2026-07-24_v1,4,Língua Portuguesa,TRUE,TRUE,TRUE,TRUE,TRUE,TRUE,TRUE,TRUE,TRUE,TRUE,Rede municipal direta em 2024,rede_municipal_direta_ou_nao_classificada,rede_municipal_direta,Municipal,Em atividade,FALSE,FALSE,417,20,31,20.85,13.451612903225806,0,7.159353348729792,4.041570438799076,34.75750577367206,3,90,Q2,300 a 499 matrículas,TRUE,107,85,79.4392523364486,70.84705882352941,17.611764705882354,20.011764705882353,62.576470588235296,83,69,83.13253012048193,56.608695652173914,32.84057971014493,21.434782608695652,45.98550724637681,77,3.6932777840333273,-14.238363171355497,15.228815004262575,1.4230179028132994,-16.590963341858483,-22.429906542056074,-18.823529411764707,Mudança relevante no número de estudantes previstos,5,4,TRUE,TRUE,TRUE,TRUE,-1,-24,-16,TRUE,FALSE,FALSE,FALSE,FALSE,TRUE,FALSE,FALSE,EMEF JOAO ANTONIO SATTE,exata_normalizada,consolidado,,rede_municipal_direta_ou_nao_classificada,0,TRUE,FALSE,FALSE,FALSE,rede_municipal_direta,Rede municipal direta em 2024,codigo_inep_consolidado,2024,Censo Escolar/INEP via Base dos Dados,TRUE,3,,1,0,1,0,,,,300 a 499 matrículas,3,2024,RS,4314902,1,0,1,1,1,0,1,1,866,0,788,417,57,63,116,92,89,371,78,62,62,0,403,463,528,150,148,4,3,33,0,0,0,35,58,49,31,25,53,38,34,20,14,0,,21,0,1,1,1,1,1,1,1,1,1,0,1,1,1,1,1,1,0,0,0,0,1,1,1,1,1,1,,,521,0,3,3,0,0,0,7,FALSE,TRUE,TRUE,TRUE,TRUE,10,9,TRUE,TRUE,1,3,FALSE,FALSE,FALSE,FALSE,FALSE,FALSE,FALSE,Rede municipal direta em 2024,FALSE,,TRUE,FALSE,Rede municipal direta em 2024,FALSE,,TRUE,,sem_revisao_necessaria,,,,Rede municipal direta em 2024,TRUE,TRUE,TRUE,1a_avaliacao_formativa,1a_avaliacao_formativa,linha_base_pre_programa,pos_inicio_programa,regra temporal pre-programa registrada no painel,declaracao formal,,2026-07-24,regra temporal preexistente do projeto,Marian Dante - assessora UEF/SMED,6.0330862217988015
ESC_021,43219543,TRUE,EMEF JOAO CARLOS DAVILA PAIXAO CORTES - LACADOR,EMEF JOAO CARLOS DAVILA PAIXAO CORTES - LACADOR,EMEF JOAO CARLOS DAVILA PAIXAO CORTES LACADOR,julia,julia,SIM,SIM,NA_APLICAVEL,SIM,NAO,SIM,0,1,,julia,SEM_CARGA_DO_PROGRAMA,ATIVA,LINHA_BASE_PRE_PROGRAMA,ASSESSORADA,TRUE,TRUE,FALSE,TRUE,FALSE,TRUE,FALSE,FALSE,REGRA_TEMPORAL_CONFIRMADA,HOMOLOGADO,2025_1a_avaliacao_formativa_linha_base,2026-07-24_v1,4,Língua Portuguesa,TRUE,TRUE,TRUE,TRUE,TRUE,TRUE,TRUE,TRUE,TRUE,TRUE,Rede municipal direta em 2024,rede_municipal_direta,rede_municipal_direta,Municipal,Em atividade,FALSE,FALSE,70,4,11,17.5,6.363636363636363,0,9.090909090909092,0,24.545454545454547,2,80,Q1 — menor infraestrutura,Até 149 matrículas,TRUE,23,19,82.6086956521739,75,26,5,68,24,24,100,78,9,23,68,21.5,17.391304347826093,3,-17,18,0,4.3478260869565215,26.31578947368421,Aumento de participação igual ou superior a 10 p.p.,1,1,TRUE,TRUE,TRUE,TRUE,0,1,5,TRUE,TRUE,FALSE,TRUE,FALSE,FALSE,TRUE,FALSE,EMEF JOAO CARLOS DAVILA PAIXAO CORTES - LACADOR,aceite_manual,consolidado,escola nova,rede_municipal_direta,0,TRUE,FALSE,FALSE,TRUE,rede_municipal_direta,"Escola municipal inaugurada para o ano letivo de 2024, instalada em prédio anteriormente utilizado pela extinta Escola Estadual Dr. João Batista de Lacerda. Desde a inauguração integra a rede municipal direta. Opera em turno integral, com ensino bilíngue em inglês e modelo cívico-militar com monitoria da Brigada Militar. A condição de escola nova refere-se à inauguração em 2024, não à ausência ou ao funcionamento incerto no contexto pré-programa.",codigo_inep_consolidado,2024,Censo Escolar/INEP via Base dos Dados,TRUE,3,,1,0,1,0,,,,Até 149 matrículas,1,2024,RS,4314902,1,1,1,1,0,0,0,1,110,40,70,70,25,23,22,0,0,0,0,10,10,0,48,62,80,12,15,0,0,3,0,0,0,0,14,11,11,0,14,6,4,4,0,0,,12,0,2,1,1,1,1,1,1,0,1,1,1,0,1,1,1,1,1,1,0,0,1,0,1,1,1,0,,,102,0,0,1,0,0,0,5,TRUE,TRUE,FALSE,FALSE,TRUE,10,8,TRUE,TRUE,1,3,FALSE,FALSE,FALSE,FALSE,FALSE,FALSE,FALSE,Rede municipal direta em 2024,FALSE,,TRUE,FALSE,Rede municipal direta em 2024,TRUE,Censo 2024 registra escola municipal em atividade; a hipótese de escola nova precisa ser reinterpretada,TRUE,,corrigir,rede_municipal_direta,rede_municipal_direta,"Escola municipal inaugurada para o ano letivo de 2024, instalada em prédio anteriormente utilizado pela extinta Escola Estadual Dr. João Batista de Lacerda. Desde a inauguração integra a rede municipal direta. Opera em turno integral, com ensino bilíngue em inglês e modelo cívico-militar com monitoria da Brigada Militar. A condição de escola nova refere-se à inauguração em 2024, não à ausência ou ao funcionamento incerto no contexto pré-programa.","Escola municipal inaugurada para o ano letivo de 2024, instalada em prédio anteriormente utilizado pela extinta Escola Estadual Dr. João Batista de Lacerda. Desde a inauguração integra a rede municipal direta. Opera em turno integral, com ensino bilíngue em inglês e modelo cívico-militar com monitoria da Brigada Militar. A condição de escola nova refere-se à inauguração em 2024, não à ausência ou ao funcionamento incerto no contexto pré-programa.",TRUE,TRUE,TRUE,1a_avaliacao_formativa,1a_avaliacao_formativa,linha_base_pre_programa,pos_inicio_programa,regra temporal pre-programa registrada no painel,declaracao formal,,2026-07-24,regra temporal preexistente do projeto,Marian Dante - assessora UEF/SMED,4.248495242049359
ESC_022,43105491,TRUE,EMEF JOSE LOUREIRO DA SILVA,EMEF JOSE LOUREIRO DA SILVA,EMEF JOSE LOUREIRO DA SILVA,jalize,jalize,SIM,SIM,NA_APLICAVEL,SIM,NAO,SIM,0,1,,jalize,SEM_CARGA_DO_PROGRAMA,ATIVA,LINHA_BASE_PRE_PROGRAMA,ASSESSORADA,TRUE,TRUE,FALSE,TRUE,FALSE,TRUE,FALSE,FALSE,REGRA_TEMPORAL_CONFIRMADA,HOMOLOGADO,2025_1a_avaliacao_formativa_linha_base,2026-07-24_v1,4,Língua Portuguesa,TRUE,TRUE,TRUE,TRUE,TRUE,TRUE,TRUE,TRUE,TRUE,TRUE,Rede municipal direta em 2024,rede_municipal_direta_ou_nao_classificada,rede_municipal_direta,Municipal,Em atividade,FALSE,FALSE,477,21,26,22.714285714285715,18.346153846153847,30.39832285115304,9.821428571428571,2.380952380952381,44.04761904761905,4,100,Q3,300 a 499 matrículas,TRUE,82,60,73.17073170731707,52.88333333333333,39.88333333333333,19.85,39.766666666666666,92,72,78.26086956521739,55.583333333333336,23.916666666666668,38.861111111111114,36.986111111111114,66,5.0901378579003165,2.700000000000003,-15.966666666666663,19.011111111111113,-2.7805555555555515,12.195121951219512,20,Sem alerta principal de composição,4,4,TRUE,TRUE,TRUE,TRUE,0,10,12,TRUE,FALSE,FALSE,FALSE,FALSE,FALSE,FALSE,FALSE,EMEF JOSE LOUREIRO DA SILVA,exata_normalizada,consolidado,,rede_municipal_direta_ou_nao_classificada,0,TRUE,FALSE,FALSE,FALSE,rede_municipal_direta,Rede municipal direta em 2024,codigo_inep_consolidado,2024,Censo Escolar/INEP via Base dos Dados,TRUE,3,,1,0,1,0,,,,300 a 499 matrículas,3,2024,RS,4314902,1,1,1,1,1,0,1,1,1008,42,816,477,96,87,101,102,91,339,150,99,99,0,508,500,547,241,202,2,1,15,204,145,59,24,57,49,26,24,53,45,35,21,14,0,,24,0,1,1,1,1,1,1,1,0,1,1,1,1,1,1,1,1,1,0,0,0,1,1,1,1,1,1,,,520,2,4,2,0,0,1,6,TRUE,TRUE,TRUE,TRUE,TRUE,10,10,TRUE,TRUE,1,3,FALSE,FALSE,FALSE,FALSE,FALSE,FALSE,FALSE,Rede municipal direta em 2024,FALSE,,TRUE,FALSE,Rede municipal direta em 2024,FALSE,,TRUE,,sem_revisao_necessaria,,,,Rede municipal direta em 2024,TRUE,TRUE,TRUE,1a_avaliacao_formativa,1a_avaliacao_formativa,linha_base_pre_programa,pos_inicio_programa,regra temporal pre-programa registrada no painel,declaracao formal,,2026-07-24,regra temporal preexistente do projeto,Marian Dante - assessora UEF/SMED,6.1675164908883415
ESC_023,43169490,TRUE,EMEF JOSE MARIANO BECK,EMEF JOSE MARIANO BECK,EMEF JOSE MARIANO BECK,nathalia,nathalia,SIM,SIM,NA_APLICAVEL,SIM,NAO,SIM,0,1,,nathalia,SEM_CARGA_DO_PROGRAMA,ATIVA,LINHA_BASE_PRE_PROGRAMA,ASSESSORADA,TRUE,TRUE,FALSE,TRUE,FALSE,TRUE,FALSE,FALSE,REGRA_TEMPORAL_CONFIRMADA,HOMOLOGADO,2025_1a_avaliacao_formativa_linha_base,2026-07-24_v1,4,Língua Portuguesa,TRUE,TRUE,TRUE,TRUE,TRUE,TRUE,TRUE,TRUE,TRUE,TRUE,Rede municipal direta em 2024,rede_municipal_direta_ou_nao_classificada,rede_municipal_direta,Municipal,Em atividade,FALSE,FALSE,329,15,24,21.933333333333337,13.708333333333334,0,6.185567010309279,0,45.65537555228277,4,100,Q3,300 a 499 matrículas,TRUE,63,43,68.25396825396825,48.46511627906977,35.27906976744186,37.16279069767442,27.976744186046513,68,62,91.17647058823528,28.580645161290324,63.87096774193548,18.70967741935484,17.419354838709676,52.5,22.922502334267037,-19.884471117779444,28.59189797449362,-18.453113278319577,-10.557389347336835,7.936507936507937,44.18604651162791,Aumento de participação igual ou superior a 10 p.p.,3,3,TRUE,TRUE,TRUE,TRUE,0,5,19,FALSE,FALSE,FALSE,TRUE,FALSE,FALSE,FALSE,FALSE,EMEF JOSE MARIANO BECK,exata_normalizada,consolidado,,rede_municipal_direta_ou_nao_classificada,0,TRUE,FALSE,FALSE,FALSE,rede_municipal_direta,Rede municipal direta em 2024,codigo_inep_consolidado,2024,Censo Escolar/INEP via Base dos Dados,TRUE,3,,1,0,1,0,,,,300 a 499 matrículas,2,2024,RS,4314902,1,1,1,1,1,0,1,1,679,56,559,329,65,64,72,65,63,230,64,42,42,0,338,341,355,132,177,0,1,14,0,0,0,0,53,45,24,27,45,37,29,15,14,0,,18,1,9,1,1,1,1,1,1,0,1,1,1,1,1,1,1,1,0,0,1,0,1,1,1,1,1,1,,,430,0,2,1,0,0,0,5,TRUE,TRUE,TRUE,TRUE,TRUE,10,10,TRUE,TRUE,1,3,FALSE,FALSE,FALSE,FALSE,FALSE,FALSE,FALSE,Rede municipal direta em 2024,FALSE,,TRUE,FALSE,Rede municipal direta em 2024,FALSE,,TRUE,,sem_revisao_necessaria,,,,Rede municipal direta em 2024,TRUE,TRUE,TRUE,1a_avaliacao_formativa,1a_avaliacao_formativa,linha_base_pre_programa,pos_inicio_programa,regra temporal pre-programa registrada no painel,declaracao formal,,2026-07-24,regra temporal preexistente do projeto,Marian Dante - assessora UEF/SMED,5.796057750765372
ESC_024,43109209,TRUE,EMEF LAURO RODRIGUES,EMEF LAURO RODRIGUES,EMEF LAURO RODRIGUES,clarissa,clarissa,SIM,SIM,NA_APLICAVEL,SIM,NAO,SIM,0,1,,clarissa,SEM_CARGA_DO_PROGRAMA,ATIVA,LINHA_BASE_PRE_PROGRAMA,ASSESSORADA,TRUE,TRUE,FALSE,TRUE,FALSE,TRUE,FALSE,FALSE,REGRA_TEMPORAL_CONFIRMADA,HOMOLOGADO,2025_1a_avaliacao_formativa_linha_base,2026-07-24_v1,4,Língua Portuguesa,TRUE,TRUE,TRUE,TRUE,TRUE,TRUE,TRUE,TRUE,TRUE,TRUE,Rede municipal direta em 2024,rede_municipal_direta_ou_nao_classificada,rede_municipal_direta,Municipal,Em atividade,FALSE,FALSE,339,15,27,22.6,12.555555555555555,20.64896755162242,7.451564828614009,3.5767511177347244,32.04172876304024,3,90,Q2,300 a 499 matrículas,TRUE,93,80,86.02150537634408,63.95,22.4375,24.9375,52.625,69,58,84.05797101449275,55.94827586206897,30.603448275862068,29.017241379310345,40.37931034482759,69,-1.9635343618513303,-8.001724137931035,8.165948275862068,4.079741379310345,-12.245689655172413,-25.806451612903224,-27.5,Mudança relevante no número de estudantes previstos,4,4,TRUE,TRUE,TRUE,TRUE,0,-24,-22,TRUE,TRUE,FALSE,FALSE,FALSE,TRUE,FALSE,FALSE,EMEF LAURO RODRIGUES,exata_normalizada,consolidado,,rede_municipal_direta_ou_nao_classificada,0,TRUE,FALSE,FALSE,FALSE,rede_municipal_direta,Rede municipal direta em 2024,codigo_inep_consolidado,2024,Censo Escolar/INEP via Base dos Dados,TRUE,3,,1,0,1,0,,,,300 a 499 matrículas,2,2024,RS,4314902,1,1,1,1,1,0,0,1,671,61,610,339,63,66,80,69,61,271,0,50,50,0,350,321,398,105,110,0,0,58,89,70,19,24,51,47,27,27,49,31,27,15,12,0,,17,0,4,1,1,1,1,1,1,0,1,1,1,0,1,0,1,1,1,0,0,0,1,1,1,1,1,1,,,0,0,3,1,2,1,0,7,TRUE,TRUE,TRUE,FALSE,TRUE,10,9,TRUE,TRUE,1,3,FALSE,FALSE,FALSE,FALSE,FALSE,FALSE,FALSE,Rede municipal direta em 2024,FALSE,,TRUE,FALSE,Rede municipal direta em 2024,FALSE,,TRUE,,sem_revisao_necessaria,,,,Rede municipal direta em 2024,TRUE,TRUE,TRUE,1a_avaliacao_formativa,1a_avaliacao_formativa,linha_base_pre_programa,pos_inicio_programa,regra temporal pre-programa registrada no painel,declaracao formal,,2026-07-24,regra temporal preexistente do projeto,Marian Dante - assessora UEF/SMED,5.82600010738045
ESC_025,43109063,TRUE,EMEF LEOCADIA FELIZARDO PRESTES,EMEF LEOCADIA FELIZARDO PRESTES,EMEF LEOCADIA FELIZARDO PRESTES,graziela,graziela,SIM,SIM,NA_APLICAVEL,SIM,NAO,SIM,0,1,,graziela,SEM_CARGA_DO_PROGRAMA,ATIVA,LINHA_BASE_PRE_PROGRAMA,ASSESSORADA,TRUE,TRUE,FALSE,TRUE,FALSE,TRUE,FALSE,FALSE,REGRA_TEMPORAL_CONFIRMADA,HOMOLOGADO,2025_1a_avaliacao_formativa_linha_base,2026-07-24_v1,4,Língua Portuguesa,TRUE,TRUE,TRUE,TRUE,TRUE,TRUE,TRUE,TRUE,TRUE,TRUE,Rede municipal direta em 2024,rede_municipal_direta_ou_nao_classificada,rede_municipal_direta,Municipal,Em atividade,FALSE,FALSE,247,11,21,22.454545454545453,11.761904761904765,10.121457489878544,7.889908256880734,0,31.743119266055047,4,100,Q3,150 a 299 matrículas,TRUE,53,38,71.69811320754717,67,23.5,16,60.5,53,45,84.90566037735849,65.02222222222223,15.533333333333331,29.42222222222222,54.55555555555556,41.5,13.20754716981132,-1.9777777777777743,-7.966666666666667,13.42222222222222,-5.944444444444443,0,18.42105263157895,Aumento de participação igual ou superior a 10 p.p.,2,2,TRUE,TRUE,TRUE,TRUE,0,0,7,TRUE,FALSE,FALSE,TRUE,FALSE,FALSE,FALSE,FALSE,EMEF LEOCADIA FELIZARDO PRESTES,exata_normalizada,consolidado,,rede_municipal_direta_ou_nao_classificada,0,TRUE,FALSE,FALSE,FALSE,rede_municipal_direta,Rede municipal direta em 2024,codigo_inep_consolidado,2024,Censo Escolar/INEP via Base dos Dados,TRUE,3,,1,0,1,0,,,,150 a 299 matrículas,2,2024,RS,4314902,1,1,1,1,1,0,1,1,545,78,418,247,42,45,51,74,35,171,49,43,43,0,278,267,261,94,79,1,0,110,42,25,17,0,41,31,21,20,37,28,20,11,9,0,,19,2,10,1,1,1,1,1,1,0,1,1,1,1,1,1,1,1,1,1,0,0,1,1,1,1,1,1,,,260,0,2,1,0,0,0,6,TRUE,TRUE,TRUE,TRUE,TRUE,10,10,TRUE,TRUE,1,3,FALSE,FALSE,FALSE,FALSE,FALSE,FALSE,FALSE,Rede municipal direta em 2024,FALSE,,TRUE,FALSE,Rede municipal direta em 2024,FALSE,,TRUE,,sem_revisao_necessaria,,,,Rede municipal direta em 2024,TRUE,TRUE,TRUE,1a_avaliacao_formativa,1a_avaliacao_formativa,linha_base_pre_programa,pos_inicio_programa,regra temporal pre-programa registrada no painel,declaracao formal,,2026-07-24,regra temporal preexistente do projeto,Marian Dante - assessora UEF/SMED,5.5093883366279774
ESC_026,43109144,TRUE,EMEF LIDOVINO FANTON,EMEF LIDOVINO FANTON,EMEF LIDOVINO FANTON,julia,julia,SIM,SIM,NA_APLICAVEL,SIM,NAO,SIM,0,1,,julia,SEM_CARGA_DO_PROGRAMA,ATIVA,LINHA_BASE_PRE_PROGRAMA,ASSESSORADA,TRUE,TRUE,FALSE,TRUE,FALSE,TRUE,FALSE,FALSE,REGRA_TEMPORAL_CONFIRMADA,HOMOLOGADO,2025_1a_avaliacao_formativa_linha_base,2026-07-24_v1,4,Língua Portuguesa,TRUE,TRUE,TRUE,TRUE,TRUE,TRUE,TRUE,TRUE,TRUE,TRUE,Rede municipal direta em 2024,rede_municipal_direta_ou_nao_classificada,rede_municipal_direta,Municipal,Em atividade,FALSE,FALSE,563,23,35,24.47826086956522,16.085714285714285,14.209591474245116,6.009852216748769,0.7881773399014779,36.65024630541872,4,80,Q1 — menor infraestrutura,500 matrículas ou mais,TRUE,122,97,79.50819672131148,41.03092783505155,46.24742268041237,26.762886597938145,26.917525773195877,111,96,86.48648648648648,27.4375,63.541666666666664,20.635416666666668,15.927083333333334,96.5,6.978289765175006,-13.59342783505155,17.294243986254294,-6.127469931271477,-10.990442439862544,-9.01639344262295,-1.0309278350515465,Sem alerta principal de composição,5,5,TRUE,TRUE,TRUE,TRUE,0,-11,-1,TRUE,FALSE,FALSE,FALSE,FALSE,FALSE,FALSE,FALSE,EMEF LIDOVINO FANTON,exata_normalizada,consolidado,,rede_municipal_direta_ou_nao_classificada,0,TRUE,FALSE,FALSE,FALSE,rede_municipal_direta,Rede municipal direta em 2024,codigo_inep_consolidado,2024,Censo Escolar/INEP via Base dos Dados,TRUE,3,,1,0,1,0,,,,500 matrículas ou mais,4,2024,RS,4314902,1,1,1,1,1,0,1,1,1015,63,891,563,94,103,144,120,102,328,61,61,61,0,522,493,543,177,194,4,1,96,116,80,36,8,63,55,35,27,56,45,37,23,14,0,,26,1,3,1,1,1,1,1,1,0,1,0,1,1,1,0,1,1,1,1,0,0,1,1,1,1,1,1,,,250,1,2,3,1,1,0,8,TRUE,TRUE,TRUE,TRUE,TRUE,10,8,TRUE,TRUE,1,3,FALSE,FALSE,FALSE,FALSE,FALSE,FALSE,FALSE,Rede municipal direta em 2024,FALSE,,TRUE,FALSE,Rede municipal direta em 2024,FALSE,,TRUE,,sem_revisao_necessaria,,,,Rede municipal direta em 2024,TRUE,TRUE,TRUE,1a_avaliacao_formativa,1a_avaliacao_formativa,linha_base_pre_programa,pos_inicio_programa,regra temporal pre-programa registrada no painel,declaracao formal,,2026-07-24,regra temporal preexistente do projeto,Marian Dante - assessora UEF/SMED,6.333279628139691
ESC_027,43183018,TRUE,EMEF MARIO QUINTANA,EMEF MARIO QUINTANA,EMEF MARIO QUINTANA,ruti,ruti,SIM,SIM,NA_APLICAVEL,SIM,NAO,SIM,0,1,,ruti,SEM_CARGA_DO_PROGRAMA,ATIVA,LINHA_BASE_PRE_PROGRAMA,ASSESSORADA,TRUE,TRUE,FALSE,TRUE,FALSE,TRUE,FALSE,FALSE,REGRA_TEMPORAL_CONFIRMADA,HOMOLOGADO,2025_1a_avaliacao_formativa_linha_base,2026-07-24_v1,4,Língua Portuguesa,TRUE,TRUE,TRUE,TRUE,TRUE,TRUE,TRUE,TRUE,TRUE,TRUE,Rede municipal direta em 2024,rede_municipal_direta_ou_nao_classificada,rede_municipal_direta,Municipal,Em atividade,FALSE,FALSE,233,10,20,23.3,11.65,100,7.960199004975125,6.218905472636816,40.298507462686565,2,70,Q1 — menor infraestrutura,150 a 299 matrículas,TRUE,50,41,82,44.51219512195122,46.41463414634146,24.609756097560975,29.48780487804878,46,40,86.95652173913044,45,44,23,33,40.5,4.956521739130437,0.48780487804877737,-2.414634146341463,-1.6097560975609753,3.512195121951219,-8,-2.4390243902439024,Sem alerta principal de composição,2,2,TRUE,TRUE,TRUE,TRUE,0,-4,-1,TRUE,TRUE,FALSE,FALSE,FALSE,FALSE,FALSE,FALSE,EMEF MARIO QUINTANA,exata_normalizada,consolidado,,rede_municipal_direta_ou_nao_classificada,0,TRUE,FALSE,FALSE,FALSE,rede_municipal_direta,Rede municipal direta em 2024,codigo_inep_consolidado,2024,Censo Escolar/INEP via Base dos Dados,TRUE,3,,1,0,1,0,,,,150 a 299 matrículas,1,2024,RS,4314902,1,0,1,1,1,0,0,1,402,0,402,233,49,48,48,45,43,169,0,32,32,0,189,213,215,77,84,0,1,25,365,233,132,25,30,30,20,13,28,18,18,10,8,16,,21,0,0,1,1,1,1,1,1,0,0,0,1,1,1,0,1,0,1,0,0,0,1,1,1,1,1,1,,,434,0,0,0,0,0,0,4,FALSE,TRUE,TRUE,FALSE,TRUE,10,7,TRUE,TRUE,1,3,FALSE,FALSE,FALSE,FALSE,FALSE,FALSE,FALSE,Rede municipal direta em 2024,FALSE,,TRUE,FALSE,Rede municipal direta em 2024,FALSE,,TRUE,,sem_revisao_necessaria,,,,Rede municipal direta em 2024,TRUE,TRUE,TRUE,1a_avaliacao_formativa,1a_avaliacao_formativa,linha_base_pre_programa,pos_inicio_programa,regra temporal pre-programa registrada no painel,declaracao formal,,2026-07-24,regra temporal preexistente do projeto,Marian Dante - assessora UEF/SMED,5.4510384535657
ESC_028,43177018,TRUE,EMEF MIGRANTES,EMEF MIGRANTES,EMEF MIGRANTES,nathalia,nathalia,SIM,SIM,NA_APLICAVEL,SIM,NAO,SIM,0,1,,nathalia,SEM_CARGA_DO_PROGRAMA,ATIVA,LINHA_BASE_PRE_PROGRAMA,ASSESSORADA,TRUE,TRUE,FALSE,TRUE,FALSE,TRUE,FALSE,FALSE,REGRA_TEMPORAL_CONFIRMADA,HOMOLOGADO,2025_1a_avaliacao_formativa_linha_base,2026-07-24_v1,4,Língua Portuguesa,TRUE,TRUE,TRUE,TRUE,TRUE,TRUE,TRUE,TRUE,TRUE,TRUE,Rede municipal direta em 2024,rede_municipal_direta_ou_nao_classificada,rede_municipal_direta,Municipal,Em atividade,FALSE,FALSE,80,5,10,16,8,0,7.975460122699387,0,26.380368098159508,3,90,Q2,Até 149 matrículas,TRUE,7,5,71.42857142857143,82,0,40,60,19,16,84.21052631578948,51,23,46,31,10.5,12.781954887218047,-31,23,6,-29,171.42857142857142,220,Mudança relevante no público previsto e aumento de participação,1,1,TRUE,TRUE,TRUE,TRUE,0,12,11,TRUE,FALSE,FALSE,TRUE,FALSE,TRUE,TRUE,TRUE,EMEF MIGRANTES,exata_normalizada,consolidado,,rede_municipal_direta_ou_nao_classificada,0,TRUE,FALSE,FALSE,FALSE,rede_municipal_direta,Rede municipal direta em 2024,codigo_inep_consolidado,2024,Censo Escolar/INEP via Base dos Dados,TRUE,3,,1,0,1,0,,,,Até 149 matrículas,1,2024,RS,4314902,1,1,1,1,1,0,0,1,163,28,135,80,20,20,13,14,13,55,0,13,13,0,67,96,115,9,34,0,0,5,0,0,0,0,19,17,10,10,15,11,9,5,4,0,,10,0,0,1,1,1,1,1,1,0,0,1,1,1,1,1,1,0,0,0,0,1,1,1,1,1,1,1,,,118,10,2,2,1,1,0,2,TRUE,TRUE,TRUE,FALSE,TRUE,10,9,TRUE,FALSE,1,3,FALSE,FALSE,FALSE,FALSE,FALSE,FALSE,FALSE,Rede municipal direta em 2024,FALSE,,TRUE,FALSE,Rede municipal direta em 2024,FALSE,,TRUE,,sem_revisao_necessaria,,,,Rede municipal direta em 2024,TRUE,TRUE,TRUE,1a_avaliacao_formativa,1a_avaliacao_formativa,linha_base_pre_programa,pos_inicio_programa,regra temporal pre-programa registrada no painel,declaracao formal,,2026-07-24,regra temporal preexistente do projeto,Marian Dante - assessora UEF/SMED,4.382026634673881
ESC_029,43293069,TRUE,EMEF MORADAS DA HIPICA,EMEF MORADAS DA HIPICA,EMEF MORADAS DA HIPICA,amanda,amanda,SIM,SIM,NA_APLICAVEL,SIM,NAO,SIM,0,1,,amanda,SEM_CARGA_DO_PROGRAMA,ATIVA,LINHA_BASE_PRE_PROGRAMA,ASSESSORADA,TRUE,TRUE,FALSE,TRUE,FALSE,TRUE,FALSE,FALSE,REGRA_TEMPORAL_CONFIRMADA,HOMOLOGADO,2025_1a_avaliacao_formativa_linha_base,2026-07-24_v1,4,Língua Portuguesa,TRUE,TRUE,TRUE,TRUE,TRUE,TRUE,TRUE,TRUE,TRUE,TRUE,Rede municipal direta em 2024,rede_municipal_direta_ou_nao_classificada,rede_municipal_direta,Municipal,Em atividade,FALSE,FALSE,488,19,20,25.68421052631579,24.4,9.221311475409836,7.818930041152264,3.4979423868312756,28.08641975308642,3,80,Q1 — menor infraestrutura,300 a 499 matrículas,TRUE,107,96,89.7196261682243,82.10416666666667,8.322916666666666,17.947916666666668,73.94791666666667,77,72,93.50649350649353,75.61111111111111,11.5,22.77777777777778,66.02777777777777,84,3.786867338269218,-6.493055555555557,3.177083333333334,4.829861111111111,-7.9201388888889,-28.037383177570092,-25,Mudança relevante no número de estudantes previstos,4,3,TRUE,TRUE,TRUE,TRUE,-1,-30,-24,TRUE,TRUE,FALSE,FALSE,FALSE,TRUE,FALSE,FALSE,EMEF MORADAS DA HIPICA,exata_normalizada,consolidado,,rede_municipal_direta_ou_nao_classificada,0,TRUE,FALSE,FALSE,FALSE,rede_municipal_direta,Rede municipal direta em 2024,codigo_inep_consolidado,2024,Censo Escolar/INEP via Base dos Dados,TRUE,3,,1,0,1,0,,,,300 a 499 matrículas,3,2024,RS,4314902,1,1,1,1,1,0,0,1,972,97,875,488,87,78,109,107,107,387,0,76,76,0,483,489,671,88,183,3,2,25,64,45,19,34,40,36,20,17,39,38,33,19,14,0,,32,10,0,1,1,1,1,1,1,0,0,0,1,1,1,1,1,0,1,1,0,0,1,1,1,1,1,1,,,463,0,2,2,0,0,0,6,TRUE,TRUE,TRUE,FALSE,TRUE,10,8,TRUE,TRUE,1,3,FALSE,FALSE,FALSE,FALSE,FALSE,FALSE,FALSE,Rede municipal direta em 2024,FALSE,,TRUE,FALSE,Rede municipal direta em 2024,FALSE,,TRUE,,sem_revisao_necessaria,,,,Rede municipal direta em 2024,TRUE,TRUE,TRUE,1a_avaliacao_formativa,1a_avaliacao_formativa,linha_base_pre_programa,pos_inicio_programa,regra temporal pre-programa registrada no painel,declaracao formal,,2026-07-24,regra temporal preexistente do projeto,Marian Dante - assessora UEF/SMED,6.1903154058531475
ESC_030,43177034,TRUE,EMEF MORRO DA CRUZ,EMEF MORRO DA CRUZ,EMEF MORRO DA CRUZ,andreia,andreia,SIM,SIM,NA_APLICAVEL,SIM,NAO,SIM,0,1,,andreia,SEM_CARGA_DO_PROGRAMA,ATIVA,LINHA_BASE_PRE_PROGRAMA,ASSESSORADA,TRUE,TRUE,FALSE,TRUE,FALSE,TRUE,FALSE,FALSE,REGRA_TEMPORAL_CONFIRMADA,HOMOLOGADO,2025_1a_avaliacao_formativa_linha_base,2026-07-24_v1,4,Língua Portuguesa,TRUE,TRUE,TRUE,TRUE,TRUE,TRUE,TRUE,TRUE,TRUE,TRUE,Rede municipal direta em 2024,rede_municipal_direta_ou_nao_classificada,rede_municipal_direta,Municipal,Em atividade,FALSE,FALSE,538,21,27,25.61904761904762,19.925925925925927,10.037174721189592,6.2438057482656095,1.189296333002973,36.570862239841425,3,100,Q3,500 matrículas ou mais,TRUE,107,89,83.17757009345794,35.93258426966292,56.258426966292134,18.04494382022472,25.910112359550563,98,77,78.57142857142857,32.94805194805195,65.05194805194805,7.935064935064935,27.285714285714285,83,-4.606141522029375,-2.9845323216109705,8.793521085655911,-10.109878885159784,1.3756019261637211,-8.411214953271028,-13.48314606741573,Sem alerta principal de composição,4,4,TRUE,TRUE,TRUE,TRUE,0,-9,-12,TRUE,FALSE,FALSE,FALSE,FALSE,FALSE,FALSE,FALSE,EMEF MORRO DA CRUZ,exata_normalizada,consolidado,,rede_municipal_direta_ou_nao_classificada,0,TRUE,FALSE,FALSE,FALSE,rede_municipal_direta,Rede municipal direta em 2024,codigo_inep_consolidado,2024,Censo Escolar/INEP via Base dos Dados,TRUE,3,,1,0,1,0,,,,500 matrículas ou mais,4,2024,RS,4314902,1,1,1,1,1,0,0,1,1009,130,879,538,95,99,122,113,109,341,0,63,63,0,484,525,536,158,209,3,2,101,89,54,35,12,53,46,27,21,50,41,34,21,13,0,,24,0,4,1,1,1,1,1,1,0,1,1,1,0,1,1,1,0,1,0,0,0,1,1,1,1,1,1,,,570,0,2,1,2,1,0,5,TRUE,TRUE,TRUE,FALSE,TRUE,10,10,TRUE,TRUE,1,3,FALSE,FALSE,FALSE,FALSE,FALSE,FALSE,FALSE,Rede municipal direta em 2024,FALSE,,TRUE,FALSE,Rede municipal direta em 2024,FALSE,,TRUE,,sem_revisao_necessaria,,,,Rede municipal direta em 2024,TRUE,TRUE,TRUE,1a_avaliacao_formativa,1a_avaliacao_formativa,linha_base_pre_programa,pos_inicio_programa,regra temporal pre-programa registrada no painel,declaracao formal,,2026-07-24,regra temporal preexistente do projeto,Marian Dante - assessora UEF/SMED,6.2878585601617845
ESC_031,43177042,TRUE,EMEF NEUSA GOULART BRIZOLA,EMEF NEUSA GOULART BRIZOLA,EMEF NEUSA GOULART BRIZOLA,julia,julia,SIM,SIM,NA_APLICAVEL,SIM,NAO,SIM,0,1,,julia,SEM_CARGA_DO_PROGRAMA,ATIVA,LINHA_BASE_PRE_PROGRAMA,ASSESSORADA,TRUE,TRUE,FALSE,TRUE,FALSE,TRUE,FALSE,FALSE,REGRA_TEMPORAL_CONFIRMADA,HOMOLOGADO,2025_1a_avaliacao_formativa_linha_base,2026-07-24_v1,4,Língua Portuguesa,TRUE,TRUE,TRUE,TRUE,TRUE,TRUE,TRUE,TRUE,TRUE,TRUE,Rede municipal direta em 2024,rede_municipal_direta_ou_nao_classificada,rede_municipal_direta,Municipal,Em atividade,FALSE,FALSE,218,10,31,21.8,7.032258064516129,100,14.698162729658792,3.1496062992125986,34.645669291338585,3,100,Q3,150 a 299 matrículas,TRUE,47,38,80.85106382978724,66.84210526315789,23.526315789473685,18.36842105263158,58.10526315789474,42,38,90.47619047619048,61.10526315789474,25.42105263157895,28,47.05263157894737,38,9.625126646403244,-5.73684210526315,1.8947368421052635,9.63157894736842,-11.05263157894737,-10.638297872340424,0,Sem alerta principal de composição,2,2,TRUE,TRUE,TRUE,TRUE,0,-5,0,TRUE,TRUE,FALSE,FALSE,FALSE,FALSE,FALSE,FALSE,EMEF NEUSA GOULART BRIZOLA,exata_normalizada,consolidado,,rede_municipal_direta_ou_nao_classificada,0,TRUE,FALSE,FALSE,FALSE,rede_municipal_direta,Rede municipal direta em 2024,codigo_inep_consolidado,2024,Censo Escolar/INEP via Base dos Dados,TRUE,3,,1,0,1,0,,,,150 a 299 matrículas,1,2024,RS,4314902,1,1,1,1,1,0,0,1,381,41,340,218,43,41,52,43,39,122,0,56,56,0,188,193,241,58,74,0,0,8,340,218,122,12,48,44,31,26,44,19,17,10,7,17,,27,2,9,1,1,1,1,1,1,0,1,1,1,1,1,1,1,1,1,0,0,0,1,1,1,1,1,1,,,0,0,2,2,0,0,0,5,TRUE,TRUE,TRUE,FALSE,TRUE,10,10,TRUE,TRUE,1,3,FALSE,FALSE,FALSE,FALSE,FALSE,FALSE,FALSE,Rede municipal direta em 2024,FALSE,,TRUE,FALSE,Rede municipal direta em 2024,FALSE,,TRUE,,sem_revisao_necessaria,,,,Rede municipal direta em 2024,TRUE,TRUE,TRUE,1a_avaliacao_formativa,1a_avaliacao_formativa,linha_base_pre_programa,pos_inicio_programa,regra temporal pre-programa registrada no painel,declaracao formal,,2026-07-24,regra temporal preexistente do projeto,Marian Dante - assessora UEF/SMED,5.384495062789089
ESC_032,43105513,TRUE,EMEF NOSSA SENHORA DE FATIMA,EMEF NOSSA SENHORA DE FATIMA,EMEF NOSSA SENHORA DE FATIMA,amanda,amanda,SIM,SIM,NA_APLICAVEL,SIM,NAO,SIM,0,1,,amanda,SEM_CARGA_DO_PROGRAMA,ATIVA,LINHA_BASE_PRE_PROGRAMA,ASSESSORADA,TRUE,TRUE,FALSE,TRUE,FALSE,TRUE,FALSE,FALSE,REGRA_TEMPORAL_CONFIRMADA,HOMOLOGADO,2025_1a_avaliacao_formativa_linha_base,2026-07-24_v1,4,Língua Portuguesa,TRUE,TRUE,TRUE,TRUE,TRUE,TRUE,TRUE,TRUE,TRUE,TRUE,Rede municipal direta em 2024,rede_municipal_direta_ou_nao_classificada,rede_municipal_direta,Municipal,Em atividade,FALSE,FALSE,377,16,24,23.5625,15.708333333333334,0,6.575342465753424,0,53.013698630136986,4,100,Q3,300 a 499 matrículas,TRUE,90,71,78.88888888888889,47.32394366197183,32.33802816901409,42.45070422535211,25.43661971830986,70,59,84.28571428571429,39.983050847457626,45.83050847457627,27.864406779661017,26.305084745762713,65,5.396825396825406,-7.340892814514206,13.492480305562182,-14.586297445691097,0.8684650274528529,-22.22222222222222,-16.901408450704224,Mudança relevante no número de estudantes previstos,4,3,TRUE,TRUE,TRUE,TRUE,-1,-20,-12,TRUE,FALSE,FALSE,FALSE,FALSE,TRUE,FALSE,FALSE,EMEF NOSSA SENHORA DE FATIMA,exata_normalizada,consolidado,,rede_municipal_direta_ou_nao_classificada,0,TRUE,FALSE,FALSE,FALSE,rede_municipal_direta,Rede municipal direta em 2024,codigo_inep_consolidado,2024,Censo Escolar/INEP via Base dos Dados,TRUE,3,,1,0,1,0,,,,300 a 499 matrículas,2,2024,RS,4314902,1,1,1,1,1,0,1,1,730,65,611,377,70,71,91,72,73,234,54,48,48,0,339,391,334,191,193,0,3,9,0,0,0,0,48,38,24,19,45,33,26,16,10,0,,22,0,1,1,1,1,1,1,1,0,1,1,1,1,1,1,0,1,1,0,0,0,1,1,1,1,1,1,,,393,2,2,2,0,0,0,6,TRUE,TRUE,TRUE,TRUE,TRUE,10,10,TRUE,TRUE,1,3,FALSE,FALSE,FALSE,FALSE,FALSE,FALSE,FALSE,Rede municipal direta em 2024,FALSE,,TRUE,FALSE,Rede municipal direta em 2024,FALSE,,TRUE,,sem_revisao_necessaria,,,,Rede municipal direta em 2024,TRUE,TRUE,TRUE,1a_avaliacao_formativa,1a_avaliacao_formativa,linha_base_pre_programa,pos_inicio_programa,regra temporal pre-programa registrada no painel,declaracao formal,,2026-07-24,regra temporal preexistente do projeto,Marian Dante - assessora UEF/SMED,5.932245187448011
ESC_033,43204643,TRUE,EMEF NOSSA SENHORA DO CARMO,EMEF NOSSA SENHORA DO CARMO,EMEF NOSSA SENHORA DO CARMO,amanda,amanda,SIM,SIM,NA_APLICAVEL,SIM,NAO,SIM,0,1,,amanda,SEM_CARGA_DO_PROGRAMA,ATIVA,LINHA_BASE_PRE_PROGRAMA,ASSESSORADA,TRUE,TRUE,FALSE,TRUE,FALSE,TRUE,FALSE,FALSE,REGRA_TEMPORAL_CONFIRMADA,HOMOLOGADO,2025_1a_avaliacao_formativa_linha_base,2026-07-24_v1,4,Língua Portuguesa,TRUE,TRUE,TRUE,TRUE,TRUE,TRUE,TRUE,TRUE,TRUE,TRUE,Rede municipal direta em 2024,rede_municipal_direta_ou_nao_classificada,rede_municipal_direta,Municipal,Em atividade,FALSE,FALSE,408,16,22,25.5,18.545454545454547,38.23529411764706,7.363420427553444,7.957244655581948,42.75534441805225,4,90,Q2,300 a 499 matrículas,TRUE,90,77,85.55555555555556,52.84415584415584,31.181818181818183,32.51948051948052,36,103,93,90.29126213592232,51.204301075268816,33.16129032258065,30.06451612903226,36.774193548387096,85,4.735706580366767,-1.6398547688870266,1.979472140762464,-2.454964390448257,0.7741935483870961,14.444444444444445,20.77922077922078,Sem alerta principal de composição,3,4,TRUE,TRUE,TRUE,TRUE,1,13,16,TRUE,TRUE,FALSE,FALSE,FALSE,FALSE,FALSE,FALSE,EMEF NOSSA SENHORA DO CARMO,exata_normalizada,consolidado,,rede_municipal_direta_ou_nao_classificada,0,TRUE,FALSE,FALSE,FALSE,rede_municipal_direta,Rede municipal direta em 2024,codigo_inep_consolidado,2024,Censo Escolar/INEP via Base dos Dados,TRUE,3,,1,0,1,0,,,,300 a 499 matrículas,3,2024,RS,4314902,1,1,1,1,1,0,1,1,842,38,703,408,73,91,79,81,84,295,101,62,62,0,428,414,463,174,183,1,3,18,225,156,69,67,42,35,22,17,40,34,28,16,12,0,,22,0,4,1,1,1,1,1,1,0,1,1,1,1,1,0,1,0,1,0,0,0,1,1,1,1,1,1,,,318,0,1,2,2,1,0,5,TRUE,TRUE,TRUE,TRUE,TRUE,10,9,TRUE,TRUE,1,3,FALSE,FALSE,FALSE,FALSE,FALSE,FALSE,FALSE,Rede municipal direta em 2024,FALSE,,TRUE,FALSE,Rede municipal direta em 2024,FALSE,,TRUE,,sem_revisao_necessaria,,,,Rede municipal direta em 2024,TRUE,TRUE,TRUE,1a_avaliacao_formativa,1a_avaliacao_formativa,linha_base_pre_programa,pos_inicio_programa,regra temporal pre-programa registrada no painel,declaracao formal,,2026-07-24,regra temporal preexistente do projeto,Marian Dante - assessora UEF/SMED,6.0112671744041615
ESC_034,43105521,TRUE,EMEF PEPITA DE LEAO,EMEF PEPITA DE LEAO,EMEF PEPITA DE LEAO,nathalia,nathalia,SIM,SIM,NA_APLICAVEL,SIM,NAO,SIM,0,1,,nathalia,SEM_CARGA_DO_PROGRAMA,ATIVA,LINHA_BASE_PRE_PROGRAMA,ASSESSORADA,TRUE,TRUE,FALSE,TRUE,FALSE,TRUE,FALSE,FALSE,REGRA_TEMPORAL_CONFIRMADA,HOMOLOGADO,2025_1a_avaliacao_formativa_linha_base,2026-07-24_v1,4,Língua Portuguesa,TRUE,TRUE,TRUE,TRUE,TRUE,TRUE,TRUE,TRUE,TRUE,TRUE,Rede municipal direta em 2024,rede_municipal_direta_ou_nao_classificada,rede_municipal_direta,Municipal,Em atividade,FALSE,FALSE,255,12,19,21.25,13.421052631578949,18.823529411764707,13.174946004319654,3.4557235421166306,34.557235421166304,3,100,Q3,150 a 299 matrículas,TRUE,49,39,79.59183673469387,71.05128205128206,17.923076923076923,20.615384615384617,61.46153846153846,63,55,87.3015873015873,49.83636363636363,31.163636363636364,33.654545454545456,35.18181818181818,47,7.709750566893433,-21.214918414918422,13.24055944055944,13.03916083916084,-26.27972027972028,28.571428571428573,41.02564102564103,Mudança relevante no número de estudantes previstos,2,3,TRUE,TRUE,TRUE,TRUE,1,14,16,TRUE,FALSE,FALSE,FALSE,FALSE,TRUE,FALSE,FALSE,EMEF PEPITA DE LEAO,exata_normalizada,consolidado,,rede_municipal_direta_ou_nao_classificada,0,TRUE,FALSE,FALSE,FALSE,rede_municipal_direta,Rede municipal direta em 2024,codigo_inep_consolidado,2024,Censo Escolar/INEP via Base dos Dados,TRUE,3,,1,0,1,0,,,,150 a 299 matrículas,2,2024,RS,4314902,1,1,1,1,1,0,0,1,463,12,451,255,64,48,48,49,46,196,0,61,61,0,220,243,271,100,60,1,0,31,73,48,25,16,33,32,19,14,33,21,20,12,8,0,,12,0,0,1,1,1,1,1,1,0,1,1,1,0,1,1,1,0,0,0,0,1,1,1,1,1,1,1,,,350,7,3,2,1,1,0,4,TRUE,TRUE,TRUE,FALSE,TRUE,10,10,TRUE,FALSE,1,3,FALSE,FALSE,FALSE,FALSE,FALSE,FALSE,FALSE,Rede municipal direta em 2024,FALSE,,TRUE,FALSE,Rede municipal direta em 2024,FALSE,,TRUE,,sem_revisao_necessaria,,,,Rede municipal direta em 2024,TRUE,TRUE,TRUE,1a_avaliacao_formativa,1a_avaliacao_formativa,linha_base_pre_programa,pos_inicio_programa,regra temporal pre-programa registrada no painel,declaracao formal,,2026-07-24,regra temporal preexistente do projeto,Marian Dante - assessora UEF/SMED,5.541263545158426
ESC_035,43048200,TRUE,EMEF PORTO NOVO,EMEF PORTO NOVO,EMEF PORTO NOVO,marian,marian,SIM,SIM,NA_APLICAVEL,SIM,NAO,SIM,0,1,,marian,SEM_CARGA_DO_PROGRAMA,ATIVA,LINHA_BASE_PRE_PROGRAMA,ASSESSORADA,TRUE,TRUE,FALSE,TRUE,FALSE,TRUE,FALSE,FALSE,REGRA_TEMPORAL_CONFIRMADA,HOMOLOGADO,2025_1a_avaliacao_formativa_linha_base,2026-07-24_v1,4,Língua Portuguesa,TRUE,TRUE,TRUE,TRUE,TRUE,TRUE,TRUE,TRUE,TRUE,TRUE,Rede municipal direta em 2024,rede_municipal_direta_ou_nao_classificada,rede_municipal_direta,Municipal,Em atividade,FALSE,FALSE,237,10,33,23.7,7.181818181818182,100,12.368972746331236,0.4192872117400419,37.106918238993714,3,100,Q3,150 a 299 matrículas,TRUE,46,38,82.6086956521739,45.421052631578945,41.89473684210526,34.05263157894737,23.57894736842105,45,42,93.33333333333331,52.5,29.5,34,36,40,10.724637681159422,7.078947368421055,-12.39473684210526,-0.05263157894736992,12.421052631578949,-2.1739130434782608,10.526315789473683,Aumento de participação igual ou superior a 10 p.p.,2,2,TRUE,TRUE,TRUE,TRUE,0,-1,4,TRUE,TRUE,FALSE,TRUE,FALSE,FALSE,FALSE,FALSE,EMEF PORTO NOVO,exata_normalizada,consolidado,,rede_municipal_direta_ou_nao_classificada,0,TRUE,FALSE,FALSE,FALSE,rede_municipal_direta,Rede municipal direta em 2024,codigo_inep_consolidado,2024,Censo Escolar/INEP via Base dos Dados,TRUE,3,,1,0,1,0,,,,150 a 299 matrículas,1,2024,RS,4314902,1,1,1,1,1,0,0,1,477,82,395,237,46,45,53,45,48,158,0,59,59,0,235,242,275,89,87,1,1,24,395,237,158,2,59,49,33,28,59,22,18,10,8,18,,28,1,14,1,1,1,1,1,1,0,1,1,1,1,1,1,1,0,1,1,1,0,1,1,1,1,1,1,,,594,2,1,2,1,1,0,5,TRUE,TRUE,TRUE,FALSE,TRUE,10,10,TRUE,TRUE,1,3,FALSE,FALSE,FALSE,FALSE,FALSE,FALSE,FALSE,Rede municipal direta em 2024,FALSE,,TRUE,FALSE,Rede municipal direta em 2024,FALSE,,TRUE,,sem_revisao_necessaria,,,,Rede municipal direta em 2024,TRUE,TRUE,TRUE,1a_avaliacao_formativa,1a_avaliacao_formativa,linha_base_pre_programa,pos_inicio_programa,regra temporal pre-programa registrada no painel,declaracao formal,,2026-07-24,regra temporal preexistente do projeto,Marian Dante - assessora UEF/SMED,5.4680601411351315
ESC_036,43108563,TRUE,EMEF PRES JOAO BELCHIOR MARQUES GOULART,EMEF PRES JOAO BELCHIOR MARQUES GOULART,EMEF PRES JOAO BELCHIOR MARQUES GOULART,marian,marian,SIM,SIM,NA_APLICAVEL,SIM,NAO,SIM,0,1,,marian,SEM_CARGA_DO_PROGRAMA,ATIVA,LINHA_BASE_PRE_PROGRAMA,ASSESSORADA,TRUE,TRUE,FALSE,TRUE,FALSE,TRUE,FALSE,FALSE,REGRA_TEMPORAL_CONFIRMADA,HOMOLOGADO,2025_1a_avaliacao_formativa_linha_base,2026-07-24_v1,4,Língua Portuguesa,TRUE,TRUE,TRUE,TRUE,TRUE,TRUE,TRUE,TRUE,TRUE,TRUE,Rede municipal direta em 2024,rede_municipal_direta_ou_nao_classificada,rede_municipal_direta,Municipal,Em atividade,FALSE,FALSE,358,18,23,19.88888888888889,15.565217391304348,4.4692737430167595,9.74124809741248,0.60882800608828,35.31202435312024,3,100,Q3,300 a 499 matrículas,TRUE,67,55,82.08955223880596,77.98181818181818,12.836363636363636,16.527272727272727,71.16363636363636,53,48,90.56603773584904,62.166666666666664,22.375,36.041666666666664,41.583333333333336,51.5,8.476485497043086,-15.81515151515152,9.538636363636364,19.514393939393937,-29.58030303030302,-20.895522388059703,-12.727272727272728,Mudança relevante no número de estudantes previstos,3,3,TRUE,TRUE,TRUE,TRUE,0,-14,-7,TRUE,TRUE,FALSE,FALSE,FALSE,TRUE,FALSE,FALSE,EMEF PRES JOAO BELCHIOR MARQUES GOULART,exata_normalizada,consolidado,,rede_municipal_direta_ou_nao_classificada,0,TRUE,FALSE,FALSE,FALSE,rede_municipal_direta,Rede municipal direta em 2024,codigo_inep_consolidado,2024,Censo Escolar/INEP via Base dos Dados,TRUE,3,,1,0,1,0,,,,300 a 499 matrículas,2,2024,RS,4314902,1,1,1,1,1,0,0,1,657,67,590,358,72,71,88,59,68,232,0,64,64,0,290,367,416,79,152,0,1,9,17,16,1,4,41,35,23,16,40,33,29,18,11,0,,23,0,8,1,1,1,1,1,1,0,1,1,1,1,1,1,1,1,1,0,0,0,1,1,1,1,1,1,,,443,0,1,1,2,1,0,5,TRUE,TRUE,TRUE,FALSE,TRUE,10,10,TRUE,TRUE,1,3,FALSE,FALSE,FALSE,FALSE,FALSE,FALSE,FALSE,Rede municipal direta em 2024,FALSE,,TRUE,FALSE,Rede municipal direta em 2024,FALSE,,TRUE,,sem_revisao_necessaria,,,,Rede municipal direta em 2024,TRUE,TRUE,TRUE,1a_avaliacao_formativa,1a_avaliacao_formativa,linha_base_pre_programa,pos_inicio_programa,regra temporal pre-programa registrada no painel,declaracao formal,,2026-07-24,regra temporal preexistente do projeto,Marian Dante - assessora UEF/SMED,5.8805329864007
ESC_037,43105530,TRUE,EMEF PRESIDENTE VARGAS,EMEF PRESIDENTE VARGAS,EMEF PRESIDENTE VARGAS,eliane,eliane,SIM,SIM,NA_APLICAVEL,SIM,NAO,SIM,0,1,,eliane,SEM_CARGA_DO_PROGRAMA,ATIVA,LINHA_BASE_PRE_PROGRAMA,ASSESSORADA,TRUE,TRUE,FALSE,TRUE,FALSE,TRUE,FALSE,FALSE,REGRA_TEMPORAL_CONFIRMADA,HOMOLOGADO,2025_1a_avaliacao_formativa_linha_base,2026-07-24_v1,4,Língua Portuguesa,TRUE,TRUE,TRUE,TRUE,TRUE,TRUE,TRUE,TRUE,TRUE,TRUE,Rede municipal direta em 2024,rede_municipal_direta_ou_nao_classificada,rede_municipal_direta,Municipal,Em atividade,FALSE,FALSE,239,11,18,21.727272727272727,13.27777777777778,43.93305439330544,11.009174311926603,3.2110091743119265,38.99082568807339,2,80,Q1 — menor infraestrutura,150 a 299 matrículas,TRUE,50,35,70,71.74285714285715,14.628571428571428,34.25714285714286,51.114285714285714,47,43,91.48936170212764,51.674418604651166,40.93023255813954,15.465116279069768,43.604651162790695,39,21.489361702127653,-20.06843853820598,26.30166112956811,-18.79202657807309,-7.509634551495019,-6,22.857142857142858,Aumento de participação igual ou superior a 10 p.p.,2,2,TRUE,TRUE,TRUE,TRUE,0,-3,8,TRUE,FALSE,FALSE,TRUE,FALSE,FALSE,FALSE,FALSE,EMEF PRESIDENTE VARGAS,exata_normalizada,consolidado,,rede_municipal_direta_ou_nao_classificada,0,TRUE,FALSE,FALSE,FALSE,rede_municipal_direta,Rede municipal direta em 2024,codigo_inep_consolidado,2024,Censo Escolar/INEP via Base dos Dados,TRUE,3,,1,0,1,0,,,,150 a 299 matrículas,1,2024,RS,4314902,1,0,1,1,1,0,0,1,436,0,436,239,45,46,52,57,39,197,0,48,48,0,209,227,266,78,92,0,0,0,141,105,36,14,33,33,18,18,31,20,20,11,9,0,,15,0,3,1,1,1,1,1,1,1,1,0,1,0,1,0,1,0,1,0,0,0,1,1,1,0,1,1,,,384,0,1,2,0,0,0,4,FALSE,TRUE,TRUE,FALSE,TRUE,10,8,TRUE,TRUE,1,3,FALSE,FALSE,FALSE,FALSE,FALSE,FALSE,FALSE,Rede municipal direta em 2024,FALSE,,TRUE,FALSE,Rede municipal direta em 2024,FALSE,,TRUE,,sem_revisao_necessaria,,,,Rede municipal direta em 2024,TRUE,TRUE,TRUE,1a_avaliacao_formativa,1a_avaliacao_formativa,linha_base_pre_programa,pos_inicio_programa,regra temporal pre-programa registrada no painel,declaracao formal,,2026-07-24,regra temporal preexistente do projeto,Marian Dante - assessora UEF/SMED,5.476463551931511
ESC_038,43109195,TRUE,EMEF PROF ANA IRIS DO AMARAL,EMEF PROF ANA IRIS DO AMARAL,EMEF PROF ANA IRIS DO AMARAL,eliane,eliane,SIM,SIM,NA_APLICAVEL,SIM,NAO,SIM,0,1,,eliane,SEM_CARGA_DO_PROGRAMA,ATIVA,LINHA_BASE_PRE_PROGRAMA,ASSESSORADA,TRUE,TRUE,FALSE,TRUE,FALSE,TRUE,FALSE,FALSE,REGRA_TEMPORAL_CONFIRMADA,HOMOLOGADO,2025_1a_avaliacao_formativa_linha_base,2026-07-24_v1,4,Língua Portuguesa,TRUE,TRUE,TRUE,TRUE,TRUE,TRUE,TRUE,TRUE,TRUE,TRUE,Rede municipal direta em 2024,rede_municipal_direta_ou_nao_classificada,rede_municipal_direta,Municipal,Em atividade,FALSE,FALSE,224,10,21,22.4,10.666666666666666,100,11.442786069651742,6.218905472636816,34.32835820895522,3,70,Q1 — menor infraestrutura,150 a 299 matrículas,TRUE,43,37,86.04651162790698,85.1891891891892,0,24.62162162162162,75.37837837837837,46,45,97.82608695652172,69.15555555555555,15.844444444444443,33.84444444444444,50.31111111111111,41,11.779575328614754,-16.03363363363364,15.844444444444443,9.22282282282282,-25.067267267267265,6.976744186046512,21.62162162162162,Aumento de participação igual ou superior a 10 p.p.,2,2,TRUE,TRUE,TRUE,TRUE,0,3,8,TRUE,TRUE,FALSE,TRUE,FALSE,FALSE,FALSE,FALSE,EMEF PROF ANA IRIS DO AMARAL,exata_normalizada,consolidado,,rede_municipal_direta_ou_nao_classificada,0,TRUE,FALSE,FALSE,FALSE,rede_municipal_direta,Rede municipal direta em 2024,codigo_inep_consolidado,2024,Censo Escolar/INEP via Base dos Dados,TRUE,3,,1,0,1,0,,,,150 a 299 matrículas,1,2024,RS,4314902,1,1,1,1,1,0,0,1,402,34,368,224,46,47,45,43,43,144,0,46,46,0,200,202,251,74,62,0,2,13,231,224,7,25,35,31,21,13,35,20,18,10,8,10,,20,0,0,1,1,1,1,1,1,0,0,0,1,0,1,1,1,0,0,0,0,1,1,0,1,1,1,1,,,340,2,0,1,0,0,0,8,TRUE,TRUE,TRUE,FALSE,TRUE,10,7,TRUE,FALSE,1,3,FALSE,FALSE,FALSE,FALSE,FALSE,FALSE,FALSE,Rede municipal direta em 2024,FALSE,,TRUE,FALSE,Rede municipal direta em 2024,FALSE,,TRUE,,sem_revisao_necessaria,,,,Rede municipal direta em 2024,TRUE,TRUE,TRUE,1a_avaliacao_formativa,1a_avaliacao_formativa,linha_base_pre_programa,pos_inicio_programa,regra temporal pre-programa registrada no painel,declaracao formal,,2026-07-24,regra temporal preexistente do projeto,Marian Dante - assessora UEF/SMED,5.4116460518550396
ESC_039,43172490,TRUE,EMEF PROF ANISIO TEIXEIRA,EMEF PROF ANISIO TEIXEIRA,EMEF PROF ANISIO TEIXEIRA,andreia,andreia,SIM,SIM,NA_APLICAVEL,SIM,NAO,SIM,0,1,,andreia,SEM_CARGA_DO_PROGRAMA,ATIVA,LINHA_BASE_PRE_PROGRAMA,ASSESSORADA,TRUE,TRUE,FALSE,TRUE,FALSE,TRUE,FALSE,FALSE,REGRA_TEMPORAL_CONFIRMADA,HOMOLOGADO,2025_1a_avaliacao_formativa_linha_base,2026-07-24_v1,4,Língua Portuguesa,TRUE,TRUE,TRUE,TRUE,TRUE,TRUE,TRUE,TRUE,TRUE,TRUE,Rede municipal direta em 2024,rede_municipal_direta_ou_nao_classificada,rede_municipal_direta,Municipal,Em atividade,FALSE,FALSE,471,19,27,24.789473684210527,17.444444444444443,11.46496815286624,10.571428571428571,5.714285714285714,18.571428571428573,3,100,Q3,300 a 499 matrículas,TRUE,82,60,73.17073170731707,82.2,6.816666666666666,23.383333333333333,69.8,97,86,88.65979381443299,72.06976744186046,19.732558139534884,12.511627906976743,67.75581395348837,73,15.489062107115911,-10.13023255813954,12.915891472868218,-10.87170542635659,-2.0441860465116264,18.29268292682927,43.333333333333336,Aumento de participação igual ou superior a 10 p.p.,3,4,TRUE,TRUE,TRUE,TRUE,1,15,26,TRUE,FALSE,FALSE,TRUE,FALSE,FALSE,FALSE,FALSE,EMEF PROF ANISIO TEIXEIRA,exata_normalizada,consolidado,,rede_municipal_direta_ou_nao_classificada,0,TRUE,FALSE,FALSE,FALSE,rede_municipal_direta,Rede municipal direta em 2024,codigo_inep_consolidado,2024,Censo Escolar/INEP via Base dos Dados,TRUE,3,,1,0,1,0,,,,300 a 499 matrículas,3,2024,RS,4314902,1,0,1,1,1,0,1,1,1050,0,945,471,59,76,99,132,105,474,105,111,111,0,484,566,631,88,106,1,1,223,100,54,46,60,54,50,27,27,53,40,36,19,17,0,,19,0,0,1,1,1,1,1,1,1,1,1,1,1,1,1,0,0,0,0,0,0,1,1,1,1,1,1,,,636,10,2,1,1,1,0,6,FALSE,TRUE,TRUE,TRUE,TRUE,10,10,TRUE,FALSE,1,3,FALSE,FALSE,FALSE,FALSE,FALSE,FALSE,FALSE,Rede municipal direta em 2024,FALSE,,TRUE,FALSE,Rede municipal direta em 2024,FALSE,,TRUE,,sem_revisao_necessaria,,,,Rede municipal direta em 2024,TRUE,TRUE,TRUE,1a_avaliacao_formativa,1a_avaliacao_formativa,linha_base_pre_programa,pos_inicio_programa,regra temporal pre-programa registrada no painel,declaracao formal,,2026-07-24,regra temporal preexistente do projeto,Marian Dante - assessora UEF/SMED,6.154858094016418
ESC_040,43109071,TRUE,EMEF PROF GILBERTO JORGE GONCALVES DA SILVA,EMEF PROF GILBERTO JORGE GONCALVES DA SILVA,EMEF PROF GILBERTO JORGE GONCALVES DA SILVA,ruti,ruti,SIM,SIM,NA_APLICAVEL,SIM,NAO,SIM,0,1,,ruti,SEM_CARGA_DO_PROGRAMA,ATIVA,LINHA_BASE_PRE_PROGRAMA,ASSESSORADA,TRUE,TRUE,FALSE,TRUE,FALSE,TRUE,FALSE,FALSE,REGRA_TEMPORAL_CONFIRMADA,HOMOLOGADO,2025_1a_avaliacao_formativa_linha_base,2026-07-24_v1,4,Língua Portuguesa,TRUE,TRUE,TRUE,TRUE,TRUE,TRUE,TRUE,TRUE,TRUE,TRUE,Rede municipal direta em 2024,rede_municipal_direta_ou_nao_classificada,rede_municipal_direta,Municipal,Em atividade,FALSE,FALSE,109,5,19,21.8,5.7368421052631575,100,18.867924528301888,0,27.83018867924528,3,80,Q1 — menor infraestrutura,Até 149 matrículas,TRUE,23,19,82.6086956521739,81,11,21,68,21,21,100,68,11,32,58,20,17.391304347826093,-13,0,11,-10,-8.695652173913043,10.526315789473683,Aumento de participação igual ou superior a 10 p.p.,1,1,TRUE,TRUE,TRUE,TRUE,0,-2,2,TRUE,TRUE,FALSE,TRUE,FALSE,FALSE,TRUE,FALSE,EMEF PROF GILBERTO JORGE GONCALVES DA SILVA,exata_normalizada,consolidado,,rede_municipal_direta_ou_nao_classificada,0,TRUE,FALSE,FALSE,FALSE,rede_municipal_direta,Rede municipal direta em 2024,codigo_inep_consolidado,2024,Censo Escolar/INEP via Base dos Dados,TRUE,3,,1,0,1,0,,,,Até 149 matrículas,1,2024,RS,4314902,1,1,1,1,1,0,0,1,212,36,176,109,23,22,24,19,21,67,0,40,40,0,106,106,150,27,32,0,0,3,176,109,67,0,31,28,19,16,31,11,9,5,4,9,,16,0,6,1,1,1,1,1,1,0,1,0,0,0,1,1,0,1,1,0,0,0,1,1,1,1,1,1,,,217,3,1,2,1,0,0,3,TRUE,TRUE,TRUE,FALSE,TRUE,10,8,TRUE,TRUE,1,3,FALSE,FALSE,FALSE,FALSE,FALSE,FALSE,FALSE,Rede municipal direta em 2024,FALSE,,TRUE,FALSE,Rede municipal direta em 2024,FALSE,,TRUE,,sem_revisao_necessaria,,,,Rede municipal direta em 2024,TRUE,TRUE,TRUE,1a_avaliacao_formativa,1a_avaliacao_formativa,linha_base_pre_programa,pos_inicio_programa,regra temporal pre-programa registrada no painel,declaracao formal,,2026-07-24,regra temporal preexistente do projeto,Marian Dante - assessora UEF/SMED,4.6913478822291435
ESC_041,43109055,TRUE,EMEF PROF JUDITH MACEDO DE ARAUJO,EMEF PROF JUDITH MACEDO DE ARAUJO,EMEF PROF JUDITH MACEDO DE ARAUJO,graziela,graziela,SIM,SIM,NA_APLICAVEL,SIM,NAO,SIM,0,1,,graziela,SEM_CARGA_DO_PROGRAMA,ATIVA,LINHA_BASE_PRE_PROGRAMA,ASSESSORADA,TRUE,TRUE,FALSE,TRUE,FALSE,TRUE,FALSE,FALSE,REGRA_TEMPORAL_CONFIRMADA,HOMOLOGADO,2025_1a_avaliacao_formativa_linha_base,2026-07-24_v1,4,Língua Portuguesa,TRUE,TRUE,TRUE,TRUE,TRUE,TRUE,TRUE,TRUE,TRUE,TRUE,Rede municipal direta em 2024,rede_municipal_direta_ou_nao_classificada,rede_municipal_direta,Municipal,Em atividade,FALSE,FALSE,367,14,19,26.214285714285715,19.31578947368421,14.168937329700272,6.004901960784314,0,41.1764705882353,3,100,Q3,300 a 499 matrículas,TRUE,83,71,85.5421686746988,56.74647887323944,26.760563380281692,33.61971830985915,39.25352112676056,76,73,96.05263157894736,60.2054794520548,28.123287671232877,24.068493150684933,48.19178082191781,72,10.51046290424857,3.459000578815356,1.362724290951185,-9.55122515917422,8.93825969515725,-8.433734939759036,2.816901408450704,Aumento de participação igual ou superior a 10 p.p.,3,3,TRUE,TRUE,TRUE,TRUE,0,-7,2,TRUE,TRUE,FALSE,TRUE,FALSE,FALSE,FALSE,FALSE,EMEF PROF JUDITH MACEDO DE ARAUJO,exata_normalizada,consolidado,,rede_municipal_direta_ou_nao_classificada,0,TRUE,FALSE,FALSE,FALSE,rede_municipal_direta,Rede municipal direta em 2024,codigo_inep_consolidado,2024,Censo Escolar/INEP via Base dos Dados,TRUE,3,,1,0,1,0,,,,300 a 499 matrículas,2,2024,RS,4314902,1,0,1,1,1,0,1,1,816,0,714,367,70,76,78,57,86,347,102,49,49,0,388,428,456,171,164,1,1,23,83,52,31,0,46,38,19,23,45,35,27,14,13,0,,13,0,13,1,1,1,1,1,1,0,1,1,1,0,1,1,1,1,1,1,0,0,1,1,1,0,1,1,,,349,0,3,1,0,0,0,7,FALSE,TRUE,TRUE,TRUE,TRUE,10,10,TRUE,TRUE,1,3,FALSE,FALSE,FALSE,FALSE,FALSE,FALSE,FALSE,Rede municipal direta em 2024,FALSE,,TRUE,FALSE,Rede municipal direta em 2024,FALSE,,TRUE,,sem_revisao_necessaria,,,,Rede municipal direta em 2024,TRUE,TRUE,TRUE,1a_avaliacao_formativa,1a_avaliacao_formativa,linha_base_pre_programa,pos_inicio_programa,regra temporal pre-programa registrada no painel,declaracao formal,,2026-07-24,regra temporal preexistente do projeto,Marian Dante - assessora UEF/SMED,5.905361848054571
ESC_042,43109098,TRUE,EMEF PROF LARRY JOSE RIBEIRO ALVES,EMEF PROF LARRY JOSE RIBEIRO ALVES,EMEF PROF LARRY JOSE RIBEIRO ALVES,amanda,amanda,SIM,SIM,NA_APLICAVEL,SIM,NAO,SIM,0,1,,amanda,SEM_CARGA_DO_PROGRAMA,ATIVA,LINHA_BASE_PRE_PROGRAMA,ASSESSORADA,TRUE,TRUE,FALSE,TRUE,FALSE,TRUE,FALSE,FALSE,REGRA_TEMPORAL_CONFIRMADA,HOMOLOGADO,2025_1a_avaliacao_formativa_linha_base,2026-07-24_v1,4,Língua Portuguesa,TRUE,TRUE,TRUE,TRUE,TRUE,TRUE,TRUE,TRUE,TRUE,TRUE,Rede municipal direta em 2024,rede_municipal_direta_ou_nao_classificada,rede_municipal_direta,Municipal,Em atividade,FALSE,FALSE,420,16,22,26.25,19.09090909090909,21.19047619047619,6.1946902654867255,4.424778761061947,35.01896333754741,2,100,Q3,300 a 499 matrículas,TRUE,85,74,87.05882352941177,65.17567567567568,24.216216216216218,24.25675675675676,51.148648648648646,101,89,88.11881188118812,60.95505617977528,21.258426966292134,33.13483146067416,45.60674157303371,81.5,1.0599883517763544,-4.220619495900394,-2.957789249924083,8.878074703917399,-5.541907075614937,18.823529411764707,20.27027027027027,Sem alerta principal de composição,3,4,TRUE,TRUE,TRUE,TRUE,1,16,15,TRUE,TRUE,FALSE,FALSE,FALSE,FALSE,FALSE,FALSE,EMEF PROF LARRY JOSE RIBEIRO ALVES,exata_normalizada,consolidado,,rede_municipal_direta_ou_nao_classificada,0,TRUE,FALSE,FALSE,FALSE,rede_municipal_direta,Rede municipal direta em 2024,codigo_inep_consolidado,2024,Censo Escolar/INEP via Base dos Dados,TRUE,3,,1,0,1,0,,,,300 a 499 matrículas,3,2024,RS,4314902,1,0,1,1,1,0,0,1,791,0,791,420,72,80,102,83,83,371,0,49,49,0,359,432,447,155,121,3,1,64,122,89,33,35,38,38,22,21,36,30,30,16,14,0,,20,2,6,1,1,1,1,1,1,0,1,1,1,1,1,1,0,1,1,1,0,0,1,1,1,1,1,1,,,380,2,1,2,2,3,0,3,FALSE,TRUE,TRUE,FALSE,TRUE,10,10,TRUE,TRUE,1,3,FALSE,FALSE,FALSE,FALSE,FALSE,FALSE,FALSE,Rede municipal direta em 2024,FALSE,,TRUE,FALSE,Rede municipal direta em 2024,FALSE,,TRUE,,sem_revisao_necessaria,,,,Rede municipal direta em 2024,TRUE,TRUE,TRUE,1a_avaliacao_formativa,1a_avaliacao_formativa,linha_base_pre_programa,pos_inicio_programa,regra temporal pre-programa registrada no painel,declaracao formal,,2026-07-24,regra temporal preexistente do projeto,Marian Dante - assessora UEF/SMED,6.040254711277414
ESC_043,43293050,TRUE,EMEF RINCAO,EMEF RINCAO,EMEF RINCAO,jalize,jalize,SIM,SIM,NA_APLICAVEL,SIM,NAO,SIM,0,1,,jalize,SEM_CARGA_DO_PROGRAMA,ATIVA,LINHA_BASE_PRE_PROGRAMA,ASSESSORADA,TRUE,TRUE,FALSE,TRUE,FALSE,TRUE,FALSE,FALSE,REGRA_TEMPORAL_CONFIRMADA,HOMOLOGADO,2025_1a_avaliacao_formativa_linha_base,2026-07-24_v1,4,Língua Portuguesa,TRUE,TRUE,TRUE,TRUE,TRUE,TRUE,TRUE,TRUE,TRUE,TRUE,Rede municipal direta em 2024,rede_municipal_direta_ou_nao_classificada,rede_municipal_direta,Municipal,Em atividade,FALSE,FALSE,270,10,17,27,15.882352941176473,0,10.061601642710473,16.427104722792606,22.38193018480493,2,80,Q1 — menor infraestrutura,150 a 299 matrículas,TRUE,55,49,89.0909090909091,56.3469387755102,30.755102040816325,26.551020408163264,42.69387755102041,49,42,85.71428571428571,62.523809523809526,16.333333333333332,37.095238095238095,47.023809523809526,45.5,-3.3766233766233853,6.176870748299322,-14.421768707482991,10.54421768707483,4.329931972789119,-10.909090909090908,-14.285714285714286,Sem alerta principal de composição,2,2,TRUE,TRUE,TRUE,TRUE,0,-6,-7,TRUE,TRUE,FALSE,FALSE,FALSE,FALSE,FALSE,FALSE,EMEF RINCAO,exata_normalizada,consolidado,,rede_municipal_direta_ou_nao_classificada,0,TRUE,FALSE,FALSE,FALSE,rede_municipal_direta,Rede municipal direta em 2024,codigo_inep_consolidado,2024,Censo Escolar/INEP via Base dos Dados,TRUE,3,,1,0,1,0,,,,150 a 299 matrículas,2,2024,RS,4314902,1,0,1,1,1,0,0,1,487,0,487,270,47,52,57,57,57,217,0,49,49,0,221,266,348,41,68,0,0,30,5,0,5,80,28,28,17,15,28,18,18,10,8,0,,9,1,8,1,1,1,1,1,1,0,0,1,1,0,1,0,1,1,0,0,0,0,1,1,1,1,1,1,,,220,1,2,0,0,5,0,4,FALSE,TRUE,TRUE,FALSE,TRUE,10,8,TRUE,TRUE,1,3,FALSE,FALSE,FALSE,FALSE,FALSE,FALSE,FALSE,Rede municipal direta em 2024,FALSE,,TRUE,FALSE,Rede municipal direta em 2024,FALSE,,TRUE,,sem_revisao_necessaria,,,,Rede municipal direta em 2024,TRUE,TRUE,TRUE,1a_avaliacao_formativa,1a_avaliacao_formativa,linha_base_pre_programa,pos_inicio_programa,regra temporal pre-programa registrada no painel,declaracao formal,,2026-07-24,regra temporal preexistente do projeto,Marian Dante - assessora UEF/SMED,5.598421958998375
ESC_044,43167179,TRUE,EMEF SAINT HILAIRE,EMEF SAINT HILAIRE,EMEF SAINT HILAIRE,andreia,andreia,SIM,SIM,NA_APLICAVEL,SIM,NAO,SIM,0,1,,andreia,SEM_CARGA_DO_PROGRAMA,ATIVA,LINHA_BASE_PRE_PROGRAMA,ASSESSORADA,TRUE,TRUE,FALSE,TRUE,FALSE,TRUE,FALSE,FALSE,REGRA_TEMPORAL_CONFIRMADA,HOMOLOGADO,2025_1a_avaliacao_formativa_linha_base,2026-07-24_v1,4,Língua Portuguesa,TRUE,TRUE,TRUE,TRUE,TRUE,TRUE,TRUE,TRUE,TRUE,TRUE,Rede municipal direta em 2024,rede_municipal_direta_ou_nao_classificada,rede_municipal_direta,Municipal,Em atividade,FALSE,FALSE,494,22,30,22.454545454545453,16.466666666666665,5.668016194331984,12.261306532663315,3.5175879396984926,33.266331658291456,4,90,Q2,300 a 499 matrículas,TRUE,105,90,85.71428571428571,60.233333333333334,23.14444444444445,35.522222222222226,40.78888888888889,98,82,83.6734693877551,53.829268292682926,31.951219512195124,24.463414634146343,44.0609756097561,86,-2.040816326530603,-6.4040650406504085,8.806775067750678,-11.058807588075885,3.2720867208672075,-6.666666666666667,-8.88888888888889,Sem alerta principal de composição,5,4,TRUE,TRUE,TRUE,TRUE,-1,-7,-8,TRUE,TRUE,FALSE,FALSE,FALSE,FALSE,FALSE,FALSE,EMEF SAINT HILAIRE,exata_normalizada,consolidado,,rede_municipal_direta_ou_nao_classificada,0,TRUE,FALSE,FALSE,FALSE,rede_municipal_direta,Rede municipal direta em 2024,codigo_inep_consolidado,2024,Censo Escolar/INEP via Base dos Dados,TRUE,3,,1,0,1,0,,,,300 a 499 matrículas,4,2024,RS,4314902,1,1,1,1,1,0,1,1,995,17,877,494,86,90,124,102,92,383,101,122,122,0,477,518,603,162,169,2,0,59,59,28,31,35,57,53,30,29,56,48,40,22,18,0,,21,0,0,1,1,1,1,1,1,0,1,0,1,1,1,1,0,1,0,0,0,0,1,1,1,1,1,1,,,458,0,2,1,0,0,0,4,TRUE,TRUE,TRUE,TRUE,TRUE,10,9,TRUE,TRUE,1,3,FALSE,FALSE,FALSE,FALSE,FALSE,FALSE,FALSE,Rede municipal direta em 2024,FALSE,,TRUE,FALSE,Rede municipal direta em 2024,FALSE,,TRUE,,sem_revisao_necessaria,,,,Rede municipal direta em 2024,TRUE,TRUE,TRUE,1a_avaliacao_formativa,1a_avaliacao_formativa,linha_base_pre_programa,pos_inicio_programa,regra temporal pre-programa registrada no painel,declaracao formal,,2026-07-24,regra temporal preexistente do projeto,Marian Dante - assessora UEF/SMED,6.202535517187923
ESC_045,43167535,TRUE,EMEF SAO PEDRO,EMEF SAO PEDRO,EMEF SAO PEDRO,marian,marian,SIM,SIM,NA_APLICAVEL,SIM,NAO,SIM,0,1,,marian,SEM_CARGA_DO_PROGRAMA,ATIVA,LINHA_BASE_PRE_PROGRAMA,ASSESSORADA,TRUE,TRUE,FALSE,TRUE,FALSE,TRUE,FALSE,FALSE,REGRA_TEMPORAL_CONFIRMADA,HOMOLOGADO,2025_1a_avaliacao_formativa_linha_base,2026-07-24_v1,4,Língua Portuguesa,TRUE,TRUE,TRUE,TRUE,TRUE,TRUE,TRUE,TRUE,TRUE,TRUE,Rede municipal direta em 2024,rede_municipal_direta_ou_nao_classificada,rede_municipal_direta,Municipal,Em atividade,FALSE,FALSE,477,22,31,21.681818181818183,15.387096774193548,5.031446540880503,6.70611439842209,5.029585798816568,26.52859960552268,4,100,Q3,300 a 499 matrículas,TRUE,108,86,79.62962962962963,50.51162790697674,34.77906976744186,31.337209302325583,33.674418604651166,109,97,88.9908256880734,55.97938144329897,31.164948453608247,27.89690721649485,41.21649484536083,91.5,9.361196058443769,5.467753536322228,-3.614121313833614,-3.440302085830737,7.542076240709662,0.925925925925926,12.790697674418604,Sem alerta principal de composição,4,4,TRUE,TRUE,TRUE,TRUE,0,1,11,TRUE,FALSE,FALSE,FALSE,FALSE,FALSE,FALSE,FALSE,EMEF SAO PEDRO,exata_normalizada,consolidado,,rede_municipal_direta_ou_nao_classificada,0,TRUE,FALSE,FALSE,FALSE,rede_municipal_direta,Rede municipal direta em 2024,codigo_inep_consolidado,2024,Censo Escolar/INEP via Base dos Dados,TRUE,3,,1,0,1,0,,,,300 a 499 matrículas,3,2024,RS,4314902,1,1,1,1,1,0,1,1,1014,25,843,477,98,92,95,94,98,366,146,68,68,0,500,514,503,149,117,2,3,240,54,24,30,51,55,49,31,24,53,45,38,22,16,0,,23,0,4,1,1,1,1,1,1,1,1,1,1,1,1,1,0,0,1,0,0,0,1,1,1,1,1,1,,,3,0,3,3,0,0,0,15,TRUE,TRUE,TRUE,TRUE,TRUE,10,10,TRUE,TRUE,1,3,FALSE,FALSE,FALSE,FALSE,FALSE,FALSE,FALSE,Rede municipal direta em 2024,FALSE,,TRUE,FALSE,Rede municipal direta em 2024,FALSE,,TRUE,,sem_revisao_necessaria,,,,Rede municipal direta em 2024,TRUE,TRUE,TRUE,1a_avaliacao_formativa,1a_avaliacao_formativa,linha_base_pre_programa,pos_inicio_programa,regra temporal pre-programa registrada no painel,declaracao formal,,2026-07-24,regra temporal preexistente do projeto,Marian Dante - assessora UEF/SMED,6.1675164908883415
ESC_046,43107842,TRUE,EMEF SEN ALBERTO PASQUALINI,EMEF SEN ALBERTO PASQUALINI,EMEF SEN ALBERTO PASQUALINI,julia,julia,SIM,SIM,NA_APLICAVEL,SIM,NAO,SIM,0,1,,julia,SEM_CARGA_DO_PROGRAMA,ATIVA,LINHA_BASE_PRE_PROGRAMA,ASSESSORADA,TRUE,TRUE,FALSE,TRUE,FALSE,TRUE,FALSE,FALSE,REGRA_TEMPORAL_CONFIRMADA,HOMOLOGADO,2025_1a_avaliacao_formativa_linha_base,2026-07-24_v1,4,Língua Portuguesa,TRUE,TRUE,TRUE,TRUE,TRUE,TRUE,TRUE,TRUE,TRUE,TRUE,Rede municipal direta em 2024,rede_municipal_direta_ou_nao_classificada,rede_municipal_direta,Municipal,Em atividade,FALSE,FALSE,535,21,32,25.47619047619047,16.71875,17.94392523364486,9.370314842578711,4.72263868065967,31.93403298350825,3,90,Q2,500 matrículas ou mais,TRUE,113,92,81.41592920353982,54.53260869565217,35.82608695652174,18.5,45.67391304347826,125,103,82.4,46.349514563106794,41.71844660194175,24.446601941747577,34.019417475728154,97.5,0.9840707964601876,-8.183094132545378,5.892359645420008,5.9466019417475735,-11.654495567750104,10.619469026548671,11.956521739130435,Sem alerta principal de composição,4,5,TRUE,TRUE,TRUE,TRUE,1,12,11,TRUE,TRUE,FALSE,FALSE,FALSE,FALSE,FALSE,FALSE,EMEF SEN ALBERTO PASQUALINI,exata_normalizada,consolidado,,rede_municipal_direta_ou_nao_classificada,0,TRUE,FALSE,FALSE,FALSE,rede_municipal_direta,Rede municipal direta em 2024,codigo_inep_consolidado,2024,Censo Escolar/INEP via Base dos Dados,TRUE,3,,1,0,1,0,,,,500 matrículas ou mais,4,2024,RS,4314902,1,0,1,1,1,0,1,1,1334,0,1006,535,74,100,117,133,111,471,328,125,125,0,653,681,726,220,204,1,2,181,141,96,45,63,65,57,32,31,65,45,38,21,17,0,,26,0,8,1,1,1,1,1,1,0,1,0,1,1,1,1,0,1,1,0,0,0,1,1,1,1,1,1,,,326,0,2,3,0,0,0,4,FALSE,TRUE,TRUE,TRUE,TRUE,10,9,TRUE,TRUE,1,3,FALSE,FALSE,FALSE,FALSE,FALSE,FALSE,FALSE,Rede municipal direta em 2024,FALSE,,TRUE,FALSE,Rede municipal direta em 2024,FALSE,,TRUE,,sem_revisao_necessaria,,,,Rede municipal direta em 2024,TRUE,TRUE,TRUE,1a_avaliacao_formativa,1a_avaliacao_formativa,linha_base_pre_programa,pos_inicio_programa,regra temporal pre-programa registrada no painel,declaracao formal,,2026-07-24,regra temporal preexistente do projeto,Marian Dante - assessora UEF/SMED,6.282266746896006
ESC_047,43189253,TRUE,EMEF TIMBAUVA,EMEF TIMBAUVA,EMEF TIMBAUVA,nathalia,nathalia,SIM,SIM,NA_APLICAVEL,SIM,NAO,SIM,0,1,,nathalia,SEM_CARGA_DO_PROGRAMA,ATIVA,LINHA_BASE_PRE_PROGRAMA,ASSESSORADA,TRUE,TRUE,FALSE,TRUE,FALSE,TRUE,FALSE,FALSE,REGRA_TEMPORAL_CONFIRMADA,HOMOLOGADO,2025_1a_avaliacao_formativa_linha_base,2026-07-24_v1,4,Língua Portuguesa,TRUE,TRUE,TRUE,TRUE,TRUE,TRUE,TRUE,TRUE,TRUE,TRUE,Rede municipal direta em 2024,rede_municipal_direta_ou_nao_classificada,rede_municipal_direta,Municipal,Em atividade,FALSE,FALSE,353,15,22,23.533333333333335,16.045454545454547,30.878186968838527,9.295774647887324,0.14084507042253522,39.57746478873239,3,80,Q1 — menor infraestrutura,300 a 499 matrículas,TRUE,68,51,75,54.25490196078432,35.1764705882353,27.862745098039216,37.25490196078432,68,67,98.52941176470588,52.47761194029851,29.895522388059703,34.11940298507463,35.940298507462686,59,23.529411764705884,-1.7772900204858075,-5.280948200175594,6.256657887035413,-1.3146034533216309,0,31.37254901960784,Aumento de participação igual ou superior a 10 p.p.,3,3,TRUE,TRUE,TRUE,TRUE,0,0,16,TRUE,FALSE,FALSE,TRUE,FALSE,FALSE,FALSE,FALSE,EMEF TIMBAUVA,exata_normalizada,consolidado,,rede_municipal_direta_ou_nao_classificada,0,TRUE,FALSE,FALSE,FALSE,rede_municipal_direta,Rede municipal direta em 2024,codigo_inep_consolidado,2024,Censo Escolar/INEP via Base dos Dados,TRUE,3,,1,0,1,0,,,,300 a 499 matrículas,2,2024,RS,4314902,1,1,1,1,1,0,0,1,710,82,628,353,69,63,71,76,74,275,0,66,66,0,333,377,354,99,180,0,2,75,200,109,91,1,48,43,22,23,47,31,27,15,12,0,,27,0,0,1,1,1,1,1,1,0,1,0,1,0,1,1,1,0,0,0,0,1,1,0,1,1,1,1,,,400,2,2,2,0,0,0,6,TRUE,TRUE,TRUE,FALSE,TRUE,10,8,TRUE,FALSE,1,3,FALSE,FALSE,FALSE,FALSE,FALSE,FALSE,FALSE,Rede municipal direta em 2024,FALSE,,TRUE,FALSE,Rede municipal direta em 2024,FALSE,,TRUE,,sem_revisao_necessaria,,,,Rede municipal direta em 2024,TRUE,TRUE,TRUE,1a_avaliacao_formativa,1a_avaliacao_formativa,linha_base_pre_programa,pos_inicio_programa,regra temporal pre-programa registrada no painel,declaracao formal,,2026-07-24,regra temporal preexistente do projeto,Marian Dante - assessora UEF/SMED,5.8664680569332965
ESC_048,43172482,TRUE,EMEF VER ANTONIO GIUDICE,EMEF VER ANTONIO GIUDICE,EMEF VER ANTONIO GIUDICE,clarissa,clarissa,SIM,SIM,NA_APLICAVEL,SIM,NAO,SIM,0,1,,clarissa,SEM_CARGA_DO_PROGRAMA,ATIVA,LINHA_BASE_PRE_PROGRAMA,ASSESSORADA,TRUE,TRUE,FALSE,TRUE,FALSE,TRUE,FALSE,FALSE,REGRA_TEMPORAL_CONFIRMADA,HOMOLOGADO,2025_1a_avaliacao_formativa_linha_base,2026-07-24_v1,4,Língua Portuguesa,TRUE,TRUE,TRUE,TRUE,TRUE,TRUE,TRUE,TRUE,TRUE,TRUE,Rede municipal direta em 2024,rede_municipal_direta_ou_nao_classificada,rede_municipal_direta,Municipal,Em atividade,FALSE,FALSE,404,18,27,22.444444444444443,14.962962962962964,0,9.766022380467955,12.817904374364192,30.824008138351985,3,100,Q3,300 a 499 matrículas,TRUE,99,81,81.81818181818181,59.851851851851855,27.25925925925926,29.679012345679013,43.25925925925926,77,71,92.2077922077922,68.8169014084507,15.80281690140845,24.661971830985916,60.183098591549296,76,10.389610389610397,8.96504955659885,-11.45644235785081,-5.017040514693097,16.923839332290036,-22.22222222222222,-12.34567901234568,Mudança relevante no público previsto e aumento de participação,4,3,TRUE,TRUE,TRUE,TRUE,-1,-22,-10,TRUE,TRUE,FALSE,TRUE,FALSE,TRUE,FALSE,FALSE,EMEF VER ANTONIO GIUDICE,exata_normalizada,consolidado,,rede_municipal_direta_ou_nao_classificada,0,TRUE,FALSE,FALSE,FALSE,rede_municipal_direta,Rede municipal direta em 2024,codigo_inep_consolidado,2024,Censo Escolar/INEP via Base dos Dados,TRUE,3,,1,0,1,0,,,,300 a 499 matrículas,3,2024,RS,4314902,1,0,1,1,1,0,1,1,983,0,792,404,70,63,98,72,101,388,191,96,96,0,488,495,643,123,176,0,4,37,0,0,0,126,56,49,27,28,56,41,34,18,16,0,,16,0,0,1,1,1,1,1,1,0,1,1,1,1,1,1,0,1,0,0,0,0,1,1,1,1,1,1,,,490,0,0,3,0,0,0,7,FALSE,TRUE,TRUE,TRUE,TRUE,10,10,TRUE,TRUE,1,3,FALSE,FALSE,FALSE,FALSE,FALSE,FALSE,FALSE,Rede municipal direta em 2024,FALSE,,TRUE,FALSE,Rede municipal direta em 2024,FALSE,,TRUE,,sem_revisao_necessaria,,,,Rede municipal direta em 2024,TRUE,TRUE,TRUE,1a_avaliacao_formativa,1a_avaliacao_formativa,linha_base_pre_programa,pos_inicio_programa,regra temporal pre-programa registrada no painel,declaracao formal,,2026-07-24,regra temporal preexistente do projeto,Marian Dante - assessora UEF/SMED,6.0014148779611505
ESC_049,43109080,TRUE,EMEF VER CARLOS PESSOA DE BRUM,EMEF VER CARLOS PESSOA DE BRUM,EMEF VER CARLOS PESSOA DE BRUM,priscila,priscila,SIM,SIM,NA_APLICAVEL,SIM,NAO,SIM,0,1,,priscila,SEM_CARGA_DO_PROGRAMA,ATIVA,LINHA_BASE_PRE_PROGRAMA,ASSESSORADA,TRUE,TRUE,FALSE,TRUE,FALSE,TRUE,FALSE,FALSE,REGRA_TEMPORAL_CONFIRMADA,HOMOLOGADO,2025_1a_avaliacao_formativa_linha_base,2026-07-24_v1,4,Língua Portuguesa,TRUE,TRUE,TRUE,TRUE,TRUE,TRUE,TRUE,TRUE,TRUE,TRUE,Rede municipal direta em 2024,rede_municipal_direta_ou_nao_classificada,rede_municipal_direta,Municipal,Em atividade,FALSE,FALSE,574,22,25,26.09090909090909,22.96,36.23693379790941,6.63265306122449,3.061224489795918,39.625850340136054,4,90,Q2,500 matrículas ou mais,TRUE,138,97,70.28985507246377,44.16494845360825,43.28865979381443,24.690721649484537,31.969072164948457,106,77,72.64150943396227,37.298701298701296,55.493506493506494,15.402597402597404,28.92207792207792,87,2.351654361498504,-6.866247154906951,12.204846699692062,-9.288124246887136,-3.0469942428705323,-23.18840579710145,-20.61855670103093,Mudança relevante no número de estudantes previstos,5,4,TRUE,TRUE,TRUE,TRUE,-1,-32,-20,TRUE,FALSE,FALSE,FALSE,FALSE,TRUE,FALSE,FALSE,EMEF VER CARLOS PESSOA DE BRUM,exata_normalizada,consolidado,,rede_municipal_direta_ou_nao_classificada,0,TRUE,FALSE,FALSE,FALSE,rede_municipal_direta,Rede municipal direta em 2024,codigo_inep_consolidado,2024,Censo Escolar/INEP via Base dos Dados,TRUE,3,,1,0,1,0,,,,500 matrículas ou mais,4,2024,RS,4314902,1,1,1,1,1,0,1,1,1176,40,1014,574,95,103,130,122,124,440,122,78,78,0,594,582,558,261,199,3,6,149,294,208,86,36,55,49,25,30,53,51,41,22,19,0,,24,0,7,1,1,1,1,1,1,0,1,1,1,1,1,0,1,1,0,0,0,0,1,1,1,1,1,1,,,489,2,3,3,2,1,0,8,TRUE,TRUE,TRUE,TRUE,TRUE,10,9,TRUE,TRUE,1,3,FALSE,FALSE,FALSE,FALSE,FALSE,FALSE,FALSE,Rede municipal direta em 2024,FALSE,,TRUE,FALSE,Rede municipal direta em 2024,FALSE,,TRUE,,sem_revisao_necessaria,,,,Rede municipal direta em 2024,TRUE,TRUE,TRUE,1a_avaliacao_formativa,1a_avaliacao_formativa,linha_base_pre_programa,pos_inicio_programa,regra temporal pre-programa registrada no painel,declaracao formal,,2026-07-24,regra temporal preexistente do projeto,Marian Dante - assessora UEF/SMED,6.352629396319567
ESC_050,43109101,TRUE,EMEF VER MARTIM ARANHA,EMEF VER MARTIM ARANHA,EMEF VER MARTIM ARANHA,priscila,priscila,SIM,SIM,NA_APLICAVEL,SIM,NAO,SIM,0,1,,priscila,SEM_CARGA_DO_PROGRAMA,ATIVA,LINHA_BASE_PRE_PROGRAMA,ASSESSORADA,TRUE,TRUE,FALSE,TRUE,FALSE,TRUE,FALSE,FALSE,REGRA_TEMPORAL_CONFIRMADA,HOMOLOGADO,2025_1a_avaliacao_formativa_linha_base,2026-07-24_v1,4,Língua Portuguesa,TRUE,TRUE,TRUE,TRUE,TRUE,TRUE,TRUE,TRUE,TRUE,TRUE,Rede municipal direta em 2024,rede_municipal_direta_ou_nao_classificada,rede_municipal_direta,Municipal,Em atividade,FALSE,FALSE,333,15,20,22.2,16.65,21.62162162162162,10.66481994459834,1.8005540166204983,45.15235457063712,4,90,Q2,300 a 499 matrículas,TRUE,75,57,76,46,42.333333333333336,21.333333333333332,37,72,65,90.27777777777776,49.738461538461536,38.27692307692307,23.076923076923077,38.64615384615384,61,14.277777777777771,3.738461538461536,-4.05641025641026,1.7435897435897445,1.646153846153844,-4,14.035087719298245,Aumento de participação igual ou superior a 10 p.p.,3,3,TRUE,TRUE,TRUE,TRUE,0,-3,8,TRUE,FALSE,FALSE,TRUE,FALSE,FALSE,FALSE,FALSE,EMEF VER MARTIM ARANHA,exata_normalizada,consolidado,,rede_municipal_direta_ou_nao_classificada,0,TRUE,FALSE,FALSE,FALSE,rede_municipal_direta,Rede municipal direta em 2024,codigo_inep_consolidado,2024,Censo Escolar/INEP via Base dos Dados,TRUE,3,,1,0,1,0,,,,300 a 499 matrículas,2,2024,RS,4314902,1,1,1,1,1,0,1,1,722,39,575,333,65,67,74,64,63,242,108,77,77,0,365,357,373,167,157,1,2,22,100,72,28,13,43,35,20,18,42,33,26,15,11,0,,20,0,0,1,1,1,1,1,1,0,1,1,1,1,1,0,1,1,1,0,1,0,1,1,1,1,1,1,,,351,3,2,1,1,1,0,6,TRUE,TRUE,TRUE,TRUE,TRUE,10,9,TRUE,TRUE,1,3,FALSE,FALSE,FALSE,FALSE,FALSE,FALSE,FALSE,Rede municipal direta em 2024,FALSE,,TRUE,FALSE,Rede municipal direta em 2024,FALSE,,TRUE,,sem_revisao_necessaria,,,,Rede municipal direta em 2024,TRUE,TRUE,TRUE,1a_avaliacao_formativa,1a_avaliacao_formativa,linha_base_pre_programa,pos_inicio_programa,regra temporal pre-programa registrada no painel,declaracao formal,,2026-07-24,regra temporal preexistente do projeto,Marian Dante - assessora UEF/SMED,5.808142489980444
ESC_051,43175120,TRUE,EMEF VILA MONTE CRISTO,EMEF VILA MONTE CRISTO,EMEF VILA MONTE CRISTO,graziela,graziela,SIM,SIM,NA_APLICAVEL,SIM,NAO,SIM,0,1,,graziela,SEM_CARGA_DO_PROGRAMA,ATIVA,LINHA_BASE_PRE_PROGRAMA,ASSESSORADA,TRUE,TRUE,FALSE,TRUE,FALSE,TRUE,FALSE,FALSE,REGRA_TEMPORAL_CONFIRMADA,HOMOLOGADO,2025_1a_avaliacao_formativa_linha_base,2026-07-24_v1,4,Língua Portuguesa,TRUE,TRUE,TRUE,TRUE,TRUE,TRUE,TRUE,TRUE,TRUE,TRUE,Rede municipal direta em 2024,rede_municipal_direta_ou_nao_classificada,rede_municipal_direta,Municipal,Em atividade,FALSE,FALSE,454,20,29,22.7,15.655172413793103,6.387665198237886,11.580882352941176,3.4926470588235294,30.514705882352946,4,70,Q1 — menor infraestrutura,300 a 499 matrículas,TRUE,97,68,70.10309278350516,69.1470588235294,20.485294117647054,21.86764705882353,57.48529411764706,95,83,87.36842105263158,73.39759036144578,14.27710843373494,23.10843373493976,62.65060240963855,75.5,17.265328269126414,4.250531537916373,-6.208185683912118,1.2407866761162296,5.165308291991494,-2.061855670103093,22.058823529411764,Aumento de participação igual ou superior a 10 p.p.,4,4,TRUE,TRUE,TRUE,TRUE,0,-2,15,TRUE,FALSE,FALSE,TRUE,FALSE,FALSE,FALSE,FALSE,EMEF VILA MONTE CRISTO,exata_normalizada,consolidado,,rede_municipal_direta_ou_nao_classificada,0,TRUE,FALSE,FALSE,FALSE,rede_municipal_direta,Rede municipal direta em 2024,codigo_inep_consolidado,2024,Censo Escolar/INEP via Base dos Dados,TRUE,3,,1,0,1,0,,,,300 a 499 matrículas,3,2024,RS,4314902,1,1,1,1,1,0,1,1,1088,48,845,454,89,87,89,86,103,391,195,126,126,0,509,579,711,158,171,1,3,44,89,29,60,38,63,52,29,29,61,50,38,20,18,0,,36,1,0,1,1,1,0,1,1,1,0,1,1,0,1,1,1,0,1,0,0,0,1,0,1,1,1,1,,,460,11,3,3,1,2,0,11,TRUE,TRUE,TRUE,TRUE,TRUE,10,7,TRUE,TRUE,1,3,FALSE,FALSE,FALSE,FALSE,FALSE,FALSE,FALSE,Rede municipal direta em 2024,FALSE,,TRUE,FALSE,Rede municipal direta em 2024,FALSE,,TRUE,,sem_revisao_necessaria,,,,Rede municipal direta em 2024,TRUE,TRUE,TRUE,1a_avaliacao_formativa,1a_avaliacao_formativa,linha_base_pre_programa,pos_inicio_programa,regra temporal pre-programa registrada no painel,declaracao formal,,2026-07-24,regra temporal preexistente do projeto,Marian Dante - assessora UEF/SMED,6.118097198041348
ESC_052,43173721,TRUE,EMEF WENCESLAU FONTOURA,EMEF WENCESLAU FONTOURA,EMEF WENCESLAU FONTOURA,eliane,eliane,SIM,SIM,NA_APLICAVEL,SIM,NAO,SIM,0,1,,eliane,SEM_CARGA_DO_PROGRAMA,ATIVA,LINHA_BASE_PRE_PROGRAMA,ASSESSORADA,TRUE,TRUE,FALSE,TRUE,FALSE,TRUE,FALSE,FALSE,REGRA_TEMPORAL_CONFIRMADA,HOMOLOGADO,2025_1a_avaliacao_formativa_linha_base,2026-07-24_v1,4,Língua Portuguesa,TRUE,TRUE,TRUE,TRUE,TRUE,TRUE,TRUE,TRUE,TRUE,TRUE,Rede municipal direta em 2024,rede_municipal_direta_ou_nao_classificada,rede_municipal_direta,Municipal,Em atividade,FALSE,FALSE,446,17,25,26.235294117647054,17.84,34.75336322869955,9.976525821596244,0.5868544600938967,38.14553990610329,3,90,Q2,300 a 499 matrículas,TRUE,84,67,79.76190476190476,55.55223880597015,24.05970149253731,41.791044776119406,34.507462686567166,107,98,91.58878504672896,36.08163265306123,46.95918367346939,34.08163265306123,19.183673469387756,82.5,11.826880284824211,-19.47060615290892,22.899482180932075,-7.709412123058179,-15.32378921717941,27.38095238095238,46.26865671641791,Mudança relevante no público previsto e aumento de participação,3,4,TRUE,TRUE,TRUE,TRUE,1,23,31,TRUE,FALSE,FALSE,TRUE,FALSE,TRUE,FALSE,FALSE,EMEF WENCESLAU FONTOURA,exata_normalizada,consolidado,,rede_municipal_direta_ou_nao_classificada,0,TRUE,FALSE,FALSE,FALSE,rede_municipal_direta,Rede municipal direta em 2024,codigo_inep_consolidado,2024,Censo Escolar/INEP via Base dos Dados,TRUE,3,,1,0,1,0,,,,300 a 499 matrículas,3,2024,RS,4314902,1,1,1,1,1,0,0,1,852,80,772,446,98,104,78,81,85,326,0,85,85,0,437,415,503,157,167,0,1,24,261,155,106,5,45,43,25,21,43,33,29,17,12,0,,27,1,0,1,1,1,1,1,1,0,0,1,1,1,1,1,1,1,0,1,0,0,1,1,1,1,1,1,,,400,0,3,2,2,1,0,5,TRUE,TRUE,TRUE,FALSE,TRUE,10,9,TRUE,TRUE,1,3,FALSE,FALSE,FALSE,FALSE,FALSE,FALSE,FALSE,Rede municipal direta em 2024,FALSE,,TRUE,FALSE,Rede municipal direta em 2024,FALSE,,TRUE,,sem_revisao_necessaria,,,,Rede municipal direta em 2024,TRUE,TRUE,TRUE,1a_avaliacao_formativa,1a_avaliacao_formativa,linha_base_pre_programa,pos_inicio_programa,regra temporal pre-programa registrada no painel,declaracao formal,,2026-07-24,regra temporal preexistente do projeto,Marian Dante - assessora UEF/SMED,6.100318952020064
ESC_053,43105246,TRUE,EMEM EMILIO MEYER,EMEM EMILIO MEYER,EMEM EMILIO MEYER,ruti,ruti,SIM,SIM,NA_APLICAVEL,SIM,NAO,SIM,0,1,,ruti,SEM_CARGA_DO_PROGRAMA,ATIVA,LINHA_BASE_PRE_PROGRAMA,ASSESSORADA,TRUE,TRUE,FALSE,TRUE,FALSE,TRUE,FALSE,FALSE,REGRA_TEMPORAL_CONFIRMADA,HOMOLOGADO,2025_1a_avaliacao_formativa_linha_base,2026-07-24_v1,4,Língua Portuguesa,TRUE,TRUE,TRUE,TRUE,TRUE,TRUE,TRUE,TRUE,TRUE,TRUE,Rede municipal direta em 2024,rede_municipal_direta_ou_nao_classificada,rede_municipal_direta,Municipal,Em atividade,FALSE,FALSE,377,18,27,20.944444444444443,13.962962962962964,0.7957559681697612,9.70873786407767,4.854368932038835,35.19417475728155,3,90,Q2,300 a 499 matrículas,TRUE,81,66,81.48148148148148,64.39393939393939,24.09090909090909,22.727272727272727,53.01515151515152,91,81,89.01098901098901,49.91358024691358,40.76543209876543,19.54320987654321,39.69135802469136,73.5,7.5295075295075264,-14.480359147025808,16.67452300785634,-3.184062850729518,-13.323793490460154,12.34567901234568,22.727272727272727,Sem alerta principal de composição,4,4,TRUE,TRUE,TRUE,TRUE,0,10,15,TRUE,TRUE,FALSE,FALSE,FALSE,FALSE,FALSE,FALSE,EMEM EMILIO MEYER,exata_normalizada,consolidado,,rede_municipal_direta_ou_nao_classificada,0,TRUE,FALSE,FALSE,FALSE,rede_municipal_direta,Rede municipal direta em 2024,codigo_inep_consolidado,2024,Censo Escolar/INEP via Base dos Dados,TRUE,3,,1,0,1,0,,,,300 a 499 matrículas,2,2024,RS,4314902,1,1,1,1,1,1,0,1,824,102,533,377,81,75,80,71,70,156,0,80,80,0,445,379,487,166,123,0,1,47,3,3,0,40,66,40,27,16,66,43,26,18,8,0,,35,0,2,1,1,1,1,1,1,0,1,1,0,0,1,1,0,1,1,0,0,0,1,1,1,1,1,1,,,480,0,1,3,0,0,0,9,TRUE,TRUE,TRUE,FALSE,TRUE,10,9,TRUE,TRUE,1,3,FALSE,FALSE,FALSE,FALSE,FALSE,FALSE,FALSE,Rede municipal direta em 2024,FALSE,,TRUE,FALSE,Rede municipal direta em 2024,FALSE,,TRUE,,sem_revisao_necessaria,,,,Rede municipal direta em 2024,TRUE,TRUE,TRUE,1a_avaliacao_formativa,1a_avaliacao_formativa,linha_base_pre_programa,pos_inicio_programa,regra temporal pre-programa registrada no painel,declaracao formal,,2026-07-24,regra temporal preexistente do projeto,Marian Dante - assessora UEF/SMED,5.932245187448011
ESC_054,43106668,TRUE,ESC EST ENS FUN PROFESSORA LEOPOLDA BARNEWITZ,ESC EST ENS FUN PROFESSORA LEOPOLDA BARNEWITZ,ESC EST ENS FUN PROFESSORA LEOPOLDA BARNEWITZ,julia,julia,SIM,SIM,NA_APLICAVEL,SIM,NAO,SIM,0,1,,julia,SEM_CARGA_DO_PROGRAMA,ATIVA,LINHA_BASE_PRE_PROGRAMA,ASSESSORADA,TRUE,TRUE,FALSE,TRUE,FALSE,TRUE,FALSE,FALSE,REGRA_TEMPORAL_CONFIRMADA,HOMOLOGADO,2025_1a_avaliacao_formativa_linha_base,2026-07-24_v1,4,Língua Portuguesa,TRUE,TRUE,TRUE,TRUE,FALSE,FALSE,TRUE,FALSE,FALSE,TRUE,"Estadual em 2024, municipalizada posteriormente",municipalizada_apos_2024,rede_municipal_direta,Estadual,Em atividade,TRUE,FALSE,154,8,17,19.25,9.058823529411764,100,5.194805194805195,0,32.467532467532465,1,60,Q1 — menor infraestrutura,150 a 299 matrículas,TRUE,22,18,81.81818181818181,73,17,22,61,25,25,100,83,8,20,72,21.5,18.181818181818187,10,-9,-2,11,13.636363636363637,38.888888888888886,Aumento de participação igual ou superior a 10 p.p.,1,1,TRUE,TRUE,TRUE,TRUE,0,3,7,TRUE,TRUE,FALSE,TRUE,FALSE,FALSE,TRUE,FALSE,ESC EST ENS FUN PROFESSORA LEOPOLDA BARNEWITZ,exata_normalizada,consolidado,,municipalizada_apos_2024,0,TRUE,FALSE,TRUE,FALSE,rede_municipal_direta,"Escola pertencente e em funcionamento normal na rede estadual durante 2024. Foi municipalizada em janeiro de 2025 e passou a operar como escola da rede municipal direta, em regime de tempo integral. Para o contexto pré-programa de 2024 deve permanecer classificada como estadual; para 2025 em diante deve ser tratada como municipalizada recentemente e integrante da rede municipal direta.",codigo_inep_consolidado,2024,Censo Escolar/INEP via Base dos Dados,TRUE,2,,1,0,1,0,,,,150 a 299 matrículas,1,2024,RS,4314902,1,0,1,1,0,0,0,1,154,0,154,154,44,23,24,28,35,0,0,8,8,0,79,75,101,22,28,0,0,3,154,154,0,0,17,17,17,0,16,8,8,8,0,8,,17,0,0,1,1,1,1,0,0,0,0,0,1,1,1,1,0,0,0,0,0,1,1,0,1,1,1,1,,,30,0,0,0,0,0,5,2,FALSE,TRUE,FALSE,FALSE,TRUE,10,6,FALSE,FALSE,1,2,FALSE,FALSE,FALSE,FALSE,FALSE,FALSE,FALSE,Situação administrativa a examinar,FALSE,,TRUE,FALSE,Rede estadual em 2024,TRUE,"Censo 2024 registra dependência estadual, mas o cadastro local classifica como rede municipal direta",TRUE,Dependência estadual no Censo 2024,confirmar_com_ressalva,municipalizada_apos_2024,rede_municipal_direta,"Escola pertencente e em funcionamento normal na rede estadual durante 2024. Foi municipalizada em janeiro de 2025 e passou a operar como escola da rede municipal direta, em regime de tempo integral. Para o contexto pré-programa de 2024 deve permanecer classificada como estadual; para 2025 em diante deve ser tratada como municipalizada recentemente e integrante da rede municipal direta.","Escola pertencente e em funcionamento normal na rede estadual durante 2024. Foi municipalizada em janeiro de 2025 e passou a operar como escola da rede municipal direta, em regime de tempo integral. Para o contexto pré-programa de 2024 deve permanecer classificada como estadual; para 2025 em diante deve ser tratada como municipalizada recentemente e integrante da rede municipal direta.",TRUE,TRUE,TRUE,1a_avaliacao_formativa,1a_avaliacao_formativa,linha_base_pre_programa,pos_inicio_programa,regra temporal pre-programa registrada no painel,declaracao formal,,2026-07-24,regra temporal preexistente do projeto,Marian Dante - assessora UEF/SMED,5.0369526024136295
ESC_055,43105300,TRUE,ESCOLA DE ENSINO FUNDAMENTAL MADRE RAFFO,7028 ESCOLA DE ENSINO FUNDAMENTAL MADRE RAFFO,ESCOLA DE ENSINO FUNDAMENTAL MADRE RAFFO,outras,outras,SIM,SIM,NA_APLICAVEL,NAO,NAO,NAO,0,0,,,SEM_CARGA_DO_PROGRAMA,ZERO_OU_TENDENTE_A_ZERO,LINHA_BASE_PRE_PROGRAMA,NAO_EXPOSTA_INELEGIVEL,TRUE,TRUE,FALSE,FALSE,FALSE,FALSE,FALSE,TRUE,REGRA_TEMPORAL_CONFIRMADA,HOMOLOGADO,2025_1a_avaliacao_formativa_linha_base,2026-07-24_v1,4,Língua Portuguesa,TRUE,TRUE,TRUE,TRUE,FALSE,TRUE,FALSE,FALSE,TRUE,FALSE,Privada conveniada ou supervisionada,privada_conveniada_sob_supervisao_municipal,fora_da_rede_municipal_direta,Privada,Em atividade,FALSE,TRUE,159,8,13,19.875,12.23076923076923,0,4.406779661016949,0,5.762711864406779,3,80,Q1 — menor infraestrutura,150 a 299 matrículas,TRUE,5,5,100,100,0,0,100,9,8,88.88888888888889,91,0,25,75,6.5,-11.111111111111114,-9,0,25,-25,80,60,Mudança relevante no público previsto e queda de participação,1,1,TRUE,TRUE,TRUE,TRUE,0,4,3,TRUE,TRUE,FALSE,FALSE,TRUE,TRUE,TRUE,TRUE,ESCOLA DE ENSINO FUNDAMENTAL MADRE RAFFO,exata_normalizada,consolidado,,privada_conveniada_sob_supervisao_municipal,0,TRUE,FALSE,FALSE,FALSE,fora_da_rede_municipal_direta,"Escola da rede privada comunitária, vinculada ao grupo Horto de Ensino, conveniada com a Prefeitura de Porto Alegre para atendimento da demanda por vagas públicas. Não possui docentes cedidos pelo poder público, mas integra a supervisão programática da SMED e o acompanhamento dos resultados das avaliações municipais. Mantém parceria com a Prefeitura ao menos desde 2020, em situação semelhante à Pequena Casa da Criança e à Aldeia Lumiar. Deve ser classificada como instituição privada conveniada ou supervisionada, fora da rede municipal direta, mas incluída no universo municipal ampliado quando pertinente.",codigo_inep_consolidado,2024,Censo Escolar/INEP via Base dos Dados,TRUE,4,4,1,0,1,1,1,,,150 a 299 matrículas,1,2024,RS,4314902,,1,1,1,1,0,0,1,295,37,258,159,36,36,20,39,28,99,0,13,13,0,149,146,218,4,13,0,0,60,0,0,0,0,21,19,13,10,18,14,12,8,4,0,,9,9,5,1,1,1,1,1,1,0,0,1,1,1,1,0,1,1,1,1,0,0,1,1,1,0,0,1,,,0,0,1,0,1,1,1,2,TRUE,TRUE,TRUE,FALSE,TRUE,10,8,TRUE,TRUE,1,4,FALSE,FALSE,FALSE,FALSE,FALSE,FALSE,FALSE,Situação administrativa a examinar,FALSE,,TRUE,FALSE,Privada sem vínculo municipal classificado,TRUE,"Censo 2024 registra dependência privada, mas o cadastro local classifica como rede municipal direta",TRUE,Dependência privada no Censo 2024,corrigir,privada_conveniada_sob_supervisao_municipal,fora_da_rede_municipal_direta,"Escola da rede privada comunitária, vinculada ao grupo Horto de Ensino, conveniada com a Prefeitura de Porto Alegre para atendimento da demanda por vagas públicas. Não possui docentes cedidos pelo poder público, mas integra a supervisão programática da SMED e o acompanhamento dos resultados das avaliações municipais. Mantém parceria com a Prefeitura ao menos desde 2020, em situação semelhante à Pequena Casa da Criança e à Aldeia Lumiar. Deve ser classificada como instituição privada conveniada ou supervisionada, fora da rede municipal direta, mas incluída no universo municipal ampliado quando pertinente.","Escola da rede privada comunitária, vinculada ao grupo Horto de Ensino, conveniada com a Prefeitura de Porto Alegre para atendimento da demanda por vagas públicas. Não possui docentes cedidos pelo poder público, mas integra a supervisão programática da SMED e o acompanhamento dos resultados das avaliações municipais. Mantém parceria com a Prefeitura ao menos desde 2020, em situação semelhante à Pequena Casa da Criança e à Aldeia Lumiar. Deve ser classificada como instituição privada conveniada ou supervisionada, fora da rede municipal direta, mas incluída no universo municipal ampliado quando pertinente.",TRUE,TRUE,TRUE,1a_avaliacao_formativa,1a_avaliacao_formativa,linha_base_pre_programa,pos_inicio_programa,regra temporal pre-programa registrada no painel,declaracao formal,,2026-07-24,regra temporal preexistente do projeto,Marian Dante - assessora UEF/SMED,5.0689042022202315
ESC_056,43189768,TRUE,EEF ALDEIA LUMIAR,,EEF ALDEIA LUMIAR,,Sem vinculação informada,SIM,SIM,NA_APLICAVEL,NAO,NAO,NAO,0,0,,,SEM_CARGA_DO_PROGRAMA,ZERO_OU_TENDENTE_A_ZERO,LINHA_BASE_PRE_PROGRAMA,NAO_EXPOSTA_INELEGIVEL,TRUE,TRUE,FALSE,FALSE,FALSE,FALSE,FALSE,TRUE,REGRA_TEMPORAL_CONFIRMADA,HOMOLOGADO,2025_1a_avaliacao_formativa_linha_base,2026-07-24_v1,5,Língua Portuguesa,FALSE,FALSE,TRUE,FALSE,FALSE,FALSE,FALSE,FALSE,TRUE,FALSE,Filantrópica supervisionada,filantropica_sob_supervisao_municipal,fora_da_rede_municipal_direta,Privada,Em atividade,FALSE,TRUE,109,0,0,,,100,6.598984771573604,0,20.304568527918786,2,80,Q1 — menor infraestrutura,Até 149 matrículas,TRUE,20,14,70,67,0,50,50,,,,,,,,,,,,,,,,Escola-série ausente em um dos anos,2,,TRUE,FALSE,TRUE,FALSE,,,,,,,,,,TRUE,,6002 EEF ALDEIA LUMIAR,aceite_manual,consolidado,escola filantropica sob supervisao municipal,filantropica_sob_supervisao_municipal,0,TRUE,FALSE,FALSE,FALSE,fora_da_rede_municipal_direta,Instituição filantrópica supervisionada,codigo_inep_consolidado,2024,Censo Escolar/INEP via Base dos Dados,TRUE,4,4,1,0,1,1,1,,,Até 149 matrículas,1,2024,RS,4314902,,0,1,1,1,0,0,1,197,0,197,109,26,22,19,21,21,88,0,13,13,0,96,101,108,20,18,0,2,49,197,109,88,0,10,10,0,10,9,10,10,0,10,10,,6,0,0,1,1,1,1,1,1,0,0,0,1,0,1,1,0,0,0,0,0,0,1,1,1,1,1,1,,,0,0,0,0,0,0,0,2,FALSE,TRUE,TRUE,FALSE,TRUE,10,8,TRUE,FALSE,1,4,FALSE,FALSE,FALSE,FALSE,TRUE,TRUE,FALSE,Instituição filantrópica supervisionada,TRUE,"Matrículas positivas, mas nenhuma turma dos anos iniciais | Matrículas positivas, mas nenhum docente dos anos iniciais",TRUE,TRUE,Filantrópica supervisionada,FALSE,,FALSE,"Matrículas positivas, mas nenhuma turma dos anos iniciais | Matrículas positivas, mas nenhum docente dos anos iniciais",sem_revisao_necessaria,,,,Instituição filantrópica supervisionada,TRUE,FALSE,TRUE,1a_avaliacao_formativa,1a_avaliacao_formativa,linha_base_pre_programa,pos_inicio_programa,regra temporal pre-programa registrada no painel,declaracao formal,,2026-07-24,regra temporal preexistente do projeto,Marian Dante - assessora UEF/SMED,4.6913478822291435
ESC_001,43105416,TRUE,EEF PEQUENA CASA DA CRIANCA,6001 EEF PEQUENA CASA DA CRIANCA,EEF PEQUENA CASA DA CRIANCA,outras,outras,SIM,SIM,NA_APLICAVEL,NAO,NAO,NAO,0,0,,,SEM_CARGA_DO_PROGRAMA,ZERO_OU_TENDENTE_A_ZERO,LINHA_BASE_PRE_PROGRAMA,NAO_EXPOSTA_INELEGIVEL,TRUE,TRUE,FALSE,FALSE,FALSE,FALSE,FALSE,TRUE,REGRA_TEMPORAL_CONFIRMADA,HOMOLOGADO,2025_1a_avaliacao_formativa_linha_base,2026-07-24_v1,5,Língua Portuguesa,TRUE,TRUE,TRUE,TRUE,FALSE,TRUE,FALSE,FALSE,TRUE,FALSE,Privada conveniada ou supervisionada,privada_conveniada_sob_supervisao_municipal,fora_da_rede_municipal_direta,Privada,Em atividade,FALSE,TRUE,245,14,11,17.5,22.272727272727273,18.367346938775512,6.128133704735376,0,20.33426183844011,2,70,Q1 — menor infraestrutura,150 a 299 matrículas,TRUE,29,20,68.96551724137932,74,0,45.2,54.8,38,36,94.73684210526316,55.388888888888886,19.5,49.97222222222222,30.583333333333332,28,25.771324863883848,-18.61111111111111,19.5,4.772222222222219,-24.216666666666665,31.03448275862069,80,Mudança relevante no público previsto e aumento de participação,2,2,TRUE,TRUE,TRUE,TRUE,0,9,16,FALSE,FALSE,FALSE,TRUE,FALSE,TRUE,FALSE,FALSE,6001 EEF PEQUENA CASA DA CRIANCA,aceite_manual,consolidado,escola privada conveniada sob supervisao municipal,privada_conveniada_sob_supervisao_municipal,0,TRUE,FALSE,FALSE,FALSE,fora_da_rede_municipal_direta,Instituição privada conveniada ou supervisionada,codigo_inep_consolidado,2024,Censo Escolar/INEP via Base dos Dados,TRUE,4,4,1,0,1,1,1,,,150 a 299 matrículas,1,2024,RS,4314902,,1,1,1,0,0,0,1,359,114,245,245,44,48,69,43,41,0,0,22,22,0,165,194,92,36,37,0,0,194,45,45,0,0,19,11,11,0,15,22,14,14,0,3,,23,6,0,1,1,1,1,1,1,0,0,1,0,0,1,1,0,0,0,0,0,0,1,0,1,0,1,1,,,0,0,0,0,1,1,0,1,TRUE,TRUE,FALSE,FALSE,TRUE,10,7,TRUE,FALSE,1,4,FALSE,FALSE,FALSE,FALSE,FALSE,FALSE,FALSE,Instituição privada conveniada ou supervisionada,FALSE,,TRUE,TRUE,Privada conveniada ou supervisionada,FALSE,,TRUE,Dependência privada no Censo 2024,sem_revisao_necessaria,,,,Instituição privada conveniada ou supervisionada,TRUE,TRUE,TRUE,1a_avaliacao_formativa,1a_avaliacao_formativa,linha_base_pre_programa,pos_inicio_programa,regra temporal pre-programa registrada no painel,declaracao formal,,2026-07-24,regra temporal preexistente do projeto,Marian Dante - assessora UEF/SMED,5.501258210544727
ESC_002,43105505,TRUE,EMEB DR LIBERATO SALZANO VIEIRA DA CUNHA,EMEB DR LIBERATO SALZANO VIEIRA DA CUNHA,EMEB DR LIBERATO SALZANO VIEIRA DA CUNHA,clarissa,clarissa,SIM,SIM,NA_APLICAVEL,SIM,NAO,SIM,0,1,,clarissa,SEM_CARGA_DO_PROGRAMA,ATIVA,LINHA_BASE_PRE_PROGRAMA,ASSESSORADA,TRUE,TRUE,FALSE,TRUE,FALSE,TRUE,FALSE,FALSE,REGRA_TEMPORAL_CONFIRMADA,HOMOLOGADO,2025_1a_avaliacao_formativa_linha_base,2026-07-24_v1,5,Língua Portuguesa,TRUE,TRUE,TRUE,TRUE,TRUE,TRUE,TRUE,TRUE,TRUE,TRUE,Rede municipal direta em 2024,rede_municipal_direta_ou_nao_classificada,rede_municipal_direta,Municipal,Em atividade,FALSE,FALSE,465,21,33,22.142857142857142,14.090909090909092,0.21505376344086025,7.790262172284645,1.198501872659176,24.04494382022472,4,100,Q3,300 a 499 matrículas,TRUE,82,62,75.60975609756098,64.30645161290323,19.387096774193548,22.532258064516128,57.854838709677416,99,90,90.9090909090909,60.71111111111111,27.38888888888889,23.755555555555556,49.08888888888889,76,15.299334811529931,-3.5953405017921227,8.001792114695341,1.2232974910394283,-8.765949820788528,20.73170731707317,45.16129032258065,Mudança relevante no público previsto e aumento de participação,4,4,TRUE,TRUE,TRUE,TRUE,0,17,28,TRUE,FALSE,FALSE,TRUE,FALSE,TRUE,FALSE,FALSE,EMEB DR LIBERATO SALZANO VIEIRA DA CUNHA,exata_normalizada,consolidado,,rede_municipal_direta_ou_nao_classificada,0,TRUE,FALSE,FALSE,FALSE,rede_municipal_direta,Rede municipal direta em 2024,codigo_inep_consolidado,2024,Censo Escolar/INEP via Base dos Dados,TRUE,3,,1,0,1,0,,,,300 a 499 matrículas,3,2024,RS,4314902,1,1,1,1,1,1,1,1,1335,118,840,465,83,90,103,81,108,375,146,104,104,0,730,605,829,193,127,0,1,185,1,1,0,16,82,53,33,24,77,56,35,21,14,0,,28,3,0,1,1,1,1,1,1,0,1,1,1,1,1,1,1,1,0,0,1,0,1,1,1,1,1,1,,,520,6,4,6,0,0,0,10,TRUE,TRUE,TRUE,TRUE,TRUE,10,10,TRUE,TRUE,1,3,FALSE,FALSE,FALSE,FALSE,FALSE,FALSE,FALSE,Rede municipal direta em 2024,FALSE,,TRUE,FALSE,Rede municipal direta em 2024,FALSE,,TRUE,,sem_revisao_necessaria,,,,Rede municipal direta em 2024,TRUE,TRUE,TRUE,1a_avaliacao_formativa,1a_avaliacao_formativa,linha_base_pre_programa,pos_inicio_programa,regra temporal pre-programa registrada no painel,declaracao formal,,2026-07-24,regra temporal preexistente do projeto,Marian Dante - assessora UEF/SMED,6.142037405587356
ESC_003,43105440,TRUE,EMEF AFONSO GUERREIRO LIMA,EMEF AFONSO GUERREIRO LIMA,EMEF AFONSO GUERREIRO LIMA,graziela,graziela,SIM,SIM,NA_APLICAVEL,SIM,NAO,SIM,0,1,,graziela,SEM_CARGA_DO_PROGRAMA,ATIVA,LINHA_BASE_PRE_PROGRAMA,ASSESSORADA,TRUE,TRUE,FALSE,TRUE,FALSE,TRUE,FALSE,FALSE,REGRA_TEMPORAL_CONFIRMADA,HOMOLOGADO,2025_1a_avaliacao_formativa_linha_base,2026-07-24_v1,5,Língua Portuguesa,TRUE,TRUE,TRUE,TRUE,TRUE,TRUE,TRUE,TRUE,TRUE,TRUE,Rede municipal direta em 2024,rede_municipal_direta_ou_nao_classificada,rede_municipal_direta,Municipal,Em atividade,FALSE,FALSE,517,22,27,23.5,19.14814814814815,15.667311411992262,7.41901776384535,5.851619644723093,33.751306165099265,4,90,Q2,500 matrículas ou mais,TRUE,81,69,85.18518518518519,60.10144927536232,23.26086956521739,21.884057971014492,55.18840579710145,117,105,89.74358974358974,66.44761904761904,15.904761904761903,33.63809523809524,50.00952380952381,87,4.558404558404547,6.346169772256722,-7.356107660455486,11.754037267080747,-5.17888198757764,44.44444444444444,52.17391304347826,Mudança relevante no número de estudantes previstos,3,5,TRUE,TRUE,TRUE,TRUE,2,36,36,TRUE,TRUE,FALSE,FALSE,FALSE,TRUE,FALSE,FALSE,EMEF AFONSO GUERREIRO LIMA,exata_normalizada,consolidado,,rede_municipal_direta_ou_nao_classificada,0,TRUE,FALSE,FALSE,FALSE,rede_municipal_direta,Rede municipal direta em 2024,codigo_inep_consolidado,2024,Censo Escolar/INEP via Base dos Dados,TRUE,3,,1,0,1,0,,,,500 matrículas ou mais,4,2024,RS,4314902,1,1,1,1,1,0,1,1,957,19,866,517,92,100,147,91,87,349,72,71,71,0,476,481,514,153,169,0,1,120,100,81,19,56,49,42,27,18,48,40,35,22,13,0,,30,0,8,1,1,1,1,1,1,0,1,1,1,1,1,0,1,0,1,0,0,0,1,1,1,1,1,1,,,468,0,4,4,0,0,0,6,TRUE,TRUE,TRUE,TRUE,TRUE,10,9,TRUE,TRUE,1,3,FALSE,FALSE,FALSE,FALSE,FALSE,FALSE,FALSE,Rede municipal direta em 2024,FALSE,,TRUE,FALSE,Rede municipal direta em 2024,FALSE,,TRUE,,sem_revisao_necessaria,,,,Rede municipal direta em 2024,TRUE,TRUE,TRUE,1a_avaliacao_formativa,1a_avaliacao_formativa,linha_base_pre_programa,pos_inicio_programa,regra temporal pre-programa registrada no painel,declaracao formal,,2026-07-24,regra temporal preexistente do projeto,Marian Dante - assessora UEF/SMED,6.248042874508429
ESC_004,43105459,TRUE,EMEF AMERICA,EMEF AMERICA,EMEF AMERICA,nathalia,nathalia,SIM,SIM,NA_APLICAVEL,SIM,NAO,SIM,0,1,,nathalia,SEM_CARGA_DO_PROGRAMA,ATIVA,LINHA_BASE_PRE_PROGRAMA,ASSESSORADA,TRUE,TRUE,FALSE,TRUE,FALSE,TRUE,FALSE,FALSE,REGRA_TEMPORAL_CONFIRMADA,HOMOLOGADO,2025_1a_avaliacao_formativa_linha_base,2026-07-24_v1,5,Língua Portuguesa,TRUE,TRUE,TRUE,TRUE,TRUE,TRUE,TRUE,TRUE,TRUE,TRUE,Rede municipal direta em 2024,rede_municipal_direta_ou_nao_classificada,rede_municipal_direta,Municipal,Em atividade,FALSE,FALSE,261,10,18,26.1,14.5,0.3831417624521073,7.205240174672489,0,39.956331877729255,2,100,Q3,150 a 299 matrículas,TRUE,54,46,85.18518518518519,53.34782608695652,30.47826086956522,32.65217391304348,36.869565217391305,46,44,95.65217391304348,53.84090909090909,20.431818181818183,52.11363636363637,27.454545454545453,45,10.466988727858292,0.4930830039525702,-10.046442687747035,19.46146245059289,-9.415019762845851,-14.814814814814817,-4.3478260869565215,Aumento de participação igual ou superior a 10 p.p.,2,2,TRUE,TRUE,TRUE,TRUE,0,-8,-2,TRUE,TRUE,FALSE,TRUE,FALSE,FALSE,FALSE,FALSE,EMEF AMERICA,exata_normalizada,consolidado,,rede_municipal_direta_ou_nao_classificada,0,TRUE,FALSE,FALSE,FALSE,rede_municipal_direta,Rede municipal direta em 2024,codigo_inep_consolidado,2024,Censo Escolar/INEP via Base dos Dados,TRUE,3,,1,0,1,0,,,,150 a 299 matrículas,2,2024,RS,4314902,1,0,1,1,1,0,0,1,458,0,458,261,47,52,52,58,52,197,0,33,33,0,220,238,247,115,67,1,1,27,1,1,0,0,32,32,18,19,32,19,19,10,9,0,,12,0,0,1,1,1,1,1,1,0,1,1,1,1,1,1,1,1,1,0,0,0,1,1,1,1,1,1,,,380,0,2,2,0,0,0,4,FALSE,TRUE,TRUE,FALSE,TRUE,10,10,TRUE,TRUE,1,3,FALSE,FALSE,FALSE,FALSE,FALSE,FALSE,FALSE,Rede municipal direta em 2024,FALSE,,TRUE,FALSE,Rede municipal direta em 2024,FALSE,,TRUE,,sem_revisao_necessaria,,,,Rede municipal direta em 2024,TRUE,TRUE,TRUE,1a_avaliacao_formativa,1a_avaliacao_formativa,linha_base_pre_programa,pos_inicio_programa,regra temporal pre-programa registrada no painel,declaracao formal,,2026-07-24,regra temporal preexistente do projeto,Marian Dante - assessora UEF/SMED,5.564520407322694
ESC_005,43105467,TRUE,EMEF ARAMY SILVA,EMEF ARAMY SILVA,EMEF ARAMY SILVA,priscila,priscila,SIM,SIM,NA_APLICAVEL,SIM,NAO,SIM,0,1,,priscila,SEM_CARGA_DO_PROGRAMA,ATIVA,LINHA_BASE_PRE_PROGRAMA,ASSESSORADA,TRUE,TRUE,FALSE,TRUE,FALSE,TRUE,FALSE,FALSE,REGRA_TEMPORAL_CONFIRMADA,HOMOLOGADO,2025_1a_avaliacao_formativa_linha_base,2026-07-24_v1,5,Língua Portuguesa,TRUE,TRUE,TRUE,TRUE,TRUE,TRUE,TRUE,TRUE,TRUE,TRUE,Rede municipal direta em 2024,rede_municipal_direta_ou_nao_classificada,rede_municipal_direta,Municipal,Em atividade,FALSE,FALSE,422,20,27,21.1,15.62962962962963,0,11.951219512195122,1.0975609756097562,18.29268292682927,3,100,Q3,300 a 499 matrículas,TRUE,90,77,85.55555555555556,73.32467532467533,12.03896103896104,23.363636363636363,65.05194805194805,91,87,95.6043956043956,64.70114942528735,21.379310344827587,30.942528735632184,47.67816091954023,82,10.048840048840049,-8.623525899387971,9.340349305866548,7.5788923719958206,-17.373787132407813,1.1111111111111112,12.987012987012989,Aumento de participação igual ou superior a 10 p.p.,4,4,TRUE,TRUE,TRUE,TRUE,0,1,10,TRUE,TRUE,FALSE,TRUE,FALSE,FALSE,FALSE,FALSE,EMEF ARAMY SILVA,exata_normalizada,consolidado,,rede_municipal_direta_ou_nao_classificada,0,TRUE,FALSE,FALSE,FALSE,rede_municipal_direta,Rede municipal direta em 2024,codigo_inep_consolidado,2024,Censo Escolar/INEP via Base dos Dados,TRUE,3,,1,0,1,0,,,,300 a 499 matrículas,3,2024,RS,4314902,1,1,1,1,1,0,0,1,820,75,745,422,85,66,94,80,97,323,0,98,98,0,364,456,627,62,88,0,0,43,0,0,0,9,48,45,27,23,46,39,35,20,15,0,,20,0,0,1,1,1,1,1,1,0,1,1,1,1,1,1,1,1,1,0,0,0,1,1,1,1,1,1,,,525,0,3,4,0,0,0,6,TRUE,TRUE,TRUE,FALSE,TRUE,10,10,TRUE,TRUE,1,3,FALSE,FALSE,FALSE,FALSE,FALSE,FALSE,FALSE,Rede municipal direta em 2024,FALSE,,TRUE,FALSE,Rede municipal direta em 2024,FALSE,,TRUE,,sem_revisao_necessaria,,,,Rede municipal direta em 2024,TRUE,TRUE,TRUE,1a_avaliacao_formativa,1a_avaliacao_formativa,linha_base_pre_programa,pos_inicio_programa,regra temporal pre-programa registrada no painel,declaracao formal,,2026-07-24,regra temporal preexistente do projeto,Marian Dante - assessora UEF/SMED,6.045005314036012
ESC_006,43173713,TRUE,EMEF CAMPOS DO CRISTAL,EMEF CAMPOS DO CRISTAL,EMEF CAMPOS DO CRISTAL,andreia,andreia,SIM,SIM,NA_APLICAVEL,SIM,NAO,SIM,0,1,,andreia,SEM_CARGA_DO_PROGRAMA,ATIVA,LINHA_BASE_PRE_PROGRAMA,ASSESSORADA,TRUE,TRUE,FALSE,TRUE,FALSE,TRUE,FALSE,FALSE,REGRA_TEMPORAL_CONFIRMADA,HOMOLOGADO,2025_1a_avaliacao_formativa_linha_base,2026-07-24_v1,5,Língua Portuguesa,TRUE,TRUE,TRUE,TRUE,TRUE,TRUE,TRUE,TRUE,TRUE,TRUE,Rede municipal direta em 2024,rede_municipal_direta_ou_nao_classificada,rede_municipal_direta,Municipal,Em atividade,FALSE,FALSE,255,10,16,25.5,15.9375,34.90196078431372,12.266112266112266,1.0395010395010396,34.71933471933472,3,100,Q3,150 a 299 matrículas,TRUE,52,47,90.3846153846154,73.68085106382979,10.74468085106383,23.617021276595743,66.2127659574468,55,52,94.54545454545456,73.03846153846153,8.26923076923077,39.80769230769231,51.92307692307692,49.5,4.16083916083916,-0.6423895253682588,-2.47545008183306,16.190671031096564,-14.289689034369886,5.769230769230769,10.638297872340424,Sem alerta principal de composição,2,2,TRUE,TRUE,TRUE,TRUE,0,3,5,TRUE,TRUE,TRUE,FALSE,FALSE,FALSE,FALSE,FALSE,EMEF CAMPOS DO CRISTAL,exata_normalizada,consolidado,,rede_municipal_direta_ou_nao_classificada,0,TRUE,FALSE,FALSE,FALSE,rede_municipal_direta,Rede municipal direta em 2024,codigo_inep_consolidado,2024,Censo Escolar/INEP via Base dos Dados,TRUE,3,,1,0,1,0,,,,150 a 299 matrículas,2,2024,RS,4314902,1,1,1,1,1,0,0,1,481,54,427,255,45,53,55,52,50,172,0,59,59,0,242,239,269,81,84,0,2,45,153,89,64,5,29,28,16,15,28,21,18,10,8,0,,16,8,12,1,1,1,1,1,1,0,1,1,1,1,1,1,0,1,1,0,0,0,1,1,1,1,1,1,,,302,5,3,1,1,1,0,4,TRUE,TRUE,TRUE,FALSE,TRUE,10,10,TRUE,TRUE,1,3,FALSE,FALSE,FALSE,FALSE,FALSE,FALSE,FALSE,Rede municipal direta em 2024,FALSE,,TRUE,FALSE,Rede municipal direta em 2024,FALSE,,TRUE,,sem_revisao_necessaria,,,,Rede municipal direta em 2024,TRUE,TRUE,TRUE,1a_avaliacao_formativa,1a_avaliacao_formativa,linha_base_pre_programa,pos_inicio_programa,regra temporal pre-programa registrada no painel,declaracao formal,,2026-07-24,regra temporal preexistente do projeto,Marian Dante - assessora UEF/SMED,5.541263545158426
ESC_007,43187560,TRUE,EMEF CHAPEU DO SOL,EMEF CHAPEU DO SOL,EMEF CHAPEU DO SOL,ruti,ruti,SIM,SIM,NA_APLICAVEL,SIM,NAO,SIM,0,1,,ruti,SEM_CARGA_DO_PROGRAMA,ATIVA,LINHA_BASE_PRE_PROGRAMA,ASSESSORADA,TRUE,TRUE,FALSE,TRUE,FALSE,TRUE,FALSE,FALSE,REGRA_TEMPORAL_CONFIRMADA,HOMOLOGADO,2025_1a_avaliacao_formativa_linha_base,2026-07-24_v1,5,Língua Portuguesa,TRUE,TRUE,TRUE,TRUE,TRUE,TRUE,TRUE,TRUE,TRUE,TRUE,Rede municipal direta em 2024,rede_municipal_direta_ou_nao_classificada,rede_municipal_direta,Municipal,Em atividade,FALSE,FALSE,542,22,26,24.636363636363637,20.846153846153847,28.59778597785978,8.558558558558559,3.4234234234234235,27.74774774774775,4,100,Q3,500 matrículas ou mais,TRUE,133,101,75.93984962406014,48.89108910891089,36.6039603960396,29.613861386138613,33.742574257425744,105,89,84.76190476190476,56.48314606741573,28.0561797752809,32.561797752808985,39.38202247191011,95,8.822055137844615,7.592056958504841,-8.547780620758704,2.9479363666703726,5.639448214484368,-21.05263157894737,-11.88118811881188,Mudança relevante no número de estudantes previstos,5,4,TRUE,TRUE,TRUE,TRUE,-1,-28,-12,TRUE,FALSE,FALSE,FALSE,FALSE,TRUE,FALSE,FALSE,EMEF CHAPEU DO SOL,exata_normalizada,consolidado,,rede_municipal_direta_ou_nao_classificada,0,TRUE,FALSE,FALSE,FALSE,rede_municipal_direta,Rede municipal direta em 2024,codigo_inep_consolidado,2024,Censo Escolar/INEP via Base dos Dados,TRUE,3,,1,0,1,0,,,,500 matrículas ou mais,4,2024,RS,4314902,1,1,1,1,1,0,1,1,1110,69,948,542,90,94,102,133,123,406,93,95,95,0,552,558,772,135,172,0,1,30,218,155,63,38,52,47,26,26,52,46,38,22,16,0,,21,0,10,1,1,1,1,1,1,0,1,1,1,1,1,1,0,0,1,0,0,0,1,1,1,1,1,1,,,400,0,1,2,0,0,0,5,TRUE,TRUE,TRUE,TRUE,TRUE,10,10,TRUE,TRUE,1,3,FALSE,FALSE,FALSE,FALSE,FALSE,FALSE,FALSE,Rede municipal direta em 2024,FALSE,,TRUE,FALSE,Rede municipal direta em 2024,FALSE,,TRUE,,sem_revisao_necessaria,,,,Rede municipal direta em 2024,TRUE,TRUE,TRUE,1a_avaliacao_formativa,1a_avaliacao_formativa,linha_base_pre_programa,pos_inicio_programa,regra temporal pre-programa registrada no painel,declaracao formal,,2026-07-24,regra temporal preexistente do projeto,Marian Dante - assessora UEF/SMED,6.295266001439646
ESC_008,43177581,TRUE,EMEF CHICO MENDES,EMEF CHICO MENDES,EMEF CHICO MENDES,eliane,eliane,SIM,SIM,NA_APLICAVEL,SIM,NAO,SIM,0,1,,eliane,SEM_CARGA_DO_PROGRAMA,ATIVA,LINHA_BASE_PRE_PROGRAMA,ASSESSORADA,TRUE,TRUE,FALSE,TRUE,FALSE,TRUE,FALSE,FALSE,REGRA_TEMPORAL_CONFIRMADA,HOMOLOGADO,2025_1a_avaliacao_formativa_linha_base,2026-07-24_v1,5,Língua Portuguesa,TRUE,TRUE,TRUE,TRUE,TRUE,TRUE,TRUE,TRUE,TRUE,TRUE,Rede municipal direta em 2024,rede_municipal_direta_ou_nao_classificada,rede_municipal_direta,Municipal,Em atividade,FALSE,FALSE,541,22,29,24.59090909090909,18.655172413793103,13.67837338262477,9.099181073703368,1.1828935395814375,34.303912647861694,3,100,Q3,500 matrículas ou mais,TRUE,106,79,74.52830188679245,56.75949367088607,22.873417721518987,36.46835443037975,40.379746835443044,123,116,94.3089430894309,51.87931034482759,30.75,37.81896551724138,31.42241379310345,97.5,19.78064120263845,-4.880183326058486,7.876582278481013,1.3506110868616332,-8.957333042339588,16.037735849056602,46.83544303797469,Aumento de participação igual ou superior a 10 p.p.,4,5,TRUE,TRUE,TRUE,TRUE,1,17,37,TRUE,FALSE,FALSE,TRUE,FALSE,FALSE,FALSE,FALSE,EMEF CHICO MENDES,exata_normalizada,consolidado,,rede_municipal_direta_ou_nao_classificada,0,TRUE,FALSE,FALSE,FALSE,rede_municipal_direta,Rede municipal direta em 2024,codigo_inep_consolidado,2024,Censo Escolar/INEP via Base dos Dados,TRUE,3,,1,0,1,0,,,,500 matrículas ou mais,4,2024,RS,4314902,1,0,1,1,1,0,1,1,1099,0,994,541,96,80,125,132,108,453,105,100,100,0,499,600,385,186,188,0,3,337,122,74,48,13,66,61,29,39,64,47,42,22,20,0,,21,0,3,1,1,1,1,1,1,0,1,1,1,1,1,1,1,1,1,0,0,0,1,1,1,1,1,1,,,595,3,2,1,2,1,0,7,FALSE,TRUE,TRUE,TRUE,TRUE,10,10,TRUE,TRUE,1,3,FALSE,FALSE,FALSE,FALSE,FALSE,FALSE,FALSE,Rede municipal direta em 2024,FALSE,,TRUE,FALSE,Rede municipal direta em 2024,FALSE,,TRUE,,sem_revisao_necessaria,,,,Rede municipal direta em 2024,TRUE,TRUE,TRUE,1a_avaliacao_formativa,1a_avaliacao_formativa,linha_base_pre_programa,pos_inicio_programa,regra temporal pre-programa registrada no painel,declaracao formal,,2026-07-24,regra temporal preexistente do projeto,Marian Dante - assessora UEF/SMED,6.293419278846481
ESC_009,43105475,TRUE,EMEF DECIO MARTINS COSTA,EMEF DECIO MARTINS COSTA,EMEF DECIO MARTINS COSTA,nathalia,nathalia,SIM,SIM,NA_APLICAVEL,SIM,NAO,SIM,0,1,,nathalia,SEM_CARGA_DO_PROGRAMA,ATIVA,LINHA_BASE_PRE_PROGRAMA,ASSESSORADA,TRUE,TRUE,FALSE,TRUE,FALSE,TRUE,FALSE,FALSE,REGRA_TEMPORAL_CONFIRMADA,HOMOLOGADO,2025_1a_avaliacao_formativa_linha_base,2026-07-24_v1,5,Língua Portuguesa,TRUE,TRUE,TRUE,TRUE,TRUE,TRUE,TRUE,TRUE,TRUE,TRUE,Rede municipal direta em 2024,rede_municipal_direta_ou_nao_classificada,rede_municipal_direta,Municipal,Em atividade,FALSE,FALSE,511,21,35,24.333333333333332,14.6,9.001956947162427,6.335797254487856,1.0559662090813091,26.504751847940867,3,100,Q3,500 matrículas ou mais,TRUE,106,92,86.79245283018868,70.23913043478261,18.32608695652174,19.47826086956522,61.91304347826087,106,95,89.62264150943396,62.95789473684211,22.147368421052633,33.05263157894737,44.8,93.5,2.830188679245282,-7.281235697940502,3.8212814645308946,13.574370709382151,-17.11304347826087,0,3.260869565217391,Sem alerta principal de composição,4,4,TRUE,TRUE,TRUE,TRUE,0,0,3,TRUE,TRUE,FALSE,FALSE,FALSE,FALSE,FALSE,FALSE,EMEF DECIO MARTINS COSTA,exata_normalizada,consolidado,,rede_municipal_direta_ou_nao_classificada,0,TRUE,FALSE,FALSE,FALSE,rede_municipal_direta,Rede municipal direta em 2024,codigo_inep_consolidado,2024,Censo Escolar/INEP via Base dos Dados,TRUE,3,,1,0,1,0,,,,500 matrículas ou mais,4,2024,RS,4314902,1,1,1,1,1,0,0,1,947,77,870,511,88,103,127,99,94,359,0,60,60,0,476,471,514,110,140,2,1,180,87,46,41,10,56,52,35,22,49,41,37,21,16,0,,20,0,4,1,1,1,1,1,1,1,1,1,1,1,1,1,1,0,0,0,0,1,1,1,1,1,1,1,,,490,0,3,1,0,0,0,5,TRUE,TRUE,TRUE,FALSE,TRUE,10,10,TRUE,FALSE,1,3,FALSE,FALSE,FALSE,FALSE,FALSE,FALSE,FALSE,Rede municipal direta em 2024,FALSE,,TRUE,FALSE,Rede municipal direta em 2024,FALSE,,TRUE,,sem_revisao_necessaria,,,,Rede municipal direta em 2024,TRUE,TRUE,TRUE,1a_avaliacao_formativa,1a_avaliacao_formativa,linha_base_pre_programa,pos_inicio_programa,regra temporal pre-programa registrada no painel,declaracao formal,,2026-07-24,regra temporal preexistente do projeto,Marian Dante - assessora UEF/SMED,6.236369590203704
ESC_010,43109128,TRUE,EMEF DEP MARCIRIO GOULART LOUREIRO,EMEF DEP MARCIRIO GOULART LOUREIRO,EMEF DEP MARCIRIO GOULART LOUREIRO,marian,marian,SIM,SIM,NA_APLICAVEL,SIM,NAO,SIM,0,1,,marian,SEM_CARGA_DO_PROGRAMA,ATIVA,LINHA_BASE_PRE_PROGRAMA,ASSESSORADA,TRUE,TRUE,FALSE,TRUE,FALSE,TRUE,FALSE,FALSE,REGRA_TEMPORAL_CONFIRMADA,HOMOLOGADO,2025_1a_avaliacao_formativa_linha_base,2026-07-24_v1,5,Língua Portuguesa,TRUE,TRUE,TRUE,TRUE,TRUE,TRUE,TRUE,TRUE,TRUE,TRUE,Rede municipal direta em 2024,rede_municipal_direta_ou_nao_classificada,rede_municipal_direta,Municipal,Em atividade,FALSE,FALSE,495,19,27,26.05263157894737,18.333333333333332,0.202020202020202,7.142857142857143,0.5175983436853002,35.40372670807454,3,100,Q3,300 a 499 matrículas,TRUE,116,81,69.82758620689656,40.58024691358025,50.34567901234568,22.246913580246915,27.185185185185187,115,101,87.82608695652173,43.51485148514851,43.67326732673267,29.316831683168317,27.00990099009901,91,17.99850074962518,2.934604571568265,-6.672411685613007,7.069918102921402,-0.17528419508617787,-0.8620689655172413,24.69135802469136,Aumento de participação igual ou superior a 10 p.p.,4,4,TRUE,TRUE,TRUE,TRUE,0,-1,20,FALSE,FALSE,FALSE,TRUE,FALSE,FALSE,FALSE,FALSE,EMEF DEP MARCIRIO GOULART LOUREIRO,exata_normalizada,consolidado,,rede_municipal_direta_ou_nao_classificada,0,TRUE,FALSE,FALSE,FALSE,rede_municipal_direta,Rede municipal direta em 2024,codigo_inep_consolidado,2024,Censo Escolar/INEP via Base dos Dados,TRUE,3,,1,0,1,0,,,,300 a 499 matrículas,4,2024,RS,4314902,1,0,1,1,1,0,1,1,966,0,850,495,96,104,103,106,86,355,116,69,69,0,446,520,443,175,167,0,0,181,2,1,1,5,52,46,27,22,52,39,32,19,13,0,,20,0,0,1,1,1,1,1,1,0,1,1,1,0,1,1,1,1,1,0,1,0,1,1,1,1,1,1,,,418,0,0,1,0,0,0,3,FALSE,TRUE,TRUE,TRUE,TRUE,10,10,TRUE,TRUE,1,3,FALSE,FALSE,FALSE,FALSE,FALSE,FALSE,FALSE,Rede municipal direta em 2024,FALSE,,TRUE,FALSE,Rede municipal direta em 2024,FALSE,,TRUE,,sem_revisao_necessaria,,,,Rede municipal direta em 2024,TRUE,TRUE,TRUE,1a_avaliacao_formativa,1a_avaliacao_formativa,linha_base_pre_programa,pos_inicio_programa,regra temporal pre-programa registrada no painel,declaracao formal,,2026-07-24,regra temporal preexistente do projeto,Marian Dante - assessora UEF/SMED,6.20455776256869
ESC_011,43109225,TRUE,EMEF DEP VICTOR ISSLER,EMEF DEP VICTOR ISSLER,EMEF DEP VICTOR ISSLER,clarissa,clarissa,SIM,SIM,NA_APLICAVEL,SIM,NAO,SIM,0,1,,clarissa,SEM_CARGA_DO_PROGRAMA,ATIVA,LINHA_BASE_PRE_PROGRAMA,ASSESSORADA,TRUE,TRUE,FALSE,TRUE,FALSE,TRUE,FALSE,FALSE,REGRA_TEMPORAL_CONFIRMADA,HOMOLOGADO,2025_1a_avaliacao_formativa_linha_base,2026-07-24_v1,5,Língua Portuguesa,TRUE,TRUE,TRUE,TRUE,TRUE,TRUE,TRUE,TRUE,TRUE,TRUE,Rede municipal direta em 2024,rede_municipal_direta_ou_nao_classificada,rede_municipal_direta,Municipal,Em atividade,FALSE,FALSE,581,23,37,25.26086956521739,15.702702702702704,1.8932874354561104,7.331136738056013,0.4942339373970346,35.667215815485996,3,100,Q3,500 matrículas ou mais,TRUE,113,97,85.84070796460178,67.0721649484536,20.711340206185568,19.762886597938145,59.75257731958763,116,104,89.65517241379311,65.85576923076923,14.923076923076923,38.94230769230769,46.14423076923077,100.5,3.814464449191334,-1.216395717684378,-5.788263283108645,19.17942109436955,-13.608346550356863,2.6548672566371683,7.216494845360825,Sem alerta principal de composição,4,4,TRUE,TRUE,TRUE,TRUE,0,3,7,TRUE,TRUE,FALSE,FALSE,FALSE,FALSE,FALSE,FALSE,EMEF DEP VICTOR ISSLER,exata_normalizada,consolidado,,rede_municipal_direta_ou_nao_classificada,0,TRUE,FALSE,FALSE,FALSE,rede_municipal_direta,Rede municipal direta em 2024,codigo_inep_consolidado,2024,Censo Escolar/INEP via Base dos Dados,TRUE,3,,1,0,1,0,,,,500 matrículas ou mais,4,2024,RS,4314902,1,0,1,1,1,0,1,1,1214,0,1016,581,118,124,130,102,107,435,198,89,89,0,588,626,724,203,229,2,1,55,17,11,6,6,69,63,37,32,68,45,39,23,16,0,,22,7,3,1,1,1,1,1,1,0,1,1,1,1,1,1,1,1,1,0,0,0,1,1,1,1,1,1,,,410,0,4,3,0,0,0,8,FALSE,TRUE,TRUE,TRUE,TRUE,10,10,TRUE,TRUE,1,3,FALSE,FALSE,FALSE,FALSE,FALSE,FALSE,FALSE,Rede municipal direta em 2024,FALSE,,TRUE,FALSE,Rede municipal direta em 2024,FALSE,,TRUE,,sem_revisao_necessaria,,,,Rede municipal direta em 2024,TRUE,TRUE,TRUE,1a_avaliacao_formativa,1a_avaliacao_formativa,linha_base_pre_programa,pos_inicio_programa,regra temporal pre-programa registrada no painel,declaracao formal,,2026-07-24,regra temporal preexistente do projeto,Marian Dante - assessora UEF/SMED,6.364750756851911
ESC_012,43105483,TRUE,EMEF DOLORES ALCARAZ CALDAS,EMEF DOLORES ALCARAZ CALDAS,EMEF DOLORES ALCARAZ CALDAS,jalize,jalize,SIM,SIM,NA_APLICAVEL,SIM,NAO,SIM,0,1,,jalize,SEM_CARGA_DO_PROGRAMA,ATIVA,LINHA_BASE_PRE_PROGRAMA,ASSESSORADA,TRUE,TRUE,FALSE,TRUE,FALSE,TRUE,FALSE,FALSE,REGRA_TEMPORAL_CONFIRMADA,HOMOLOGADO,2025_1a_avaliacao_formativa_linha_base,2026-07-24_v1,5,Língua Portuguesa,TRUE,TRUE,TRUE,TRUE,TRUE,TRUE,TRUE,TRUE,TRUE,TRUE,Rede municipal direta em 2024,rede_municipal_direta_ou_nao_classificada,rede_municipal_direta,Municipal,Em atividade,FALSE,FALSE,677,27,31,25.074074074074073,21.838709677419356,20.236336779911372,6.896551724137931,3.8314176245210727,39.00383141762452,4,90,Q2,500 matrículas ou mais,TRUE,94,83,88.29787234042553,62.21686746987952,24.012048192771083,25.518072289156628,50.46987951807229,135,126,93.33333333333331,64.24603174603175,22.30952380952381,29.650793650793652,48.03968253968254,104.5,5.035460992907801,2.0291642761522297,-1.7025243832472725,4.132721361637024,-2.430196978389752,43.61702127659574,51.80722891566265,Mudança relevante no número de estudantes previstos,3,5,TRUE,TRUE,TRUE,TRUE,2,41,43,TRUE,TRUE,FALSE,FALSE,FALSE,TRUE,FALSE,FALSE,EMEF DOLORES ALCARAZ CALDAS,exata_normalizada,consolidado,,rede_municipal_direta_ou_nao_classificada,0,TRUE,FALSE,FALSE,FALSE,rede_municipal_direta,Rede municipal direta em 2024,codigo_inep_consolidado,2024,Censo Escolar/INEP via Base dos Dados,TRUE,3,,1,0,1,0,,,,500 matrículas ou mais,4,2024,RS,4314902,1,1,1,1,1,0,1,1,1305,78,1143,677,182,130,160,97,108,466,84,90,90,0,630,675,698,261,245,1,3,97,209,137,72,50,64,57,31,31,64,53,45,27,18,0,,25,7,7,1,1,1,1,1,1,0,1,1,1,1,1,0,1,1,1,1,0,0,1,1,1,1,1,1,,,120,0,3,2,1,2,0,8,TRUE,TRUE,TRUE,TRUE,TRUE,10,9,TRUE,TRUE,1,3,FALSE,FALSE,FALSE,FALSE,FALSE,FALSE,FALSE,Rede municipal direta em 2024,FALSE,,TRUE,FALSE,Rede municipal direta em 2024,FALSE,,TRUE,,sem_revisao_necessaria,,,,Rede municipal direta em 2024,TRUE,TRUE,TRUE,1a_avaliacao_formativa,1a_avaliacao_formativa,linha_base_pre_programa,pos_inicio_programa,regra temporal pre-programa registrada no painel,declaracao formal,,2026-07-24,regra temporal preexistente do projeto,Marian Dante - assessora UEF/SMED,6.517671272912275
ESC_013,43106331,TRUE,EMEF ESPIRITO SANTO,EMEF ESPIRITO SANTO,EMEF ESPIRITO SANTO,priscila,priscila,NAO,SIM,NA_APLICAVEL,SIM,NAO,SIM,0,1,,priscila,SEM_CARGA_DO_PROGRAMA,ATIVA,LINHA_BASE_PRE_PROGRAMA,ASSESSORADA,FALSE,TRUE,FALSE,TRUE,FALSE,TRUE,FALSE,FALSE,REGRA_TEMPORAL_CONFIRMADA,HOMOLOGADO,2025_1a_avaliacao_formativa_linha_base,2026-07-24_v1,5,Língua Portuguesa,FALSE,FALSE,TRUE,FALSE,FALSE,FALSE,FALSE,FALSE,FALSE,FALSE,Rede estadual em 2024,rede_municipal_direta_ou_nao_classificada,vinculo_estadual_em_2025_a_confirmar,Estadual,Em atividade,FALSE,FALSE,54,4,5,13.5,10.8,0,0,0,61.111111111111114,1,60,,,FALSE,,,,,,,,13,11,84.61538461538461,49,18,73,9,,,,,,,,,Escola-série ausente em um dos anos,,1,FALSE,TRUE,FALSE,TRUE,,,,,,,,,,,TRUE,ESC EST ENS FUN ESPIRITO SANTO,aceite_manual,consolidado,municipalização recente,rede_municipal_direta_ou_nao_classificada,0,TRUE,FALSE,TRUE,FALSE,vinculo_estadual_em_2025_a_confirmar,Escola estadual no Censo 2024; municipalização posterior a confirmar,codigo_inep_consolidado,2024,Censo Escolar/INEP via Base dos Dados,TRUE,2,,1,0,1,0,,,,Até 149 matrículas,1,2024,RS,4314902,1,0,1,1,0,0,0,0,54,0,54,54,16,13,14,11,0,0,0,0,0,0,26,28,14,19,14,0,0,7,0,0,0,0,5,5,5,0,0,4,4,4,0,0,,6,0,0,1,1,1,1,1,1,0,0,1,0,0,1,1,0,0,1,0,0,0,1,0,1,1,1,0,,,30,0,0,0,0,0,0,2,FALSE,TRUE,FALSE,FALSE,FALSE,10,6,TRUE,TRUE,1,2,FALSE,FALSE,FALSE,FALSE,FALSE,FALSE,FALSE,Escola estadual no Censo 2024; municipalização posterior a confirmar,FALSE,,TRUE,FALSE,Rede estadual em 2024,FALSE,,TRUE,Dependência estadual no Censo 2024,sem_revisao_necessaria,,,,Escola estadual no Censo 2024; municipalização posterior a confirmar,TRUE,TRUE,TRUE,1a_avaliacao_formativa,1a_avaliacao_formativa,linha_base_pre_programa,pos_inicio_programa,regra temporal pre-programa registrada no painel,declaracao formal,,2026-07-24,regra temporal preexistente do projeto,Marian Dante - assessora UEF/SMED,3.9889840465642745
ESC_014,43106382,TRUE,EMEF EVARISTO GONCALVES NETTO,EMEF EVARISTO GONCALVES NETTO,EMEF EVARISTO GONCALVES NETTO,jalize,jalize,NAO,SIM,NA_APLICAVEL,SIM,NAO,SIM,0,1,,jalize,SEM_CARGA_DO_PROGRAMA,ATIVA,LINHA_BASE_PRE_PROGRAMA,ASSESSORADA,FALSE,TRUE,FALSE,TRUE,FALSE,TRUE,FALSE,FALSE,REGRA_TEMPORAL_CONFIRMADA,HOMOLOGADO,2025_1a_avaliacao_formativa_linha_base,2026-07-24_v1,5,Língua Portuguesa,FALSE,FALSE,TRUE,FALSE,FALSE,FALSE,FALSE,FALSE,FALSE,FALSE,Rede estadual em 2024,rede_municipal_direta_ou_nao_classificada,vinculo_estadual_em_2025_a_confirmar,Estadual,Em atividade,FALSE,FALSE,100,5,7,20,14.285714285714286,0,1,0,33,1,70,,,FALSE,,,,,,,,17,11,64.70588235294117,63,0,64,36,,,,,,,,,Escola-série ausente em um dos anos,,1,FALSE,TRUE,FALSE,TRUE,,,,,,,,,,,TRUE,ESC EST ENS FUN EVARISTO GONCALVES NETTO,aceite_manual,consolidado,municipalização recente,rede_municipal_direta_ou_nao_classificada,0,TRUE,FALSE,TRUE,FALSE,vinculo_estadual_em_2025_a_confirmar,Escola estadual no Censo 2024; municipalização posterior a confirmar,codigo_inep_consolidado,2024,Censo Escolar/INEP via Base dos Dados,TRUE,2,,1,0,1,0,,,,Até 149 matrículas,1,2024,RS,4314902,1,0,1,1,0,0,0,1,100,0,100,100,19,23,24,17,17,0,0,1,1,0,49,51,42,20,13,0,0,25,0,0,0,0,7,7,7,0,2,5,5,5,0,0,,5,0,0,1,1,1,1,1,1,0,0,1,1,0,1,1,1,0,0,0,0,0,1,0,1,1,1,0,,,30,0,0,0,0,0,0,2,FALSE,TRUE,FALSE,FALSE,TRUE,10,7,TRUE,FALSE,1,2,FALSE,FALSE,FALSE,FALSE,FALSE,FALSE,FALSE,Escola estadual no Censo 2024; municipalização posterior a confirmar,FALSE,,TRUE,FALSE,Rede estadual em 2024,FALSE,,TRUE,Dependência estadual no Censo 2024,sem_revisao_necessaria,,,,Escola estadual no Censo 2024; municipalização posterior a confirmar,TRUE,TRUE,TRUE,1a_avaliacao_formativa,1a_avaliacao_formativa,linha_base_pre_programa,pos_inicio_programa,regra temporal pre-programa registrada no painel,declaracao formal,,2026-07-24,regra temporal preexistente do projeto,Marian Dante - assessora UEF/SMED,4.605170185988092
ESC_015,43109233,TRUE,EMEF GABRIEL OBINO,EMEF GABRIEL OBINO,EMEF GABRIEL OBINO,amanda,amanda,SIM,SIM,NA_APLICAVEL,SIM,NAO,SIM,0,1,,amanda,SEM_CARGA_DO_PROGRAMA,ATIVA,LINHA_BASE_PRE_PROGRAMA,ASSESSORADA,TRUE,TRUE,FALSE,TRUE,FALSE,TRUE,FALSE,FALSE,REGRA_TEMPORAL_CONFIRMADA,HOMOLOGADO,2025_1a_avaliacao_formativa_linha_base,2026-07-24_v1,5,Língua Portuguesa,TRUE,TRUE,TRUE,TRUE,TRUE,TRUE,TRUE,TRUE,TRUE,TRUE,Rede municipal direta em 2024,rede_municipal_direta_ou_nao_classificada,rede_municipal_direta,Municipal,Em atividade,FALSE,FALSE,255,13,22,19.615384615384617,11.590909090909092,0,5.743243243243243,3.2094594594594597,41.0472972972973,4,100,Q3,150 a 299 matrículas,TRUE,60,48,80,55.895833333333336,29.416666666666668,27.1875,43.875,39,34,87.17948717948718,32,50,34.5,15.5,41,7.179487179487182,-23.895833333333336,20.583333333333332,7.3125,-28.375,-35,-29.166666666666668,Mudança relevante no número de estudantes previstos,3,2,TRUE,TRUE,TRUE,TRUE,-1,-21,-14,TRUE,TRUE,FALSE,FALSE,FALSE,TRUE,FALSE,FALSE,EMEF GABRIEL OBINO,exata_normalizada,consolidado,,rede_municipal_direta_ou_nao_classificada,0,TRUE,FALSE,FALSE,FALSE,rede_municipal_direta,Rede municipal direta em 2024,codigo_inep_consolidado,2024,Censo Escolar/INEP via Base dos Dados,TRUE,3,,1,0,1,0,,,,150 a 299 matrículas,2,2024,RS,4314902,1,1,1,1,1,0,1,1,592,82,463,255,53,48,51,56,47,208,47,34,34,0,289,303,319,110,131,1,2,29,0,0,0,19,42,38,22,21,38,32,24,13,11,0,,28,0,0,1,1,1,1,1,1,0,1,1,1,1,1,1,1,1,1,0,0,0,1,1,1,1,1,1,,,332,0,2,2,0,0,0,6,TRUE,TRUE,TRUE,TRUE,TRUE,10,10,TRUE,TRUE,1,3,FALSE,FALSE,FALSE,FALSE,FALSE,FALSE,FALSE,Rede municipal direta em 2024,FALSE,,TRUE,FALSE,Rede municipal direta em 2024,FALSE,,TRUE,,sem_revisao_necessaria,,,,Rede municipal direta em 2024,TRUE,TRUE,TRUE,1a_avaliacao_formativa,1a_avaliacao_formativa,linha_base_pre_programa,pos_inicio_programa,regra temporal pre-programa registrada no painel,declaracao formal,,2026-07-24,regra temporal preexistente do projeto,Marian Dante - assessora UEF/SMED,5.541263545158426
ESC_016,43107508,TRUE,EMEF GOV ILDO MENEGHETTI,EMEF GOV ILDO MENEGHETTI,EMEF GOV ILDO MENEGHETTI,clarissa,clarissa,SIM,SIM,NA_APLICAVEL,SIM,NAO,SIM,0,1,,clarissa,SEM_CARGA_DO_PROGRAMA,ATIVA,LINHA_BASE_PRE_PROGRAMA,ASSESSORADA,TRUE,TRUE,FALSE,TRUE,FALSE,TRUE,FALSE,FALSE,REGRA_TEMPORAL_CONFIRMADA,HOMOLOGADO,2025_1a_avaliacao_formativa_linha_base,2026-07-24_v1,5,Língua Portuguesa,TRUE,TRUE,TRUE,TRUE,TRUE,TRUE,TRUE,TRUE,TRUE,TRUE,Rede municipal direta em 2024,rede_municipal_direta_ou_nao_classificada,rede_municipal_direta,Municipal,Em atividade,FALSE,FALSE,585,24,28,24.375,20.892857142857142,8.376068376068377,8.389830508474576,0.2542372881355932,38.47457627118644,4,90,Q2,500 matrículas ou mais,TRUE,119,101,84.87394957983193,56.57425742574257,28.67326732673267,25.623762376237625,45.7029702970297,111,101,90.990990990991,52.801980198019805,25.128712871287128,42.65346534653465,32.21782178217822,101,6.1170414111590645,-3.772277227722768,-3.544554455445546,17.029702970297027,-13.48514851485148,-6.722689075630252,0,Sem alerta principal de composição,5,4,TRUE,TRUE,TRUE,TRUE,-1,-8,0,TRUE,TRUE,FALSE,FALSE,FALSE,FALSE,FALSE,FALSE,EMEF GOV ILDO MENEGHETTI,exata_normalizada,consolidado,,rede_municipal_direta_ou_nao_classificada,0,TRUE,FALSE,FALSE,FALSE,rede_municipal_direta,Rede municipal direta em 2024,codigo_inep_consolidado,2024,Censo Escolar/INEP via Base dos Dados,TRUE,3,,1,0,1,0,,,,500 matrículas ou mais,4,2024,RS,4314902,1,1,1,1,1,0,1,1,1180,34,994,585,109,125,105,124,122,409,152,99,99,0,619,561,703,241,211,4,2,19,49,49,0,3,59,49,28,25,54,48,41,24,17,0,,25,0,12,1,1,1,1,1,1,1,1,1,1,1,1,0,1,1,1,0,0,0,1,1,1,1,1,1,,,450,0,4,2,0,0,0,5,TRUE,TRUE,TRUE,TRUE,TRUE,10,9,TRUE,TRUE,1,3,FALSE,FALSE,FALSE,FALSE,FALSE,FALSE,FALSE,Rede municipal direta em 2024,FALSE,,TRUE,FALSE,Rede municipal direta em 2024,FALSE,,TRUE,,sem_revisao_necessaria,,,,Rede municipal direta em 2024,TRUE,TRUE,TRUE,1a_avaliacao_formativa,1a_avaliacao_formativa,linha_base_pre_programa,pos_inicio_programa,regra temporal pre-programa registrada no painel,declaracao formal,,2026-07-24,regra temporal preexistente do projeto,Marian Dante - assessora UEF/SMED,6.371611847231857
ESC_017,43108571,TRUE,EMEF GRANDE ORIENTE DO RGS,EMEF GRANDE ORIENTE DO RGS,EMEF GRANDE ORIENTE DO RGS,andreia,andreia,SIM,SIM,NA_APLICAVEL,SIM,NAO,SIM,0,1,,andreia,SEM_CARGA_DO_PROGRAMA,ATIVA,LINHA_BASE_PRE_PROGRAMA,ASSESSORADA,TRUE,TRUE,FALSE,TRUE,FALSE,TRUE,FALSE,FALSE,REGRA_TEMPORAL_CONFIRMADA,HOMOLOGADO,2025_1a_avaliacao_formativa_linha_base,2026-07-24_v1,5,Língua Portuguesa,TRUE,TRUE,TRUE,TRUE,TRUE,TRUE,TRUE,TRUE,TRUE,TRUE,Rede municipal direta em 2024,rede_municipal_direta_ou_nao_classificada,rede_municipal_direta,Municipal,Em atividade,FALSE,FALSE,470,20,25,23.5,18.8,24.46808510638298,7.762096774193548,0.907258064516129,42.54032258064516,4,80,Q1 — menor infraestrutura,300 a 499 matrículas,TRUE,99,76,76.76767676767676,50.01315789473684,39.30263157894737,14.552631578947368,46.14473684210526,104,89,85.57692307692308,47.38202247191011,33.70786516853933,39.146067415730336,26.640449438202246,82.5,8.80924630924632,-2.6311354228267305,-5.594766410408042,24.59343583678297,-19.504287403903017,5.05050505050505,17.105263157894736,Sem alerta principal de composição,4,4,TRUE,TRUE,TRUE,TRUE,0,5,13,TRUE,FALSE,FALSE,FALSE,FALSE,FALSE,FALSE,FALSE,EMEF GRANDE ORIENTE DO RGS,exata_normalizada,consolidado,,rede_municipal_direta_ou_nao_classificada,0,TRUE,FALSE,FALSE,FALSE,rede_municipal_direta,Rede municipal direta em 2024,codigo_inep_consolidado,2024,Censo Escolar/INEP via Base dos Dados,TRUE,3,,1,0,1,0,,,,300 a 499 matrículas,3,2024,RS,4314902,1,1,1,1,1,0,1,1,992,49,780,470,95,86,99,87,103,310,163,77,77,0,508,484,487,221,197,2,4,81,197,115,82,9,57,44,25,25,54,44,34,20,14,0,,28,0,0,1,1,1,1,1,1,0,1,1,1,1,1,0,1,1,1,0,0,0,1,0,1,1,1,1,,,366,0,1,2,0,0,0,4,TRUE,TRUE,TRUE,TRUE,TRUE,10,8,TRUE,TRUE,1,3,FALSE,FALSE,FALSE,FALSE,FALSE,FALSE,FALSE,Rede municipal direta em 2024,FALSE,,TRUE,FALSE,Rede municipal direta em 2024,FALSE,,TRUE,,sem_revisao_necessaria,,,,Rede municipal direta em 2024,TRUE,TRUE,TRUE,1a_avaliacao_formativa,1a_avaliacao_formativa,linha_base_pre_programa,pos_inicio_programa,regra temporal pre-programa registrada no painel,declaracao formal,,2026-07-24,regra temporal preexistente do projeto,Marian Dante - assessora UEF/SMED,6.152732694704104
ESC_018,43105548,TRUE,EMEF HEITOR VILLA LOBOS,EMEF HEITOR VILLA LOBOS,EMEF HEITOR VILLA LOBOS,jalize,jalize,SIM,SIM,NA_APLICAVEL,SIM,NAO,SIM,0,1,,jalize,SEM_CARGA_DO_PROGRAMA,ATIVA,LINHA_BASE_PRE_PROGRAMA,ASSESSORADA,TRUE,TRUE,FALSE,TRUE,FALSE,TRUE,FALSE,FALSE,REGRA_TEMPORAL_CONFIRMADA,HOMOLOGADO,2025_1a_avaliacao_formativa_linha_base,2026-07-24_v1,5,Língua Portuguesa,TRUE,TRUE,TRUE,TRUE,TRUE,TRUE,TRUE,TRUE,TRUE,TRUE,Rede municipal direta em 2024,rede_municipal_direta_ou_nao_classificada,rede_municipal_direta,Municipal,Em atividade,FALSE,FALSE,501,19,24,26.36842105263158,20.875,5.788423153692615,7.265388496468214,11.301715438950556,39.05146316851665,3,100,Q3,500 matrículas ou mais,TRUE,104,88,84.61538461538461,61.47727272727273,24.977272727272727,20.386363636363637,54.63636363636363,104,93,89.42307692307692,55.73118279569893,23.731182795698924,45.41935483870968,30.849462365591396,90.5,4.807692307692307,-5.746089931573799,-1.2460899315738023,25.032991202346043,-23.786901270772237,0,5.681818181818182,Sem alerta principal de composição,4,4,TRUE,TRUE,TRUE,TRUE,0,0,5,TRUE,TRUE,FALSE,FALSE,FALSE,FALSE,FALSE,FALSE,EMEF HEITOR VILLA LOBOS,exata_normalizada,consolidado,,rede_municipal_direta_ou_nao_classificada,0,TRUE,FALSE,FALSE,FALSE,rede_municipal_direta,Rede municipal direta em 2024,codigo_inep_consolidado,2024,Censo Escolar/INEP via Base dos Dados,TRUE,3,,1,0,1,0,,,,500 matrículas ou mais,4,2024,RS,4314902,1,0,1,1,1,0,1,1,991,0,861,501,96,98,116,107,84,360,130,72,72,0,477,514,552,174,210,1,3,51,50,29,21,112,47,41,24,22,46,37,32,19,13,0,,20,3,1,1,1,1,1,1,1,0,1,1,1,1,1,1,1,1,1,0,0,0,1,1,1,1,1,1,,,527,0,2,3,0,0,0,7,FALSE,TRUE,TRUE,TRUE,TRUE,10,10,TRUE,TRUE,1,3,FALSE,FALSE,FALSE,FALSE,FALSE,FALSE,FALSE,Rede municipal direta em 2024,FALSE,,TRUE,FALSE,Rede municipal direta em 2024,FALSE,,TRUE,,sem_revisao_necessaria,,,,Rede municipal direta em 2024,TRUE,TRUE,TRUE,1a_avaliacao_formativa,1a_avaliacao_formativa,linha_base_pre_programa,pos_inicio_programa,regra temporal pre-programa registrada no painel,declaracao formal,,2026-07-24,regra temporal preexistente do projeto,Marian Dante - assessora UEF/SMED,6.2166061010848646
ESC_019,43172474,TRUE,EMEF JEAN PIAGET,EMEF JEAN PIAGET,EMEF JEAN PIAGET,clarissa,clarissa,SIM,SIM,NA_APLICAVEL,SIM,NAO,SIM,0,1,,clarissa,SEM_CARGA_DO_PROGRAMA,ATIVA,LINHA_BASE_PRE_PROGRAMA,ASSESSORADA,TRUE,TRUE,FALSE,TRUE,FALSE,TRUE,FALSE,FALSE,REGRA_TEMPORAL_CONFIRMADA,HOMOLOGADO,2025_1a_avaliacao_formativa_linha_base,2026-07-24_v1,5,Língua Portuguesa,TRUE,TRUE,TRUE,TRUE,TRUE,TRUE,TRUE,TRUE,TRUE,TRUE,Rede municipal direta em 2024,rede_municipal_direta_ou_nao_classificada,rede_municipal_direta,Municipal,Em atividade,FALSE,FALSE,379,16,26,23.6875,14.576923076923077,0,8.375634517766498,1.1421319796954317,30.96446700507614,4,100,Q3,300 a 499 matrículas,TRUE,85,72,84.70588235294117,76.11111111111111,15.444444444444445,13.916666666666666,70.88888888888889,89,82,92.13483146067416,63.71951219512195,21.097560975609756,29.78048780487805,49.1219512195122,77,7.42894910773299,-12.391598915989164,5.6531165311653115,15.863821138211383,-21.766937669376688,4.705882352941177,13.88888888888889,Sem alerta principal de composição,4,4,TRUE,TRUE,TRUE,TRUE,0,4,10,TRUE,TRUE,FALSE,FALSE,FALSE,FALSE,FALSE,FALSE,EMEF JEAN PIAGET,exata_normalizada,consolidado,,rede_municipal_direta_ou_nao_classificada,0,TRUE,FALSE,FALSE,FALSE,rede_municipal_direta,Rede municipal direta em 2024,codigo_inep_consolidado,2024,Censo Escolar/INEP via Base dos Dados,TRUE,3,,1,0,1,0,,,,300 a 499 matrículas,3,2024,RS,4314902,1,1,1,1,1,0,1,1,788,58,675,379,69,67,92,84,67,296,55,66,66,0,393,395,515,132,111,4,1,25,0,0,0,9,55,48,26,25,53,36,29,16,13,0,,16,0,0,1,1,1,1,1,1,0,1,1,1,0,1,1,1,0,1,0,0,0,1,1,1,1,1,1,,,345,0,4,1,1,1,0,6,TRUE,TRUE,TRUE,TRUE,TRUE,10,10,TRUE,TRUE,1,3,FALSE,FALSE,FALSE,FALSE,FALSE,FALSE,FALSE,Rede municipal direta em 2024,FALSE,,TRUE,FALSE,Rede municipal direta em 2024,FALSE,,TRUE,,sem_revisao_necessaria,,,,Rede municipal direta em 2024,TRUE,TRUE,TRUE,1a_avaliacao_formativa,1a_avaliacao_formativa,linha_base_pre_programa,pos_inicio_programa,regra temporal pre-programa registrada no painel,declaracao formal,,2026-07-24,regra temporal preexistente do projeto,Marian Dante - assessora UEF/SMED,5.937536205082426
ESC_020,43109217,TRUE,EMEF JOAO ANTONIO SATTE,EMEF JOAO ANTONIO SATTE,EMEF JOAO ANTONIO SATTE,eliane,eliane,SIM,SIM,NA_APLICAVEL,SIM,NAO,SIM,0,1,,eliane,SEM_CARGA_DO_PROGRAMA,ATIVA,LINHA_BASE_PRE_PROGRAMA,ASSESSORADA,TRUE,TRUE,FALSE,TRUE,FALSE,TRUE,FALSE,FALSE,REGRA_TEMPORAL_CONFIRMADA,HOMOLOGADO,2025_1a_avaliacao_formativa_linha_base,2026-07-24_v1,5,Língua Portuguesa,TRUE,TRUE,TRUE,TRUE,TRUE,TRUE,TRUE,TRUE,TRUE,TRUE,Rede municipal direta em 2024,rede_municipal_direta_ou_nao_classificada,rede_municipal_direta,Municipal,Em atividade,FALSE,FALSE,417,20,31,20.85,13.451612903225806,0,7.159353348729792,4.041570438799076,34.75750577367206,3,90,Q2,300 a 499 matrículas,TRUE,101,77,76.23762376237623,67.36363636363636,16.935064935064936,26.103896103896105,57.18181818181818,90,79,87.77777777777777,66.78481012658227,14.708860759493673,33.063291139240505,52.265822784810126,78,11.54015401540154,-0.5788262370540878,-2.226204175571265,6.9593950353444,-4.915995397008054,-10.891089108910892,2.5974025974025974,Aumento de participação igual ou superior a 10 p.p.,4,4,TRUE,TRUE,TRUE,TRUE,0,-11,2,TRUE,FALSE,FALSE,TRUE,FALSE,FALSE,FALSE,FALSE,EMEF JOAO ANTONIO SATTE,exata_normalizada,consolidado,,rede_municipal_direta_ou_nao_classificada,0,TRUE,FALSE,FALSE,FALSE,rede_municipal_direta,Rede municipal direta em 2024,codigo_inep_consolidado,2024,Censo Escolar/INEP via Base dos Dados,TRUE,3,,1,0,1,0,,,,300 a 499 matrículas,3,2024,RS,4314902,1,0,1,1,1,0,1,1,866,0,788,417,57,63,116,92,89,371,78,62,62,0,403,463,528,150,148,4,3,33,0,0,0,35,58,49,31,25,53,38,34,20,14,0,,21,0,1,1,1,1,1,1,1,1,1,0,1,1,1,1,1,1,0,0,0,0,1,1,1,1,1,1,,,521,0,3,3,0,0,0,7,FALSE,TRUE,TRUE,TRUE,TRUE,10,9,TRUE,TRUE,1,3,FALSE,FALSE,FALSE,FALSE,FALSE,FALSE,FALSE,Rede municipal direta em 2024,FALSE,,TRUE,FALSE,Rede municipal direta em 2024,FALSE,,TRUE,,sem_revisao_necessaria,,,,Rede municipal direta em 2024,TRUE,TRUE,TRUE,1a_avaliacao_formativa,1a_avaliacao_formativa,linha_base_pre_programa,pos_inicio_programa,regra temporal pre-programa registrada no painel,declaracao formal,,2026-07-24,regra temporal preexistente do projeto,Marian Dante - assessora UEF/SMED,6.0330862217988015
ESC_021,43219543,TRUE,EMEF JOAO CARLOS DAVILA PAIXAO CORTES - LACADOR,EMEF JOAO CARLOS DAVILA PAIXAO CORTES - LACADOR,EMEF JOAO CARLOS DAVILA PAIXAO CORTES LACADOR,julia,julia,SIM,SIM,NA_APLICAVEL,SIM,NAO,SIM,0,1,,julia,SEM_CARGA_DO_PROGRAMA,ATIVA,LINHA_BASE_PRE_PROGRAMA,ASSESSORADA,TRUE,TRUE,FALSE,TRUE,FALSE,TRUE,FALSE,FALSE,REGRA_TEMPORAL_CONFIRMADA,HOMOLOGADO,2025_1a_avaliacao_formativa_linha_base,2026-07-24_v1,5,Língua Portuguesa,FALSE,FALSE,TRUE,FALSE,FALSE,FALSE,FALSE,TRUE,TRUE,TRUE,Rede municipal direta em 2024,rede_municipal_direta,rede_municipal_direta,Municipal,Em atividade,FALSE,FALSE,70,4,11,17.5,6.363636363636363,0,9.090909090909092,0,24.545454545454547,2,80,Q1 — menor infraestrutura,Até 149 matrículas,TRUE,,,,,,,,22,21,95.45454545454544,78,10,19,71,,,,,,,,,Escola-série ausente em um dos anos,,1,FALSE,TRUE,FALSE,TRUE,,,,,,,,,,,FALSE,EMEF JOAO CARLOS DAVILA PAIXAO CORTES - LACADOR,aceite_manual,consolidado,escola nova,rede_municipal_direta,0,TRUE,FALSE,FALSE,TRUE,rede_municipal_direta,"Escola municipal inaugurada para o ano letivo de 2024, instalada em prédio anteriormente utilizado pela extinta Escola Estadual Dr. João Batista de Lacerda. Desde a inauguração integra a rede municipal direta. Opera em turno integral, com ensino bilíngue em inglês e modelo cívico-militar com monitoria da Brigada Militar. A condição de escola nova refere-se à inauguração em 2024, não à ausência ou ao funcionamento incerto no contexto pré-programa.",codigo_inep_consolidado,2024,Censo Escolar/INEP via Base dos Dados,TRUE,3,,1,0,1,0,,,,Até 149 matrículas,1,2024,RS,4314902,1,1,1,1,0,0,0,1,110,40,70,70,25,23,22,0,0,0,0,10,10,0,48,62,80,12,15,0,0,3,0,0,0,0,14,11,11,0,14,6,4,4,0,0,,12,0,2,1,1,1,1,1,1,0,1,1,1,0,1,1,1,1,1,1,0,0,1,0,1,1,1,0,,,102,0,0,1,0,0,0,5,TRUE,TRUE,FALSE,FALSE,TRUE,10,8,TRUE,TRUE,1,3,FALSE,FALSE,FALSE,FALSE,FALSE,FALSE,FALSE,Rede municipal direta em 2024,FALSE,,TRUE,FALSE,Rede municipal direta em 2024,TRUE,Censo 2024 registra escola municipal em atividade; a hipótese de escola nova precisa ser reinterpretada,TRUE,,corrigir,rede_municipal_direta,rede_municipal_direta,"Escola municipal inaugurada para o ano letivo de 2024, instalada em prédio anteriormente utilizado pela extinta Escola Estadual Dr. João Batista de Lacerda. Desde a inauguração integra a rede municipal direta. Opera em turno integral, com ensino bilíngue em inglês e modelo cívico-militar com monitoria da Brigada Militar. A condição de escola nova refere-se à inauguração em 2024, não à ausência ou ao funcionamento incerto no contexto pré-programa.","Escola municipal inaugurada para o ano letivo de 2024, instalada em prédio anteriormente utilizado pela extinta Escola Estadual Dr. João Batista de Lacerda. Desde a inauguração integra a rede municipal direta. Opera em turno integral, com ensino bilíngue em inglês e modelo cívico-militar com monitoria da Brigada Militar. A condição de escola nova refere-se à inauguração em 2024, não à ausência ou ao funcionamento incerto no contexto pré-programa.",TRUE,TRUE,TRUE,1a_avaliacao_formativa,1a_avaliacao_formativa,linha_base_pre_programa,pos_inicio_programa,regra temporal pre-programa registrada no painel,declaracao formal,,2026-07-24,regra temporal preexistente do projeto,Marian Dante - assessora UEF/SMED,4.248495242049359
ESC_022,43105491,TRUE,EMEF JOSE LOUREIRO DA SILVA,EMEF JOSE LOUREIRO DA SILVA,EMEF JOSE LOUREIRO DA SILVA,jalize,jalize,SIM,SIM,NA_APLICAVEL,SIM,NAO,SIM,0,1,,jalize,SEM_CARGA_DO_PROGRAMA,ATIVA,LINHA_BASE_PRE_PROGRAMA,ASSESSORADA,TRUE,TRUE,FALSE,TRUE,FALSE,TRUE,FALSE,FALSE,REGRA_TEMPORAL_CONFIRMADA,HOMOLOGADO,2025_1a_avaliacao_formativa_linha_base,2026-07-24_v1,5,Língua Portuguesa,TRUE,TRUE,TRUE,TRUE,TRUE,TRUE,TRUE,TRUE,TRUE,TRUE,Rede municipal direta em 2024,rede_municipal_direta_ou_nao_classificada,rede_municipal_direta,Municipal,Em atividade,FALSE,FALSE,477,21,26,22.714285714285715,18.346153846153847,30.39832285115304,9.821428571428571,2.380952380952381,44.04761904761905,4,100,Q3,300 a 499 matrículas,TRUE,100,72,72,48.52777777777778,38.69444444444444,23.791666666666668,37.513888888888886,81,59,72.8395061728395,50.88135593220339,32.42372881355932,33.40677966101695,34.40677966101695,65.5,0.8395061728395063,2.3535781544256125,-6.270715630885121,9.61511299435028,-3.1071092278719377,-19,-18.055555555555557,Sem alerta principal de composição,4,4,TRUE,TRUE,TRUE,TRUE,0,-19,-13,TRUE,FALSE,FALSE,FALSE,FALSE,FALSE,FALSE,FALSE,EMEF JOSE LOUREIRO DA SILVA,exata_normalizada,consolidado,,rede_municipal_direta_ou_nao_classificada,0,TRUE,FALSE,FALSE,FALSE,rede_municipal_direta,Rede municipal direta em 2024,codigo_inep_consolidado,2024,Censo Escolar/INEP via Base dos Dados,TRUE,3,,1,0,1,0,,,,300 a 499 matrículas,3,2024,RS,4314902,1,1,1,1,1,0,1,1,1008,42,816,477,96,87,101,102,91,339,150,99,99,0,508,500,547,241,202,2,1,15,204,145,59,24,57,49,26,24,53,45,35,21,14,0,,24,0,1,1,1,1,1,1,1,0,1,1,1,1,1,1,1,1,1,0,0,0,1,1,1,1,1,1,,,520,2,4,2,0,0,1,6,TRUE,TRUE,TRUE,TRUE,TRUE,10,10,TRUE,TRUE,1,3,FALSE,FALSE,FALSE,FALSE,FALSE,FALSE,FALSE,Rede municipal direta em 2024,FALSE,,TRUE,FALSE,Rede municipal direta em 2024,FALSE,,TRUE,,sem_revisao_necessaria,,,,Rede municipal direta em 2024,TRUE,TRUE,TRUE,1a_avaliacao_formativa,1a_avaliacao_formativa,linha_base_pre_programa,pos_inicio_programa,regra temporal pre-programa registrada no painel,declaracao formal,,2026-07-24,regra temporal preexistente do projeto,Marian Dante - assessora UEF/SMED,6.1675164908883415
ESC_023,43169490,TRUE,EMEF JOSE MARIANO BECK,EMEF JOSE MARIANO BECK,EMEF JOSE MARIANO BECK,nathalia,nathalia,SIM,SIM,NA_APLICAVEL,SIM,NAO,SIM,0,1,,nathalia,SEM_CARGA_DO_PROGRAMA,ATIVA,LINHA_BASE_PRE_PROGRAMA,ASSESSORADA,TRUE,TRUE,FALSE,TRUE,FALSE,TRUE,FALSE,FALSE,REGRA_TEMPORAL_CONFIRMADA,HOMOLOGADO,2025_1a_avaliacao_formativa_linha_base,2026-07-24_v1,5,Língua Portuguesa,TRUE,TRUE,TRUE,TRUE,TRUE,TRUE,TRUE,TRUE,TRUE,TRUE,Rede municipal direta em 2024,rede_municipal_direta_ou_nao_classificada,rede_municipal_direta,Municipal,Em atividade,FALSE,FALSE,329,15,24,21.933333333333337,13.708333333333334,0,6.185567010309279,0,45.65537555228277,4,100,Q3,300 a 499 matrículas,TRUE,57,36,63.1578947368421,43.97222222222222,38.77777777777778,25.13888888888889,36.388888888888886,68,63,92.6470588235294,46.857142857142854,34.79365079365079,45.96825396825397,19.238095238095237,49.5,29.489164086687303,2.8849206349206327,-3.984126984126988,20.82936507936508,-17.15079365079365,19.29824561403509,75,Aumento de participação igual ou superior a 10 p.p.,3,3,TRUE,TRUE,TRUE,TRUE,0,11,27,FALSE,FALSE,FALSE,TRUE,FALSE,FALSE,FALSE,FALSE,EMEF JOSE MARIANO BECK,exata_normalizada,consolidado,,rede_municipal_direta_ou_nao_classificada,0,TRUE,FALSE,FALSE,FALSE,rede_municipal_direta,Rede municipal direta em 2024,codigo_inep_consolidado,2024,Censo Escolar/INEP via Base dos Dados,TRUE,3,,1,0,1,0,,,,300 a 499 matrículas,2,2024,RS,4314902,1,1,1,1,1,0,1,1,679,56,559,329,65,64,72,65,63,230,64,42,42,0,338,341,355,132,177,0,1,14,0,0,0,0,53,45,24,27,45,37,29,15,14,0,,18,1,9,1,1,1,1,1,1,0,1,1,1,1,1,1,1,1,0,0,1,0,1,1,1,1,1,1,,,430,0,2,1,0,0,0,5,TRUE,TRUE,TRUE,TRUE,TRUE,10,10,TRUE,TRUE,1,3,FALSE,FALSE,FALSE,FALSE,FALSE,FALSE,FALSE,Rede municipal direta em 2024,FALSE,,TRUE,FALSE,Rede municipal direta em 2024,FALSE,,TRUE,,sem_revisao_necessaria,,,,Rede municipal direta em 2024,TRUE,TRUE,TRUE,1a_avaliacao_formativa,1a_avaliacao_formativa,linha_base_pre_programa,pos_inicio_programa,regra temporal pre-programa registrada no painel,declaracao formal,,2026-07-24,regra temporal preexistente do projeto,Marian Dante - assessora UEF/SMED,5.796057750765372
ESC_024,43109209,TRUE,EMEF LAURO RODRIGUES,EMEF LAURO RODRIGUES,EMEF LAURO RODRIGUES,clarissa,clarissa,SIM,SIM,NA_APLICAVEL,SIM,NAO,SIM,0,1,,clarissa,SEM_CARGA_DO_PROGRAMA,ATIVA,LINHA_BASE_PRE_PROGRAMA,ASSESSORADA,TRUE,TRUE,FALSE,TRUE,FALSE,TRUE,FALSE,FALSE,REGRA_TEMPORAL_CONFIRMADA,HOMOLOGADO,2025_1a_avaliacao_formativa_linha_base,2026-07-24_v1,5,Língua Portuguesa,TRUE,TRUE,TRUE,TRUE,TRUE,TRUE,TRUE,TRUE,TRUE,TRUE,Rede municipal direta em 2024,rede_municipal_direta_ou_nao_classificada,rede_municipal_direta,Municipal,Em atividade,FALSE,FALSE,339,15,27,22.6,12.555555555555555,20.64896755162242,7.451564828614009,3.5767511177347244,32.04172876304024,3,90,Q2,300 a 499 matrículas,TRUE,73,64,87.67123287671232,74.46875,11.09375,19.03125,70.28125,79,73,92.40506329113924,66.8082191780822,12.534246575342468,42.73972602739726,44.38356164383562,68.5,4.733830414426919,-7.660530821917803,1.4404965753424666,23.70847602739726,-25.89768835616438,8.219178082191782,14.0625,Sem alerta principal de composição,3,3,TRUE,TRUE,TRUE,TRUE,0,6,9,TRUE,TRUE,FALSE,FALSE,FALSE,FALSE,FALSE,FALSE,EMEF LAURO RODRIGUES,exata_normalizada,consolidado,,rede_municipal_direta_ou_nao_classificada,0,TRUE,FALSE,FALSE,FALSE,rede_municipal_direta,Rede municipal direta em 2024,codigo_inep_consolidado,2024,Censo Escolar/INEP via Base dos Dados,TRUE,3,,1,0,1,0,,,,300 a 499 matrículas,2,2024,RS,4314902,1,1,1,1,1,0,0,1,671,61,610,339,63,66,80,69,61,271,0,50,50,0,350,321,398,105,110,0,0,58,89,70,19,24,51,47,27,27,49,31,27,15,12,0,,17,0,4,1,1,1,1,1,1,0,1,1,1,0,1,0,1,1,1,0,0,0,1,1,1,1,1,1,,,0,0,3,1,2,1,0,7,TRUE,TRUE,TRUE,FALSE,TRUE,10,9,TRUE,TRUE,1,3,FALSE,FALSE,FALSE,FALSE,FALSE,FALSE,FALSE,Rede municipal direta em 2024,FALSE,,TRUE,FALSE,Rede municipal direta em 2024,FALSE,,TRUE,,sem_revisao_necessaria,,,,Rede municipal direta em 2024,TRUE,TRUE,TRUE,1a_avaliacao_formativa,1a_avaliacao_formativa,linha_base_pre_programa,pos_inicio_programa,regra temporal pre-programa registrada no painel,declaracao formal,,2026-07-24,regra temporal preexistente do projeto,Marian Dante - assessora UEF/SMED,5.82600010738045
ESC_025,43109063,TRUE,EMEF LEOCADIA FELIZARDO PRESTES,EMEF LEOCADIA FELIZARDO PRESTES,EMEF LEOCADIA FELIZARDO PRESTES,graziela,graziela,SIM,SIM,NA_APLICAVEL,SIM,NAO,SIM,0,1,,graziela,SEM_CARGA_DO_PROGRAMA,ATIVA,LINHA_BASE_PRE_PROGRAMA,ASSESSORADA,TRUE,TRUE,FALSE,TRUE,FALSE,TRUE,FALSE,FALSE,REGRA_TEMPORAL_CONFIRMADA,HOMOLOGADO,2025_1a_avaliacao_formativa_linha_base,2026-07-24_v1,5,Língua Portuguesa,TRUE,TRUE,TRUE,TRUE,TRUE,TRUE,TRUE,TRUE,TRUE,TRUE,Rede municipal direta em 2024,rede_municipal_direta_ou_nao_classificada,rede_municipal_direta,Municipal,Em atividade,FALSE,FALSE,247,11,21,22.454545454545453,11.761904761904765,10.121457489878544,7.889908256880734,0,31.743119266055047,4,100,Q3,150 a 299 matrículas,TRUE,75,54,72,47.74074074074074,44.25925925925926,22,33.111111111111114,52,45,86.53846153846153,55.06666666666667,29.666666666666668,29.666666666666668,40.666666666666664,49.5,14.538461538461531,7.3259259259259295,-14.592592592592592,7.666666666666668,7.55555555555555,-30.666666666666668,-16.666666666666668,Mudança relevante no público previsto e aumento de participação,3,2,TRUE,TRUE,TRUE,TRUE,-1,-23,-9,TRUE,FALSE,FALSE,TRUE,FALSE,TRUE,FALSE,FALSE,EMEF LEOCADIA FELIZARDO PRESTES,exata_normalizada,consolidado,,rede_municipal_direta_ou_nao_classificada,0,TRUE,FALSE,FALSE,FALSE,rede_municipal_direta,Rede municipal direta em 2024,codigo_inep_consolidado,2024,Censo Escolar/INEP via Base dos Dados,TRUE,3,,1,0,1,0,,,,150 a 299 matrículas,2,2024,RS,4314902,1,1,1,1,1,0,1,1,545,78,418,247,42,45,51,74,35,171,49,43,43,0,278,267,261,94,79,1,0,110,42,25,17,0,41,31,21,20,37,28,20,11,9,0,,19,2,10,1,1,1,1,1,1,0,1,1,1,1,1,1,1,1,1,1,0,0,1,1,1,1,1,1,,,260,0,2,1,0,0,0,6,TRUE,TRUE,TRUE,TRUE,TRUE,10,10,TRUE,TRUE,1,3,FALSE,FALSE,FALSE,FALSE,FALSE,FALSE,FALSE,Rede municipal direta em 2024,FALSE,,TRUE,FALSE,Rede municipal direta em 2024,FALSE,,TRUE,,sem_revisao_necessaria,,,,Rede municipal direta em 2024,TRUE,TRUE,TRUE,1a_avaliacao_formativa,1a_avaliacao_formativa,linha_base_pre_programa,pos_inicio_programa,regra temporal pre-programa registrada no painel,declaracao formal,,2026-07-24,regra temporal preexistente do projeto,Marian Dante - assessora UEF/SMED,5.5093883366279774
ESC_026,43109144,TRUE,EMEF LIDOVINO FANTON,EMEF LIDOVINO FANTON,EMEF LIDOVINO FANTON,julia,julia,SIM,SIM,NA_APLICAVEL,SIM,NAO,SIM,0,1,,julia,SEM_CARGA_DO_PROGRAMA,ATIVA,LINHA_BASE_PRE_PROGRAMA,ASSESSORADA,TRUE,TRUE,FALSE,TRUE,FALSE,TRUE,FALSE,FALSE,REGRA_TEMPORAL_CONFIRMADA,HOMOLOGADO,2025_1a_avaliacao_formativa_linha_base,2026-07-24_v1,5,Língua Portuguesa,TRUE,TRUE,TRUE,TRUE,TRUE,TRUE,TRUE,TRUE,TRUE,TRUE,Rede municipal direta em 2024,rede_municipal_direta_ou_nao_classificada,rede_municipal_direta,Municipal,Em atividade,FALSE,FALSE,563,23,35,24.47826086956522,16.085714285714285,14.209591474245116,6.009852216748769,0.7881773399014779,36.65024630541872,4,80,Q1 — menor infraestrutura,500 matrículas ou mais,TRUE,107,87,81.30841121495327,51.55172413793103,31.160919540229884,30.160919540229884,39.0919540229885,106,74,69.81132075471699,40.78378378378378,41.270270270270274,41.608108108108105,17.324324324324323,80.5,-11.49709046023628,-10.76794035414725,10.10935073004039,11.44718856787822,-21.76762969866418,-0.9345794392523364,-14.942528735632184,Queda de participação igual ou superior a 10 p.p.,4,5,TRUE,TRUE,TRUE,TRUE,1,-1,-13,FALSE,FALSE,FALSE,FALSE,TRUE,FALSE,FALSE,FALSE,EMEF LIDOVINO FANTON,exata_normalizada,consolidado,,rede_municipal_direta_ou_nao_classificada,0,TRUE,FALSE,FALSE,FALSE,rede_municipal_direta,Rede municipal direta em 2024,codigo_inep_consolidado,2024,Censo Escolar/INEP via Base dos Dados,TRUE,3,,1,0,1,0,,,,500 matrículas ou mais,4,2024,RS,4314902,1,1,1,1,1,0,1,1,1015,63,891,563,94,103,144,120,102,328,61,61,61,0,522,493,543,177,194,4,1,96,116,80,36,8,63,55,35,27,56,45,37,23,14,0,,26,1,3,1,1,1,1,1,1,0,1,0,1,1,1,0,1,1,1,1,0,0,1,1,1,1,1,1,,,250,1,2,3,1,1,0,8,TRUE,TRUE,TRUE,TRUE,TRUE,10,8,TRUE,TRUE,1,3,FALSE,FALSE,FALSE,FALSE,FALSE,FALSE,FALSE,Rede municipal direta em 2024,FALSE,,TRUE,FALSE,Rede municipal direta em 2024,FALSE,,TRUE,,sem_revisao_necessaria,,,,Rede municipal direta em 2024,TRUE,TRUE,TRUE,1a_avaliacao_formativa,1a_avaliacao_formativa,linha_base_pre_programa,pos_inicio_programa,regra temporal pre-programa registrada no painel,declaracao formal,,2026-07-24,regra temporal preexistente do projeto,Marian Dante - assessora UEF/SMED,6.333279628139691
ESC_027,43183018,TRUE,EMEF MARIO QUINTANA,EMEF MARIO QUINTANA,EMEF MARIO QUINTANA,ruti,ruti,SIM,SIM,NA_APLICAVEL,SIM,NAO,SIM,0,1,,ruti,SEM_CARGA_DO_PROGRAMA,ATIVA,LINHA_BASE_PRE_PROGRAMA,ASSESSORADA,TRUE,TRUE,FALSE,TRUE,FALSE,TRUE,FALSE,FALSE,REGRA_TEMPORAL_CONFIRMADA,HOMOLOGADO,2025_1a_avaliacao_formativa_linha_base,2026-07-24_v1,5,Língua Portuguesa,TRUE,TRUE,TRUE,TRUE,TRUE,TRUE,TRUE,TRUE,TRUE,TRUE,Rede municipal direta em 2024,rede_municipal_direta_ou_nao_classificada,rede_municipal_direta,Municipal,Em atividade,FALSE,FALSE,233,10,20,23.3,11.65,100,7.960199004975125,6.218905472636816,40.298507462686565,2,70,Q1 — menor infraestrutura,150 a 299 matrículas,TRUE,50,44,88,59.95454545454545,25.045454545454547,29.522727272727273,45.38636363636363,48,41,85.41666666666667,53.390243902439025,35.65853658536585,27.365853658536587,36.97560975609756,42.5,-2.5833333333333286,-6.5643015521064285,10.613082039911305,-2.156873614190687,-8.410753880266071,-4,-6.818181818181818,Sem alerta principal de composição,2,2,TRUE,TRUE,TRUE,TRUE,0,-2,-3,TRUE,TRUE,FALSE,FALSE,FALSE,FALSE,FALSE,FALSE,EMEF MARIO QUINTANA,exata_normalizada,consolidado,,rede_municipal_direta_ou_nao_classificada,0,TRUE,FALSE,FALSE,FALSE,rede_municipal_direta,Rede municipal direta em 2024,codigo_inep_consolidado,2024,Censo Escolar/INEP via Base dos Dados,TRUE,3,,1,0,1,0,,,,150 a 299 matrículas,1,2024,RS,4314902,1,0,1,1,1,0,0,1,402,0,402,233,49,48,48,45,43,169,0,32,32,0,189,213,215,77,84,0,1,25,365,233,132,25,30,30,20,13,28,18,18,10,8,16,,21,0,0,1,1,1,1,1,1,0,0,0,1,1,1,0,1,0,1,0,0,0,1,1,1,1,1,1,,,434,0,0,0,0,0,0,4,FALSE,TRUE,TRUE,FALSE,TRUE,10,7,TRUE,TRUE,1,3,FALSE,FALSE,FALSE,FALSE,FALSE,FALSE,FALSE,Rede municipal direta em 2024,FALSE,,TRUE,FALSE,Rede municipal direta em 2024,FALSE,,TRUE,,sem_revisao_necessaria,,,,Rede municipal direta em 2024,TRUE,TRUE,TRUE,1a_avaliacao_formativa,1a_avaliacao_formativa,linha_base_pre_programa,pos_inicio_programa,regra temporal pre-programa registrada no painel,declaracao formal,,2026-07-24,regra temporal preexistente do projeto,Marian Dante - assessora UEF/SMED,5.4510384535657
ESC_028,43177018,TRUE,EMEF MIGRANTES,EMEF MIGRANTES,EMEF MIGRANTES,nathalia,nathalia,SIM,SIM,NA_APLICAVEL,SIM,NAO,SIM,0,1,,nathalia,SEM_CARGA_DO_PROGRAMA,ATIVA,LINHA_BASE_PRE_PROGRAMA,ASSESSORADA,TRUE,TRUE,FALSE,TRUE,FALSE,TRUE,FALSE,FALSE,REGRA_TEMPORAL_CONFIRMADA,HOMOLOGADO,2025_1a_avaliacao_formativa_linha_base,2026-07-24_v1,5,Língua Portuguesa,TRUE,TRUE,TRUE,TRUE,TRUE,TRUE,TRUE,TRUE,TRUE,TRUE,Rede municipal direta em 2024,rede_municipal_direta_ou_nao_classificada,rede_municipal_direta,Municipal,Em atividade,FALSE,FALSE,80,5,10,16,8,0,7.975460122699387,0,26.380368098159508,3,90,Q2,Até 149 matrículas,TRUE,14,10,71.42857142857143,38,30,60,10,8,7,87.5,56,14,57,29,8.5,16.07142857142857,18,-16,-3,19,-42.857142857142854,-30,Mudança relevante no público previsto e aumento de participação,1,1,TRUE,TRUE,TRUE,TRUE,0,-6,-3,TRUE,FALSE,FALSE,TRUE,FALSE,TRUE,TRUE,TRUE,EMEF MIGRANTES,exata_normalizada,consolidado,,rede_municipal_direta_ou_nao_classificada,0,TRUE,FALSE,FALSE,FALSE,rede_municipal_direta,Rede municipal direta em 2024,codigo_inep_consolidado,2024,Censo Escolar/INEP via Base dos Dados,TRUE,3,,1,0,1,0,,,,Até 149 matrículas,1,2024,RS,4314902,1,1,1,1,1,0,0,1,163,28,135,80,20,20,13,14,13,55,0,13,13,0,67,96,115,9,34,0,0,5,0,0,0,0,19,17,10,10,15,11,9,5,4,0,,10,0,0,1,1,1,1,1,1,0,0,1,1,1,1,1,1,0,0,0,0,1,1,1,1,1,1,1,,,118,10,2,2,1,1,0,2,TRUE,TRUE,TRUE,FALSE,TRUE,10,9,TRUE,FALSE,1,3,FALSE,FALSE,FALSE,FALSE,FALSE,FALSE,FALSE,Rede municipal direta em 2024,FALSE,,TRUE,FALSE,Rede municipal direta em 2024,FALSE,,TRUE,,sem_revisao_necessaria,,,,Rede municipal direta em 2024,TRUE,TRUE,TRUE,1a_avaliacao_formativa,1a_avaliacao_formativa,linha_base_pre_programa,pos_inicio_programa,regra temporal pre-programa registrada no painel,declaracao formal,,2026-07-24,regra temporal preexistente do projeto,Marian Dante - assessora UEF/SMED,4.382026634673881
ESC_029,43293069,TRUE,EMEF MORADAS DA HIPICA,EMEF MORADAS DA HIPICA,EMEF MORADAS DA HIPICA,amanda,amanda,SIM,SIM,NA_APLICAVEL,SIM,NAO,SIM,0,1,,amanda,SEM_CARGA_DO_PROGRAMA,ATIVA,LINHA_BASE_PRE_PROGRAMA,ASSESSORADA,TRUE,TRUE,FALSE,TRUE,FALSE,TRUE,FALSE,FALSE,REGRA_TEMPORAL_CONFIRMADA,HOMOLOGADO,2025_1a_avaliacao_formativa_linha_base,2026-07-24_v1,5,Língua Portuguesa,TRUE,TRUE,TRUE,TRUE,TRUE,TRUE,TRUE,TRUE,TRUE,TRUE,Rede municipal direta em 2024,rede_municipal_direta_ou_nao_classificada,rede_municipal_direta,Municipal,Em atividade,FALSE,FALSE,488,19,20,25.68421052631579,24.4,9.221311475409836,7.818930041152264,3.4979423868312756,28.08641975308642,3,80,Q1 — menor infraestrutura,300 a 499 matrículas,TRUE,105,96,91.42857142857144,74.91666666666667,11.520833333333334,19.770833333333332,68.70833333333333,107,100,93.45794392523364,81.85,6.16,24.5,69.34,98,2.0293724966622193,6.933333333333323,-5.360833333333334,4.729166666666668,0.6316666666666748,1.9047619047619049,4.166666666666667,Sem alerta principal de composição,4,4,TRUE,TRUE,TRUE,TRUE,0,2,4,TRUE,TRUE,TRUE,FALSE,FALSE,FALSE,FALSE,FALSE,EMEF MORADAS DA HIPICA,exata_normalizada,consolidado,,rede_municipal_direta_ou_nao_classificada,0,TRUE,FALSE,FALSE,FALSE,rede_municipal_direta,Rede municipal direta em 2024,codigo_inep_consolidado,2024,Censo Escolar/INEP via Base dos Dados,TRUE,3,,1,0,1,0,,,,300 a 499 matrículas,3,2024,RS,4314902,1,1,1,1,1,0,0,1,972,97,875,488,87,78,109,107,107,387,0,76,76,0,483,489,671,88,183,3,2,25,64,45,19,34,40,36,20,17,39,38,33,19,14,0,,32,10,0,1,1,1,1,1,1,0,0,0,1,1,1,1,1,0,1,1,0,0,1,1,1,1,1,1,,,463,0,2,2,0,0,0,6,TRUE,TRUE,TRUE,FALSE,TRUE,10,8,TRUE,TRUE,1,3,FALSE,FALSE,FALSE,FALSE,FALSE,FALSE,FALSE,Rede municipal direta em 2024,FALSE,,TRUE,FALSE,Rede municipal direta em 2024,FALSE,,TRUE,,sem_revisao_necessaria,,,,Rede municipal direta em 2024,TRUE,TRUE,TRUE,1a_avaliacao_formativa,1a_avaliacao_formativa,linha_base_pre_programa,pos_inicio_programa,regra temporal pre-programa registrada no painel,declaracao formal,,2026-07-24,regra temporal preexistente do projeto,Marian Dante - assessora UEF/SMED,6.1903154058531475
ESC_030,43177034,TRUE,EMEF MORRO DA CRUZ,EMEF MORRO DA CRUZ,EMEF MORRO DA CRUZ,andreia,andreia,SIM,SIM,NA_APLICAVEL,SIM,NAO,SIM,0,1,,andreia,SEM_CARGA_DO_PROGRAMA,ATIVA,LINHA_BASE_PRE_PROGRAMA,ASSESSORADA,TRUE,TRUE,FALSE,TRUE,FALSE,TRUE,FALSE,FALSE,REGRA_TEMPORAL_CONFIRMADA,HOMOLOGADO,2025_1a_avaliacao_formativa_linha_base,2026-07-24_v1,5,Língua Portuguesa,TRUE,TRUE,TRUE,TRUE,TRUE,TRUE,TRUE,TRUE,TRUE,TRUE,Rede municipal direta em 2024,rede_municipal_direta_ou_nao_classificada,rede_municipal_direta,Municipal,Em atividade,FALSE,FALSE,538,21,27,25.61904761904762,19.925925925925927,10.037174721189592,6.2438057482656095,1.189296333002973,36.570862239841425,3,100,Q3,500 matrículas ou mais,TRUE,111,86,77.47747747747748,41.27906976744186,39.19767441860465,38.174418604651166,22.11627906976744,102,86,84.31372549019608,39.77906976744186,44.36046511627907,35.97674418604651,19.627906976744185,86,6.836248012718599,-1.5,5.162790697674424,-2.197674418604656,-2.488372093023255,-8.108108108108109,0,Sem alerta principal de composição,4,4,TRUE,TRUE,TRUE,TRUE,0,-9,0,TRUE,FALSE,FALSE,FALSE,FALSE,FALSE,FALSE,FALSE,EMEF MORRO DA CRUZ,exata_normalizada,consolidado,,rede_municipal_direta_ou_nao_classificada,0,TRUE,FALSE,FALSE,FALSE,rede_municipal_direta,Rede municipal direta em 2024,codigo_inep_consolidado,2024,Censo Escolar/INEP via Base dos Dados,TRUE,3,,1,0,1,0,,,,500 matrículas ou mais,4,2024,RS,4314902,1,1,1,1,1,0,0,1,1009,130,879,538,95,99,122,113,109,341,0,63,63,0,484,525,536,158,209,3,2,101,89,54,35,12,53,46,27,21,50,41,34,21,13,0,,24,0,4,1,1,1,1,1,1,0,1,1,1,0,1,1,1,0,1,0,0,0,1,1,1,1,1,1,,,570,0,2,1,2,1,0,5,TRUE,TRUE,TRUE,FALSE,TRUE,10,10,TRUE,TRUE,1,3,FALSE,FALSE,FALSE,FALSE,FALSE,FALSE,FALSE,Rede municipal direta em 2024,FALSE,,TRUE,FALSE,Rede municipal direta em 2024,FALSE,,TRUE,,sem_revisao_necessaria,,,,Rede municipal direta em 2024,TRUE,TRUE,TRUE,1a_avaliacao_formativa,1a_avaliacao_formativa,linha_base_pre_programa,pos_inicio_programa,regra temporal pre-programa registrada no painel,declaracao formal,,2026-07-24,regra temporal preexistente do projeto,Marian Dante - assessora UEF/SMED,6.2878585601617845
ESC_031,43177042,TRUE,EMEF NEUSA GOULART BRIZOLA,EMEF NEUSA GOULART BRIZOLA,EMEF NEUSA GOULART BRIZOLA,julia,julia,SIM,SIM,NA_APLICAVEL,SIM,NAO,SIM,0,1,,julia,SEM_CARGA_DO_PROGRAMA,ATIVA,LINHA_BASE_PRE_PROGRAMA,ASSESSORADA,TRUE,TRUE,FALSE,TRUE,FALSE,TRUE,FALSE,FALSE,REGRA_TEMPORAL_CONFIRMADA,HOMOLOGADO,2025_1a_avaliacao_formativa_linha_base,2026-07-24_v1,5,Língua Portuguesa,TRUE,TRUE,TRUE,TRUE,TRUE,TRUE,TRUE,TRUE,TRUE,TRUE,Rede municipal direta em 2024,rede_municipal_direta_ou_nao_classificada,rede_municipal_direta,Municipal,Em atividade,FALSE,FALSE,218,10,31,21.8,7.032258064516129,100,14.698162729658792,3.1496062992125986,34.645669291338585,3,100,Q3,150 a 299 matrículas,TRUE,40,30,75,52.5,30,26.5,43.5,49,46,93.87755102040816,66.45652173913044,14.26086956521739,40.73913043478261,45.08695652173913,38,18.877551020408163,13.956521739130435,-15.73913043478261,14.23913043478261,1.5869565217391326,22.5,53.333333333333336,Mudança relevante no público previsto e aumento de participação,2,2,TRUE,TRUE,TRUE,TRUE,0,9,16,TRUE,FALSE,FALSE,TRUE,FALSE,TRUE,FALSE,FALSE,EMEF NEUSA GOULART BRIZOLA,exata_normalizada,consolidado,,rede_municipal_direta_ou_nao_classificada,0,TRUE,FALSE,FALSE,FALSE,rede_municipal_direta,Rede municipal direta em 2024,codigo_inep_consolidado,2024,Censo Escolar/INEP via Base dos Dados,TRUE,3,,1,0,1,0,,,,150 a 299 matrículas,1,2024,RS,4314902,1,1,1,1,1,0,0,1,381,41,340,218,43,41,52,43,39,122,0,56,56,0,188,193,241,58,74,0,0,8,340,218,122,12,48,44,31,26,44,19,17,10,7,17,,27,2,9,1,1,1,1,1,1,0,1,1,1,1,1,1,1,1,1,0,0,0,1,1,1,1,1,1,,,0,0,2,2,0,0,0,5,TRUE,TRUE,TRUE,FALSE,TRUE,10,10,TRUE,TRUE,1,3,FALSE,FALSE,FALSE,FALSE,FALSE,FALSE,FALSE,Rede municipal direta em 2024,FALSE,,TRUE,FALSE,Rede municipal direta em 2024,FALSE,,TRUE,,sem_revisao_necessaria,,,,Rede municipal direta em 2024,TRUE,TRUE,TRUE,1a_avaliacao_formativa,1a_avaliacao_formativa,linha_base_pre_programa,pos_inicio_programa,regra temporal pre-programa registrada no painel,declaracao formal,,2026-07-24,regra temporal preexistente do projeto,Marian Dante - assessora UEF/SMED,5.384495062789089
ESC_032,43105513,TRUE,EMEF NOSSA SENHORA DE FATIMA,EMEF NOSSA SENHORA DE FATIMA,EMEF NOSSA SENHORA DE FATIMA,amanda,amanda,SIM,SIM,NA_APLICAVEL,SIM,NAO,SIM,0,1,,amanda,SEM_CARGA_DO_PROGRAMA,ATIVA,LINHA_BASE_PRE_PROGRAMA,ASSESSORADA,TRUE,TRUE,FALSE,TRUE,FALSE,TRUE,FALSE,FALSE,REGRA_TEMPORAL_CONFIRMADA,HOMOLOGADO,2025_1a_avaliacao_formativa_linha_base,2026-07-24_v1,5,Língua Portuguesa,TRUE,TRUE,TRUE,TRUE,TRUE,TRUE,TRUE,TRUE,TRUE,TRUE,Rede municipal direta em 2024,rede_municipal_direta_ou_nao_classificada,rede_municipal_direta,Municipal,Em atividade,FALSE,FALSE,377,16,24,23.5625,15.708333333333334,0,6.575342465753424,0,53.013698630136986,4,100,Q3,300 a 499 matrículas,TRUE,77,67,87.01298701298701,55.582089552238806,23.80597014925373,41.67164179104478,34.52238805970149,72,57,79.16666666666667,49.26315789473684,23.771929824561404,52.280701754385966,23.68421052631579,62,-7.84632034632034,-6.318931657501963,-0.03404032469232732,10.609059963341188,-10.8381775333857,-6.4935064935064934,-14.92537313432836,Sem alerta principal de composição,3,3,TRUE,TRUE,TRUE,TRUE,0,-5,-10,TRUE,FALSE,FALSE,FALSE,FALSE,FALSE,FALSE,FALSE,EMEF NOSSA SENHORA DE FATIMA,exata_normalizada,consolidado,,rede_municipal_direta_ou_nao_classificada,0,TRUE,FALSE,FALSE,FALSE,rede_municipal_direta,Rede municipal direta em 2024,codigo_inep_consolidado,2024,Censo Escolar/INEP via Base dos Dados,TRUE,3,,1,0,1,0,,,,300 a 499 matrículas,2,2024,RS,4314902,1,1,1,1,1,0,1,1,730,65,611,377,70,71,91,72,73,234,54,48,48,0,339,391,334,191,193,0,3,9,0,0,0,0,48,38,24,19,45,33,26,16,10,0,,22,0,1,1,1,1,1,1,1,0,1,1,1,1,1,1,0,1,1,0,0,0,1,1,1,1,1,1,,,393,2,2,2,0,0,0,6,TRUE,TRUE,TRUE,TRUE,TRUE,10,10,TRUE,TRUE,1,3,FALSE,FALSE,FALSE,FALSE,FALSE,FALSE,FALSE,Rede municipal direta em 2024,FALSE,,TRUE,FALSE,Rede municipal direta em 2024,FALSE,,TRUE,,sem_revisao_necessaria,,,,Rede municipal direta em 2024,TRUE,TRUE,TRUE,1a_avaliacao_formativa,1a_avaliacao_formativa,linha_base_pre_programa,pos_inicio_programa,regra temporal pre-programa registrada no painel,declaracao formal,,2026-07-24,regra temporal preexistente do projeto,Marian Dante - assessora UEF/SMED,5.932245187448011
ESC_033,43204643,TRUE,EMEF NOSSA SENHORA DO CARMO,EMEF NOSSA SENHORA DO CARMO,EMEF NOSSA SENHORA DO CARMO,amanda,amanda,SIM,SIM,NA_APLICAVEL,SIM,NAO,SIM,0,1,,amanda,SEM_CARGA_DO_PROGRAMA,ATIVA,LINHA_BASE_PRE_PROGRAMA,ASSESSORADA,TRUE,TRUE,FALSE,TRUE,FALSE,TRUE,FALSE,FALSE,REGRA_TEMPORAL_CONFIRMADA,HOMOLOGADO,2025_1a_avaliacao_formativa_linha_base,2026-07-24_v1,5,Língua Portuguesa,TRUE,TRUE,TRUE,TRUE,TRUE,TRUE,TRUE,TRUE,TRUE,TRUE,Rede municipal direta em 2024,rede_municipal_direta_ou_nao_classificada,rede_municipal_direta,Municipal,Em atividade,FALSE,FALSE,408,16,22,25.5,18.545454545454547,38.23529411764706,7.363420427553444,7.957244655581948,42.75534441805225,4,90,Q2,300 a 499 matrículas,TRUE,79,69,87.34177215189874,58.68115942028985,21.73913043478261,33.21739130434783,45.04347826086956,82,71,86.58536585365853,64.04225352112677,18.845070422535212,34.7887323943662,45.971830985915496,70,-0.7564062982402078,5.361094100836915,-2.8940600122473974,1.5713410900183715,0.9283527250459328,3.797468354430379,2.898550724637681,Sem alerta principal de composição,3,3,TRUE,TRUE,TRUE,TRUE,0,3,2,TRUE,TRUE,FALSE,FALSE,FALSE,FALSE,FALSE,FALSE,EMEF NOSSA SENHORA DO CARMO,exata_normalizada,consolidado,,rede_municipal_direta_ou_nao_classificada,0,TRUE,FALSE,FALSE,FALSE,rede_municipal_direta,Rede municipal direta em 2024,codigo_inep_consolidado,2024,Censo Escolar/INEP via Base dos Dados,TRUE,3,,1,0,1,0,,,,300 a 499 matrículas,3,2024,RS,4314902,1,1,1,1,1,0,1,1,842,38,703,408,73,91,79,81,84,295,101,62,62,0,428,414,463,174,183,1,3,18,225,156,69,67,42,35,22,17,40,34,28,16,12,0,,22,0,4,1,1,1,1,1,1,0,1,1,1,1,1,0,1,0,1,0,0,0,1,1,1,1,1,1,,,318,0,1,2,2,1,0,5,TRUE,TRUE,TRUE,TRUE,TRUE,10,9,TRUE,TRUE,1,3,FALSE,FALSE,FALSE,FALSE,FALSE,FALSE,FALSE,Rede municipal direta em 2024,FALSE,,TRUE,FALSE,Rede municipal direta em 2024,FALSE,,TRUE,,sem_revisao_necessaria,,,,Rede municipal direta em 2024,TRUE,TRUE,TRUE,1a_avaliacao_formativa,1a_avaliacao_formativa,linha_base_pre_programa,pos_inicio_programa,regra temporal pre-programa registrada no painel,declaracao formal,,2026-07-24,regra temporal preexistente do projeto,Marian Dante - assessora UEF/SMED,6.0112671744041615
ESC_034,43105521,TRUE,EMEF PEPITA DE LEAO,EMEF PEPITA DE LEAO,EMEF PEPITA DE LEAO,nathalia,nathalia,SIM,SIM,NA_APLICAVEL,SIM,NAO,SIM,0,1,,nathalia,SEM_CARGA_DO_PROGRAMA,ATIVA,LINHA_BASE_PRE_PROGRAMA,ASSESSORADA,TRUE,TRUE,FALSE,TRUE,FALSE,TRUE,FALSE,FALSE,REGRA_TEMPORAL_CONFIRMADA,HOMOLOGADO,2025_1a_avaliacao_formativa_linha_base,2026-07-24_v1,5,Língua Portuguesa,TRUE,TRUE,TRUE,TRUE,TRUE,TRUE,TRUE,TRUE,TRUE,TRUE,Rede municipal direta em 2024,rede_municipal_direta_ou_nao_classificada,rede_municipal_direta,Municipal,Em atividade,FALSE,FALSE,255,12,19,21.25,13.421052631578949,18.823529411764707,13.174946004319654,3.4557235421166306,34.557235421166304,3,100,Q3,150 a 299 matrículas,TRUE,49,39,79.59183673469387,68.23076923076923,15.692307692307692,31,53.92307692307692,55,46,83.63636363636364,68.08695652173913,18.26086956521739,36.30434782608695,45.43478260869565,42.5,4.044526901669769,-0.1438127090301009,2.568561872909699,5.304347826086953,-8.488294314381271,12.244897959183673,17.94871794871795,Sem alerta principal de composição,2,2,TRUE,TRUE,TRUE,TRUE,0,6,7,TRUE,FALSE,FALSE,FALSE,FALSE,FALSE,FALSE,FALSE,EMEF PEPITA DE LEAO,exata_normalizada,consolidado,,rede_municipal_direta_ou_nao_classificada,0,TRUE,FALSE,FALSE,FALSE,rede_municipal_direta,Rede municipal direta em 2024,codigo_inep_consolidado,2024,Censo Escolar/INEP via Base dos Dados,TRUE,3,,1,0,1,0,,,,150 a 299 matrículas,2,2024,RS,4314902,1,1,1,1,1,0,0,1,463,12,451,255,64,48,48,49,46,196,0,61,61,0,220,243,271,100,60,1,0,31,73,48,25,16,33,32,19,14,33,21,20,12,8,0,,12,0,0,1,1,1,1,1,1,0,1,1,1,0,1,1,1,0,0,0,0,1,1,1,1,1,1,1,,,350,7,3,2,1,1,0,4,TRUE,TRUE,TRUE,FALSE,TRUE,10,10,TRUE,FALSE,1,3,FALSE,FALSE,FALSE,FALSE,FALSE,FALSE,FALSE,Rede municipal direta em 2024,FALSE,,TRUE,FALSE,Rede municipal direta em 2024,FALSE,,TRUE,,sem_revisao_necessaria,,,,Rede municipal direta em 2024,TRUE,TRUE,TRUE,1a_avaliacao_formativa,1a_avaliacao_formativa,linha_base_pre_programa,pos_inicio_programa,regra temporal pre-programa registrada no painel,declaracao formal,,2026-07-24,regra temporal preexistente do projeto,Marian Dante - assessora UEF/SMED,5.541263545158426
ESC_035,43048200,TRUE,EMEF PORTO NOVO,EMEF PORTO NOVO,EMEF PORTO NOVO,marian,marian,SIM,SIM,NA_APLICAVEL,SIM,NAO,SIM,0,1,,marian,SEM_CARGA_DO_PROGRAMA,ATIVA,LINHA_BASE_PRE_PROGRAMA,ASSESSORADA,TRUE,TRUE,FALSE,TRUE,FALSE,TRUE,FALSE,FALSE,REGRA_TEMPORAL_CONFIRMADA,HOMOLOGADO,2025_1a_avaliacao_formativa_linha_base,2026-07-24_v1,5,Língua Portuguesa,TRUE,TRUE,TRUE,TRUE,TRUE,TRUE,TRUE,TRUE,TRUE,TRUE,Rede municipal direta em 2024,rede_municipal_direta_ou_nao_classificada,rede_municipal_direta,Municipal,Em atividade,FALSE,FALSE,237,10,33,23.7,7.181818181818182,100,12.368972746331236,0.4192872117400419,37.106918238993714,3,100,Q3,150 a 299 matrículas,TRUE,46,39,84.78260869565217,54.56410256410256,23.28205128205128,38.43589743589744,38.282051282051285,45,43,95.55555555555556,62.86046511627907,14.55813953488372,47.093023255813954,38.34883720930232,41,10.772946859903383,8.296362552176511,-8.723911747167561,8.657125819916516,0.06678592725103982,-2.1739130434782608,10.256410256410255,Aumento de participação igual ou superior a 10 p.p.,2,2,TRUE,TRUE,TRUE,TRUE,0,-1,4,TRUE,TRUE,FALSE,TRUE,FALSE,FALSE,FALSE,FALSE,EMEF PORTO NOVO,exata_normalizada,consolidado,,rede_municipal_direta_ou_nao_classificada,0,TRUE,FALSE,FALSE,FALSE,rede_municipal_direta,Rede municipal direta em 2024,codigo_inep_consolidado,2024,Censo Escolar/INEP via Base dos Dados,TRUE,3,,1,0,1,0,,,,150 a 299 matrículas,1,2024,RS,4314902,1,1,1,1,1,0,0,1,477,82,395,237,46,45,53,45,48,158,0,59,59,0,235,242,275,89,87,1,1,24,395,237,158,2,59,49,33,28,59,22,18,10,8,18,,28,1,14,1,1,1,1,1,1,0,1,1,1,1,1,1,1,0,1,1,1,0,1,1,1,1,1,1,,,594,2,1,2,1,1,0,5,TRUE,TRUE,TRUE,FALSE,TRUE,10,10,TRUE,TRUE,1,3,FALSE,FALSE,FALSE,FALSE,FALSE,FALSE,FALSE,Rede municipal direta em 2024,FALSE,,TRUE,FALSE,Rede municipal direta em 2024,FALSE,,TRUE,,sem_revisao_necessaria,,,,Rede municipal direta em 2024,TRUE,TRUE,TRUE,1a_avaliacao_formativa,1a_avaliacao_formativa,linha_base_pre_programa,pos_inicio_programa,regra temporal pre-programa registrada no painel,declaracao formal,,2026-07-24,regra temporal preexistente do projeto,Marian Dante - assessora UEF/SMED,5.4680601411351315
ESC_036,43108563,TRUE,EMEF PRES JOAO BELCHIOR MARQUES GOULART,EMEF PRES JOAO BELCHIOR MARQUES GOULART,EMEF PRES JOAO BELCHIOR MARQUES GOULART,marian,marian,SIM,SIM,NA_APLICAVEL,SIM,NAO,SIM,0,1,,marian,SEM_CARGA_DO_PROGRAMA,ATIVA,LINHA_BASE_PRE_PROGRAMA,ASSESSORADA,TRUE,TRUE,FALSE,TRUE,FALSE,TRUE,FALSE,FALSE,REGRA_TEMPORAL_CONFIRMADA,HOMOLOGADO,2025_1a_avaliacao_formativa_linha_base,2026-07-24_v1,5,Língua Portuguesa,TRUE,TRUE,TRUE,TRUE,TRUE,TRUE,TRUE,TRUE,TRUE,TRUE,Rede municipal direta em 2024,rede_municipal_direta_ou_nao_classificada,rede_municipal_direta,Municipal,Em atividade,FALSE,FALSE,358,18,23,19.88888888888889,15.565217391304348,4.4692737430167595,9.74124809741248,0.60882800608828,35.31202435312024,3,100,Q3,300 a 499 matrículas,TRUE,50,36,72,56.666666666666664,16.333333333333332,49.666666666666664,33,71,68,95.77464788732394,63.26470588235294,16.352941176470587,41.36764705882353,42.89705882352941,52,23.774647887323937,6.598039215686278,0.01960784313725483,-8.299019607843135,9.897058823529411,42,88.88888888888889,Mudança relevante no público previsto e aumento de participação,3,3,TRUE,TRUE,TRUE,TRUE,0,21,32,TRUE,FALSE,FALSE,TRUE,FALSE,TRUE,FALSE,FALSE,EMEF PRES JOAO BELCHIOR MARQUES GOULART,exata_normalizada,consolidado,,rede_municipal_direta_ou_nao_classificada,0,TRUE,FALSE,FALSE,FALSE,rede_municipal_direta,Rede municipal direta em 2024,codigo_inep_consolidado,2024,Censo Escolar/INEP via Base dos Dados,TRUE,3,,1,0,1,0,,,,300 a 499 matrículas,2,2024,RS,4314902,1,1,1,1,1,0,0,1,657,67,590,358,72,71,88,59,68,232,0,64,64,0,290,367,416,79,152,0,1,9,17,16,1,4,41,35,23,16,40,33,29,18,11,0,,23,0,8,1,1,1,1,1,1,0,1,1,1,1,1,1,1,1,1,0,0,0,1,1,1,1,1,1,,,443,0,1,1,2,1,0,5,TRUE,TRUE,TRUE,FALSE,TRUE,10,10,TRUE,TRUE,1,3,FALSE,FALSE,FALSE,FALSE,FALSE,FALSE,FALSE,Rede municipal direta em 2024,FALSE,,TRUE,FALSE,Rede municipal direta em 2024,FALSE,,TRUE,,sem_revisao_necessaria,,,,Rede municipal direta em 2024,TRUE,TRUE,TRUE,1a_avaliacao_formativa,1a_avaliacao_formativa,linha_base_pre_programa,pos_inicio_programa,regra temporal pre-programa registrada no painel,declaracao formal,,2026-07-24,regra temporal preexistente do projeto,Marian Dante - assessora UEF/SMED,5.8805329864007
ESC_037,43105530,TRUE,EMEF PRESIDENTE VARGAS,EMEF PRESIDENTE VARGAS,EMEF PRESIDENTE VARGAS,eliane,eliane,SIM,SIM,NA_APLICAVEL,SIM,NAO,SIM,0,1,,eliane,SEM_CARGA_DO_PROGRAMA,ATIVA,LINHA_BASE_PRE_PROGRAMA,ASSESSORADA,TRUE,TRUE,FALSE,TRUE,FALSE,TRUE,FALSE,FALSE,REGRA_TEMPORAL_CONFIRMADA,HOMOLOGADO,2025_1a_avaliacao_formativa_linha_base,2026-07-24_v1,5,Língua Portuguesa,TRUE,TRUE,TRUE,TRUE,TRUE,TRUE,TRUE,TRUE,TRUE,TRUE,Rede municipal direta em 2024,rede_municipal_direta_ou_nao_classificada,rede_municipal_direta,Municipal,Em atividade,FALSE,FALSE,239,11,18,21.727272727272727,13.27777777777778,43.93305439330544,11.009174311926603,3.2110091743119265,38.99082568807339,2,80,Q1 — menor infraestrutura,150 a 299 matrículas,TRUE,53,44,83.01886792452831,63.5,27,16,56.5,47,45,95.74468085106383,65.95555555555555,14.044444444444444,41.888888888888886,44.06666666666667,44.5,12.725812926535523,2.4555555555555486,-12.955555555555556,25.88888888888889,-12.43333333333333,-11.320754716981131,2.272727272727273,Aumento de participação igual ou superior a 10 p.p.,2,2,TRUE,TRUE,TRUE,TRUE,0,-6,1,TRUE,TRUE,FALSE,TRUE,FALSE,FALSE,FALSE,FALSE,EMEF PRESIDENTE VARGAS,exata_normalizada,consolidado,,rede_municipal_direta_ou_nao_classificada,0,TRUE,FALSE,FALSE,FALSE,rede_municipal_direta,Rede municipal direta em 2024,codigo_inep_consolidado,2024,Censo Escolar/INEP via Base dos Dados,TRUE,3,,1,0,1,0,,,,150 a 299 matrículas,1,2024,RS,4314902,1,0,1,1,1,0,0,1,436,0,436,239,45,46,52,57,39,197,0,48,48,0,209,227,266,78,92,0,0,0,141,105,36,14,33,33,18,18,31,20,20,11,9,0,,15,0,3,1,1,1,1,1,1,1,1,0,1,0,1,0,1,0,1,0,0,0,1,1,1,0,1,1,,,384,0,1,2,0,0,0,4,FALSE,TRUE,TRUE,FALSE,TRUE,10,8,TRUE,TRUE,1,3,FALSE,FALSE,FALSE,FALSE,FALSE,FALSE,FALSE,Rede municipal direta em 2024,FALSE,,TRUE,FALSE,Rede municipal direta em 2024,FALSE,,TRUE,,sem_revisao_necessaria,,,,Rede municipal direta em 2024,TRUE,TRUE,TRUE,1a_avaliacao_formativa,1a_avaliacao_formativa,linha_base_pre_programa,pos_inicio_programa,regra temporal pre-programa registrada no painel,declaracao formal,,2026-07-24,regra temporal preexistente do projeto,Marian Dante - assessora UEF/SMED,5.476463551931511
ESC_038,43109195,TRUE,EMEF PROF ANA IRIS DO AMARAL,EMEF PROF ANA IRIS DO AMARAL,EMEF PROF ANA IRIS DO AMARAL,eliane,eliane,SIM,SIM,NA_APLICAVEL,SIM,NAO,SIM,0,1,,eliane,SEM_CARGA_DO_PROGRAMA,ATIVA,LINHA_BASE_PRE_PROGRAMA,ASSESSORADA,TRUE,TRUE,FALSE,TRUE,FALSE,TRUE,FALSE,FALSE,REGRA_TEMPORAL_CONFIRMADA,HOMOLOGADO,2025_1a_avaliacao_formativa_linha_base,2026-07-24_v1,5,Língua Portuguesa,TRUE,TRUE,TRUE,TRUE,TRUE,TRUE,TRUE,TRUE,TRUE,TRUE,Rede municipal direta em 2024,rede_municipal_direta_ou_nao_classificada,rede_municipal_direta,Municipal,Em atividade,FALSE,FALSE,224,10,21,22.4,10.666666666666666,100,11.442786069651742,6.218905472636816,34.32835820895522,3,70,Q1 — menor infraestrutura,150 a 299 matrículas,TRUE,43,40,93.02325581395348,82.5,12.5,10,77.5,39,36,92.3076923076923,80.52777777777777,0,30.97222222222222,69.02777777777777,38,-0.7155635062611765,-1.9722222222222283,-12.5,20.97222222222222,-8.472222222222229,-9.30232558139535,-10,Sem alerta principal de composição,2,2,TRUE,TRUE,TRUE,TRUE,0,-4,-4,TRUE,TRUE,TRUE,FALSE,FALSE,FALSE,FALSE,FALSE,EMEF PROF ANA IRIS DO AMARAL,exata_normalizada,consolidado,,rede_municipal_direta_ou_nao_classificada,0,TRUE,FALSE,FALSE,FALSE,rede_municipal_direta,Rede municipal direta em 2024,codigo_inep_consolidado,2024,Censo Escolar/INEP via Base dos Dados,TRUE,3,,1,0,1,0,,,,150 a 299 matrículas,1,2024,RS,4314902,1,1,1,1,1,0,0,1,402,34,368,224,46,47,45,43,43,144,0,46,46,0,200,202,251,74,62,0,2,13,231,224,7,25,35,31,21,13,35,20,18,10,8,10,,20,0,0,1,1,1,1,1,1,0,0,0,1,0,1,1,1,0,0,0,0,1,1,0,1,1,1,1,,,340,2,0,1,0,0,0,8,TRUE,TRUE,TRUE,FALSE,TRUE,10,7,TRUE,FALSE,1,3,FALSE,FALSE,FALSE,FALSE,FALSE,FALSE,FALSE,Rede municipal direta em 2024,FALSE,,TRUE,FALSE,Rede municipal direta em 2024,FALSE,,TRUE,,sem_revisao_necessaria,,,,Rede municipal direta em 2024,TRUE,TRUE,TRUE,1a_avaliacao_formativa,1a_avaliacao_formativa,linha_base_pre_programa,pos_inicio_programa,regra temporal pre-programa registrada no painel,declaracao formal,,2026-07-24,regra temporal preexistente do projeto,Marian Dante - assessora UEF/SMED,5.4116460518550396
ESC_039,43172490,TRUE,EMEF PROF ANISIO TEIXEIRA,EMEF PROF ANISIO TEIXEIRA,EMEF PROF ANISIO TEIXEIRA,andreia,andreia,SIM,SIM,NA_APLICAVEL,SIM,NAO,SIM,0,1,,andreia,SEM_CARGA_DO_PROGRAMA,ATIVA,LINHA_BASE_PRE_PROGRAMA,ASSESSORADA,TRUE,TRUE,FALSE,TRUE,FALSE,TRUE,FALSE,FALSE,REGRA_TEMPORAL_CONFIRMADA,HOMOLOGADO,2025_1a_avaliacao_formativa_linha_base,2026-07-24_v1,5,Língua Portuguesa,TRUE,TRUE,TRUE,TRUE,TRUE,TRUE,TRUE,TRUE,TRUE,TRUE,Rede municipal direta em 2024,rede_municipal_direta_ou_nao_classificada,rede_municipal_direta,Municipal,Em atividade,FALSE,FALSE,471,19,27,24.789473684210527,17.444444444444443,11.46496815286624,10.571428571428571,5.714285714285714,18.571428571428573,3,100,Q3,300 a 499 matrículas,TRUE,135,103,76.29629629629629,81.44660194174757,6.912621359223301,17.37864077669903,75.70873786407768,86,80,93.02325581395348,79.6375,2.9125,29.2125,67.875,91.5,16.726959517657193,-1.8091019417475709,-4.0001213592233,11.83385922330097,-7.833737864077676,-36.2962962962963,-22.33009708737864,Mudança relevante no público previsto e aumento de participação,5,3,TRUE,TRUE,TRUE,TRUE,-2,-49,-23,TRUE,FALSE,FALSE,TRUE,FALSE,TRUE,FALSE,FALSE,EMEF PROF ANISIO TEIXEIRA,exata_normalizada,consolidado,,rede_municipal_direta_ou_nao_classificada,0,TRUE,FALSE,FALSE,FALSE,rede_municipal_direta,Rede municipal direta em 2024,codigo_inep_consolidado,2024,Censo Escolar/INEP via Base dos Dados,TRUE,3,,1,0,1,0,,,,300 a 499 matrículas,3,2024,RS,4314902,1,0,1,1,1,0,1,1,1050,0,945,471,59,76,99,132,105,474,105,111,111,0,484,566,631,88,106,1,1,223,100,54,46,60,54,50,27,27,53,40,36,19,17,0,,19,0,0,1,1,1,1,1,1,1,1,1,1,1,1,1,0,0,0,0,0,0,1,1,1,1,1,1,,,636,10,2,1,1,1,0,6,FALSE,TRUE,TRUE,TRUE,TRUE,10,10,TRUE,FALSE,1,3,FALSE,FALSE,FALSE,FALSE,FALSE,FALSE,FALSE,Rede municipal direta em 2024,FALSE,,TRUE,FALSE,Rede municipal direta em 2024,FALSE,,TRUE,,sem_revisao_necessaria,,,,Rede municipal direta em 2024,TRUE,TRUE,TRUE,1a_avaliacao_formativa,1a_avaliacao_formativa,linha_base_pre_programa,pos_inicio_programa,regra temporal pre-programa registrada no painel,declaracao formal,,2026-07-24,regra temporal preexistente do projeto,Marian Dante - assessora UEF/SMED,6.154858094016418
ESC_040,43109071,TRUE,EMEF PROF GILBERTO JORGE GONCALVES DA SILVA,EMEF PROF GILBERTO JORGE GONCALVES DA SILVA,EMEF PROF GILBERTO JORGE GONCALVES DA SILVA,ruti,ruti,SIM,SIM,NA_APLICAVEL,SIM,NAO,SIM,0,1,,ruti,SEM_CARGA_DO_PROGRAMA,ATIVA,LINHA_BASE_PRE_PROGRAMA,ASSESSORADA,TRUE,TRUE,FALSE,TRUE,FALSE,TRUE,FALSE,FALSE,REGRA_TEMPORAL_CONFIRMADA,HOMOLOGADO,2025_1a_avaliacao_formativa_linha_base,2026-07-24_v1,5,Língua Portuguesa,TRUE,TRUE,TRUE,TRUE,TRUE,TRUE,TRUE,TRUE,TRUE,TRUE,Rede municipal direta em 2024,rede_municipal_direta_ou_nao_classificada,rede_municipal_direta,Municipal,Em atividade,FALSE,FALSE,109,5,19,21.8,5.7368421052631575,100,18.867924528301888,0,27.83018867924528,3,80,Q1 — menor infraestrutura,Até 149 matrículas,TRUE,19,12,63.1578947368421,59,33,8,58,21,19,90.47619047619048,74,6,44,50,15.5,27.31829573934838,15,-27,36,-8,10.526315789473683,58.333333333333336,Aumento de participação igual ou superior a 10 p.p.,1,1,TRUE,TRUE,TRUE,TRUE,0,2,7,FALSE,FALSE,FALSE,TRUE,FALSE,FALSE,TRUE,TRUE,EMEF PROF GILBERTO JORGE GONCALVES DA SILVA,exata_normalizada,consolidado,,rede_municipal_direta_ou_nao_classificada,0,TRUE,FALSE,FALSE,FALSE,rede_municipal_direta,Rede municipal direta em 2024,codigo_inep_consolidado,2024,Censo Escolar/INEP via Base dos Dados,TRUE,3,,1,0,1,0,,,,Até 149 matrículas,1,2024,RS,4314902,1,1,1,1,1,0,0,1,212,36,176,109,23,22,24,19,21,67,0,40,40,0,106,106,150,27,32,0,0,3,176,109,67,0,31,28,19,16,31,11,9,5,4,9,,16,0,6,1,1,1,1,1,1,0,1,0,0,0,1,1,0,1,1,0,0,0,1,1,1,1,1,1,,,217,3,1,2,1,0,0,3,TRUE,TRUE,TRUE,FALSE,TRUE,10,8,TRUE,TRUE,1,3,FALSE,FALSE,FALSE,FALSE,FALSE,FALSE,FALSE,Rede municipal direta em 2024,FALSE,,TRUE,FALSE,Rede municipal direta em 2024,FALSE,,TRUE,,sem_revisao_necessaria,,,,Rede municipal direta em 2024,TRUE,TRUE,TRUE,1a_avaliacao_formativa,1a_avaliacao_formativa,linha_base_pre_programa,pos_inicio_programa,regra temporal pre-programa registrada no painel,declaracao formal,,2026-07-24,regra temporal preexistente do projeto,Marian Dante - assessora UEF/SMED,4.6913478822291435
ESC_041,43109055,TRUE,EMEF PROF JUDITH MACEDO DE ARAUJO,EMEF PROF JUDITH MACEDO DE ARAUJO,EMEF PROF JUDITH MACEDO DE ARAUJO,graziela,graziela,SIM,SIM,NA_APLICAVEL,SIM,NAO,SIM,0,1,,graziela,SEM_CARGA_DO_PROGRAMA,ATIVA,LINHA_BASE_PRE_PROGRAMA,ASSESSORADA,TRUE,TRUE,FALSE,TRUE,FALSE,TRUE,FALSE,FALSE,REGRA_TEMPORAL_CONFIRMADA,HOMOLOGADO,2025_1a_avaliacao_formativa_linha_base,2026-07-24_v1,5,Língua Portuguesa,TRUE,TRUE,TRUE,TRUE,TRUE,TRUE,TRUE,TRUE,TRUE,TRUE,Rede municipal direta em 2024,rede_municipal_direta_ou_nao_classificada,rede_municipal_direta,Municipal,Em atividade,FALSE,FALSE,367,14,19,26.214285714285715,19.31578947368421,14.168937329700272,6.004901960784314,0,41.1764705882353,3,100,Q3,300 a 499 matrículas,TRUE,60,57,95,76.26315789473684,8.578947368421053,19.210526315789473,72.21052631578948,81,71,87.65432098765432,63.943661971830984,12,44.732394366197184,43.267605633802816,64,-7.345679012345684,-12.319495922905851,3.421052631578947,25.52186805040771,-28.942920681986664,35,24.56140350877193,Mudança relevante no número de estudantes previstos,2,3,TRUE,TRUE,TRUE,TRUE,1,21,14,TRUE,TRUE,FALSE,FALSE,FALSE,TRUE,FALSE,FALSE,EMEF PROF JUDITH MACEDO DE ARAUJO,exata_normalizada,consolidado,,rede_municipal_direta_ou_nao_classificada,0,TRUE,FALSE,FALSE,FALSE,rede_municipal_direta,Rede municipal direta em 2024,codigo_inep_consolidado,2024,Censo Escolar/INEP via Base dos Dados,TRUE,3,,1,0,1,0,,,,300 a 499 matrículas,2,2024,RS,4314902,1,0,1,1,1,0,1,1,816,0,714,367,70,76,78,57,86,347,102,49,49,0,388,428,456,171,164,1,1,23,83,52,31,0,46,38,19,23,45,35,27,14,13,0,,13,0,13,1,1,1,1,1,1,0,1,1,1,0,1,1,1,1,1,1,0,0,1,1,1,0,1,1,,,349,0,3,1,0,0,0,7,FALSE,TRUE,TRUE,TRUE,TRUE,10,10,TRUE,TRUE,1,3,FALSE,FALSE,FALSE,FALSE,FALSE,FALSE,FALSE,Rede municipal direta em 2024,FALSE,,TRUE,FALSE,Rede municipal direta em 2024,FALSE,,TRUE,,sem_revisao_necessaria,,,,Rede municipal direta em 2024,TRUE,TRUE,TRUE,1a_avaliacao_formativa,1a_avaliacao_formativa,linha_base_pre_programa,pos_inicio_programa,regra temporal pre-programa registrada no painel,declaracao formal,,2026-07-24,regra temporal preexistente do projeto,Marian Dante - assessora UEF/SMED,5.905361848054571
ESC_042,43109098,TRUE,EMEF PROF LARRY JOSE RIBEIRO ALVES,EMEF PROF LARRY JOSE RIBEIRO ALVES,EMEF PROF LARRY JOSE RIBEIRO ALVES,amanda,amanda,SIM,SIM,NA_APLICAVEL,SIM,NAO,SIM,0,1,,amanda,SEM_CARGA_DO_PROGRAMA,ATIVA,LINHA_BASE_PRE_PROGRAMA,ASSESSORADA,TRUE,TRUE,FALSE,TRUE,FALSE,TRUE,FALSE,FALSE,REGRA_TEMPORAL_CONFIRMADA,HOMOLOGADO,2025_1a_avaliacao_formativa_linha_base,2026-07-24_v1,5,Língua Portuguesa,TRUE,TRUE,TRUE,TRUE,TRUE,TRUE,TRUE,TRUE,TRUE,TRUE,Rede municipal direta em 2024,rede_municipal_direta_ou_nao_classificada,rede_municipal_direta,Municipal,Em atividade,FALSE,FALSE,420,16,22,26.25,19.09090909090909,21.19047619047619,6.1946902654867255,4.424778761061947,35.01896333754741,2,100,Q3,300 a 499 matrículas,TRUE,85,71,83.52941176470588,68.38028169014085,21.028169014084508,15.67605633802817,63.29577464788732,77,72,93.50649350649353,70.11111111111111,10.52777777777778,40.69444444444444,49.40277777777778,71.5,9.977081741787629,1.7308294209702666,-10.50039123630673,25.018388106416275,-13.892996870109542,-9.411764705882351,1.408450704225352,Sem alerta principal de composição,3,3,TRUE,TRUE,TRUE,TRUE,0,-8,1,TRUE,TRUE,FALSE,FALSE,FALSE,FALSE,FALSE,FALSE,EMEF PROF LARRY JOSE RIBEIRO ALVES,exata_normalizada,consolidado,,rede_municipal_direta_ou_nao_classificada,0,TRUE,FALSE,FALSE,FALSE,rede_municipal_direta,Rede municipal direta em 2024,codigo_inep_consolidado,2024,Censo Escolar/INEP via Base dos Dados,TRUE,3,,1,0,1,0,,,,300 a 499 matrículas,3,2024,RS,4314902,1,0,1,1,1,0,0,1,791,0,791,420,72,80,102,83,83,371,0,49,49,0,359,432,447,155,121,3,1,64,122,89,33,35,38,38,22,21,36,30,30,16,14,0,,20,2,6,1,1,1,1,1,1,0,1,1,1,1,1,1,0,1,1,1,0,0,1,1,1,1,1,1,,,380,2,1,2,2,3,0,3,FALSE,TRUE,TRUE,FALSE,TRUE,10,10,TRUE,TRUE,1,3,FALSE,FALSE,FALSE,FALSE,FALSE,FALSE,FALSE,Rede municipal direta em 2024,FALSE,,TRUE,FALSE,Rede municipal direta em 2024,FALSE,,TRUE,,sem_revisao_necessaria,,,,Rede municipal direta em 2024,TRUE,TRUE,TRUE,1a_avaliacao_formativa,1a_avaliacao_formativa,linha_base_pre_programa,pos_inicio_programa,regra temporal pre-programa registrada no painel,declaracao formal,,2026-07-24,regra temporal preexistente do projeto,Marian Dante - assessora UEF/SMED,6.040254711277414
ESC_043,43293050,TRUE,EMEF RINCAO,EMEF RINCAO,EMEF RINCAO,jalize,jalize,SIM,SIM,NA_APLICAVEL,SIM,NAO,SIM,0,1,,jalize,SEM_CARGA_DO_PROGRAMA,ATIVA,LINHA_BASE_PRE_PROGRAMA,ASSESSORADA,TRUE,TRUE,FALSE,TRUE,FALSE,TRUE,FALSE,FALSE,REGRA_TEMPORAL_CONFIRMADA,HOMOLOGADO,2025_1a_avaliacao_formativa_linha_base,2026-07-24_v1,5,Língua Portuguesa,TRUE,TRUE,TRUE,TRUE,TRUE,TRUE,TRUE,TRUE,TRUE,TRUE,Rede municipal direta em 2024,rede_municipal_direta_ou_nao_classificada,rede_municipal_direta,Municipal,Em atividade,FALSE,FALSE,270,10,17,27,15.882352941176473,0,10.061601642710473,16.427104722792606,22.38193018480493,2,80,Q1 — menor infraestrutura,150 a 299 matrículas,TRUE,55,49,89.0909090909091,72.51020408163265,16.408163265306122,14.53061224489796,69.55102040816327,58,50,86.20689655172414,47.5,36,38.5,25.5,49.5,-2.884012539184951,-25.01020408163265,19.59183673469388,23.96938775510204,-44.05102040816327,5.454545454545454,2.0408163265306123,Sem alerta principal de composição,2,2,TRUE,TRUE,TRUE,TRUE,0,3,1,TRUE,TRUE,FALSE,FALSE,FALSE,FALSE,FALSE,FALSE,EMEF RINCAO,exata_normalizada,consolidado,,rede_municipal_direta_ou_nao_classificada,0,TRUE,FALSE,FALSE,FALSE,rede_municipal_direta,Rede municipal direta em 2024,codigo_inep_consolidado,2024,Censo Escolar/INEP via Base dos Dados,TRUE,3,,1,0,1,0,,,,150 a 299 matrículas,2,2024,RS,4314902,1,0,1,1,1,0,0,1,487,0,487,270,47,52,57,57,57,217,0,49,49,0,221,266,348,41,68,0,0,30,5,0,5,80,28,28,17,15,28,18,18,10,8,0,,9,1,8,1,1,1,1,1,1,0,0,1,1,0,1,0,1,1,0,0,0,0,1,1,1,1,1,1,,,220,1,2,0,0,5,0,4,FALSE,TRUE,TRUE,FALSE,TRUE,10,8,TRUE,TRUE,1,3,FALSE,FALSE,FALSE,FALSE,FALSE,FALSE,FALSE,Rede municipal direta em 2024,FALSE,,TRUE,FALSE,Rede municipal direta em 2024,FALSE,,TRUE,,sem_revisao_necessaria,,,,Rede municipal direta em 2024,TRUE,TRUE,TRUE,1a_avaliacao_formativa,1a_avaliacao_formativa,linha_base_pre_programa,pos_inicio_programa,regra temporal pre-programa registrada no painel,declaracao formal,,2026-07-24,regra temporal preexistente do projeto,Marian Dante - assessora UEF/SMED,5.598421958998375
ESC_044,43167179,TRUE,EMEF SAINT HILAIRE,EMEF SAINT HILAIRE,EMEF SAINT HILAIRE,andreia,andreia,SIM,SIM,NA_APLICAVEL,SIM,NAO,SIM,0,1,,andreia,SEM_CARGA_DO_PROGRAMA,ATIVA,LINHA_BASE_PRE_PROGRAMA,ASSESSORADA,TRUE,TRUE,FALSE,TRUE,FALSE,TRUE,FALSE,FALSE,REGRA_TEMPORAL_CONFIRMADA,HOMOLOGADO,2025_1a_avaliacao_formativa_linha_base,2026-07-24_v1,5,Língua Portuguesa,TRUE,TRUE,TRUE,TRUE,TRUE,TRUE,TRUE,TRUE,TRUE,TRUE,Rede municipal direta em 2024,rede_municipal_direta_ou_nao_classificada,rede_municipal_direta,Municipal,Em atividade,FALSE,FALSE,494,22,30,22.454545454545453,16.466666666666665,5.668016194331984,12.261306532663315,3.5175879396984926,33.266331658291456,4,90,Q2,300 a 499 matrículas,TRUE,99,80,80.8080808080808,58.575,26.275,31.3875,42.575,96,89,92.70833333333331,66.92134831460675,12.752808988764045,37.01123595505618,50.764044943820224,84.5,11.900252525252526,8.346348314606743,-13.522191011235954,5.62373595505618,8.189044943820221,-3.0303030303030303,11.25,Aumento de participação igual ou superior a 10 p.p.,4,4,TRUE,TRUE,TRUE,TRUE,0,-3,9,TRUE,TRUE,FALSE,TRUE,FALSE,FALSE,FALSE,FALSE,EMEF SAINT HILAIRE,exata_normalizada,consolidado,,rede_municipal_direta_ou_nao_classificada,0,TRUE,FALSE,FALSE,FALSE,rede_municipal_direta,Rede municipal direta em 2024,codigo_inep_consolidado,2024,Censo Escolar/INEP via Base dos Dados,TRUE,3,,1,0,1,0,,,,300 a 499 matrículas,4,2024,RS,4314902,1,1,1,1,1,0,1,1,995,17,877,494,86,90,124,102,92,383,101,122,122,0,477,518,603,162,169,2,0,59,59,28,31,35,57,53,30,29,56,48,40,22,18,0,,21,0,0,1,1,1,1,1,1,0,1,0,1,1,1,1,0,1,0,0,0,0,1,1,1,1,1,1,,,458,0,2,1,0,0,0,4,TRUE,TRUE,TRUE,TRUE,TRUE,10,9,TRUE,TRUE,1,3,FALSE,FALSE,FALSE,FALSE,FALSE,FALSE,FALSE,Rede municipal direta em 2024,FALSE,,TRUE,FALSE,Rede municipal direta em 2024,FALSE,,TRUE,,sem_revisao_necessaria,,,,Rede municipal direta em 2024,TRUE,TRUE,TRUE,1a_avaliacao_formativa,1a_avaliacao_formativa,linha_base_pre_programa,pos_inicio_programa,regra temporal pre-programa registrada no painel,declaracao formal,,2026-07-24,regra temporal preexistente do projeto,Marian Dante - assessora UEF/SMED,6.202535517187923
ESC_045,43167535,TRUE,EMEF SAO PEDRO,EMEF SAO PEDRO,EMEF SAO PEDRO,marian,marian,SIM,SIM,NA_APLICAVEL,SIM,NAO,SIM,0,1,,marian,SEM_CARGA_DO_PROGRAMA,ATIVA,LINHA_BASE_PRE_PROGRAMA,ASSESSORADA,TRUE,TRUE,FALSE,TRUE,FALSE,TRUE,FALSE,FALSE,REGRA_TEMPORAL_CONFIRMADA,HOMOLOGADO,2025_1a_avaliacao_formativa_linha_base,2026-07-24_v1,5,Língua Portuguesa,TRUE,TRUE,TRUE,TRUE,TRUE,TRUE,TRUE,TRUE,TRUE,TRUE,Rede municipal direta em 2024,rede_municipal_direta_ou_nao_classificada,rede_municipal_direta,Municipal,Em atividade,FALSE,FALSE,477,22,31,21.681818181818183,15.387096774193548,5.031446540880503,6.70611439842209,5.029585798816568,26.52859960552268,4,100,Q3,300 a 499 matrículas,TRUE,107,90,84.11214953271028,65.57777777777778,20.177777777777777,26.666666666666668,53.36666666666667,104,93,89.42307692307692,54.75268817204301,24.795698924731184,44.02150537634409,31.204301075268816,91.5,5.310927390366643,-10.825089605734776,4.617921146953407,17.35483870967742,-22.16236559139785,-2.803738317757009,3.3333333333333335,Sem alerta principal de composição,4,4,TRUE,TRUE,TRUE,TRUE,0,-3,3,TRUE,TRUE,FALSE,FALSE,FALSE,FALSE,FALSE,FALSE,EMEF SAO PEDRO,exata_normalizada,consolidado,,rede_municipal_direta_ou_nao_classificada,0,TRUE,FALSE,FALSE,FALSE,rede_municipal_direta,Rede municipal direta em 2024,codigo_inep_consolidado,2024,Censo Escolar/INEP via Base dos Dados,TRUE,3,,1,0,1,0,,,,300 a 499 matrículas,3,2024,RS,4314902,1,1,1,1,1,0,1,1,1014,25,843,477,98,92,95,94,98,366,146,68,68,0,500,514,503,149,117,2,3,240,54,24,30,51,55,49,31,24,53,45,38,22,16,0,,23,0,4,1,1,1,1,1,1,1,1,1,1,1,1,1,0,0,1,0,0,0,1,1,1,1,1,1,,,3,0,3,3,0,0,0,15,TRUE,TRUE,TRUE,TRUE,TRUE,10,10,TRUE,TRUE,1,3,FALSE,FALSE,FALSE,FALSE,FALSE,FALSE,FALSE,Rede municipal direta em 2024,FALSE,,TRUE,FALSE,Rede municipal direta em 2024,FALSE,,TRUE,,sem_revisao_necessaria,,,,Rede municipal direta em 2024,TRUE,TRUE,TRUE,1a_avaliacao_formativa,1a_avaliacao_formativa,linha_base_pre_programa,pos_inicio_programa,regra temporal pre-programa registrada no painel,declaracao formal,,2026-07-24,regra temporal preexistente do projeto,Marian Dante - assessora UEF/SMED,6.1675164908883415
ESC_046,43107842,TRUE,EMEF SEN ALBERTO PASQUALINI,EMEF SEN ALBERTO PASQUALINI,EMEF SEN ALBERTO PASQUALINI,julia,julia,SIM,SIM,NA_APLICAVEL,SIM,NAO,SIM,0,1,,julia,SEM_CARGA_DO_PROGRAMA,ATIVA,LINHA_BASE_PRE_PROGRAMA,ASSESSORADA,TRUE,TRUE,FALSE,TRUE,FALSE,TRUE,FALSE,FALSE,REGRA_TEMPORAL_CONFIRMADA,HOMOLOGADO,2025_1a_avaliacao_formativa_linha_base,2026-07-24_v1,5,Língua Portuguesa,TRUE,TRUE,TRUE,TRUE,TRUE,TRUE,TRUE,TRUE,TRUE,TRUE,Rede municipal direta em 2024,rede_municipal_direta_ou_nao_classificada,rede_municipal_direta,Municipal,Em atividade,FALSE,FALSE,535,21,32,25.47619047619047,16.71875,17.94392523364486,9.370314842578711,4.72263868065967,31.93403298350825,3,90,Q2,500 matrículas ou mais,TRUE,126,98,77.77777777777777,68.36734693877551,16.418367346938776,27.602040816326532,56.41836734693877,108,88,81.48148148148148,58.14772727272727,26.056818181818183,34.64772727272727,39.29545454545455,93,3.7037037037037095,-10.21961966604824,9.638450834879407,7.045686456400741,-17.122912801484226,-14.285714285714286,-10.20408163265306,Sem alerta principal de composição,5,4,TRUE,TRUE,TRUE,TRUE,-1,-18,-10,TRUE,FALSE,FALSE,FALSE,FALSE,FALSE,FALSE,FALSE,EMEF SEN ALBERTO PASQUALINI,exata_normalizada,consolidado,,rede_municipal_direta_ou_nao_classificada,0,TRUE,FALSE,FALSE,FALSE,rede_municipal_direta,Rede municipal direta em 2024,codigo_inep_consolidado,2024,Censo Escolar/INEP via Base dos Dados,TRUE,3,,1,0,1,0,,,,500 matrículas ou mais,4,2024,RS,4314902,1,0,1,1,1,0,1,1,1334,0,1006,535,74,100,117,133,111,471,328,125,125,0,653,681,726,220,204,1,2,181,141,96,45,63,65,57,32,31,65,45,38,21,17,0,,26,0,8,1,1,1,1,1,1,0,1,0,1,1,1,1,0,1,1,0,0,0,1,1,1,1,1,1,,,326,0,2,3,0,0,0,4,FALSE,TRUE,TRUE,TRUE,TRUE,10,9,TRUE,TRUE,1,3,FALSE,FALSE,FALSE,FALSE,FALSE,FALSE,FALSE,Rede municipal direta em 2024,FALSE,,TRUE,FALSE,Rede municipal direta em 2024,FALSE,,TRUE,,sem_revisao_necessaria,,,,Rede municipal direta em 2024,TRUE,TRUE,TRUE,1a_avaliacao_formativa,1a_avaliacao_formativa,linha_base_pre_programa,pos_inicio_programa,regra temporal pre-programa registrada no painel,declaracao formal,,2026-07-24,regra temporal preexistente do projeto,Marian Dante - assessora UEF/SMED,6.282266746896006
ESC_047,43189253,TRUE,EMEF TIMBAUVA,EMEF TIMBAUVA,EMEF TIMBAUVA,nathalia,nathalia,SIM,SIM,NA_APLICAVEL,SIM,NAO,SIM,0,1,,nathalia,SEM_CARGA_DO_PROGRAMA,ATIVA,LINHA_BASE_PRE_PROGRAMA,ASSESSORADA,TRUE,TRUE,FALSE,TRUE,FALSE,TRUE,FALSE,FALSE,REGRA_TEMPORAL_CONFIRMADA,HOMOLOGADO,2025_1a_avaliacao_formativa_linha_base,2026-07-24_v1,5,Língua Portuguesa,TRUE,TRUE,TRUE,TRUE,TRUE,TRUE,TRUE,TRUE,TRUE,TRUE,Rede municipal direta em 2024,rede_municipal_direta_ou_nao_classificada,rede_municipal_direta,Municipal,Em atividade,FALSE,FALSE,353,15,22,23.533333333333335,16.045454545454547,30.878186968838527,9.295774647887324,0.14084507042253522,39.57746478873239,3,80,Q1 — menor infraestrutura,300 a 499 matrículas,TRUE,71,52,73.2394366197183,50.80769230769231,29,40.30769230769231,31,70,66,94.28571428571428,56.77272727272727,19.924242424242426,39.54545454545455,40.24242424242424,59,21.046277665995987,5.965034965034967,-9.075757575757574,-0.7622377622377599,9.242424242424242,-1.408450704225352,26.923076923076923,Aumento de participação igual ou superior a 10 p.p.,3,3,TRUE,TRUE,TRUE,TRUE,0,-1,14,TRUE,FALSE,FALSE,TRUE,FALSE,FALSE,FALSE,FALSE,EMEF TIMBAUVA,exata_normalizada,consolidado,,rede_municipal_direta_ou_nao_classificada,0,TRUE,FALSE,FALSE,FALSE,rede_municipal_direta,Rede municipal direta em 2024,codigo_inep_consolidado,2024,Censo Escolar/INEP via Base dos Dados,TRUE,3,,1,0,1,0,,,,300 a 499 matrículas,2,2024,RS,4314902,1,1,1,1,1,0,0,1,710,82,628,353,69,63,71,76,74,275,0,66,66,0,333,377,354,99,180,0,2,75,200,109,91,1,48,43,22,23,47,31,27,15,12,0,,27,0,0,1,1,1,1,1,1,0,1,0,1,0,1,1,1,0,0,0,0,1,1,0,1,1,1,1,,,400,2,2,2,0,0,0,6,TRUE,TRUE,TRUE,FALSE,TRUE,10,8,TRUE,FALSE,1,3,FALSE,FALSE,FALSE,FALSE,FALSE,FALSE,FALSE,Rede municipal direta em 2024,FALSE,,TRUE,FALSE,Rede municipal direta em 2024,FALSE,,TRUE,,sem_revisao_necessaria,,,,Rede municipal direta em 2024,TRUE,TRUE,TRUE,1a_avaliacao_formativa,1a_avaliacao_formativa,linha_base_pre_programa,pos_inicio_programa,regra temporal pre-programa registrada no painel,declaracao formal,,2026-07-24,regra temporal preexistente do projeto,Marian Dante - assessora UEF/SMED,5.8664680569332965
ESC_048,43172482,TRUE,EMEF VER ANTONIO GIUDICE,EMEF VER ANTONIO GIUDICE,EMEF VER ANTONIO GIUDICE,clarissa,clarissa,SIM,SIM,NA_APLICAVEL,SIM,NAO,SIM,0,1,,clarissa,SEM_CARGA_DO_PROGRAMA,ATIVA,LINHA_BASE_PRE_PROGRAMA,ASSESSORADA,TRUE,TRUE,FALSE,TRUE,FALSE,TRUE,FALSE,FALSE,REGRA_TEMPORAL_CONFIRMADA,HOMOLOGADO,2025_1a_avaliacao_formativa_linha_base,2026-07-24_v1,5,Língua Portuguesa,TRUE,TRUE,TRUE,TRUE,TRUE,TRUE,TRUE,TRUE,TRUE,TRUE,Rede municipal direta em 2024,rede_municipal_direta_ou_nao_classificada,rede_municipal_direta,Municipal,Em atividade,FALSE,FALSE,404,18,27,22.444444444444443,14.962962962962964,0,9.766022380467955,12.817904374364192,30.824008138351985,3,100,Q3,300 a 499 matrículas,TRUE,55,49,89.0909090909091,76.53061224489795,6.122448979591836,28.40816326530612,65,76,69,90.78947368421052,74.85507246376811,7.72463768115942,30.217391304347824,62.73913043478261,59,1.6985645933014268,-1.6755397811298425,1.6021887015675835,1.8092280390417024,-2.2608695652173907,38.18181818181818,40.81632653061224,Mudança relevante no número de estudantes previstos,2,3,TRUE,TRUE,TRUE,TRUE,1,21,20,TRUE,TRUE,FALSE,FALSE,FALSE,TRUE,FALSE,FALSE,EMEF VER ANTONIO GIUDICE,exata_normalizada,consolidado,,rede_municipal_direta_ou_nao_classificada,0,TRUE,FALSE,FALSE,FALSE,rede_municipal_direta,Rede municipal direta em 2024,codigo_inep_consolidado,2024,Censo Escolar/INEP via Base dos Dados,TRUE,3,,1,0,1,0,,,,300 a 499 matrículas,3,2024,RS,4314902,1,0,1,1,1,0,1,1,983,0,792,404,70,63,98,72,101,388,191,96,96,0,488,495,643,123,176,0,4,37,0,0,0,126,56,49,27,28,56,41,34,18,16,0,,16,0,0,1,1,1,1,1,1,0,1,1,1,1,1,1,0,1,0,0,0,0,1,1,1,1,1,1,,,490,0,0,3,0,0,0,7,FALSE,TRUE,TRUE,TRUE,TRUE,10,10,TRUE,TRUE,1,3,FALSE,FALSE,FALSE,FALSE,FALSE,FALSE,FALSE,Rede municipal direta em 2024,FALSE,,TRUE,FALSE,Rede municipal direta em 2024,FALSE,,TRUE,,sem_revisao_necessaria,,,,Rede municipal direta em 2024,TRUE,TRUE,TRUE,1a_avaliacao_formativa,1a_avaliacao_formativa,linha_base_pre_programa,pos_inicio_programa,regra temporal pre-programa registrada no painel,declaracao formal,,2026-07-24,regra temporal preexistente do projeto,Marian Dante - assessora UEF/SMED,6.0014148779611505
ESC_049,43109080,TRUE,EMEF VER CARLOS PESSOA DE BRUM,EMEF VER CARLOS PESSOA DE BRUM,EMEF VER CARLOS PESSOA DE BRUM,priscila,priscila,SIM,SIM,NA_APLICAVEL,SIM,NAO,SIM,0,1,,priscila,SEM_CARGA_DO_PROGRAMA,ATIVA,LINHA_BASE_PRE_PROGRAMA,ASSESSORADA,TRUE,TRUE,FALSE,TRUE,FALSE,TRUE,FALSE,FALSE,REGRA_TEMPORAL_CONFIRMADA,HOMOLOGADO,2025_1a_avaliacao_formativa_linha_base,2026-07-24_v1,5,Língua Portuguesa,TRUE,TRUE,TRUE,TRUE,TRUE,TRUE,TRUE,TRUE,TRUE,TRUE,Rede municipal direta em 2024,rede_municipal_direta_ou_nao_classificada,rede_municipal_direta,Municipal,Em atividade,FALSE,FALSE,574,22,25,26.09090909090909,22.96,36.23693379790941,6.63265306122449,3.061224489795918,39.625850340136054,4,90,Q2,500 matrículas ou mais,TRUE,110,90,81.81818181818181,59.4,25.677777777777777,25.544444444444444,49.03333333333333,152,123,80.92105263157895,55.333333333333336,24.6260162601626,43.75609756097561,31.642276422764223,106.5,-0.8971291866028679,-4.066666666666663,-1.0517615176151764,18.211653116531167,-17.391056910569105,38.18181818181818,36.666666666666664,Mudança relevante no número de estudantes previstos,4,6,TRUE,TRUE,TRUE,TRUE,2,42,33,TRUE,TRUE,FALSE,FALSE,FALSE,TRUE,FALSE,FALSE,EMEF VER CARLOS PESSOA DE BRUM,exata_normalizada,consolidado,,rede_municipal_direta_ou_nao_classificada,0,TRUE,FALSE,FALSE,FALSE,rede_municipal_direta,Rede municipal direta em 2024,codigo_inep_consolidado,2024,Censo Escolar/INEP via Base dos Dados,TRUE,3,,1,0,1,0,,,,500 matrículas ou mais,4,2024,RS,4314902,1,1,1,1,1,0,1,1,1176,40,1014,574,95,103,130,122,124,440,122,78,78,0,594,582,558,261,199,3,6,149,294,208,86,36,55,49,25,30,53,51,41,22,19,0,,24,0,7,1,1,1,1,1,1,0,1,1,1,1,1,0,1,1,0,0,0,0,1,1,1,1,1,1,,,489,2,3,3,2,1,0,8,TRUE,TRUE,TRUE,TRUE,TRUE,10,9,TRUE,TRUE,1,3,FALSE,FALSE,FALSE,FALSE,FALSE,FALSE,FALSE,Rede municipal direta em 2024,FALSE,,TRUE,FALSE,Rede municipal direta em 2024,FALSE,,TRUE,,sem_revisao_necessaria,,,,Rede municipal direta em 2024,TRUE,TRUE,TRUE,1a_avaliacao_formativa,1a_avaliacao_formativa,linha_base_pre_programa,pos_inicio_programa,regra temporal pre-programa registrada no painel,declaracao formal,,2026-07-24,regra temporal preexistente do projeto,Marian Dante - assessora UEF/SMED,6.352629396319567
ESC_050,43109101,TRUE,EMEF VER MARTIM ARANHA,EMEF VER MARTIM ARANHA,EMEF VER MARTIM ARANHA,priscila,priscila,SIM,SIM,NA_APLICAVEL,SIM,NAO,SIM,0,1,,priscila,SEM_CARGA_DO_PROGRAMA,ATIVA,LINHA_BASE_PRE_PROGRAMA,ASSESSORADA,TRUE,TRUE,FALSE,TRUE,FALSE,TRUE,FALSE,FALSE,REGRA_TEMPORAL_CONFIRMADA,HOMOLOGADO,2025_1a_avaliacao_formativa_linha_base,2026-07-24_v1,5,Língua Portuguesa,TRUE,TRUE,TRUE,TRUE,TRUE,TRUE,TRUE,TRUE,TRUE,TRUE,Rede municipal direta em 2024,rede_municipal_direta_ou_nao_classificada,rede_municipal_direta,Municipal,Em atividade,FALSE,FALSE,333,15,20,22.2,16.65,21.62162162162162,10.66481994459834,1.8005540166204983,45.15235457063712,4,90,Q2,300 a 499 matrículas,TRUE,76,63,82.89473684210526,62.77777777777778,17.682539682539684,35.06349206349206,47.58730158730159,63,55,87.3015873015873,46.32727272727273,33.27272727272727,51.4,15.327272727272728,59,4.406850459482044,-16.45050505050505,15.59018759018759,16.336507936507935,-32.26002886002886,-17.105263157894736,-12.698412698412698,Sem alerta principal de composição,3,3,TRUE,TRUE,TRUE,TRUE,0,-13,-8,TRUE,TRUE,FALSE,FALSE,FALSE,FALSE,FALSE,FALSE,EMEF VER MARTIM ARANHA,exata_normalizada,consolidado,,rede_municipal_direta_ou_nao_classificada,0,TRUE,FALSE,FALSE,FALSE,rede_municipal_direta,Rede municipal direta em 2024,codigo_inep_consolidado,2024,Censo Escolar/INEP via Base dos Dados,TRUE,3,,1,0,1,0,,,,300 a 499 matrículas,2,2024,RS,4314902,1,1,1,1,1,0,1,1,722,39,575,333,65,67,74,64,63,242,108,77,77,0,365,357,373,167,157,1,2,22,100,72,28,13,43,35,20,18,42,33,26,15,11,0,,20,0,0,1,1,1,1,1,1,0,1,1,1,1,1,0,1,1,1,0,1,0,1,1,1,1,1,1,,,351,3,2,1,1,1,0,6,TRUE,TRUE,TRUE,TRUE,TRUE,10,9,TRUE,TRUE,1,3,FALSE,FALSE,FALSE,FALSE,FALSE,FALSE,FALSE,Rede municipal direta em 2024,FALSE,,TRUE,FALSE,Rede municipal direta em 2024,FALSE,,TRUE,,sem_revisao_necessaria,,,,Rede municipal direta em 2024,TRUE,TRUE,TRUE,1a_avaliacao_formativa,1a_avaliacao_formativa,linha_base_pre_programa,pos_inicio_programa,regra temporal pre-programa registrada no painel,declaracao formal,,2026-07-24,regra temporal preexistente do projeto,Marian Dante - assessora UEF/SMED,5.808142489980444
ESC_051,43175120,TRUE,EMEF VILA MONTE CRISTO,EMEF VILA MONTE CRISTO,EMEF VILA MONTE CRISTO,graziela,graziela,SIM,SIM,NA_APLICAVEL,SIM,NAO,SIM,0,1,,graziela,SEM_CARGA_DO_PROGRAMA,ATIVA,LINHA_BASE_PRE_PROGRAMA,ASSESSORADA,TRUE,TRUE,FALSE,TRUE,FALSE,TRUE,FALSE,FALSE,REGRA_TEMPORAL_CONFIRMADA,HOMOLOGADO,2025_1a_avaliacao_formativa_linha_base,2026-07-24_v1,5,Língua Portuguesa,TRUE,TRUE,TRUE,TRUE,TRUE,TRUE,TRUE,TRUE,TRUE,TRUE,Rede municipal direta em 2024,rede_municipal_direta_ou_nao_classificada,rede_municipal_direta,Municipal,Em atividade,FALSE,FALSE,454,20,29,22.7,15.655172413793103,6.387665198237886,11.580882352941176,3.4926470588235294,30.514705882352946,4,70,Q1 — menor infraestrutura,300 a 499 matrículas,TRUE,89,62,69.66292134831461,77.41935483870968,9.870967741935484,16,74.12903225806451,84,73,86.9047619047619,69.04109589041096,13.753424657534246,36.97260273972603,49.273972602739725,67.5,17.241840556447286,-8.378258948298722,3.8824569155987625,20.972602739726028,-24.855059655324787,-5.617977528089888,17.741935483870968,Aumento de participação igual ou superior a 10 p.p.,4,4,TRUE,TRUE,TRUE,TRUE,0,-5,11,FALSE,FALSE,FALSE,TRUE,FALSE,FALSE,FALSE,FALSE,EMEF VILA MONTE CRISTO,exata_normalizada,consolidado,,rede_municipal_direta_ou_nao_classificada,0,TRUE,FALSE,FALSE,FALSE,rede_municipal_direta,Rede municipal direta em 2024,codigo_inep_consolidado,2024,Censo Escolar/INEP via Base dos Dados,TRUE,3,,1,0,1,0,,,,300 a 499 matrículas,3,2024,RS,4314902,1,1,1,1,1,0,1,1,1088,48,845,454,89,87,89,86,103,391,195,126,126,0,509,579,711,158,171,1,3,44,89,29,60,38,63,52,29,29,61,50,38,20,18,0,,36,1,0,1,1,1,0,1,1,1,0,1,1,0,1,1,1,0,1,0,0,0,1,0,1,1,1,1,,,460,11,3,3,1,2,0,11,TRUE,TRUE,TRUE,TRUE,TRUE,10,7,TRUE,TRUE,1,3,FALSE,FALSE,FALSE,FALSE,FALSE,FALSE,FALSE,Rede municipal direta em 2024,FALSE,,TRUE,FALSE,Rede municipal direta em 2024,FALSE,,TRUE,,sem_revisao_necessaria,,,,Rede municipal direta em 2024,TRUE,TRUE,TRUE,1a_avaliacao_formativa,1a_avaliacao_formativa,linha_base_pre_programa,pos_inicio_programa,regra temporal pre-programa registrada no painel,declaracao formal,,2026-07-24,regra temporal preexistente do projeto,Marian Dante - assessora UEF/SMED,6.118097198041348
ESC_052,43173721,TRUE,EMEF WENCESLAU FONTOURA,EMEF WENCESLAU FONTOURA,EMEF WENCESLAU FONTOURA,eliane,eliane,SIM,SIM,NA_APLICAVEL,SIM,NAO,SIM,0,1,,eliane,SEM_CARGA_DO_PROGRAMA,ATIVA,LINHA_BASE_PRE_PROGRAMA,ASSESSORADA,TRUE,TRUE,FALSE,TRUE,FALSE,TRUE,FALSE,FALSE,REGRA_TEMPORAL_CONFIRMADA,HOMOLOGADO,2025_1a_avaliacao_formativa_linha_base,2026-07-24_v1,5,Língua Portuguesa,TRUE,TRUE,TRUE,TRUE,TRUE,TRUE,TRUE,TRUE,TRUE,TRUE,Rede municipal direta em 2024,rede_municipal_direta_ou_nao_classificada,rede_municipal_direta,Municipal,Em atividade,FALSE,FALSE,446,17,25,26.235294117647054,17.84,34.75336322869955,9.976525821596244,0.5868544600938967,38.14553990610329,3,90,Q2,300 a 499 matrículas,TRUE,83,60,72.28915662650603,51,33.6,33.4,33.2,82,74,90.2439024390244,51.891891891891895,34.62162162162162,27.43243243243243,38.027027027027025,67,17.954745812518368,0.8918918918918948,1.0216216216216196,-5.967567567567567,4.827027027027022,-1.2048192771084338,23.333333333333332,Aumento de participação igual ou superior a 10 p.p.,3,3,TRUE,TRUE,TRUE,TRUE,0,-1,14,TRUE,FALSE,FALSE,TRUE,FALSE,FALSE,FALSE,FALSE,EMEF WENCESLAU FONTOURA,exata_normalizada,consolidado,,rede_municipal_direta_ou_nao_classificada,0,TRUE,FALSE,FALSE,FALSE,rede_municipal_direta,Rede municipal direta em 2024,codigo_inep_consolidado,2024,Censo Escolar/INEP via Base dos Dados,TRUE,3,,1,0,1,0,,,,300 a 499 matrículas,3,2024,RS,4314902,1,1,1,1,1,0,0,1,852,80,772,446,98,104,78,81,85,326,0,85,85,0,437,415,503,157,167,0,1,24,261,155,106,5,45,43,25,21,43,33,29,17,12,0,,27,1,0,1,1,1,1,1,1,0,0,1,1,1,1,1,1,1,0,1,0,0,1,1,1,1,1,1,,,400,0,3,2,2,1,0,5,TRUE,TRUE,TRUE,FALSE,TRUE,10,9,TRUE,TRUE,1,3,FALSE,FALSE,FALSE,FALSE,FALSE,FALSE,FALSE,Rede municipal direta em 2024,FALSE,,TRUE,FALSE,Rede municipal direta em 2024,FALSE,,TRUE,,sem_revisao_necessaria,,,,Rede municipal direta em 2024,TRUE,TRUE,TRUE,1a_avaliacao_formativa,1a_avaliacao_formativa,linha_base_pre_programa,pos_inicio_programa,regra temporal pre-programa registrada no painel,declaracao formal,,2026-07-24,regra temporal preexistente do projeto,Marian Dante - assessora UEF/SMED,6.100318952020064
ESC_053,43105246,TRUE,EMEM EMILIO MEYER,EMEM EMILIO MEYER,EMEM EMILIO MEYER,ruti,ruti,SIM,SIM,NA_APLICAVEL,SIM,NAO,SIM,0,1,,ruti,SEM_CARGA_DO_PROGRAMA,ATIVA,LINHA_BASE_PRE_PROGRAMA,ASSESSORADA,TRUE,TRUE,FALSE,TRUE,FALSE,TRUE,FALSE,FALSE,REGRA_TEMPORAL_CONFIRMADA,HOMOLOGADO,2025_1a_avaliacao_formativa_linha_base,2026-07-24_v1,5,Língua Portuguesa,TRUE,TRUE,TRUE,TRUE,TRUE,TRUE,TRUE,TRUE,TRUE,TRUE,Rede municipal direta em 2024,rede_municipal_direta_ou_nao_classificada,rede_municipal_direta,Municipal,Em atividade,FALSE,FALSE,377,18,27,20.944444444444443,13.962962962962964,0.7957559681697612,9.70873786407767,4.854368932038835,35.19417475728155,3,90,Q2,300 a 499 matrículas,TRUE,68,58,85.29411764705883,58.793103448275865,31.379310344827587,18.93103448275862,50,66,60,90.9090909090909,63.56666666666667,22.833333333333332,30,47.166666666666664,59,5.6149732620320805,4.773563218390805,-8.545977011494255,11.06896551724138,-2.8333333333333357,-2.9411764705882355,3.4482758620689653,Sem alerta principal de composição,3,3,TRUE,TRUE,TRUE,TRUE,0,-2,2,TRUE,TRUE,FALSE,FALSE,FALSE,FALSE,FALSE,FALSE,EMEM EMILIO MEYER,exata_normalizada,consolidado,,rede_municipal_direta_ou_nao_classificada,0,TRUE,FALSE,FALSE,FALSE,rede_municipal_direta,Rede municipal direta em 2024,codigo_inep_consolidado,2024,Censo Escolar/INEP via Base dos Dados,TRUE,3,,1,0,1,0,,,,300 a 499 matrículas,2,2024,RS,4314902,1,1,1,1,1,1,0,1,824,102,533,377,81,75,80,71,70,156,0,80,80,0,445,379,487,166,123,0,1,47,3,3,0,40,66,40,27,16,66,43,26,18,8,0,,35,0,2,1,1,1,1,1,1,0,1,1,0,0,1,1,0,1,1,0,0,0,1,1,1,1,1,1,,,480,0,1,3,0,0,0,9,TRUE,TRUE,TRUE,FALSE,TRUE,10,9,TRUE,TRUE,1,3,FALSE,FALSE,FALSE,FALSE,FALSE,FALSE,FALSE,Rede municipal direta em 2024,FALSE,,TRUE,FALSE,Rede municipal direta em 2024,FALSE,,TRUE,,sem_revisao_necessaria,,,,Rede municipal direta em 2024,TRUE,TRUE,TRUE,1a_avaliacao_formativa,1a_avaliacao_formativa,linha_base_pre_programa,pos_inicio_programa,regra temporal pre-programa registrada no painel,declaracao formal,,2026-07-24,regra temporal preexistente do projeto,Marian Dante - assessora UEF/SMED,5.932245187448011
ESC_054,43106668,TRUE,ESC EST ENS FUN PROFESSORA LEOPOLDA BARNEWITZ,ESC EST ENS FUN PROFESSORA LEOPOLDA BARNEWITZ,ESC EST ENS FUN PROFESSORA LEOPOLDA BARNEWITZ,julia,julia,SIM,SIM,NA_APLICAVEL,SIM,NAO,SIM,0,1,,julia,SEM_CARGA_DO_PROGRAMA,ATIVA,LINHA_BASE_PRE_PROGRAMA,ASSESSORADA,TRUE,TRUE,FALSE,TRUE,FALSE,TRUE,FALSE,FALSE,REGRA_TEMPORAL_CONFIRMADA,HOMOLOGADO,2025_1a_avaliacao_formativa_linha_base,2026-07-24_v1,5,Língua Portuguesa,TRUE,TRUE,TRUE,TRUE,FALSE,FALSE,TRUE,FALSE,FALSE,TRUE,"Estadual em 2024, municipalizada posteriormente",municipalizada_apos_2024,rede_municipal_direta,Estadual,Em atividade,TRUE,FALSE,154,8,17,19.25,9.058823529411764,100,5.194805194805195,0,32.467532467532465,1,60,Q1 — menor infraestrutura,150 a 299 matrículas,TRUE,25,21,84,72,19,19,62,20,19,95,73,16,26,58,20,11,1,-3,7,-4,-20,-9.523809523809524,Mudança relevante no público previsto e aumento de participação,1,1,TRUE,TRUE,TRUE,TRUE,0,-5,-2,TRUE,TRUE,FALSE,TRUE,FALSE,TRUE,FALSE,TRUE,ESC EST ENS FUN PROFESSORA LEOPOLDA BARNEWITZ,exata_normalizada,consolidado,,municipalizada_apos_2024,0,TRUE,FALSE,TRUE,FALSE,rede_municipal_direta,"Escola pertencente e em funcionamento normal na rede estadual durante 2024. Foi municipalizada em janeiro de 2025 e passou a operar como escola da rede municipal direta, em regime de tempo integral. Para o contexto pré-programa de 2024 deve permanecer classificada como estadual; para 2025 em diante deve ser tratada como municipalizada recentemente e integrante da rede municipal direta.",codigo_inep_consolidado,2024,Censo Escolar/INEP via Base dos Dados,TRUE,2,,1,0,1,0,,,,150 a 299 matrículas,1,2024,RS,4314902,1,0,1,1,0,0,0,1,154,0,154,154,44,23,24,28,35,0,0,8,8,0,79,75,101,22,28,0,0,3,154,154,0,0,17,17,17,0,16,8,8,8,0,8,,17,0,0,1,1,1,1,0,0,0,0,0,1,1,1,1,0,0,0,0,0,1,1,0,1,1,1,1,,,30,0,0,0,0,0,5,2,FALSE,TRUE,FALSE,FALSE,TRUE,10,6,FALSE,FALSE,1,2,FALSE,FALSE,FALSE,FALSE,FALSE,FALSE,FALSE,Situação administrativa a examinar,FALSE,,TRUE,FALSE,Rede estadual em 2024,TRUE,"Censo 2024 registra dependência estadual, mas o cadastro local classifica como rede municipal direta",TRUE,Dependência estadual no Censo 2024,confirmar_com_ressalva,municipalizada_apos_2024,rede_municipal_direta,"Escola pertencente e em funcionamento normal na rede estadual durante 2024. Foi municipalizada em janeiro de 2025 e passou a operar como escola da rede municipal direta, em regime de tempo integral. Para o contexto pré-programa de 2024 deve permanecer classificada como estadual; para 2025 em diante deve ser tratada como municipalizada recentemente e integrante da rede municipal direta.","Escola pertencente e em funcionamento normal na rede estadual durante 2024. Foi municipalizada em janeiro de 2025 e passou a operar como escola da rede municipal direta, em regime de tempo integral. Para o contexto pré-programa de 2024 deve permanecer classificada como estadual; para 2025 em diante deve ser tratada como municipalizada recentemente e integrante da rede municipal direta.",TRUE,TRUE,TRUE,1a_avaliacao_formativa,1a_avaliacao_formativa,linha_base_pre_programa,pos_inicio_programa,regra temporal pre-programa registrada no painel,declaracao formal,,2026-07-24,regra temporal preexistente do projeto,Marian Dante - assessora UEF/SMED,5.0369526024136295
ESC_055,43105300,TRUE,ESCOLA DE ENSINO FUNDAMENTAL MADRE RAFFO,7028 ESCOLA DE ENSINO FUNDAMENTAL MADRE RAFFO,ESCOLA DE ENSINO FUNDAMENTAL MADRE RAFFO,outras,outras,SIM,SIM,NA_APLICAVEL,NAO,NAO,NAO,0,0,,,SEM_CARGA_DO_PROGRAMA,ZERO_OU_TENDENTE_A_ZERO,LINHA_BASE_PRE_PROGRAMA,NAO_EXPOSTA_INELEGIVEL,TRUE,TRUE,FALSE,FALSE,FALSE,FALSE,FALSE,TRUE,REGRA_TEMPORAL_CONFIRMADA,HOMOLOGADO,2025_1a_avaliacao_formativa_linha_base,2026-07-24_v1,5,Língua Portuguesa,TRUE,TRUE,TRUE,TRUE,FALSE,TRUE,FALSE,FALSE,TRUE,FALSE,Privada conveniada ou supervisionada,privada_conveniada_sob_supervisao_municipal,fora_da_rede_municipal_direta,Privada,Em atividade,FALSE,TRUE,159,8,13,19.875,12.23076923076923,0,4.406779661016949,0,5.762711864406779,3,80,Q1 — menor infraestrutura,150 a 299 matrículas,TRUE,10,10,100,81,0,30,70,5,5,100,88,0,20,80,7.5,0,7,0,-10,10,-50,-50,Mudança relevante no número de estudantes previstos,1,1,TRUE,TRUE,TRUE,TRUE,0,-5,-5,TRUE,TRUE,TRUE,FALSE,FALSE,TRUE,TRUE,TRUE,ESCOLA DE ENSINO FUNDAMENTAL MADRE RAFFO,exata_normalizada,consolidado,,privada_conveniada_sob_supervisao_municipal,0,TRUE,FALSE,FALSE,FALSE,fora_da_rede_municipal_direta,"Escola da rede privada comunitária, vinculada ao grupo Horto de Ensino, conveniada com a Prefeitura de Porto Alegre para atendimento da demanda por vagas públicas. Não possui docentes cedidos pelo poder público, mas integra a supervisão programática da SMED e o acompanhamento dos resultados das avaliações municipais. Mantém parceria com a Prefeitura ao menos desde 2020, em situação semelhante à Pequena Casa da Criança e à Aldeia Lumiar. Deve ser classificada como instituição privada conveniada ou supervisionada, fora da rede municipal direta, mas incluída no universo municipal ampliado quando pertinente.",codigo_inep_consolidado,2024,Censo Escolar/INEP via Base dos Dados,TRUE,4,4,1,0,1,1,1,,,150 a 299 matrículas,1,2024,RS,4314902,,1,1,1,1,0,0,1,295,37,258,159,36,36,20,39,28,99,0,13,13,0,149,146,218,4,13,0,0,60,0,0,0,0,21,19,13,10,18,14,12,8,4,0,,9,9,5,1,1,1,1,1,1,0,0,1,1,1,1,0,1,1,1,1,0,0,1,1,1,0,0,1,,,0,0,1,0,1,1,1,2,TRUE,TRUE,TRUE,FALSE,TRUE,10,8,TRUE,TRUE,1,4,FALSE,FALSE,FALSE,FALSE,FALSE,FALSE,FALSE,Situação administrativa a examinar,FALSE,,TRUE,FALSE,Privada sem vínculo municipal classificado,TRUE,"Censo 2024 registra dependência privada, mas o cadastro local classifica como rede municipal direta",TRUE,Dependência privada no Censo 2024,corrigir,privada_conveniada_sob_supervisao_municipal,fora_da_rede_municipal_direta,"Escola da rede privada comunitária, vinculada ao grupo Horto de Ensino, conveniada com a Prefeitura de Porto Alegre para atendimento da demanda por vagas públicas. Não possui docentes cedidos pelo poder público, mas integra a supervisão programática da SMED e o acompanhamento dos resultados das avaliações municipais. Mantém parceria com a Prefeitura ao menos desde 2020, em situação semelhante à Pequena Casa da Criança e à Aldeia Lumiar. Deve ser classificada como instituição privada conveniada ou supervisionada, fora da rede municipal direta, mas incluída no universo municipal ampliado quando pertinente.","Escola da rede privada comunitária, vinculada ao grupo Horto de Ensino, conveniada com a Prefeitura de Porto Alegre para atendimento da demanda por vagas públicas. Não possui docentes cedidos pelo poder público, mas integra a supervisão programática da SMED e o acompanhamento dos resultados das avaliações municipais. Mantém parceria com a Prefeitura ao menos desde 2020, em situação semelhante à Pequena Casa da Criança e à Aldeia Lumiar. Deve ser classificada como instituição privada conveniada ou supervisionada, fora da rede municipal direta, mas incluída no universo municipal ampliado quando pertinente.",TRUE,TRUE,TRUE,1a_avaliacao_formativa,1a_avaliacao_formativa,linha_base_pre_programa,pos_inicio_programa,regra temporal pre-programa registrada no painel,declaracao formal,,2026-07-24,regra temporal preexistente do projeto,Marian Dante - assessora UEF/SMED,5.0689042022202315
