fonte,ano,ano_escolar,nome_original,nome_sem_codigo,chave_nome,arquivo_origem,nome_vinculo_original,assessora,status_correspondencia
CAEd,2025,1,6001 EEF PEQUENA CASA DA CRIANCA,EEF PEQUENA CASA DA CRIANCA,EEF PEQUENA CASA DA CRIANCA,2025_1av_form_HABILIDADES_DESEMPENHO_TURMA_01anos_LP.csv,6001 EEF PEQUENA CASA DA CRIANCA,outras,exata_normalizada
CAEd,2025,2,6001 EEF PEQUENA CASA DA CRIANCA,EEF PEQUENA CASA DA CRIANCA,EEF PEQUENA CASA DA CRIANCA,2025_1av_form_HABILIDADES_DESEMPENHO_TURMA_02anos_LP.csv,6001 EEF PEQUENA CASA DA CRIANCA,outras,exata_normalizada
CAEd,2025,3,6001 EEF PEQUENA CASA DA CRIANCA,EEF PEQUENA CASA DA CRIANCA,EEF PEQUENA CASA DA CRIANCA,2025_1av_form_HABILIDADES_DESEMPENHO_TURMA_03anos_LP.csv,6001 EEF PEQUENA CASA DA CRIANCA,outras,exata_normalizada
CAEd,2025,4,6001 EEF PEQUENA CASA DA CRIANCA,EEF PEQUENA CASA DA CRIANCA,EEF PEQUENA CASA DA CRIANCA,2025_1av_form_HABILIDADES_DESEMPENHO_TURMA_04anos_LP.csv,6001 EEF PEQUENA CASA DA CRIANCA,outras,exata_normalizada
CAEd,2025,5,6001 EEF PEQUENA CASA DA CRIANCA,EEF PEQUENA CASA DA CRIANCA,EEF PEQUENA CASA DA CRIANCA,2025_1av_form_HABILIDADES_DESEMPENHO_TURMA_05anos_LP.csv,6001 EEF PEQUENA CASA DA CRIANCA,outras,exata_normalizada
CAEd,2026,1,6001 EEF PEQUENA CASA DA CRIANCA,EEF PEQUENA CASA DA CRIANCA,EEF PEQUENA CASA DA CRIANCA,2026_1av_form_HABILIDADES_DESEMPENHO_TURMA_01anos_LP.csv,6001 EEF PEQUENA CASA DA CRIANCA,outras,exata_normalizada
CAEd,2026,2,6001 EEF PEQUENA CASA DA CRIANCA,EEF PEQUENA CASA DA CRIANCA,EEF PEQUENA CASA DA CRIANCA,2026_1av_form_HABILIDADES_DESEMPENHO_TURMA_02anos_LP.csv,6001 EEF PEQUENA CASA DA CRIANCA,outras,exata_normalizada
CAEd,2026,3,6001 EEF PEQUENA CASA DA CRIANCA,EEF PEQUENA CASA DA CRIANCA,EEF PEQUENA CASA DA CRIANCA,2026_1av_form_HABILIDADES_DESEMPENHO_TURMA_03anos_LP.csv,6001 EEF PEQUENA CASA DA CRIANCA,outras,exata_normalizada
CAEd,2026,4,6001 EEF PEQUENA CASA DA CRIANCA,EEF PEQUENA CASA DA CRIANCA,EEF PEQUENA CASA DA CRIANCA,2026_1av_form_HABILIDADES_DESEMPENHO_TURMA_04anos_LP.csv,6001 EEF PEQUENA CASA DA CRIANCA,outras,exata_normalizada
CAEd,2026,5,6001 EEF PEQUENA CASA DA CRIANCA,EEF PEQUENA CASA DA CRIANCA,EEF PEQUENA CASA DA CRIANCA,2026_1av_form_HABILIDADES_DESEMPENHO_TURMA_05anos_LP.csv,6001 EEF PEQUENA CASA DA CRIANCA,outras,exata_normalizada
CAEd,2025,1,6002 EEF ALDEIA LUMIAR,EEF ALDEIA LUMIAR,EEF ALDEIA LUMIAR,2025_1av_form_HABILIDADES_DESEMPENHO_TURMA_01anos_LP.csv,,,nao_correspondida
CAEd,2025,2,6002 EEF ALDEIA LUMIAR,EEF ALDEIA LUMIAR,EEF ALDEIA LUMIAR,2025_1av_form_HABILIDADES_DESEMPENHO_TURMA_02anos_LP.csv,,,nao_correspondida
CAEd,2025,3,6002 EEF ALDEIA LUMIAR,EEF ALDEIA LUMIAR,EEF ALDEIA LUMIAR,2025_1av_form_HABILIDADES_DESEMPENHO_TURMA_03anos_LP.csv,,,nao_correspondida
CAEd,2025,4,6002 EEF ALDEIA LUMIAR,EEF ALDEIA LUMIAR,EEF ALDEIA LUMIAR,2025_1av_form_HABILIDADES_DESEMPENHO_TURMA_04anos_LP.csv,,,nao_correspondida
CAEd,2025,5,6002 EEF ALDEIA LUMIAR,EEF ALDEIA LUMIAR,EEF ALDEIA LUMIAR,2025_1av_form_HABILIDADES_DESEMPENHO_TURMA_05anos_LP.csv,,,nao_correspondida
CAEd,2026,1,6002 EEF ALDEIA LUMIAR,EEF ALDEIA LUMIAR,EEF ALDEIA LUMIAR,2026_1av_form_HABILIDADES_DESEMPENHO_TURMA_01anos_LP.csv,,,nao_correspondida
CAEd,2026,1,7028 ESCOLA DE ENSINO FUNDAMENTAL MADRE RAFFO,ESCOLA DE ENSINO FUNDAMENTAL MADRE RAFFO,ESCOLA DE ENSINO FUNDAMENTAL MADRE RAFFO,2026_1av_form_HABILIDADES_DESEMPENHO_TURMA_01anos_LP.csv,7028 ESCOLA DE ENSINO FUNDAMENTAL MADRE RAFFO,outras,exata_normalizada
CAEd,2026,2,7028 ESCOLA DE ENSINO FUNDAMENTAL MADRE RAFFO,ESCOLA DE ENSINO FUNDAMENTAL MADRE RAFFO,ESCOLA DE ENSINO FUNDAMENTAL MADRE RAFFO,2026_1av_form_HABILIDADES_DESEMPENHO_TURMA_02anos_LP.csv,7028 ESCOLA DE ENSINO FUNDAMENTAL MADRE RAFFO,outras,exata_normalizada
CAEd,2026,3,7028 ESCOLA DE ENSINO FUNDAMENTAL MADRE RAFFO,ESCOLA DE ENSINO FUNDAMENTAL MADRE RAFFO,ESCOLA DE ENSINO FUNDAMENTAL MADRE RAFFO,2026_1av_form_HABILIDADES_DESEMPENHO_TURMA_03anos_LP.csv,7028 ESCOLA DE ENSINO FUNDAMENTAL MADRE RAFFO,outras,exata_normalizada
CAEd,2026,4,7028 ESCOLA DE ENSINO FUNDAMENTAL MADRE RAFFO,ESCOLA DE ENSINO FUNDAMENTAL MADRE RAFFO,ESCOLA DE ENSINO FUNDAMENTAL MADRE RAFFO,2026_1av_form_HABILIDADES_DESEMPENHO_TURMA_04anos_LP.csv,7028 ESCOLA DE ENSINO FUNDAMENTAL MADRE RAFFO,outras,exata_normalizada
CAEd,2026,5,7028 ESCOLA DE ENSINO FUNDAMENTAL MADRE RAFFO,ESCOLA DE ENSINO FUNDAMENTAL MADRE RAFFO,ESCOLA DE ENSINO FUNDAMENTAL MADRE RAFFO,2026_1av_form_HABILIDADES_DESEMPENHO_TURMA_05anos_LP.csv,7028 ESCOLA DE ENSINO FUNDAMENTAL MADRE RAFFO,outras,exata_normalizada
CAEd,2025,1,EMEB DR LIBERATO SALZANO VIEIRA DA CUNHA,EMEB DR LIBERATO SALZANO VIEIRA DA CUNHA,EMEB DR LIBERATO SALZANO VIEIRA DA CUNHA,2025_1av_form_HABILIDADES_DESEMPENHO_TURMA_01anos_LP.csv,EMEB DR LIBERATO SALZANO VIEIRA DA CUNHA,clarissa,exata_normalizada
CAEd,2025,2,EMEB DR LIBERATO SALZANO VIEIRA DA CUNHA,EMEB DR LIBERATO SALZANO VIEIRA DA CUNHA,EMEB DR LIBERATO SALZANO VIEIRA DA CUNHA,2025_1av_form_HABILIDADES_DESEMPENHO_TURMA_02anos_LP.csv,EMEB DR LIBERATO SALZANO VIEIRA DA CUNHA,clarissa,exata_normalizada
CAEd,2025,3,EMEB DR LIBERATO SALZANO VIEIRA DA CUNHA,EMEB DR LIBERATO SALZANO VIEIRA DA CUNHA,EMEB DR LIBERATO SALZANO VIEIRA DA CUNHA,2025_1av_form_HABILIDADES_DESEMPENHO_TURMA_03anos_LP.csv,EMEB DR LIBERATO SALZANO VIEIRA DA CUNHA,clarissa,exata_normalizada
CAEd,2025,4,EMEB DR LIBERATO SALZANO VIEIRA DA CUNHA,EMEB DR LIBERATO SALZANO VIEIRA DA CUNHA,EMEB DR LIBERATO SALZANO VIEIRA DA CUNHA,2025_1av_form_HABILIDADES_DESEMPENHO_TURMA_04anos_LP.csv,EMEB DR LIBERATO SALZANO VIEIRA DA CUNHA,clarissa,exata_normalizada
CAEd,2025,5,EMEB DR LIBERATO SALZANO VIEIRA DA CUNHA,EMEB DR LIBERATO SALZANO VIEIRA DA CUNHA,EMEB DR LIBERATO SALZANO VIEIRA DA CUNHA,2025_1av_form_HABILIDADES_DESEMPENHO_TURMA_05anos_LP.csv,EMEB DR LIBERATO SALZANO VIEIRA DA CUNHA,clarissa,exata_normalizada
CAEd,2026,1,EMEB DR LIBERATO SALZANO VIEIRA DA CUNHA,EMEB DR LIBERATO SALZANO VIEIRA DA CUNHA,EMEB DR LIBERATO SALZANO VIEIRA DA CUNHA,2026_1av_form_HABILIDADES_DESEMPENHO_TURMA_01anos_LP.csv,EMEB DR LIBERATO SALZANO VIEIRA DA CUNHA,clarissa,exata_normalizada
CAEd,2026,2,EMEB DR LIBERATO SALZANO VIEIRA DA CUNHA,EMEB DR LIBERATO SALZANO VIEIRA DA CUNHA,EMEB DR LIBERATO SALZANO VIEIRA DA CUNHA,2026_1av_form_HABILIDADES_DESEMPENHO_TURMA_02anos_LP.csv,EMEB DR LIBERATO SALZANO VIEIRA DA CUNHA,clarissa,exata_normalizada
CAEd,2026,3,EMEB DR LIBERATO SALZANO VIEIRA DA CUNHA,EMEB DR LIBERATO SALZANO VIEIRA DA CUNHA,EMEB DR LIBERATO SALZANO VIEIRA DA CUNHA,2026_1av_form_HABILIDADES_DESEMPENHO_TURMA_03anos_LP.csv,EMEB DR LIBERATO SALZANO VIEIRA DA CUNHA,clarissa,exata_normalizada
CAEd,2026,4,EMEB DR LIBERATO SALZANO VIEIRA DA CUNHA,EMEB DR LIBERATO SALZANO VIEIRA DA CUNHA,EMEB DR LIBERATO SALZANO VIEIRA DA CUNHA,2026_1av_form_HABILIDADES_DESEMPENHO_TURMA_04anos_LP.csv,EMEB DR LIBERATO SALZANO VIEIRA DA CUNHA,clarissa,exata_normalizada
CAEd,2026,5,EMEB DR LIBERATO SALZANO VIEIRA DA CUNHA,EMEB DR LIBERATO SALZANO VIEIRA DA CUNHA,EMEB DR LIBERATO SALZANO VIEIRA DA CUNHA,2026_1av_form_HABILIDADES_DESEMPENHO_TURMA_05anos_LP.csv,EMEB DR LIBERATO SALZANO VIEIRA DA CUNHA,clarissa,exata_normalizada
CAEd,2025,1,EMEB PROFESSORA LEOPOLDA BARNEWITZ,EMEB PROFESSORA LEOPOLDA BARNEWITZ,EMEB PROFESSORA LEOPOLDA BARNEWITZ,2025_1av_form_HABILIDADES_DESEMPENHO_TURMA_01anos_LP.csv,,,nao_correspondida
CAEd,2025,2,EMEB PROFESSORA LEOPOLDA BARNEWITZ,EMEB PROFESSORA LEOPOLDA BARNEWITZ,EMEB PROFESSORA LEOPOLDA BARNEWITZ,2025_1av_form_HABILIDADES_DESEMPENHO_TURMA_02anos_LP.csv,,,nao_correspondida
CAEd,2025,3,EMEB PROFESSORA LEOPOLDA BARNEWITZ,EMEB PROFESSORA LEOPOLDA BARNEWITZ,EMEB PROFESSORA LEOPOLDA BARNEWITZ,2025_1av_form_HABILIDADES_DESEMPENHO_TURMA_03anos_LP.csv,,,nao_correspondida
CAEd,2025,4,EMEB PROFESSORA LEOPOLDA BARNEWITZ,EMEB PROFESSORA LEOPOLDA BARNEWITZ,EMEB PROFESSORA LEOPOLDA BARNEWITZ,2025_1av_form_HABILIDADES_DESEMPENHO_TURMA_04anos_LP.csv,,,nao_correspondida
CAEd,2025,5,EMEB PROFESSORA LEOPOLDA BARNEWITZ,EMEB PROFESSORA LEOPOLDA BARNEWITZ,EMEB PROFESSORA LEOPOLDA BARNEWITZ,2025_1av_form_HABILIDADES_DESEMPENHO_TURMA_05anos_LP.csv,,,nao_correspondida
CAEd,2025,1,EMEF AFONSO GUERREIRO LIMA,EMEF AFONSO GUERREIRO LIMA,EMEF AFONSO GUERREIRO LIMA,2025_1av_form_HABILIDADES_DESEMPENHO_TURMA_01anos_LP.csv,EMEF AFONSO GUERREIRO LIMA,graziela,exata_normalizada
CAEd,2025,2,EMEF AFONSO GUERREIRO LIMA,EMEF AFONSO GUERREIRO LIMA,EMEF AFONSO GUERREIRO LIMA,2025_1av_form_HABILIDADES_DESEMPENHO_TURMA_02anos_LP.csv,EMEF AFONSO GUERREIRO LIMA,graziela,exata_normalizada
CAEd,2025,3,EMEF AFONSO GUERREIRO LIMA,EMEF AFONSO GUERREIRO LIMA,EMEF AFONSO GUERREIRO LIMA,2025_1av_form_HABILIDADES_DESEMPENHO_TURMA_03anos_LP.csv,EMEF AFONSO GUERREIRO LIMA,graziela,exata_normalizada
CAEd,2025,4,EMEF AFONSO GUERREIRO LIMA,EMEF AFONSO GUERREIRO LIMA,EMEF AFONSO GUERREIRO LIMA,2025_1av_form_HABILIDADES_DESEMPENHO_TURMA_04anos_LP.csv,EMEF AFONSO GUERREIRO LIMA,graziela,exata_normalizada
CAEd,2025,5,EMEF AFONSO GUERREIRO LIMA,EMEF AFONSO GUERREIRO LIMA,EMEF AFONSO GUERREIRO LIMA,2025_1av_form_HABILIDADES_DESEMPENHO_TURMA_05anos_LP.csv,EMEF AFONSO GUERREIRO LIMA,graziela,exata_normalizada
CAEd,2026,1,EMEF AFONSO GUERREIRO LIMA,EMEF AFONSO GUERREIRO LIMA,EMEF AFONSO GUERREIRO LIMA,2026_1av_form_HABILIDADES_DESEMPENHO_TURMA_01anos_LP.csv,EMEF AFONSO GUERREIRO LIMA,graziela,exata_normalizada
CAEd,2026,2,EMEF AFONSO GUERREIRO LIMA,EMEF AFONSO GUERREIRO LIMA,EMEF AFONSO GUERREIRO LIMA,2026_1av_form_HABILIDADES_DESEMPENHO_TURMA_02anos_LP.csv,EMEF AFONSO GUERREIRO LIMA,graziela,exata_normalizada
CAEd,2026,3,EMEF AFONSO GUERREIRO LIMA,EMEF AFONSO GUERREIRO LIMA,EMEF AFONSO GUERREIRO LIMA,2026_1av_form_HABILIDADES_DESEMPENHO_TURMA_03anos_LP.csv,EMEF AFONSO GUERREIRO LIMA,graziela,exata_normalizada
CAEd,2026,4,EMEF AFONSO GUERREIRO LIMA,EMEF AFONSO GUERREIRO LIMA,EMEF AFONSO GUERREIRO LIMA,2026_1av_form_HABILIDADES_DESEMPENHO_TURMA_04anos_LP.csv,EMEF AFONSO GUERREIRO LIMA,graziela,exata_normalizada
CAEd,2026,5,EMEF AFONSO GUERREIRO LIMA,EMEF AFONSO GUERREIRO LIMA,EMEF AFONSO GUERREIRO LIMA,2026_1av_form_HABILIDADES_DESEMPENHO_TURMA_05anos_LP.csv,EMEF AFONSO GUERREIRO LIMA,graziela,exata_normalizada
CAEd,2025,1,EMEF AMERICA,EMEF AMERICA,EMEF AMERICA,2025_1av_form_HABILIDADES_DESEMPENHO_TURMA_01anos_LP.csv,EMEF AMERICA,nathalia,exata_normalizada
CAEd,2025,2,EMEF AMERICA,EMEF AMERICA,EMEF AMERICA,2025_1av_form_HABILIDADES_DESEMPENHO_TURMA_02anos_LP.csv,EMEF AMERICA,nathalia,exata_normalizada
CAEd,2025,3,EMEF AMERICA,EMEF AMERICA,EMEF AMERICA,2025_1av_form_HABILIDADES_DESEMPENHO_TURMA_03anos_LP.csv,EMEF AMERICA,nathalia,exata_normalizada
CAEd,2025,4,EMEF AMERICA,EMEF AMERICA,EMEF AMERICA,2025_1av_form_HABILIDADES_DESEMPENHO_TURMA_04anos_LP.csv,EMEF AMERICA,nathalia,exata_normalizada
CAEd,2025,5,EMEF AMERICA,EMEF AMERICA,EMEF AMERICA,2025_1av_form_HABILIDADES_DESEMPENHO_TURMA_05anos_LP.csv,EMEF AMERICA,nathalia,exata_normalizada
CAEd,2026,1,EMEF AMERICA,EMEF AMERICA,EMEF AMERICA,2026_1av_form_HABILIDADES_DESEMPENHO_TURMA_01anos_LP.csv,EMEF AMERICA,nathalia,exata_normalizada
CAEd,2026,2,EMEF AMERICA,EMEF AMERICA,EMEF AMERICA,2026_1av_form_HABILIDADES_DESEMPENHO_TURMA_02anos_LP.csv,EMEF AMERICA,nathalia,exata_normalizada
CAEd,2026,3,EMEF AMERICA,EMEF AMERICA,EMEF AMERICA,2026_1av_form_HABILIDADES_DESEMPENHO_TURMA_03anos_LP.csv,EMEF AMERICA,nathalia,exata_normalizada
CAEd,2026,4,EMEF AMERICA,EMEF AMERICA,EMEF AMERICA,2026_1av_form_HABILIDADES_DESEMPENHO_TURMA_04anos_LP.csv,EMEF AMERICA,nathalia,exata_normalizada
CAEd,2026,5,EMEF AMERICA,EMEF AMERICA,EMEF AMERICA,2026_1av_form_HABILIDADES_DESEMPENHO_TURMA_05anos_LP.csv,EMEF AMERICA,nathalia,exata_normalizada
CAEd,2025,1,EMEF ARAMY SILVA,EMEF ARAMY SILVA,EMEF ARAMY SILVA,2025_1av_form_HABILIDADES_DESEMPENHO_TURMA_01anos_LP.csv,EMEF ARAMY SILVA,priscila,exata_normalizada
CAEd,2025,2,EMEF ARAMY SILVA,EMEF ARAMY SILVA,EMEF ARAMY SILVA,2025_1av_form_HABILIDADES_DESEMPENHO_TURMA_02anos_LP.csv,EMEF ARAMY SILVA,priscila,exata_normalizada
CAEd,2025,3,EMEF ARAMY SILVA,EMEF ARAMY SILVA,EMEF ARAMY SILVA,2025_1av_form_HABILIDADES_DESEMPENHO_TURMA_03anos_LP.csv,EMEF ARAMY SILVA,priscila,exata_normalizada
CAEd,2025,4,EMEF ARAMY SILVA,EMEF ARAMY SILVA,EMEF ARAMY SILVA,2025_1av_form_HABILIDADES_DESEMPENHO_TURMA_04anos_LP.csv,EMEF ARAMY SILVA,priscila,exata_normalizada
CAEd,2025,5,EMEF ARAMY SILVA,EMEF ARAMY SILVA,EMEF ARAMY SILVA,2025_1av_form_HABILIDADES_DESEMPENHO_TURMA_05anos_LP.csv,EMEF ARAMY SILVA,priscila,exata_normalizada
CAEd,2026,1,EMEF ARAMY SILVA,EMEF ARAMY SILVA,EMEF ARAMY SILVA,2026_1av_form_HABILIDADES_DESEMPENHO_TURMA_01anos_LP.csv,EMEF ARAMY SILVA,priscila,exata_normalizada
CAEd,2026,2,EMEF ARAMY SILVA,EMEF ARAMY SILVA,EMEF ARAMY SILVA,2026_1av_form_HABILIDADES_DESEMPENHO_TURMA_02anos_LP.csv,EMEF ARAMY SILVA,priscila,exata_normalizada
CAEd,2026,3,EMEF ARAMY SILVA,EMEF ARAMY SILVA,EMEF ARAMY SILVA,2026_1av_form_HABILIDADES_DESEMPENHO_TURMA_03anos_LP.csv,EMEF ARAMY SILVA,priscila,exata_normalizada
CAEd,2026,4,EMEF ARAMY SILVA,EMEF ARAMY SILVA,EMEF ARAMY SILVA,2026_1av_form_HABILIDADES_DESEMPENHO_TURMA_04anos_LP.csv,EMEF ARAMY SILVA,priscila,exata_normalizada
CAEd,2026,5,EMEF ARAMY SILVA,EMEF ARAMY SILVA,EMEF ARAMY SILVA,2026_1av_form_HABILIDADES_DESEMPENHO_TURMA_05anos_LP.csv,EMEF ARAMY SILVA,priscila,exata_normalizada
CAEd,2025,1,EMEF CAMPOS DO CRISTAL,EMEF CAMPOS DO CRISTAL,EMEF CAMPOS DO CRISTAL,2025_1av_form_HABILIDADES_DESEMPENHO_TURMA_01anos_LP.csv,EMEF CAMPOS DO CRISTAL,andreia,exata_normalizada
CAEd,2025,2,EMEF CAMPOS DO CRISTAL,EMEF CAMPOS DO CRISTAL,EMEF CAMPOS DO CRISTAL,2025_1av_form_HABILIDADES_DESEMPENHO_TURMA_02anos_LP.csv,EMEF CAMPOS DO CRISTAL,andreia,exata_normalizada
CAEd,2025,3,EMEF CAMPOS DO CRISTAL,EMEF CAMPOS DO CRISTAL,EMEF CAMPOS DO CRISTAL,2025_1av_form_HABILIDADES_DESEMPENHO_TURMA_03anos_LP.csv,EMEF CAMPOS DO CRISTAL,andreia,exata_normalizada
CAEd,2025,4,EMEF CAMPOS DO CRISTAL,EMEF CAMPOS DO CRISTAL,EMEF CAMPOS DO CRISTAL,2025_1av_form_HABILIDADES_DESEMPENHO_TURMA_04anos_LP.csv,EMEF CAMPOS DO CRISTAL,andreia,exata_normalizada
CAEd,2025,5,EMEF CAMPOS DO CRISTAL,EMEF CAMPOS DO CRISTAL,EMEF CAMPOS DO CRISTAL,2025_1av_form_HABILIDADES_DESEMPENHO_TURMA_05anos_LP.csv,EMEF CAMPOS DO CRISTAL,andreia,exata_normalizada
CAEd,2026,1,EMEF CAMPOS DO CRISTAL,EMEF CAMPOS DO CRISTAL,EMEF CAMPOS DO CRISTAL,2026_1av_form_HABILIDADES_DESEMPENHO_TURMA_01anos_LP.csv,EMEF CAMPOS DO CRISTAL,andreia,exata_normalizada
CAEd,2026,2,EMEF CAMPOS DO CRISTAL,EMEF CAMPOS DO CRISTAL,EMEF CAMPOS DO CRISTAL,2026_1av_form_HABILIDADES_DESEMPENHO_TURMA_02anos_LP.csv,EMEF CAMPOS DO CRISTAL,andreia,exata_normalizada
CAEd,2026,3,EMEF CAMPOS DO CRISTAL,EMEF CAMPOS DO CRISTAL,EMEF CAMPOS DO CRISTAL,2026_1av_form_HABILIDADES_DESEMPENHO_TURMA_03anos_LP.csv,EMEF CAMPOS DO CRISTAL,andreia,exata_normalizada
CAEd,2026,4,EMEF CAMPOS DO CRISTAL,EMEF CAMPOS DO CRISTAL,EMEF CAMPOS DO CRISTAL,2026_1av_form_HABILIDADES_DESEMPENHO_TURMA_04anos_LP.csv,EMEF CAMPOS DO CRISTAL,andreia,exata_normalizada
CAEd,2026,5,EMEF CAMPOS DO CRISTAL,EMEF CAMPOS DO CRISTAL,EMEF CAMPOS DO CRISTAL,2026_1av_form_HABILIDADES_DESEMPENHO_TURMA_05anos_LP.csv,EMEF CAMPOS DO CRISTAL,andreia,exata_normalizada
CAEd,2025,1,EMEF CHAPEU DO SOL,EMEF CHAPEU DO SOL,EMEF CHAPEU DO SOL,2025_1av_form_HABILIDADES_DESEMPENHO_TURMA_01anos_LP.csv,EMEF CHAPEU DO SOL,ruti,exata_normalizada
CAEd,2025,2,EMEF CHAPEU DO SOL,EMEF CHAPEU DO SOL,EMEF CHAPEU DO SOL,2025_1av_form_HABILIDADES_DESEMPENHO_TURMA_02anos_LP.csv,EMEF CHAPEU DO SOL,ruti,exata_normalizada
CAEd,2025,3,EMEF CHAPEU DO SOL,EMEF CHAPEU DO SOL,EMEF CHAPEU DO SOL,2025_1av_form_HABILIDADES_DESEMPENHO_TURMA_03anos_LP.csv,EMEF CHAPEU DO SOL,ruti,exata_normalizada
CAEd,2025,4,EMEF CHAPEU DO SOL,EMEF CHAPEU DO SOL,EMEF CHAPEU DO SOL,2025_1av_form_HABILIDADES_DESEMPENHO_TURMA_04anos_LP.csv,EMEF CHAPEU DO SOL,ruti,exata_normalizada
CAEd,2025,5,EMEF CHAPEU DO SOL,EMEF CHAPEU DO SOL,EMEF CHAPEU DO SOL,2025_1av_form_HABILIDADES_DESEMPENHO_TURMA_05anos_LP.csv,EMEF CHAPEU DO SOL,ruti,exata_normalizada
CAEd,2026,1,EMEF CHAPEU DO SOL,EMEF CHAPEU DO SOL,EMEF CHAPEU DO SOL,2026_1av_form_HABILIDADES_DESEMPENHO_TURMA_01anos_LP.csv,EMEF CHAPEU DO SOL,ruti,exata_normalizada
CAEd,2026,2,EMEF CHAPEU DO SOL,EMEF CHAPEU DO SOL,EMEF CHAPEU DO SOL,2026_1av_form_HABILIDADES_DESEMPENHO_TURMA_02anos_LP.csv,EMEF CHAPEU DO SOL,ruti,exata_normalizada
CAEd,2026,3,EMEF CHAPEU DO SOL,EMEF CHAPEU DO SOL,EMEF CHAPEU DO SOL,2026_1av_form_HABILIDADES_DESEMPENHO_TURMA_03anos_LP.csv,EMEF CHAPEU DO SOL,ruti,exata_normalizada
CAEd,2026,4,EMEF CHAPEU DO SOL,EMEF CHAPEU DO SOL,EMEF CHAPEU DO SOL,2026_1av_form_HABILIDADES_DESEMPENHO_TURMA_04anos_LP.csv,EMEF CHAPEU DO SOL,ruti,exata_normalizada
CAEd,2026,5,EMEF CHAPEU DO SOL,EMEF CHAPEU DO SOL,EMEF CHAPEU DO SOL,2026_1av_form_HABILIDADES_DESEMPENHO_TURMA_05anos_LP.csv,EMEF CHAPEU DO SOL,ruti,exata_normalizada
CAEd,2025,1,EMEF CHICO MENDES,EMEF CHICO MENDES,EMEF CHICO MENDES,2025_1av_form_HABILIDADES_DESEMPENHO_TURMA_01anos_LP.csv,EMEF CHICO MENDES,eliane,exata_normalizada
CAEd,2025,2,EMEF CHICO MENDES,EMEF CHICO MENDES,EMEF CHICO MENDES,2025_1av_form_HABILIDADES_DESEMPENHO_TURMA_02anos_LP.csv,EMEF CHICO MENDES,eliane,exata_normalizada
CAEd,2025,3,EMEF CHICO MENDES,EMEF CHICO MENDES,EMEF CHICO MENDES,2025_1av_form_HABILIDADES_DESEMPENHO_TURMA_03anos_LP.csv,EMEF CHICO MENDES,eliane,exata_normalizada
CAEd,2025,4,EMEF CHICO MENDES,EMEF CHICO MENDES,EMEF CHICO MENDES,2025_1av_form_HABILIDADES_DESEMPENHO_TURMA_04anos_LP.csv,EMEF CHICO MENDES,eliane,exata_normalizada
CAEd,2025,5,EMEF CHICO MENDES,EMEF CHICO MENDES,EMEF CHICO MENDES,2025_1av_form_HABILIDADES_DESEMPENHO_TURMA_05anos_LP.csv,EMEF CHICO MENDES,eliane,exata_normalizada
CAEd,2026,1,EMEF CHICO MENDES,EMEF CHICO MENDES,EMEF CHICO MENDES,2026_1av_form_HABILIDADES_DESEMPENHO_TURMA_01anos_LP.csv,EMEF CHICO MENDES,eliane,exata_normalizada
CAEd,2026,2,EMEF CHICO MENDES,EMEF CHICO MENDES,EMEF CHICO MENDES,2026_1av_form_HABILIDADES_DESEMPENHO_TURMA_02anos_LP.csv,EMEF CHICO MENDES,eliane,exata_normalizada
CAEd,2026,3,EMEF CHICO MENDES,EMEF CHICO MENDES,EMEF CHICO MENDES,2026_1av_form_HABILIDADES_DESEMPENHO_TURMA_03anos_LP.csv,EMEF CHICO MENDES,eliane,exata_normalizada
CAEd,2026,4,EMEF CHICO MENDES,EMEF CHICO MENDES,EMEF CHICO MENDES,2026_1av_form_HABILIDADES_DESEMPENHO_TURMA_04anos_LP.csv,EMEF CHICO MENDES,eliane,exata_normalizada
CAEd,2026,5,EMEF CHICO MENDES,EMEF CHICO MENDES,EMEF CHICO MENDES,2026_1av_form_HABILIDADES_DESEMPENHO_TURMA_05anos_LP.csv,EMEF CHICO MENDES,eliane,exata_normalizada
CAEd,2025,1,EMEF DECIO MARTINS COSTA,EMEF DECIO MARTINS COSTA,EMEF DECIO MARTINS COSTA,2025_1av_form_HABILIDADES_DESEMPENHO_TURMA_01anos_LP.csv,EMEF DECIO MARTINS COSTA,nathalia,exata_normalizada
CAEd,2025,2,EMEF DECIO MARTINS COSTA,EMEF DECIO MARTINS COSTA,EMEF DECIO MARTINS COSTA,2025_1av_form_HABILIDADES_DESEMPENHO_TURMA_02anos_LP.csv,EMEF DECIO MARTINS COSTA,nathalia,exata_normalizada
CAEd,2025,3,EMEF DECIO MARTINS COSTA,EMEF DECIO MARTINS COSTA,EMEF DECIO MARTINS COSTA,2025_1av_form_HABILIDADES_DESEMPENHO_TURMA_03anos_LP.csv,EMEF DECIO MARTINS COSTA,nathalia,exata_normalizada
CAEd,2025,4,EMEF DECIO MARTINS COSTA,EMEF DECIO MARTINS COSTA,EMEF DECIO MARTINS COSTA,2025_1av_form_HABILIDADES_DESEMPENHO_TURMA_04anos_LP.csv,EMEF DECIO MARTINS COSTA,nathalia,exata_normalizada
CAEd,2025,5,EMEF DECIO MARTINS COSTA,EMEF DECIO MARTINS COSTA,EMEF DECIO MARTINS COSTA,2025_1av_form_HABILIDADES_DESEMPENHO_TURMA_05anos_LP.csv,EMEF DECIO MARTINS COSTA,nathalia,exata_normalizada
CAEd,2026,1,EMEF DECIO MARTINS COSTA,EMEF DECIO MARTINS COSTA,EMEF DECIO MARTINS COSTA,2026_1av_form_HABILIDADES_DESEMPENHO_TURMA_01anos_LP.csv,EMEF DECIO MARTINS COSTA,nathalia,exata_normalizada
CAEd,2026,2,EMEF DECIO MARTINS COSTA,EMEF DECIO MARTINS COSTA,EMEF DECIO MARTINS COSTA,2026_1av_form_HABILIDADES_DESEMPENHO_TURMA_02anos_LP.csv,EMEF DECIO MARTINS COSTA,nathalia,exata_normalizada
CAEd,2026,3,EMEF DECIO MARTINS COSTA,EMEF DECIO MARTINS COSTA,EMEF DECIO MARTINS COSTA,2026_1av_form_HABILIDADES_DESEMPENHO_TURMA_03anos_LP.csv,EMEF DECIO MARTINS COSTA,nathalia,exata_normalizada
CAEd,2026,4,EMEF DECIO MARTINS COSTA,EMEF DECIO MARTINS COSTA,EMEF DECIO MARTINS COSTA,2026_1av_form_HABILIDADES_DESEMPENHO_TURMA_04anos_LP.csv,EMEF DECIO MARTINS COSTA,nathalia,exata_normalizada
CAEd,2026,5,EMEF DECIO MARTINS COSTA,EMEF DECIO MARTINS COSTA,EMEF DECIO MARTINS COSTA,2026_1av_form_HABILIDADES_DESEMPENHO_TURMA_05anos_LP.csv,EMEF DECIO MARTINS COSTA,nathalia,exata_normalizada
CAEd,2025,1,EMEF DEP MARCIRIO GOULART LOUREIRO,EMEF DEP MARCIRIO GOULART LOUREIRO,EMEF DEP MARCIRIO GOULART LOUREIRO,2025_1av_form_HABILIDADES_DESEMPENHO_TURMA_01anos_LP.csv,EMEF DEP MARCIRIO GOULART LOUREIRO,marian,exata_normalizada
CAEd,2025,2,EMEF DEP MARCIRIO GOULART LOUREIRO,EMEF DEP MARCIRIO GOULART LOUREIRO,EMEF DEP MARCIRIO GOULART LOUREIRO,2025_1av_form_HABILIDADES_DESEMPENHO_TURMA_02anos_LP.csv,EMEF DEP MARCIRIO GOULART LOUREIRO,marian,exata_normalizada
CAEd,2025,3,EMEF DEP MARCIRIO GOULART LOUREIRO,EMEF DEP MARCIRIO GOULART LOUREIRO,EMEF DEP MARCIRIO GOULART LOUREIRO,2025_1av_form_HABILIDADES_DESEMPENHO_TURMA_03anos_LP.csv,EMEF DEP MARCIRIO GOULART LOUREIRO,marian,exata_normalizada
CAEd,2025,4,EMEF DEP MARCIRIO GOULART LOUREIRO,EMEF DEP MARCIRIO GOULART LOUREIRO,EMEF DEP MARCIRIO GOULART LOUREIRO,2025_1av_form_HABILIDADES_DESEMPENHO_TURMA_04anos_LP.csv,EMEF DEP MARCIRIO GOULART LOUREIRO,marian,exata_normalizada
CAEd,2025,5,EMEF DEP MARCIRIO GOULART LOUREIRO,EMEF DEP MARCIRIO GOULART LOUREIRO,EMEF DEP MARCIRIO GOULART LOUREIRO,2025_1av_form_HABILIDADES_DESEMPENHO_TURMA_05anos_LP.csv,EMEF DEP MARCIRIO GOULART LOUREIRO,marian,exata_normalizada
CAEd,2026,1,EMEF DEP MARCIRIO GOULART LOUREIRO,EMEF DEP MARCIRIO GOULART LOUREIRO,EMEF DEP MARCIRIO GOULART LOUREIRO,2026_1av_form_HABILIDADES_DESEMPENHO_TURMA_01anos_LP.csv,EMEF DEP MARCIRIO GOULART LOUREIRO,marian,exata_normalizada
CAEd,2026,2,EMEF DEP MARCIRIO GOULART LOUREIRO,EMEF DEP MARCIRIO GOULART LOUREIRO,EMEF DEP MARCIRIO GOULART LOUREIRO,2026_1av_form_HABILIDADES_DESEMPENHO_TURMA_02anos_LP.csv,EMEF DEP MARCIRIO GOULART LOUREIRO,marian,exata_normalizada
CAEd,2026,3,EMEF DEP MARCIRIO GOULART LOUREIRO,EMEF DEP MARCIRIO GOULART LOUREIRO,EMEF DEP MARCIRIO GOULART LOUREIRO,2026_1av_form_HABILIDADES_DESEMPENHO_TURMA_03anos_LP.csv,EMEF DEP MARCIRIO GOULART LOUREIRO,marian,exata_normalizada
CAEd,2026,4,EMEF DEP MARCIRIO GOULART LOUREIRO,EMEF DEP MARCIRIO GOULART LOUREIRO,EMEF DEP MARCIRIO GOULART LOUREIRO,2026_1av_form_HABILIDADES_DESEMPENHO_TURMA_04anos_LP.csv,EMEF DEP MARCIRIO GOULART LOUREIRO,marian,exata_normalizada
CAEd,2026,5,EMEF DEP MARCIRIO GOULART LOUREIRO,EMEF DEP MARCIRIO GOULART LOUREIRO,EMEF DEP MARCIRIO GOULART LOUREIRO,2026_1av_form_HABILIDADES_DESEMPENHO_TURMA_05anos_LP.csv,EMEF DEP MARCIRIO GOULART LOUREIRO,marian,exata_normalizada
CAEd,2025,1,EMEF DEP VICTOR ISSLER,EMEF DEP VICTOR ISSLER,EMEF DEP VICTOR ISSLER,2025_1av_form_HABILIDADES_DESEMPENHO_TURMA_01anos_LP.csv,EMEF DEP VICTOR ISSLER,clarissa,exata_normalizada
CAEd,2025,2,EMEF DEP VICTOR ISSLER,EMEF DEP VICTOR ISSLER,EMEF DEP VICTOR ISSLER,2025_1av_form_HABILIDADES_DESEMPENHO_TURMA_02anos_LP.csv,EMEF DEP VICTOR ISSLER,clarissa,exata_normalizada
CAEd,2025,3,EMEF DEP VICTOR ISSLER,EMEF DEP VICTOR ISSLER,EMEF DEP VICTOR ISSLER,2025_1av_form_HABILIDADES_DESEMPENHO_TURMA_03anos_LP.csv,EMEF DEP VICTOR ISSLER,clarissa,exata_normalizada
CAEd,2025,4,EMEF DEP VICTOR ISSLER,EMEF DEP VICTOR ISSLER,EMEF DEP VICTOR ISSLER,2025_1av_form_HABILIDADES_DESEMPENHO_TURMA_04anos_LP.csv,EMEF DEP VICTOR ISSLER,clarissa,exata_normalizada
CAEd,2025,5,EMEF DEP VICTOR ISSLER,EMEF DEP VICTOR ISSLER,EMEF DEP VICTOR ISSLER,2025_1av_form_HABILIDADES_DESEMPENHO_TURMA_05anos_LP.csv,EMEF DEP VICTOR ISSLER,clarissa,exata_normalizada
CAEd,2026,1,EMEF DEP VICTOR ISSLER,EMEF DEP VICTOR ISSLER,EMEF DEP VICTOR ISSLER,2026_1av_form_HABILIDADES_DESEMPENHO_TURMA_01anos_LP.csv,EMEF DEP VICTOR ISSLER,clarissa,exata_normalizada
CAEd,2026,2,EMEF DEP VICTOR ISSLER,EMEF DEP VICTOR ISSLER,EMEF DEP VICTOR ISSLER,2026_1av_form_HABILIDADES_DESEMPENHO_TURMA_02anos_LP.csv,EMEF DEP VICTOR ISSLER,clarissa,exata_normalizada
CAEd,2026,3,EMEF DEP VICTOR ISSLER,EMEF DEP VICTOR ISSLER,EMEF DEP VICTOR ISSLER,2026_1av_form_HABILIDADES_DESEMPENHO_TURMA_03anos_LP.csv,EMEF DEP VICTOR ISSLER,clarissa,exata_normalizada
CAEd,2026,4,EMEF DEP VICTOR ISSLER,EMEF DEP VICTOR ISSLER,EMEF DEP VICTOR ISSLER,2026_1av_form_HABILIDADES_DESEMPENHO_TURMA_04anos_LP.csv,EMEF DEP VICTOR ISSLER,clarissa,exata_normalizada
CAEd,2026,5,EMEF DEP VICTOR ISSLER,EMEF DEP VICTOR ISSLER,EMEF DEP VICTOR ISSLER,2026_1av_form_HABILIDADES_DESEMPENHO_TURMA_05anos_LP.csv,EMEF DEP VICTOR ISSLER,clarissa,exata_normalizada
CAEd,2025,1,EMEF DOLORES ALCARAZ CALDAS,EMEF DOLORES ALCARAZ CALDAS,EMEF DOLORES ALCARAZ CALDAS,2025_1av_form_HABILIDADES_DESEMPENHO_TURMA_01anos_LP.csv,EMEF DOLORES ALCARAZ CALDAS,jalize,exata_normalizada
CAEd,2025,2,EMEF DOLORES ALCARAZ CALDAS,EMEF DOLORES ALCARAZ CALDAS,EMEF DOLORES ALCARAZ CALDAS,2025_1av_form_HABILIDADES_DESEMPENHO_TURMA_02anos_LP.csv,EMEF DOLORES ALCARAZ CALDAS,jalize,exata_normalizada
CAEd,2025,3,EMEF DOLORES ALCARAZ CALDAS,EMEF DOLORES ALCARAZ CALDAS,EMEF DOLORES ALCARAZ CALDAS,2025_1av_form_HABILIDADES_DESEMPENHO_TURMA_03anos_LP.csv,EMEF DOLORES ALCARAZ CALDAS,jalize,exata_normalizada
CAEd,2025,4,EMEF DOLORES ALCARAZ CALDAS,EMEF DOLORES ALCARAZ CALDAS,EMEF DOLORES ALCARAZ CALDAS,2025_1av_form_HABILIDADES_DESEMPENHO_TURMA_04anos_LP.csv,EMEF DOLORES ALCARAZ CALDAS,jalize,exata_normalizada
CAEd,2025,5,EMEF DOLORES ALCARAZ CALDAS,EMEF DOLORES ALCARAZ CALDAS,EMEF DOLORES ALCARAZ CALDAS,2025_1av_form_HABILIDADES_DESEMPENHO_TURMA_05anos_LP.csv,EMEF DOLORES ALCARAZ CALDAS,jalize,exata_normalizada
CAEd,2026,1,EMEF DOLORES ALCARAZ CALDAS,EMEF DOLORES ALCARAZ CALDAS,EMEF DOLORES ALCARAZ CALDAS,2026_1av_form_HABILIDADES_DESEMPENHO_TURMA_01anos_LP.csv,EMEF DOLORES ALCARAZ CALDAS,jalize,exata_normalizada
CAEd,2026,2,EMEF DOLORES ALCARAZ CALDAS,EMEF DOLORES ALCARAZ CALDAS,EMEF DOLORES ALCARAZ CALDAS,2026_1av_form_HABILIDADES_DESEMPENHO_TURMA_02anos_LP.csv,EMEF DOLORES ALCARAZ CALDAS,jalize,exata_normalizada
CAEd,2026,3,EMEF DOLORES ALCARAZ CALDAS,EMEF DOLORES ALCARAZ CALDAS,EMEF DOLORES ALCARAZ CALDAS,2026_1av_form_HABILIDADES_DESEMPENHO_TURMA_03anos_LP.csv,EMEF DOLORES ALCARAZ CALDAS,jalize,exata_normalizada
CAEd,2026,4,EMEF DOLORES ALCARAZ CALDAS,EMEF DOLORES ALCARAZ CALDAS,EMEF DOLORES ALCARAZ CALDAS,2026_1av_form_HABILIDADES_DESEMPENHO_TURMA_04anos_LP.csv,EMEF DOLORES ALCARAZ CALDAS,jalize,exata_normalizada
CAEd,2026,5,EMEF DOLORES ALCARAZ CALDAS,EMEF DOLORES ALCARAZ CALDAS,EMEF DOLORES ALCARAZ CALDAS,2026_1av_form_HABILIDADES_DESEMPENHO_TURMA_05anos_LP.csv,EMEF DOLORES ALCARAZ CALDAS,jalize,exata_normalizada
CAEd,2026,1,EMEF ESPIRITO SANTO,EMEF ESPIRITO SANTO,EMEF ESPIRITO SANTO,2026_1av_form_HABILIDADES_DESEMPENHO_TURMA_01anos_LP.csv,EMEF ESPIRITO SANTO,priscila,exata_normalizada
CAEd,2026,2,EMEF ESPIRITO SANTO,EMEF ESPIRITO SANTO,EMEF ESPIRITO SANTO,2026_1av_form_HABILIDADES_DESEMPENHO_TURMA_02anos_LP.csv,EMEF ESPIRITO SANTO,priscila,exata_normalizada
CAEd,2026,3,EMEF ESPIRITO SANTO,EMEF ESPIRITO SANTO,EMEF ESPIRITO SANTO,2026_1av_form_HABILIDADES_DESEMPENHO_TURMA_03anos_LP.csv,EMEF ESPIRITO SANTO,priscila,exata_normalizada
CAEd,2026,4,EMEF ESPIRITO SANTO,EMEF ESPIRITO SANTO,EMEF ESPIRITO SANTO,2026_1av_form_HABILIDADES_DESEMPENHO_TURMA_04anos_LP.csv,EMEF ESPIRITO SANTO,priscila,exata_normalizada
CAEd,2026,5,EMEF ESPIRITO SANTO,EMEF ESPIRITO SANTO,EMEF ESPIRITO SANTO,2026_1av_form_HABILIDADES_DESEMPENHO_TURMA_05anos_LP.csv,EMEF ESPIRITO SANTO,priscila,exata_normalizada
CAEd,2026,1,EMEF EVARISTO GONCALVES NETTO,EMEF EVARISTO GONCALVES NETTO,EMEF EVARISTO GONCALVES NETTO,2026_1av_form_HABILIDADES_DESEMPENHO_TURMA_01anos_LP.csv,EMEF EVARISTO GONCALVES NETTO,jalize,exata_normalizada
CAEd,2026,2,EMEF EVARISTO GONCALVES NETTO,EMEF EVARISTO GONCALVES NETTO,EMEF EVARISTO GONCALVES NETTO,2026_1av_form_HABILIDADES_DESEMPENHO_TURMA_02anos_LP.csv,EMEF EVARISTO GONCALVES NETTO,jalize,exata_normalizada
CAEd,2026,3,EMEF EVARISTO GONCALVES NETTO,EMEF EVARISTO GONCALVES NETTO,EMEF EVARISTO GONCALVES NETTO,2026_1av_form_HABILIDADES_DESEMPENHO_TURMA_03anos_LP.csv,EMEF EVARISTO GONCALVES NETTO,jalize,exata_normalizada
CAEd,2026,4,EMEF EVARISTO GONCALVES NETTO,EMEF EVARISTO GONCALVES NETTO,EMEF EVARISTO GONCALVES NETTO,2026_1av_form_HABILIDADES_DESEMPENHO_TURMA_04anos_LP.csv,EMEF EVARISTO GONCALVES NETTO,jalize,exata_normalizada
CAEd,2026,5,EMEF EVARISTO GONCALVES NETTO,EMEF EVARISTO GONCALVES NETTO,EMEF EVARISTO GONCALVES NETTO,2026_1av_form_HABILIDADES_DESEMPENHO_TURMA_05anos_LP.csv,EMEF EVARISTO GONCALVES NETTO,jalize,exata_normalizada
CAEd,2025,1,EMEF GABRIEL OBINO,EMEF GABRIEL OBINO,EMEF GABRIEL OBINO,2025_1av_form_HABILIDADES_DESEMPENHO_TURMA_01anos_LP.csv,EMEF GABRIEL OBINO,amanda,exata_normalizada
CAEd,2025,2,EMEF GABRIEL OBINO,EMEF GABRIEL OBINO,EMEF GABRIEL OBINO,2025_1av_form_HABILIDADES_DESEMPENHO_TURMA_02anos_LP.csv,EMEF GABRIEL OBINO,amanda,exata_normalizada
CAEd,2025,3,EMEF GABRIEL OBINO,EMEF GABRIEL OBINO,EMEF GABRIEL OBINO,2025_1av_form_HABILIDADES_DESEMPENHO_TURMA_03anos_LP.csv,EMEF GABRIEL OBINO,amanda,exata_normalizada
CAEd,2025,4,EMEF GABRIEL OBINO,EMEF GABRIEL OBINO,EMEF GABRIEL OBINO,2025_1av_form_HABILIDADES_DESEMPENHO_TURMA_04anos_LP.csv,EMEF GABRIEL OBINO,amanda,exata_normalizada
CAEd,2025,5,EMEF GABRIEL OBINO,EMEF GABRIEL OBINO,EMEF GABRIEL OBINO,2025_1av_form_HABILIDADES_DESEMPENHO_TURMA_05anos_LP.csv,EMEF GABRIEL OBINO,amanda,exata_normalizada
CAEd,2026,1,EMEF GABRIEL OBINO,EMEF GABRIEL OBINO,EMEF GABRIEL OBINO,2026_1av_form_HABILIDADES_DESEMPENHO_TURMA_01anos_LP.csv,EMEF GABRIEL OBINO,amanda,exata_normalizada
CAEd,2026,2,EMEF GABRIEL OBINO,EMEF GABRIEL OBINO,EMEF GABRIEL OBINO,2026_1av_form_HABILIDADES_DESEMPENHO_TURMA_02anos_LP.csv,EMEF GABRIEL OBINO,amanda,exata_normalizada
CAEd,2026,3,EMEF GABRIEL OBINO,EMEF GABRIEL OBINO,EMEF GABRIEL OBINO,2026_1av_form_HABILIDADES_DESEMPENHO_TURMA_03anos_LP.csv,EMEF GABRIEL OBINO,amanda,exata_normalizada
CAEd,2026,4,EMEF GABRIEL OBINO,EMEF GABRIEL OBINO,EMEF GABRIEL OBINO,2026_1av_form_HABILIDADES_DESEMPENHO_TURMA_04anos_LP.csv,EMEF GABRIEL OBINO,amanda,exata_normalizada
CAEd,2026,5,EMEF GABRIEL OBINO,EMEF GABRIEL OBINO,EMEF GABRIEL OBINO,2026_1av_form_HABILIDADES_DESEMPENHO_TURMA_05anos_LP.csv,EMEF GABRIEL OBINO,amanda,exata_normalizada
CAEd,2025,1,EMEF GOV ILDO MENEGHETTI,EMEF GOV ILDO MENEGHETTI,EMEF GOV ILDO MENEGHETTI,2025_1av_form_HABILIDADES_DESEMPENHO_TURMA_01anos_LP.csv,EMEF GOV ILDO MENEGHETTI,clarissa,exata_normalizada
CAEd,2025,2,EMEF GOV ILDO MENEGHETTI,EMEF GOV ILDO MENEGHETTI,EMEF GOV ILDO MENEGHETTI,2025_1av_form_HABILIDADES_DESEMPENHO_TURMA_02anos_LP.csv,EMEF GOV ILDO MENEGHETTI,clarissa,exata_normalizada
CAEd,2025,3,EMEF GOV ILDO MENEGHETTI,EMEF GOV ILDO MENEGHETTI,EMEF GOV ILDO MENEGHETTI,2025_1av_form_HABILIDADES_DESEMPENHO_TURMA_03anos_LP.csv,EMEF GOV ILDO MENEGHETTI,clarissa,exata_normalizada
CAEd,2025,4,EMEF GOV ILDO MENEGHETTI,EMEF GOV ILDO MENEGHETTI,EMEF GOV ILDO MENEGHETTI,2025_1av_form_HABILIDADES_DESEMPENHO_TURMA_04anos_LP.csv,EMEF GOV ILDO MENEGHETTI,clarissa,exata_normalizada
CAEd,2025,5,EMEF GOV ILDO MENEGHETTI,EMEF GOV ILDO MENEGHETTI,EMEF GOV ILDO MENEGHETTI,2025_1av_form_HABILIDADES_DESEMPENHO_TURMA_05anos_LP.csv,EMEF GOV ILDO MENEGHETTI,clarissa,exata_normalizada
CAEd,2026,1,EMEF GOV ILDO MENEGHETTI,EMEF GOV ILDO MENEGHETTI,EMEF GOV ILDO MENEGHETTI,2026_1av_form_HABILIDADES_DESEMPENHO_TURMA_01anos_LP.csv,EMEF GOV ILDO MENEGHETTI,clarissa,exata_normalizada
CAEd,2026,2,EMEF GOV ILDO MENEGHETTI,EMEF GOV ILDO MENEGHETTI,EMEF GOV ILDO MENEGHETTI,2026_1av_form_HABILIDADES_DESEMPENHO_TURMA_02anos_LP.csv,EMEF GOV ILDO MENEGHETTI,clarissa,exata_normalizada
CAEd,2026,3,EMEF GOV ILDO MENEGHETTI,EMEF GOV ILDO MENEGHETTI,EMEF GOV ILDO MENEGHETTI,2026_1av_form_HABILIDADES_DESEMPENHO_TURMA_03anos_LP.csv,EMEF GOV ILDO MENEGHETTI,clarissa,exata_normalizada
CAEd,2026,4,EMEF GOV ILDO MENEGHETTI,EMEF GOV ILDO MENEGHETTI,EMEF GOV ILDO MENEGHETTI,2026_1av_form_HABILIDADES_DESEMPENHO_TURMA_04anos_LP.csv,EMEF GOV ILDO MENEGHETTI,clarissa,exata_normalizada
CAEd,2026,5,EMEF GOV ILDO MENEGHETTI,EMEF GOV ILDO MENEGHETTI,EMEF GOV ILDO MENEGHETTI,2026_1av_form_HABILIDADES_DESEMPENHO_TURMA_05anos_LP.csv,EMEF GOV ILDO MENEGHETTI,clarissa,exata_normalizada
CAEd,2025,1,EMEF GRANDE ORIENTE DO RGS,EMEF GRANDE ORIENTE DO RGS,EMEF GRANDE ORIENTE DO RGS,2025_1av_form_HABILIDADES_DESEMPENHO_TURMA_01anos_LP.csv,EMEF GRANDE ORIENTE DO RGS,andreia,exata_normalizada
CAEd,2025,2,EMEF GRANDE ORIENTE DO RGS,EMEF GRANDE ORIENTE DO RGS,EMEF GRANDE ORIENTE DO RGS,2025_1av_form_HABILIDADES_DESEMPENHO_TURMA_02anos_LP.csv,EMEF GRANDE ORIENTE DO RGS,andreia,exata_normalizada
CAEd,2025,3,EMEF GRANDE ORIENTE DO RGS,EMEF GRANDE ORIENTE DO RGS,EMEF GRANDE ORIENTE DO RGS,2025_1av_form_HABILIDADES_DESEMPENHO_TURMA_03anos_LP.csv,EMEF GRANDE ORIENTE DO RGS,andreia,exata_normalizada
CAEd,2025,4,EMEF GRANDE ORIENTE DO RGS,EMEF GRANDE ORIENTE DO RGS,EMEF GRANDE ORIENTE DO RGS,2025_1av_form_HABILIDADES_DESEMPENHO_TURMA_04anos_LP.csv,EMEF GRANDE ORIENTE DO RGS,andreia,exata_normalizada
CAEd,2025,5,EMEF GRANDE ORIENTE DO RGS,EMEF GRANDE ORIENTE DO RGS,EMEF GRANDE ORIENTE DO RGS,2025_1av_form_HABILIDADES_DESEMPENHO_TURMA_05anos_LP.csv,EMEF GRANDE ORIENTE DO RGS,andreia,exata_normalizada
CAEd,2026,1,EMEF GRANDE ORIENTE DO RGS,EMEF GRANDE ORIENTE DO RGS,EMEF GRANDE ORIENTE DO RGS,2026_1av_form_HABILIDADES_DESEMPENHO_TURMA_01anos_LP.csv,EMEF GRANDE ORIENTE DO RGS,andreia,exata_normalizada
CAEd,2026,2,EMEF GRANDE ORIENTE DO RGS,EMEF GRANDE ORIENTE DO RGS,EMEF GRANDE ORIENTE DO RGS,2026_1av_form_HABILIDADES_DESEMPENHO_TURMA_02anos_LP.csv,EMEF GRANDE ORIENTE DO RGS,andreia,exata_normalizada
CAEd,2026,3,EMEF GRANDE ORIENTE DO RGS,EMEF GRANDE ORIENTE DO RGS,EMEF GRANDE ORIENTE DO RGS,2026_1av_form_HABILIDADES_DESEMPENHO_TURMA_03anos_LP.csv,EMEF GRANDE ORIENTE DO RGS,andreia,exata_normalizada
CAEd,2026,4,EMEF GRANDE ORIENTE DO RGS,EMEF GRANDE ORIENTE DO RGS,EMEF GRANDE ORIENTE DO RGS,2026_1av_form_HABILIDADES_DESEMPENHO_TURMA_04anos_LP.csv,EMEF GRANDE ORIENTE DO RGS,andreia,exata_normalizada
CAEd,2026,5,EMEF GRANDE ORIENTE DO RGS,EMEF GRANDE ORIENTE DO RGS,EMEF GRANDE ORIENTE DO RGS,2026_1av_form_HABILIDADES_DESEMPENHO_TURMA_05anos_LP.csv,EMEF GRANDE ORIENTE DO RGS,andreia,exata_normalizada
CAEd,2025,1,EMEF HEITOR VILLA LOBOS,EMEF HEITOR VILLA LOBOS,EMEF HEITOR VILLA LOBOS,2025_1av_form_HABILIDADES_DESEMPENHO_TURMA_01anos_LP.csv,EMEF HEITOR VILLA LOBOS,jalize,exata_normalizada
CAEd,2025,2,EMEF HEITOR VILLA LOBOS,EMEF HEITOR VILLA LOBOS,EMEF HEITOR VILLA LOBOS,2025_1av_form_HABILIDADES_DESEMPENHO_TURMA_02anos_LP.csv,EMEF HEITOR VILLA LOBOS,jalize,exata_normalizada
CAEd,2025,3,EMEF HEITOR VILLA LOBOS,EMEF HEITOR VILLA LOBOS,EMEF HEITOR VILLA LOBOS,2025_1av_form_HABILIDADES_DESEMPENHO_TURMA_03anos_LP.csv,EMEF HEITOR VILLA LOBOS,jalize,exata_normalizada
CAEd,2025,4,EMEF HEITOR VILLA LOBOS,EMEF HEITOR VILLA LOBOS,EMEF HEITOR VILLA LOBOS,2025_1av_form_HABILIDADES_DESEMPENHO_TURMA_04anos_LP.csv,EMEF HEITOR VILLA LOBOS,jalize,exata_normalizada
CAEd,2025,5,EMEF HEITOR VILLA LOBOS,EMEF HEITOR VILLA LOBOS,EMEF HEITOR VILLA LOBOS,2025_1av_form_HABILIDADES_DESEMPENHO_TURMA_05anos_LP.csv,EMEF HEITOR VILLA LOBOS,jalize,exata_normalizada
CAEd,2026,1,EMEF HEITOR VILLA LOBOS,EMEF HEITOR VILLA LOBOS,EMEF HEITOR VILLA LOBOS,2026_1av_form_HABILIDADES_DESEMPENHO_TURMA_01anos_LP.csv,EMEF HEITOR VILLA LOBOS,jalize,exata_normalizada
CAEd,2026,2,EMEF HEITOR VILLA LOBOS,EMEF HEITOR VILLA LOBOS,EMEF HEITOR VILLA LOBOS,2026_1av_form_HABILIDADES_DESEMPENHO_TURMA_02anos_LP.csv,EMEF HEITOR VILLA LOBOS,jalize,exata_normalizada
CAEd,2026,3,EMEF HEITOR VILLA LOBOS,EMEF HEITOR VILLA LOBOS,EMEF HEITOR VILLA LOBOS,2026_1av_form_HABILIDADES_DESEMPENHO_TURMA_03anos_LP.csv,EMEF HEITOR VILLA LOBOS,jalize,exata_normalizada
CAEd,2026,4,EMEF HEITOR VILLA LOBOS,EMEF HEITOR VILLA LOBOS,EMEF HEITOR VILLA LOBOS,2026_1av_form_HABILIDADES_DESEMPENHO_TURMA_04anos_LP.csv,EMEF HEITOR VILLA LOBOS,jalize,exata_normalizada
CAEd,2026,5,EMEF HEITOR VILLA LOBOS,EMEF HEITOR VILLA LOBOS,EMEF HEITOR VILLA LOBOS,2026_1av_form_HABILIDADES_DESEMPENHO_TURMA_05anos_LP.csv,EMEF HEITOR VILLA LOBOS,jalize,exata_normalizada
CAEd,2025,1,EMEF JEAN PIAGET,EMEF JEAN PIAGET,EMEF JEAN PIAGET,2025_1av_form_HABILIDADES_DESEMPENHO_TURMA_01anos_LP.csv,EMEF JEAN PIAGET,clarissa,exata_normalizada
CAEd,2025,2,EMEF JEAN PIAGET,EMEF JEAN PIAGET,EMEF JEAN PIAGET,2025_1av_form_HABILIDADES_DESEMPENHO_TURMA_02anos_LP.csv,EMEF JEAN PIAGET,clarissa,exata_normalizada
CAEd,2025,3,EMEF JEAN PIAGET,EMEF JEAN PIAGET,EMEF JEAN PIAGET,2025_1av_form_HABILIDADES_DESEMPENHO_TURMA_03anos_LP.csv,EMEF JEAN PIAGET,clarissa,exata_normalizada
CAEd,2025,4,EMEF JEAN PIAGET,EMEF JEAN PIAGET,EMEF JEAN PIAGET,2025_1av_form_HABILIDADES_DESEMPENHO_TURMA_04anos_LP.csv,EMEF JEAN PIAGET,clarissa,exata_normalizada
CAEd,2025,5,EMEF JEAN PIAGET,EMEF JEAN PIAGET,EMEF JEAN PIAGET,2025_1av_form_HABILIDADES_DESEMPENHO_TURMA_05anos_LP.csv,EMEF JEAN PIAGET,clarissa,exata_normalizada
CAEd,2026,1,EMEF JEAN PIAGET,EMEF JEAN PIAGET,EMEF JEAN PIAGET,2026_1av_form_HABILIDADES_DESEMPENHO_TURMA_01anos_LP.csv,EMEF JEAN PIAGET,clarissa,exata_normalizada
CAEd,2026,2,EMEF JEAN PIAGET,EMEF JEAN PIAGET,EMEF JEAN PIAGET,2026_1av_form_HABILIDADES_DESEMPENHO_TURMA_02anos_LP.csv,EMEF JEAN PIAGET,clarissa,exata_normalizada
CAEd,2026,3,EMEF JEAN PIAGET,EMEF JEAN PIAGET,EMEF JEAN PIAGET,2026_1av_form_HABILIDADES_DESEMPENHO_TURMA_03anos_LP.csv,EMEF JEAN PIAGET,clarissa,exata_normalizada
CAEd,2026,4,EMEF JEAN PIAGET,EMEF JEAN PIAGET,EMEF JEAN PIAGET,2026_1av_form_HABILIDADES_DESEMPENHO_TURMA_04anos_LP.csv,EMEF JEAN PIAGET,clarissa,exata_normalizada
CAEd,2026,5,EMEF JEAN PIAGET,EMEF JEAN PIAGET,EMEF JEAN PIAGET,2026_1av_form_HABILIDADES_DESEMPENHO_TURMA_05anos_LP.csv,EMEF JEAN PIAGET,clarissa,exata_normalizada
CAEd,2025,1,EMEF JOAO ANTONIO SATTE,EMEF JOAO ANTONIO SATTE,EMEF JOAO ANTONIO SATTE,2025_1av_form_HABILIDADES_DESEMPENHO_TURMA_01anos_LP.csv,EMEF JOAO ANTONIO SATTE,eliane,exata_normalizada
CAEd,2025,2,EMEF JOAO ANTONIO SATTE,EMEF JOAO ANTONIO SATTE,EMEF JOAO ANTONIO SATTE,2025_1av_form_HABILIDADES_DESEMPENHO_TURMA_02anos_LP.csv,EMEF JOAO ANTONIO SATTE,eliane,exata_normalizada
CAEd,2025,3,EMEF JOAO ANTONIO SATTE,EMEF JOAO ANTONIO SATTE,EMEF JOAO ANTONIO SATTE,2025_1av_form_HABILIDADES_DESEMPENHO_TURMA_03anos_LP.csv,EMEF JOAO ANTONIO SATTE,eliane,exata_normalizada
CAEd,2025,4,EMEF JOAO ANTONIO SATTE,EMEF JOAO ANTONIO SATTE,EMEF JOAO ANTONIO SATTE,2025_1av_form_HABILIDADES_DESEMPENHO_TURMA_04anos_LP.csv,EMEF JOAO ANTONIO SATTE,eliane,exata_normalizada
CAEd,2025,5,EMEF JOAO ANTONIO SATTE,EMEF JOAO ANTONIO SATTE,EMEF JOAO ANTONIO SATTE,2025_1av_form_HABILIDADES_DESEMPENHO_TURMA_05anos_LP.csv,EMEF JOAO ANTONIO SATTE,eliane,exata_normalizada
CAEd,2026,1,EMEF JOAO ANTONIO SATTE,EMEF JOAO ANTONIO SATTE,EMEF JOAO ANTONIO SATTE,2026_1av_form_HABILIDADES_DESEMPENHO_TURMA_01anos_LP.csv,EMEF JOAO ANTONIO SATTE,eliane,exata_normalizada
CAEd,2026,2,EMEF JOAO ANTONIO SATTE,EMEF JOAO ANTONIO SATTE,EMEF JOAO ANTONIO SATTE,2026_1av_form_HABILIDADES_DESEMPENHO_TURMA_02anos_LP.csv,EMEF JOAO ANTONIO SATTE,eliane,exata_normalizada
CAEd,2026,3,EMEF JOAO ANTONIO SATTE,EMEF JOAO ANTONIO SATTE,EMEF JOAO ANTONIO SATTE,2026_1av_form_HABILIDADES_DESEMPENHO_TURMA_03anos_LP.csv,EMEF JOAO ANTONIO SATTE,eliane,exata_normalizada
CAEd,2026,4,EMEF JOAO ANTONIO SATTE,EMEF JOAO ANTONIO SATTE,EMEF JOAO ANTONIO SATTE,2026_1av_form_HABILIDADES_DESEMPENHO_TURMA_04anos_LP.csv,EMEF JOAO ANTONIO SATTE,eliane,exata_normalizada
CAEd,2026,5,EMEF JOAO ANTONIO SATTE,EMEF JOAO ANTONIO SATTE,EMEF JOAO ANTONIO SATTE,2026_1av_form_HABILIDADES_DESEMPENHO_TURMA_05anos_LP.csv,EMEF JOAO ANTONIO SATTE,eliane,exata_normalizada
CAEd,2025,1,EMEF JOAO CARLOS D AVILA PAIXAO CORTES (LACADOR),EMEF JOAO CARLOS D AVILA PAIXAO CORTES (LACADOR),EMEF JOAO CARLOS D AVILA PAIXAO CORTES LACADOR,2025_1av_form_HABILIDADES_DESEMPENHO_TURMA_01anos_LP.csv,,,nao_correspondida
CAEd,2025,2,EMEF JOAO CARLOS D AVILA PAIXAO CORTES (LACADOR),EMEF JOAO CARLOS D AVILA PAIXAO CORTES (LACADOR),EMEF JOAO CARLOS D AVILA PAIXAO CORTES LACADOR,2025_1av_form_HABILIDADES_DESEMPENHO_TURMA_02anos_LP.csv,,,nao_correspondida
CAEd,2025,3,EMEF JOAO CARLOS D AVILA PAIXAO CORTES (LACADOR),EMEF JOAO CARLOS D AVILA PAIXAO CORTES (LACADOR),EMEF JOAO CARLOS D AVILA PAIXAO CORTES LACADOR,2025_1av_form_HABILIDADES_DESEMPENHO_TURMA_03anos_LP.csv,,,nao_correspondida
CAEd,2025,4,EMEF JOAO CARLOS D AVILA PAIXAO CORTES (LACADOR),EMEF JOAO CARLOS D AVILA PAIXAO CORTES (LACADOR),EMEF JOAO CARLOS D AVILA PAIXAO CORTES LACADOR,2025_1av_form_HABILIDADES_DESEMPENHO_TURMA_04anos_LP.csv,,,nao_correspondida
CAEd,2026,1,EMEF JOAO CARLOS DAVILA PAIXAO CORTES - LACADOR,EMEF JOAO CARLOS DAVILA PAIXAO CORTES - LACADOR,EMEF JOAO CARLOS DAVILA PAIXAO CORTES LACADOR,2026_1av_form_HABILIDADES_DESEMPENHO_TURMA_01anos_LP.csv,EMEF JOAO CARLOS DAVILA PAIXAO CORTES - LACADOR,julia,exata_normalizada
CAEd,2026,2,EMEF JOAO CARLOS DAVILA PAIXAO CORTES - LACADOR,EMEF JOAO CARLOS DAVILA PAIXAO CORTES - LACADOR,EMEF JOAO CARLOS DAVILA PAIXAO CORTES LACADOR,2026_1av_form_HABILIDADES_DESEMPENHO_TURMA_02anos_LP.csv,EMEF JOAO CARLOS DAVILA PAIXAO CORTES - LACADOR,julia,exata_normalizada
CAEd,2026,3,EMEF JOAO CARLOS DAVILA PAIXAO CORTES - LACADOR,EMEF JOAO CARLOS DAVILA PAIXAO CORTES - LACADOR,EMEF JOAO CARLOS DAVILA PAIXAO CORTES LACADOR,2026_1av_form_HABILIDADES_DESEMPENHO_TURMA_03anos_LP.csv,EMEF JOAO CARLOS DAVILA PAIXAO CORTES - LACADOR,julia,exata_normalizada
CAEd,2026,4,EMEF JOAO CARLOS DAVILA PAIXAO CORTES - LACADOR,EMEF JOAO CARLOS DAVILA PAIXAO CORTES - LACADOR,EMEF JOAO CARLOS DAVILA PAIXAO CORTES LACADOR,2026_1av_form_HABILIDADES_DESEMPENHO_TURMA_04anos_LP.csv,EMEF JOAO CARLOS DAVILA PAIXAO CORTES - LACADOR,julia,exata_normalizada
CAEd,2026,5,EMEF JOAO CARLOS DAVILA PAIXAO CORTES - LACADOR,EMEF JOAO CARLOS DAVILA PAIXAO CORTES - LACADOR,EMEF JOAO CARLOS DAVILA PAIXAO CORTES LACADOR,2026_1av_form_HABILIDADES_DESEMPENHO_TURMA_05anos_LP.csv,EMEF JOAO CARLOS DAVILA PAIXAO CORTES - LACADOR,julia,exata_normalizada
CAEd,2025,1,EMEF JOSE LOUREIRO DA SILVA,EMEF JOSE LOUREIRO DA SILVA,EMEF JOSE LOUREIRO DA SILVA,2025_1av_form_HABILIDADES_DESEMPENHO_TURMA_01anos_LP.csv,EMEF JOSE LOUREIRO DA SILVA,jalize,exata_normalizada
CAEd,2025,2,EMEF JOSE LOUREIRO DA SILVA,EMEF JOSE LOUREIRO DA SILVA,EMEF JOSE LOUREIRO DA SILVA,2025_1av_form_HABILIDADES_DESEMPENHO_TURMA_02anos_LP.csv,EMEF JOSE LOUREIRO DA SILVA,jalize,exata_normalizada
CAEd,2025,3,EMEF JOSE LOUREIRO DA SILVA,EMEF JOSE LOUREIRO DA SILVA,EMEF JOSE LOUREIRO DA SILVA,2025_1av_form_HABILIDADES_DESEMPENHO_TURMA_03anos_LP.csv,EMEF JOSE LOUREIRO DA SILVA,jalize,exata_normalizada
CAEd,2025,4,EMEF JOSE LOUREIRO DA SILVA,EMEF JOSE LOUREIRO DA SILVA,EMEF JOSE LOUREIRO DA SILVA,2025_1av_form_HABILIDADES_DESEMPENHO_TURMA_04anos_LP.csv,EMEF JOSE LOUREIRO DA SILVA,jalize,exata_normalizada
CAEd,2025,5,EMEF JOSE LOUREIRO DA SILVA,EMEF JOSE LOUREIRO DA SILVA,EMEF JOSE LOUREIRO DA SILVA,2025_1av_form_HABILIDADES_DESEMPENHO_TURMA_05anos_LP.csv,EMEF JOSE LOUREIRO DA SILVA,jalize,exata_normalizada
CAEd,2026,1,EMEF JOSE LOUREIRO DA SILVA,EMEF JOSE LOUREIRO DA SILVA,EMEF JOSE LOUREIRO DA SILVA,2026_1av_form_HABILIDADES_DESEMPENHO_TURMA_01anos_LP.csv,EMEF JOSE LOUREIRO DA SILVA,jalize,exata_normalizada
CAEd,2026,2,EMEF JOSE LOUREIRO DA SILVA,EMEF JOSE LOUREIRO DA SILVA,EMEF JOSE LOUREIRO DA SILVA,2026_1av_form_HABILIDADES_DESEMPENHO_TURMA_02anos_LP.csv,EMEF JOSE LOUREIRO DA SILVA,jalize,exata_normalizada
CAEd,2026,3,EMEF JOSE LOUREIRO DA SILVA,EMEF JOSE LOUREIRO DA SILVA,EMEF JOSE LOUREIRO DA SILVA,2026_1av_form_HABILIDADES_DESEMPENHO_TURMA_03anos_LP.csv,EMEF JOSE LOUREIRO DA SILVA,jalize,exata_normalizada
CAEd,2026,4,EMEF JOSE LOUREIRO DA SILVA,EMEF JOSE LOUREIRO DA SILVA,EMEF JOSE LOUREIRO DA SILVA,2026_1av_form_HABILIDADES_DESEMPENHO_TURMA_04anos_LP.csv,EMEF JOSE LOUREIRO DA SILVA,jalize,exata_normalizada
CAEd,2026,5,EMEF JOSE LOUREIRO DA SILVA,EMEF JOSE LOUREIRO DA SILVA,EMEF JOSE LOUREIRO DA SILVA,2026_1av_form_HABILIDADES_DESEMPENHO_TURMA_05anos_LP.csv,EMEF JOSE LOUREIRO DA SILVA,jalize,exata_normalizada
CAEd,2025,1,EMEF JOSE MARIANO BECK,EMEF JOSE MARIANO BECK,EMEF JOSE MARIANO BECK,2025_1av_form_HABILIDADES_DESEMPENHO_TURMA_01anos_LP.csv,EMEF JOSE MARIANO BECK,nathalia,exata_normalizada
CAEd,2025,2,EMEF JOSE MARIANO BECK,EMEF JOSE MARIANO BECK,EMEF JOSE MARIANO BECK,2025_1av_form_HABILIDADES_DESEMPENHO_TURMA_02anos_LP.csv,EMEF JOSE MARIANO BECK,nathalia,exata_normalizada
CAEd,2025,3,EMEF JOSE MARIANO BECK,EMEF JOSE MARIANO BECK,EMEF JOSE MARIANO BECK,2025_1av_form_HABILIDADES_DESEMPENHO_TURMA_03anos_LP.csv,EMEF JOSE MARIANO BECK,nathalia,exata_normalizada
CAEd,2025,4,EMEF JOSE MARIANO BECK,EMEF JOSE MARIANO BECK,EMEF JOSE MARIANO BECK,2025_1av_form_HABILIDADES_DESEMPENHO_TURMA_04anos_LP.csv,EMEF JOSE MARIANO BECK,nathalia,exata_normalizada
CAEd,2025,5,EMEF JOSE MARIANO BECK,EMEF JOSE MARIANO BECK,EMEF JOSE MARIANO BECK,2025_1av_form_HABILIDADES_DESEMPENHO_TURMA_05anos_LP.csv,EMEF JOSE MARIANO BECK,nathalia,exata_normalizada
CAEd,2026,1,EMEF JOSE MARIANO BECK,EMEF JOSE MARIANO BECK,EMEF JOSE MARIANO BECK,2026_1av_form_HABILIDADES_DESEMPENHO_TURMA_01anos_LP.csv,EMEF JOSE MARIANO BECK,nathalia,exata_normalizada
CAEd,2026,2,EMEF JOSE MARIANO BECK,EMEF JOSE MARIANO BECK,EMEF JOSE MARIANO BECK,2026_1av_form_HABILIDADES_DESEMPENHO_TURMA_02anos_LP.csv,EMEF JOSE MARIANO BECK,nathalia,exata_normalizada
CAEd,2026,3,EMEF JOSE MARIANO BECK,EMEF JOSE MARIANO BECK,EMEF JOSE MARIANO BECK,2026_1av_form_HABILIDADES_DESEMPENHO_TURMA_03anos_LP.csv,EMEF JOSE MARIANO BECK,nathalia,exata_normalizada
CAEd,2026,4,EMEF JOSE MARIANO BECK,EMEF JOSE MARIANO BECK,EMEF JOSE MARIANO BECK,2026_1av_form_HABILIDADES_DESEMPENHO_TURMA_04anos_LP.csv,EMEF JOSE MARIANO BECK,nathalia,exata_normalizada
CAEd,2026,5,EMEF JOSE MARIANO BECK,EMEF JOSE MARIANO BECK,EMEF JOSE MARIANO BECK,2026_1av_form_HABILIDADES_DESEMPENHO_TURMA_05anos_LP.csv,EMEF JOSE MARIANO BECK,nathalia,exata_normalizada
CAEd,2025,1,EMEF LAURO RODRIGUES,EMEF LAURO RODRIGUES,EMEF LAURO RODRIGUES,2025_1av_form_HABILIDADES_DESEMPENHO_TURMA_01anos_LP.csv,EMEF LAURO RODRIGUES,clarissa,exata_normalizada
CAEd,2025,2,EMEF LAURO RODRIGUES,EMEF LAURO RODRIGUES,EMEF LAURO RODRIGUES,2025_1av_form_HABILIDADES_DESEMPENHO_TURMA_02anos_LP.csv,EMEF LAURO RODRIGUES,clarissa,exata_normalizada
CAEd,2025,3,EMEF LAURO RODRIGUES,EMEF LAURO RODRIGUES,EMEF LAURO RODRIGUES,2025_1av_form_HABILIDADES_DESEMPENHO_TURMA_03anos_LP.csv,EMEF LAURO RODRIGUES,clarissa,exata_normalizada
CAEd,2025,4,EMEF LAURO RODRIGUES,EMEF LAURO RODRIGUES,EMEF LAURO RODRIGUES,2025_1av_form_HABILIDADES_DESEMPENHO_TURMA_04anos_LP.csv,EMEF LAURO RODRIGUES,clarissa,exata_normalizada
CAEd,2025,5,EMEF LAURO RODRIGUES,EMEF LAURO RODRIGUES,EMEF LAURO RODRIGUES,2025_1av_form_HABILIDADES_DESEMPENHO_TURMA_05anos_LP.csv,EMEF LAURO RODRIGUES,clarissa,exata_normalizada
CAEd,2026,1,EMEF LAURO RODRIGUES,EMEF LAURO RODRIGUES,EMEF LAURO RODRIGUES,2026_1av_form_HABILIDADES_DESEMPENHO_TURMA_01anos_LP.csv,EMEF LAURO RODRIGUES,clarissa,exata_normalizada
CAEd,2026,2,EMEF LAURO RODRIGUES,EMEF LAURO RODRIGUES,EMEF LAURO RODRIGUES,2026_1av_form_HABILIDADES_DESEMPENHO_TURMA_02anos_LP.csv,EMEF LAURO RODRIGUES,clarissa,exata_normalizada
CAEd,2026,3,EMEF LAURO RODRIGUES,EMEF LAURO RODRIGUES,EMEF LAURO RODRIGUES,2026_1av_form_HABILIDADES_DESEMPENHO_TURMA_03anos_LP.csv,EMEF LAURO RODRIGUES,clarissa,exata_normalizada
CAEd,2026,4,EMEF LAURO RODRIGUES,EMEF LAURO RODRIGUES,EMEF LAURO RODRIGUES,2026_1av_form_HABILIDADES_DESEMPENHO_TURMA_04anos_LP.csv,EMEF LAURO RODRIGUES,clarissa,exata_normalizada
CAEd,2026,5,EMEF LAURO RODRIGUES,EMEF LAURO RODRIGUES,EMEF LAURO RODRIGUES,2026_1av_form_HABILIDADES_DESEMPENHO_TURMA_05anos_LP.csv,EMEF LAURO RODRIGUES,clarissa,exata_normalizada
CAEd,2025,1,EMEF LEOCADIA FELIZARDO PRESTES,EMEF LEOCADIA FELIZARDO PRESTES,EMEF LEOCADIA FELIZARDO PRESTES,2025_1av_form_HABILIDADES_DESEMPENHO_TURMA_01anos_LP.csv,EMEF LEOCADIA FELIZARDO PRESTES,graziela,exata_normalizada
CAEd,2025,2,EMEF LEOCADIA FELIZARDO PRESTES,EMEF LEOCADIA FELIZARDO PRESTES,EMEF LEOCADIA FELIZARDO PRESTES,2025_1av_form_HABILIDADES_DESEMPENHO_TURMA_02anos_LP.csv,EMEF LEOCADIA FELIZARDO PRESTES,graziela,exata_normalizada
CAEd,2025,3,EMEF LEOCADIA FELIZARDO PRESTES,EMEF LEOCADIA FELIZARDO PRESTES,EMEF LEOCADIA FELIZARDO PRESTES,2025_1av_form_HABILIDADES_DESEMPENHO_TURMA_03anos_LP.csv,EMEF LEOCADIA FELIZARDO PRESTES,graziela,exata_normalizada
CAEd,2025,4,EMEF LEOCADIA FELIZARDO PRESTES,EMEF LEOCADIA FELIZARDO PRESTES,EMEF LEOCADIA FELIZARDO PRESTES,2025_1av_form_HABILIDADES_DESEMPENHO_TURMA_04anos_LP.csv,EMEF LEOCADIA FELIZARDO PRESTES,graziela,exata_normalizada
CAEd,2025,5,EMEF LEOCADIA FELIZARDO PRESTES,EMEF LEOCADIA FELIZARDO PRESTES,EMEF LEOCADIA FELIZARDO PRESTES,2025_1av_form_HABILIDADES_DESEMPENHO_TURMA_05anos_LP.csv,EMEF LEOCADIA FELIZARDO PRESTES,graziela,exata_normalizada
CAEd,2026,1,EMEF LEOCADIA FELIZARDO PRESTES,EMEF LEOCADIA FELIZARDO PRESTES,EMEF LEOCADIA FELIZARDO PRESTES,2026_1av_form_HABILIDADES_DESEMPENHO_TURMA_01anos_LP.csv,EMEF LEOCADIA FELIZARDO PRESTES,graziela,exata_normalizada
CAEd,2026,2,EMEF LEOCADIA FELIZARDO PRESTES,EMEF LEOCADIA FELIZARDO PRESTES,EMEF LEOCADIA FELIZARDO PRESTES,2026_1av_form_HABILIDADES_DESEMPENHO_TURMA_02anos_LP.csv,EMEF LEOCADIA FELIZARDO PRESTES,graziela,exata_normalizada
CAEd,2026,3,EMEF LEOCADIA FELIZARDO PRESTES,EMEF LEOCADIA FELIZARDO PRESTES,EMEF LEOCADIA FELIZARDO PRESTES,2026_1av_form_HABILIDADES_DESEMPENHO_TURMA_03anos_LP.csv,EMEF LEOCADIA FELIZARDO PRESTES,graziela,exata_normalizada
CAEd,2026,4,EMEF LEOCADIA FELIZARDO PRESTES,EMEF LEOCADIA FELIZARDO PRESTES,EMEF LEOCADIA FELIZARDO PRESTES,2026_1av_form_HABILIDADES_DESEMPENHO_TURMA_04anos_LP.csv,EMEF LEOCADIA FELIZARDO PRESTES,graziela,exata_normalizada
CAEd,2026,5,EMEF LEOCADIA FELIZARDO PRESTES,EMEF LEOCADIA FELIZARDO PRESTES,EMEF LEOCADIA FELIZARDO PRESTES,2026_1av_form_HABILIDADES_DESEMPENHO_TURMA_05anos_LP.csv,EMEF LEOCADIA FELIZARDO PRESTES,graziela,exata_normalizada
CAEd,2025,1,EMEF LIDOVINO FANTON,EMEF LIDOVINO FANTON,EMEF LIDOVINO FANTON,2025_1av_form_HABILIDADES_DESEMPENHO_TURMA_01anos_LP.csv,EMEF LIDOVINO FANTON,julia,exata_normalizada
CAEd,2025,2,EMEF LIDOVINO FANTON,EMEF LIDOVINO FANTON,EMEF LIDOVINO FANTON,2025_1av_form_HABILIDADES_DESEMPENHO_TURMA_02anos_LP.csv,EMEF LIDOVINO FANTON,julia,exata_normalizada
CAEd,2025,3,EMEF LIDOVINO FANTON,EMEF LIDOVINO FANTON,EMEF LIDOVINO FANTON,2025_1av_form_HABILIDADES_DESEMPENHO_TURMA_03anos_LP.csv,EMEF LIDOVINO FANTON,julia,exata_normalizada
CAEd,2025,4,EMEF LIDOVINO FANTON,EMEF LIDOVINO FANTON,EMEF LIDOVINO FANTON,2025_1av_form_HABILIDADES_DESEMPENHO_TURMA_04anos_LP.csv,EMEF LIDOVINO FANTON,julia,exata_normalizada
CAEd,2025,5,EMEF LIDOVINO FANTON,EMEF LIDOVINO FANTON,EMEF LIDOVINO FANTON,2025_1av_form_HABILIDADES_DESEMPENHO_TURMA_05anos_LP.csv,EMEF LIDOVINO FANTON,julia,exata_normalizada
CAEd,2026,1,EMEF LIDOVINO FANTON,EMEF LIDOVINO FANTON,EMEF LIDOVINO FANTON,2026_1av_form_HABILIDADES_DESEMPENHO_TURMA_01anos_LP.csv,EMEF LIDOVINO FANTON,julia,exata_normalizada
CAEd,2026,2,EMEF LIDOVINO FANTON,EMEF LIDOVINO FANTON,EMEF LIDOVINO FANTON,2026_1av_form_HABILIDADES_DESEMPENHO_TURMA_02anos_LP.csv,EMEF LIDOVINO FANTON,julia,exata_normalizada
CAEd,2026,3,EMEF LIDOVINO FANTON,EMEF LIDOVINO FANTON,EMEF LIDOVINO FANTON,2026_1av_form_HABILIDADES_DESEMPENHO_TURMA_03anos_LP.csv,EMEF LIDOVINO FANTON,julia,exata_normalizada
CAEd,2026,4,EMEF LIDOVINO FANTON,EMEF LIDOVINO FANTON,EMEF LIDOVINO FANTON,2026_1av_form_HABILIDADES_DESEMPENHO_TURMA_04anos_LP.csv,EMEF LIDOVINO FANTON,julia,exata_normalizada
CAEd,2026,5,EMEF LIDOVINO FANTON,EMEF LIDOVINO FANTON,EMEF LIDOVINO FANTON,2026_1av_form_HABILIDADES_DESEMPENHO_TURMA_05anos_LP.csv,EMEF LIDOVINO FANTON,julia,exata_normalizada
CAEd,2025,1,EMEF MARIO QUINTANA,EMEF MARIO QUINTANA,EMEF MARIO QUINTANA,2025_1av_form_HABILIDADES_DESEMPENHO_TURMA_01anos_LP.csv,EMEF MARIO QUINTANA,ruti,exata_normalizada
CAEd,2025,2,EMEF MARIO QUINTANA,EMEF MARIO QUINTANA,EMEF MARIO QUINTANA,2025_1av_form_HABILIDADES_DESEMPENHO_TURMA_02anos_LP.csv,EMEF MARIO QUINTANA,ruti,exata_normalizada
CAEd,2025,3,EMEF MARIO QUINTANA,EMEF MARIO QUINTANA,EMEF MARIO QUINTANA,2025_1av_form_HABILIDADES_DESEMPENHO_TURMA_03anos_LP.csv,EMEF MARIO QUINTANA,ruti,exata_normalizada
CAEd,2025,4,EMEF MARIO QUINTANA,EMEF MARIO QUINTANA,EMEF MARIO QUINTANA,2025_1av_form_HABILIDADES_DESEMPENHO_TURMA_04anos_LP.csv,EMEF MARIO QUINTANA,ruti,exata_normalizada
CAEd,2025,5,EMEF MARIO QUINTANA,EMEF MARIO QUINTANA,EMEF MARIO QUINTANA,2025_1av_form_HABILIDADES_DESEMPENHO_TURMA_05anos_LP.csv,EMEF MARIO QUINTANA,ruti,exata_normalizada
CAEd,2026,1,EMEF MARIO QUINTANA,EMEF MARIO QUINTANA,EMEF MARIO QUINTANA,2026_1av_form_HABILIDADES_DESEMPENHO_TURMA_01anos_LP.csv,EMEF MARIO QUINTANA,ruti,exata_normalizada
CAEd,2026,2,EMEF MARIO QUINTANA,EMEF MARIO QUINTANA,EMEF MARIO QUINTANA,2026_1av_form_HABILIDADES_DESEMPENHO_TURMA_02anos_LP.csv,EMEF MARIO QUINTANA,ruti,exata_normalizada
CAEd,2026,3,EMEF MARIO QUINTANA,EMEF MARIO QUINTANA,EMEF MARIO QUINTANA,2026_1av_form_HABILIDADES_DESEMPENHO_TURMA_03anos_LP.csv,EMEF MARIO QUINTANA,ruti,exata_normalizada
CAEd,2026,4,EMEF MARIO QUINTANA,EMEF MARIO QUINTANA,EMEF MARIO QUINTANA,2026_1av_form_HABILIDADES_DESEMPENHO_TURMA_04anos_LP.csv,EMEF MARIO QUINTANA,ruti,exata_normalizada
CAEd,2026,5,EMEF MARIO QUINTANA,EMEF MARIO QUINTANA,EMEF MARIO QUINTANA,2026_1av_form_HABILIDADES_DESEMPENHO_TURMA_05anos_LP.csv,EMEF MARIO QUINTANA,ruti,exata_normalizada
CAEd,2025,1,EMEF MIGRANTES,EMEF MIGRANTES,EMEF MIGRANTES,2025_1av_form_HABILIDADES_DESEMPENHO_TURMA_01anos_LP.csv,EMEF MIGRANTES,nathalia,exata_normalizada
CAEd,2025,2,EMEF MIGRANTES,EMEF MIGRANTES,EMEF MIGRANTES,2025_1av_form_HABILIDADES_DESEMPENHO_TURMA_02anos_LP.csv,EMEF MIGRANTES,nathalia,exata_normalizada
CAEd,2025,3,EMEF MIGRANTES,EMEF MIGRANTES,EMEF MIGRANTES,2025_1av_form_HABILIDADES_DESEMPENHO_TURMA_03anos_LP.csv,EMEF MIGRANTES,nathalia,exata_normalizada
CAEd,2025,4,EMEF MIGRANTES,EMEF MIGRANTES,EMEF MIGRANTES,2025_1av_form_HABILIDADES_DESEMPENHO_TURMA_04anos_LP.csv,EMEF MIGRANTES,nathalia,exata_normalizada
CAEd,2025,5,EMEF MIGRANTES,EMEF MIGRANTES,EMEF MIGRANTES,2025_1av_form_HABILIDADES_DESEMPENHO_TURMA_05anos_LP.csv,EMEF MIGRANTES,nathalia,exata_normalizada
CAEd,2026,1,EMEF MIGRANTES,EMEF MIGRANTES,EMEF MIGRANTES,2026_1av_form_HABILIDADES_DESEMPENHO_TURMA_01anos_LP.csv,EMEF MIGRANTES,nathalia,exata_normalizada
CAEd,2026,2,EMEF MIGRANTES,EMEF MIGRANTES,EMEF MIGRANTES,2026_1av_form_HABILIDADES_DESEMPENHO_TURMA_02anos_LP.csv,EMEF MIGRANTES,nathalia,exata_normalizada
CAEd,2026,3,EMEF MIGRANTES,EMEF MIGRANTES,EMEF MIGRANTES,2026_1av_form_HABILIDADES_DESEMPENHO_TURMA_03anos_LP.csv,EMEF MIGRANTES,nathalia,exata_normalizada
CAEd,2026,4,EMEF MIGRANTES,EMEF MIGRANTES,EMEF MIGRANTES,2026_1av_form_HABILIDADES_DESEMPENHO_TURMA_04anos_LP.csv,EMEF MIGRANTES,nathalia,exata_normalizada
CAEd,2026,5,EMEF MIGRANTES,EMEF MIGRANTES,EMEF MIGRANTES,2026_1av_form_HABILIDADES_DESEMPENHO_TURMA_05anos_LP.csv,EMEF MIGRANTES,nathalia,exata_normalizada
CAEd,2025,1,EMEF MORADAS DA HIPICA,EMEF MORADAS DA HIPICA,EMEF MORADAS DA HIPICA,2025_1av_form_HABILIDADES_DESEMPENHO_TURMA_01anos_LP.csv,EMEF MORADAS DA HIPICA,amanda,exata_normalizada
CAEd,2025,2,EMEF MORADAS DA HIPICA,EMEF MORADAS DA HIPICA,EMEF MORADAS DA HIPICA,2025_1av_form_HABILIDADES_DESEMPENHO_TURMA_02anos_LP.csv,EMEF MORADAS DA HIPICA,amanda,exata_normalizada
CAEd,2025,3,EMEF MORADAS DA HIPICA,EMEF MORADAS DA HIPICA,EMEF MORADAS DA HIPICA,2025_1av_form_HABILIDADES_DESEMPENHO_TURMA_03anos_LP.csv,EMEF MORADAS DA HIPICA,amanda,exata_normalizada
CAEd,2025,4,EMEF MORADAS DA HIPICA,EMEF MORADAS DA HIPICA,EMEF MORADAS DA HIPICA,2025_1av_form_HABILIDADES_DESEMPENHO_TURMA_04anos_LP.csv,EMEF MORADAS DA HIPICA,amanda,exata_normalizada
CAEd,2025,5,EMEF MORADAS DA HIPICA,EMEF MORADAS DA HIPICA,EMEF MORADAS DA HIPICA,2025_1av_form_HABILIDADES_DESEMPENHO_TURMA_05anos_LP.csv,EMEF MORADAS DA HIPICA,amanda,exata_normalizada
CAEd,2026,1,EMEF MORADAS DA HIPICA,EMEF MORADAS DA HIPICA,EMEF MORADAS DA HIPICA,2026_1av_form_HABILIDADES_DESEMPENHO_TURMA_01anos_LP.csv,EMEF MORADAS DA HIPICA,amanda,exata_normalizada
CAEd,2026,2,EMEF MORADAS DA HIPICA,EMEF MORADAS DA HIPICA,EMEF MORADAS DA HIPICA,2026_1av_form_HABILIDADES_DESEMPENHO_TURMA_02anos_LP.csv,EMEF MORADAS DA HIPICA,amanda,exata_normalizada
CAEd,2026,3,EMEF MORADAS DA HIPICA,EMEF MORADAS DA HIPICA,EMEF MORADAS DA HIPICA,2026_1av_form_HABILIDADES_DESEMPENHO_TURMA_03anos_LP.csv,EMEF MORADAS DA HIPICA,amanda,exata_normalizada
CAEd,2026,4,EMEF MORADAS DA HIPICA,EMEF MORADAS DA HIPICA,EMEF MORADAS DA HIPICA,2026_1av_form_HABILIDADES_DESEMPENHO_TURMA_04anos_LP.csv,EMEF MORADAS DA HIPICA,amanda,exata_normalizada
CAEd,2026,5,EMEF MORADAS DA HIPICA,EMEF MORADAS DA HIPICA,EMEF MORADAS DA HIPICA,2026_1av_form_HABILIDADES_DESEMPENHO_TURMA_05anos_LP.csv,EMEF MORADAS DA HIPICA,amanda,exata_normalizada
CAEd,2025,1,EMEF MORRO DA CRUZ,EMEF MORRO DA CRUZ,EMEF MORRO DA CRUZ,2025_1av_form_HABILIDADES_DESEMPENHO_TURMA_01anos_LP.csv,EMEF MORRO DA CRUZ,andreia,exata_normalizada
CAEd,2025,2,EMEF MORRO DA CRUZ,EMEF MORRO DA CRUZ,EMEF MORRO DA CRUZ,2025_1av_form_HABILIDADES_DESEMPENHO_TURMA_02anos_LP.csv,EMEF MORRO DA CRUZ,andreia,exata_normalizada
CAEd,2025,3,EMEF MORRO DA CRUZ,EMEF MORRO DA CRUZ,EMEF MORRO DA CRUZ,2025_1av_form_HABILIDADES_DESEMPENHO_TURMA_03anos_LP.csv,EMEF MORRO DA CRUZ,andreia,exata_normalizada
CAEd,2025,4,EMEF MORRO DA CRUZ,EMEF MORRO DA CRUZ,EMEF MORRO DA CRUZ,2025_1av_form_HABILIDADES_DESEMPENHO_TURMA_04anos_LP.csv,EMEF MORRO DA CRUZ,andreia,exata_normalizada
CAEd,2025,5,EMEF MORRO DA CRUZ,EMEF MORRO DA CRUZ,EMEF MORRO DA CRUZ,2025_1av_form_HABILIDADES_DESEMPENHO_TURMA_05anos_LP.csv,EMEF MORRO DA CRUZ,andreia,exata_normalizada
CAEd,2026,1,EMEF MORRO DA CRUZ,EMEF MORRO DA CRUZ,EMEF MORRO DA CRUZ,2026_1av_form_HABILIDADES_DESEMPENHO_TURMA_01anos_LP.csv,EMEF MORRO DA CRUZ,andreia,exata_normalizada
CAEd,2026,2,EMEF MORRO DA CRUZ,EMEF MORRO DA CRUZ,EMEF MORRO DA CRUZ,2026_1av_form_HABILIDADES_DESEMPENHO_TURMA_02anos_LP.csv,EMEF MORRO DA CRUZ,andreia,exata_normalizada
CAEd,2026,3,EMEF MORRO DA CRUZ,EMEF MORRO DA CRUZ,EMEF MORRO DA CRUZ,2026_1av_form_HABILIDADES_DESEMPENHO_TURMA_03anos_LP.csv,EMEF MORRO DA CRUZ,andreia,exata_normalizada
CAEd,2026,4,EMEF MORRO DA CRUZ,EMEF MORRO DA CRUZ,EMEF MORRO DA CRUZ,2026_1av_form_HABILIDADES_DESEMPENHO_TURMA_04anos_LP.csv,EMEF MORRO DA CRUZ,andreia,exata_normalizada
CAEd,2026,5,EMEF MORRO DA CRUZ,EMEF MORRO DA CRUZ,EMEF MORRO DA CRUZ,2026_1av_form_HABILIDADES_DESEMPENHO_TURMA_05anos_LP.csv,EMEF MORRO DA CRUZ,andreia,exata_normalizada
CAEd,2025,1,EMEF NEUSA GOULART BRIZOLA,EMEF NEUSA GOULART BRIZOLA,EMEF NEUSA GOULART BRIZOLA,2025_1av_form_HABILIDADES_DESEMPENHO_TURMA_01anos_LP.csv,EMEF NEUSA GOULART BRIZOLA,julia,exata_normalizada
CAEd,2025,2,EMEF NEUSA GOULART BRIZOLA,EMEF NEUSA GOULART BRIZOLA,EMEF NEUSA GOULART BRIZOLA,2025_1av_form_HABILIDADES_DESEMPENHO_TURMA_02anos_LP.csv,EMEF NEUSA GOULART BRIZOLA,julia,exata_normalizada
CAEd,2025,3,EMEF NEUSA GOULART BRIZOLA,EMEF NEUSA GOULART BRIZOLA,EMEF NEUSA GOULART BRIZOLA,2025_1av_form_HABILIDADES_DESEMPENHO_TURMA_03anos_LP.csv,EMEF NEUSA GOULART BRIZOLA,julia,exata_normalizada
CAEd,2025,4,EMEF NEUSA GOULART BRIZOLA,EMEF NEUSA GOULART BRIZOLA,EMEF NEUSA GOULART BRIZOLA,2025_1av_form_HABILIDADES_DESEMPENHO_TURMA_04anos_LP.csv,EMEF NEUSA GOULART BRIZOLA,julia,exata_normalizada
CAEd,2025,5,EMEF NEUSA GOULART BRIZOLA,EMEF NEUSA GOULART BRIZOLA,EMEF NEUSA GOULART BRIZOLA,2025_1av_form_HABILIDADES_DESEMPENHO_TURMA_05anos_LP.csv,EMEF NEUSA GOULART BRIZOLA,julia,exata_normalizada
CAEd,2026,1,EMEF NEUSA GOULART BRIZOLA,EMEF NEUSA GOULART BRIZOLA,EMEF NEUSA GOULART BRIZOLA,2026_1av_form_HABILIDADES_DESEMPENHO_TURMA_01anos_LP.csv,EMEF NEUSA GOULART BRIZOLA,julia,exata_normalizada
CAEd,2026,2,EMEF NEUSA GOULART BRIZOLA,EMEF NEUSA GOULART BRIZOLA,EMEF NEUSA GOULART BRIZOLA,2026_1av_form_HABILIDADES_DESEMPENHO_TURMA_02anos_LP.csv,EMEF NEUSA GOULART BRIZOLA,julia,exata_normalizada
CAEd,2026,3,EMEF NEUSA GOULART BRIZOLA,EMEF NEUSA GOULART BRIZOLA,EMEF NEUSA GOULART BRIZOLA,2026_1av_form_HABILIDADES_DESEMPENHO_TURMA_03anos_LP.csv,EMEF NEUSA GOULART BRIZOLA,julia,exata_normalizada
CAEd,2026,4,EMEF NEUSA GOULART BRIZOLA,EMEF NEUSA GOULART BRIZOLA,EMEF NEUSA GOULART BRIZOLA,2026_1av_form_HABILIDADES_DESEMPENHO_TURMA_04anos_LP.csv,EMEF NEUSA GOULART BRIZOLA,julia,exata_normalizada
CAEd,2026,5,EMEF NEUSA GOULART BRIZOLA,EMEF NEUSA GOULART BRIZOLA,EMEF NEUSA GOULART BRIZOLA,2026_1av_form_HABILIDADES_DESEMPENHO_TURMA_05anos_LP.csv,EMEF NEUSA GOULART BRIZOLA,julia,exata_normalizada
CAEd,2025,1,EMEF NOSSA SENHORA DE FATIMA,EMEF NOSSA SENHORA DE FATIMA,EMEF NOSSA SENHORA DE FATIMA,2025_1av_form_HABILIDADES_DESEMPENHO_TURMA_01anos_LP.csv,EMEF NOSSA SENHORA DE FATIMA,amanda,exata_normalizada
CAEd,2025,2,EMEF NOSSA SENHORA DE FATIMA,EMEF NOSSA SENHORA DE FATIMA,EMEF NOSSA SENHORA DE FATIMA,2025_1av_form_HABILIDADES_DESEMPENHO_TURMA_02anos_LP.csv,EMEF NOSSA SENHORA DE FATIMA,amanda,exata_normalizada
CAEd,2025,3,EMEF NOSSA SENHORA DE FATIMA,EMEF NOSSA SENHORA DE FATIMA,EMEF NOSSA SENHORA DE FATIMA,2025_1av_form_HABILIDADES_DESEMPENHO_TURMA_03anos_LP.csv,EMEF NOSSA SENHORA DE FATIMA,amanda,exata_normalizada
CAEd,2025,4,EMEF NOSSA SENHORA DE FATIMA,EMEF NOSSA SENHORA DE FATIMA,EMEF NOSSA SENHORA DE FATIMA,2025_1av_form_HABILIDADES_DESEMPENHO_TURMA_04anos_LP.csv,EMEF NOSSA SENHORA DE FATIMA,amanda,exata_normalizada
CAEd,2025,5,EMEF NOSSA SENHORA DE FATIMA,EMEF NOSSA SENHORA DE FATIMA,EMEF NOSSA SENHORA DE FATIMA,2025_1av_form_HABILIDADES_DESEMPENHO_TURMA_05anos_LP.csv,EMEF NOSSA SENHORA DE FATIMA,amanda,exata_normalizada
CAEd,2026,1,EMEF NOSSA SENHORA DE FATIMA,EMEF NOSSA SENHORA DE FATIMA,EMEF NOSSA SENHORA DE FATIMA,2026_1av_form_HABILIDADES_DESEMPENHO_TURMA_01anos_LP.csv,EMEF NOSSA SENHORA DE FATIMA,amanda,exata_normalizada
CAEd,2026,2,EMEF NOSSA SENHORA DE FATIMA,EMEF NOSSA SENHORA DE FATIMA,EMEF NOSSA SENHORA DE FATIMA,2026_1av_form_HABILIDADES_DESEMPENHO_TURMA_02anos_LP.csv,EMEF NOSSA SENHORA DE FATIMA,amanda,exata_normalizada
CAEd,2026,3,EMEF NOSSA SENHORA DE FATIMA,EMEF NOSSA SENHORA DE FATIMA,EMEF NOSSA SENHORA DE FATIMA,2026_1av_form_HABILIDADES_DESEMPENHO_TURMA_03anos_LP.csv,EMEF NOSSA SENHORA DE FATIMA,amanda,exata_normalizada
CAEd,2026,4,EMEF NOSSA SENHORA DE FATIMA,EMEF NOSSA SENHORA DE FATIMA,EMEF NOSSA SENHORA DE FATIMA,2026_1av_form_HABILIDADES_DESEMPENHO_TURMA_04anos_LP.csv,EMEF NOSSA SENHORA DE FATIMA,amanda,exata_normalizada
CAEd,2026,5,EMEF NOSSA SENHORA DE FATIMA,EMEF NOSSA SENHORA DE FATIMA,EMEF NOSSA SENHORA DE FATIMA,2026_1av_form_HABILIDADES_DESEMPENHO_TURMA_05anos_LP.csv,EMEF NOSSA SENHORA DE FATIMA,amanda,exata_normalizada
CAEd,2025,1,EMEF NOSSA SENHORA DO CARMO,EMEF NOSSA SENHORA DO CARMO,EMEF NOSSA SENHORA DO CARMO,2025_1av_form_HABILIDADES_DESEMPENHO_TURMA_01anos_LP.csv,EMEF NOSSA SENHORA DO CARMO,amanda,exata_normalizada
CAEd,2025,2,EMEF NOSSA SENHORA DO CARMO,EMEF NOSSA SENHORA DO CARMO,EMEF NOSSA SENHORA DO CARMO,2025_1av_form_HABILIDADES_DESEMPENHO_TURMA_02anos_LP.csv,EMEF NOSSA SENHORA DO CARMO,amanda,exata_normalizada
CAEd,2025,3,EMEF NOSSA SENHORA DO CARMO,EMEF NOSSA SENHORA DO CARMO,EMEF NOSSA SENHORA DO CARMO,2025_1av_form_HABILIDADES_DESEMPENHO_TURMA_03anos_LP.csv,EMEF NOSSA SENHORA DO CARMO,amanda,exata_normalizada
CAEd,2025,4,EMEF NOSSA SENHORA DO CARMO,EMEF NOSSA SENHORA DO CARMO,EMEF NOSSA SENHORA DO CARMO,2025_1av_form_HABILIDADES_DESEMPENHO_TURMA_04anos_LP.csv,EMEF NOSSA SENHORA DO CARMO,amanda,exata_normalizada
CAEd,2025,5,EMEF NOSSA SENHORA DO CARMO,EMEF NOSSA SENHORA DO CARMO,EMEF NOSSA SENHORA DO CARMO,2025_1av_form_HABILIDADES_DESEMPENHO_TURMA_05anos_LP.csv,EMEF NOSSA SENHORA DO CARMO,amanda,exata_normalizada
CAEd,2026,1,EMEF NOSSA SENHORA DO CARMO,EMEF NOSSA SENHORA DO CARMO,EMEF NOSSA SENHORA DO CARMO,2026_1av_form_HABILIDADES_DESEMPENHO_TURMA_01anos_LP.csv,EMEF NOSSA SENHORA DO CARMO,amanda,exata_normalizada
CAEd,2026,2,EMEF NOSSA SENHORA DO CARMO,EMEF NOSSA SENHORA DO CARMO,EMEF NOSSA SENHORA DO CARMO,2026_1av_form_HABILIDADES_DESEMPENHO_TURMA_02anos_LP.csv,EMEF NOSSA SENHORA DO CARMO,amanda,exata_normalizada
CAEd,2026,3,EMEF NOSSA SENHORA DO CARMO,EMEF NOSSA SENHORA DO CARMO,EMEF NOSSA SENHORA DO CARMO,2026_1av_form_HABILIDADES_DESEMPENHO_TURMA_03anos_LP.csv,EMEF NOSSA SENHORA DO CARMO,amanda,exata_normalizada
CAEd,2026,4,EMEF NOSSA SENHORA DO CARMO,EMEF NOSSA SENHORA DO CARMO,EMEF NOSSA SENHORA DO CARMO,2026_1av_form_HABILIDADES_DESEMPENHO_TURMA_04anos_LP.csv,EMEF NOSSA SENHORA DO CARMO,amanda,exata_normalizada
CAEd,2026,5,EMEF NOSSA SENHORA DO CARMO,EMEF NOSSA SENHORA DO CARMO,EMEF NOSSA SENHORA DO CARMO,2026_1av_form_HABILIDADES_DESEMPENHO_TURMA_05anos_LP.csv,EMEF NOSSA SENHORA DO CARMO,amanda,exata_normalizada
CAEd,2025,1,EMEF PEPITA DE LEAO,EMEF PEPITA DE LEAO,EMEF PEPITA DE LEAO,2025_1av_form_HABILIDADES_DESEMPENHO_TURMA_01anos_LP.csv,EMEF PEPITA DE LEAO,nathalia,exata_normalizada
CAEd,2025,2,EMEF PEPITA DE LEAO,EMEF PEPITA DE LEAO,EMEF PEPITA DE LEAO,2025_1av_form_HABILIDADES_DESEMPENHO_TURMA_02anos_LP.csv,EMEF PEPITA DE LEAO,nathalia,exata_normalizada
CAEd,2025,3,EMEF PEPITA DE LEAO,EMEF PEPITA DE LEAO,EMEF PEPITA DE LEAO,2025_1av_form_HABILIDADES_DESEMPENHO_TURMA_03anos_LP.csv,EMEF PEPITA DE LEAO,nathalia,exata_normalizada
CAEd,2025,4,EMEF PEPITA DE LEAO,EMEF PEPITA DE LEAO,EMEF PEPITA DE LEAO,2025_1av_form_HABILIDADES_DESEMPENHO_TURMA_04anos_LP.csv,EMEF PEPITA DE LEAO,nathalia,exata_normalizada
CAEd,2025,5,EMEF PEPITA DE LEAO,EMEF PEPITA DE LEAO,EMEF PEPITA DE LEAO,2025_1av_form_HABILIDADES_DESEMPENHO_TURMA_05anos_LP.csv,EMEF PEPITA DE LEAO,nathalia,exata_normalizada
CAEd,2026,1,EMEF PEPITA DE LEAO,EMEF PEPITA DE LEAO,EMEF PEPITA DE LEAO,2026_1av_form_HABILIDADES_DESEMPENHO_TURMA_01anos_LP.csv,EMEF PEPITA DE LEAO,nathalia,exata_normalizada
CAEd,2026,2,EMEF PEPITA DE LEAO,EMEF PEPITA DE LEAO,EMEF PEPITA DE LEAO,2026_1av_form_HABILIDADES_DESEMPENHO_TURMA_02anos_LP.csv,EMEF PEPITA DE LEAO,nathalia,exata_normalizada
CAEd,2026,3,EMEF PEPITA DE LEAO,EMEF PEPITA DE LEAO,EMEF PEPITA DE LEAO,2026_1av_form_HABILIDADES_DESEMPENHO_TURMA_03anos_LP.csv,EMEF PEPITA DE LEAO,nathalia,exata_normalizada
CAEd,2026,4,EMEF PEPITA DE LEAO,EMEF PEPITA DE LEAO,EMEF PEPITA DE LEAO,2026_1av_form_HABILIDADES_DESEMPENHO_TURMA_04anos_LP.csv,EMEF PEPITA DE LEAO,nathalia,exata_normalizada
CAEd,2026,5,EMEF PEPITA DE LEAO,EMEF PEPITA DE LEAO,EMEF PEPITA DE LEAO,2026_1av_form_HABILIDADES_DESEMPENHO_TURMA_05anos_LP.csv,EMEF PEPITA DE LEAO,nathalia,exata_normalizada
CAEd,2025,1,EMEF PORTO NOVO,EMEF PORTO NOVO,EMEF PORTO NOVO,2025_1av_form_HABILIDADES_DESEMPENHO_TURMA_01anos_LP.csv,EMEF PORTO NOVO,marian,exata_normalizada
CAEd,2025,2,EMEF PORTO NOVO,EMEF PORTO NOVO,EMEF PORTO NOVO,2025_1av_form_HABILIDADES_DESEMPENHO_TURMA_02anos_LP.csv,EMEF PORTO NOVO,marian,exata_normalizada
CAEd,2025,3,EMEF PORTO NOVO,EMEF PORTO NOVO,EMEF PORTO NOVO,2025_1av_form_HABILIDADES_DESEMPENHO_TURMA_03anos_LP.csv,EMEF PORTO NOVO,marian,exata_normalizada
CAEd,2025,4,EMEF PORTO NOVO,EMEF PORTO NOVO,EMEF PORTO NOVO,2025_1av_form_HABILIDADES_DESEMPENHO_TURMA_04anos_LP.csv,EMEF PORTO NOVO,marian,exata_normalizada
CAEd,2025,5,EMEF PORTO NOVO,EMEF PORTO NOVO,EMEF PORTO NOVO,2025_1av_form_HABILIDADES_DESEMPENHO_TURMA_05anos_LP.csv,EMEF PORTO NOVO,marian,exata_normalizada
CAEd,2026,1,EMEF PORTO NOVO,EMEF PORTO NOVO,EMEF PORTO NOVO,2026_1av_form_HABILIDADES_DESEMPENHO_TURMA_01anos_LP.csv,EMEF PORTO NOVO,marian,exata_normalizada
CAEd,2026,2,EMEF PORTO NOVO,EMEF PORTO NOVO,EMEF PORTO NOVO,2026_1av_form_HABILIDADES_DESEMPENHO_TURMA_02anos_LP.csv,EMEF PORTO NOVO,marian,exata_normalizada
CAEd,2026,3,EMEF PORTO NOVO,EMEF PORTO NOVO,EMEF PORTO NOVO,2026_1av_form_HABILIDADES_DESEMPENHO_TURMA_03anos_LP.csv,EMEF PORTO NOVO,marian,exata_normalizada
CAEd,2026,4,EMEF PORTO NOVO,EMEF PORTO NOVO,EMEF PORTO NOVO,2026_1av_form_HABILIDADES_DESEMPENHO_TURMA_04anos_LP.csv,EMEF PORTO NOVO,marian,exata_normalizada
CAEd,2026,5,EMEF PORTO NOVO,EMEF PORTO NOVO,EMEF PORTO NOVO,2026_1av_form_HABILIDADES_DESEMPENHO_TURMA_05anos_LP.csv,EMEF PORTO NOVO,marian,exata_normalizada
CAEd,2025,1,EMEF PRES JOAO BELCHIOR MARQUES GOULART,EMEF PRES JOAO BELCHIOR MARQUES GOULART,EMEF PRES JOAO BELCHIOR MARQUES GOULART,2025_1av_form_HABILIDADES_DESEMPENHO_TURMA_01anos_LP.csv,EMEF PRES JOAO BELCHIOR MARQUES GOULART,marian,exata_normalizada
CAEd,2025,2,EMEF PRES JOAO BELCHIOR MARQUES GOULART,EMEF PRES JOAO BELCHIOR MARQUES GOULART,EMEF PRES JOAO BELCHIOR MARQUES GOULART,2025_1av_form_HABILIDADES_DESEMPENHO_TURMA_02anos_LP.csv,EMEF PRES JOAO BELCHIOR MARQUES GOULART,marian,exata_normalizada
CAEd,2025,3,EMEF PRES JOAO BELCHIOR MARQUES GOULART,EMEF PRES JOAO BELCHIOR MARQUES GOULART,EMEF PRES JOAO BELCHIOR MARQUES GOULART,2025_1av_form_HABILIDADES_DESEMPENHO_TURMA_03anos_LP.csv,EMEF PRES JOAO BELCHIOR MARQUES GOULART,marian,exata_normalizada
CAEd,2025,4,EMEF PRES JOAO BELCHIOR MARQUES GOULART,EMEF PRES JOAO BELCHIOR MARQUES GOULART,EMEF PRES JOAO BELCHIOR MARQUES GOULART,2025_1av_form_HABILIDADES_DESEMPENHO_TURMA_04anos_LP.csv,EMEF PRES JOAO BELCHIOR MARQUES GOULART,marian,exata_normalizada
CAEd,2025,5,EMEF PRES JOAO BELCHIOR MARQUES GOULART,EMEF PRES JOAO BELCHIOR MARQUES GOULART,EMEF PRES JOAO BELCHIOR MARQUES GOULART,2025_1av_form_HABILIDADES_DESEMPENHO_TURMA_05anos_LP.csv,EMEF PRES JOAO BELCHIOR MARQUES GOULART,marian,exata_normalizada
CAEd,2026,1,EMEF PRES JOAO BELCHIOR MARQUES GOULART,EMEF PRES JOAO BELCHIOR MARQUES GOULART,EMEF PRES JOAO BELCHIOR MARQUES GOULART,2026_1av_form_HABILIDADES_DESEMPENHO_TURMA_01anos_LP.csv,EMEF PRES JOAO BELCHIOR MARQUES GOULART,marian,exata_normalizada
CAEd,2026,2,EMEF PRES JOAO BELCHIOR MARQUES GOULART,EMEF PRES JOAO BELCHIOR MARQUES GOULART,EMEF PRES JOAO BELCHIOR MARQUES GOULART,2026_1av_form_HABILIDADES_DESEMPENHO_TURMA_02anos_LP.csv,EMEF PRES JOAO BELCHIOR MARQUES GOULART,marian,exata_normalizada
CAEd,2026,3,EMEF PRES JOAO BELCHIOR MARQUES GOULART,EMEF PRES JOAO BELCHIOR MARQUES GOULART,EMEF PRES JOAO BELCHIOR MARQUES GOULART,2026_1av_form_HABILIDADES_DESEMPENHO_TURMA_03anos_LP.csv,EMEF PRES JOAO BELCHIOR MARQUES GOULART,marian,exata_normalizada
CAEd,2026,4,EMEF PRES JOAO BELCHIOR MARQUES GOULART,EMEF PRES JOAO BELCHIOR MARQUES GOULART,EMEF PRES JOAO BELCHIOR MARQUES GOULART,2026_1av_form_HABILIDADES_DESEMPENHO_TURMA_04anos_LP.csv,EMEF PRES JOAO BELCHIOR MARQUES GOULART,marian,exata_normalizada
CAEd,2026,5,EMEF PRES JOAO BELCHIOR MARQUES GOULART,EMEF PRES JOAO BELCHIOR MARQUES GOULART,EMEF PRES JOAO BELCHIOR MARQUES GOULART,2026_1av_form_HABILIDADES_DESEMPENHO_TURMA_05anos_LP.csv,EMEF PRES JOAO BELCHIOR MARQUES GOULART,marian,exata_normalizada
CAEd,2025,1,EMEF PRESIDENTE VARGAS,EMEF PRESIDENTE VARGAS,EMEF PRESIDENTE VARGAS,2025_1av_form_HABILIDADES_DESEMPENHO_TURMA_01anos_LP.csv,EMEF PRESIDENTE VARGAS,eliane,exata_normalizada
CAEd,2025,2,EMEF PRESIDENTE VARGAS,EMEF PRESIDENTE VARGAS,EMEF PRESIDENTE VARGAS,2025_1av_form_HABILIDADES_DESEMPENHO_TURMA_02anos_LP.csv,EMEF PRESIDENTE VARGAS,eliane,exata_normalizada
CAEd,2025,3,EMEF PRESIDENTE VARGAS,EMEF PRESIDENTE VARGAS,EMEF PRESIDENTE VARGAS,2025_1av_form_HABILIDADES_DESEMPENHO_TURMA_03anos_LP.csv,EMEF PRESIDENTE VARGAS,eliane,exata_normalizada
CAEd,2025,4,EMEF PRESIDENTE VARGAS,EMEF PRESIDENTE VARGAS,EMEF PRESIDENTE VARGAS,2025_1av_form_HABILIDADES_DESEMPENHO_TURMA_04anos_LP.csv,EMEF PRESIDENTE VARGAS,eliane,exata_normalizada
CAEd,2025,5,EMEF PRESIDENTE VARGAS,EMEF PRESIDENTE VARGAS,EMEF PRESIDENTE VARGAS,2025_1av_form_HABILIDADES_DESEMPENHO_TURMA_05anos_LP.csv,EMEF PRESIDENTE VARGAS,eliane,exata_normalizada
CAEd,2026,1,EMEF PRESIDENTE VARGAS,EMEF PRESIDENTE VARGAS,EMEF PRESIDENTE VARGAS,2026_1av_form_HABILIDADES_DESEMPENHO_TURMA_01anos_LP.csv,EMEF PRESIDENTE VARGAS,eliane,exata_normalizada
CAEd,2026,2,EMEF PRESIDENTE VARGAS,EMEF PRESIDENTE VARGAS,EMEF PRESIDENTE VARGAS,2026_1av_form_HABILIDADES_DESEMPENHO_TURMA_02anos_LP.csv,EMEF PRESIDENTE VARGAS,eliane,exata_normalizada
CAEd,2026,3,EMEF PRESIDENTE VARGAS,EMEF PRESIDENTE VARGAS,EMEF PRESIDENTE VARGAS,2026_1av_form_HABILIDADES_DESEMPENHO_TURMA_03anos_LP.csv,EMEF PRESIDENTE VARGAS,eliane,exata_normalizada
CAEd,2026,4,EMEF PRESIDENTE VARGAS,EMEF PRESIDENTE VARGAS,EMEF PRESIDENTE VARGAS,2026_1av_form_HABILIDADES_DESEMPENHO_TURMA_04anos_LP.csv,EMEF PRESIDENTE VARGAS,eliane,exata_normalizada
CAEd,2026,5,EMEF PRESIDENTE VARGAS,EMEF PRESIDENTE VARGAS,EMEF PRESIDENTE VARGAS,2026_1av_form_HABILIDADES_DESEMPENHO_TURMA_05anos_LP.csv,EMEF PRESIDENTE VARGAS,eliane,exata_normalizada
CAEd,2025,1,EMEF PROF ANA IRIS DO AMARAL,EMEF PROF ANA IRIS DO AMARAL,EMEF PROF ANA IRIS DO AMARAL,2025_1av_form_HABILIDADES_DESEMPENHO_TURMA_01anos_LP.csv,EMEF PROF ANA IRIS DO AMARAL,eliane,exata_normalizada
CAEd,2025,2,EMEF PROF ANA IRIS DO AMARAL,EMEF PROF ANA IRIS DO AMARAL,EMEF PROF ANA IRIS DO AMARAL,2025_1av_form_HABILIDADES_DESEMPENHO_TURMA_02anos_LP.csv,EMEF PROF ANA IRIS DO AMARAL,eliane,exata_normalizada
CAEd,2025,3,EMEF PROF ANA IRIS DO AMARAL,EMEF PROF ANA IRIS DO AMARAL,EMEF PROF ANA IRIS DO AMARAL,2025_1av_form_HABILIDADES_DESEMPENHO_TURMA_03anos_LP.csv,EMEF PROF ANA IRIS DO AMARAL,eliane,exata_normalizada
CAEd,2025,4,EMEF PROF ANA IRIS DO AMARAL,EMEF PROF ANA IRIS DO AMARAL,EMEF PROF ANA IRIS DO AMARAL,2025_1av_form_HABILIDADES_DESEMPENHO_TURMA_04anos_LP.csv,EMEF PROF ANA IRIS DO AMARAL,eliane,exata_normalizada
CAEd,2025,5,EMEF PROF ANA IRIS DO AMARAL,EMEF PROF ANA IRIS DO AMARAL,EMEF PROF ANA IRIS DO AMARAL,2025_1av_form_HABILIDADES_DESEMPENHO_TURMA_05anos_LP.csv,EMEF PROF ANA IRIS DO AMARAL,eliane,exata_normalizada
CAEd,2026,1,EMEF PROF ANA IRIS DO AMARAL,EMEF PROF ANA IRIS DO AMARAL,EMEF PROF ANA IRIS DO AMARAL,2026_1av_form_HABILIDADES_DESEMPENHO_TURMA_01anos_LP.csv,EMEF PROF ANA IRIS DO AMARAL,eliane,exata_normalizada
CAEd,2026,2,EMEF PROF ANA IRIS DO AMARAL,EMEF PROF ANA IRIS DO AMARAL,EMEF PROF ANA IRIS DO AMARAL,2026_1av_form_HABILIDADES_DESEMPENHO_TURMA_02anos_LP.csv,EMEF PROF ANA IRIS DO AMARAL,eliane,exata_normalizada
CAEd,2026,3,EMEF PROF ANA IRIS DO AMARAL,EMEF PROF ANA IRIS DO AMARAL,EMEF PROF ANA IRIS DO AMARAL,2026_1av_form_HABILIDADES_DESEMPENHO_TURMA_03anos_LP.csv,EMEF PROF ANA IRIS DO AMARAL,eliane,exata_normalizada
CAEd,2026,4,EMEF PROF ANA IRIS DO AMARAL,EMEF PROF ANA IRIS DO AMARAL,EMEF PROF ANA IRIS DO AMARAL,2026_1av_form_HABILIDADES_DESEMPENHO_TURMA_04anos_LP.csv,EMEF PROF ANA IRIS DO AMARAL,eliane,exata_normalizada
CAEd,2026,5,EMEF PROF ANA IRIS DO AMARAL,EMEF PROF ANA IRIS DO AMARAL,EMEF PROF ANA IRIS DO AMARAL,2026_1av_form_HABILIDADES_DESEMPENHO_TURMA_05anos_LP.csv,EMEF PROF ANA IRIS DO AMARAL,eliane,exata_normalizada
CAEd,2025,1,EMEF PROF ANISIO TEIXEIRA,EMEF PROF ANISIO TEIXEIRA,EMEF PROF ANISIO TEIXEIRA,2025_1av_form_HABILIDADES_DESEMPENHO_TURMA_01anos_LP.csv,EMEF PROF ANISIO TEIXEIRA,andreia,exata_normalizada
CAEd,2025,2,EMEF PROF ANISIO TEIXEIRA,EMEF PROF ANISIO TEIXEIRA,EMEF PROF ANISIO TEIXEIRA,2025_1av_form_HABILIDADES_DESEMPENHO_TURMA_02anos_LP.csv,EMEF PROF ANISIO TEIXEIRA,andreia,exata_normalizada
CAEd,2025,3,EMEF PROF ANISIO TEIXEIRA,EMEF PROF ANISIO TEIXEIRA,EMEF PROF ANISIO TEIXEIRA,2025_1av_form_HABILIDADES_DESEMPENHO_TURMA_03anos_LP.csv,EMEF PROF ANISIO TEIXEIRA,andreia,exata_normalizada
CAEd,2025,4,EMEF PROF ANISIO TEIXEIRA,EMEF PROF ANISIO TEIXEIRA,EMEF PROF ANISIO TEIXEIRA,2025_1av_form_HABILIDADES_DESEMPENHO_TURMA_04anos_LP.csv,EMEF PROF ANISIO TEIXEIRA,andreia,exata_normalizada
CAEd,2025,5,EMEF PROF ANISIO TEIXEIRA,EMEF PROF ANISIO TEIXEIRA,EMEF PROF ANISIO TEIXEIRA,2025_1av_form_HABILIDADES_DESEMPENHO_TURMA_05anos_LP.csv,EMEF PROF ANISIO TEIXEIRA,andreia,exata_normalizada
CAEd,2026,1,EMEF PROF ANISIO TEIXEIRA,EMEF PROF ANISIO TEIXEIRA,EMEF PROF ANISIO TEIXEIRA,2026_1av_form_HABILIDADES_DESEMPENHO_TURMA_01anos_LP.csv,EMEF PROF ANISIO TEIXEIRA,andreia,exata_normalizada
CAEd,2026,2,EMEF PROF ANISIO TEIXEIRA,EMEF PROF ANISIO TEIXEIRA,EMEF PROF ANISIO TEIXEIRA,2026_1av_form_HABILIDADES_DESEMPENHO_TURMA_02anos_LP.csv,EMEF PROF ANISIO TEIXEIRA,andreia,exata_normalizada
CAEd,2026,3,EMEF PROF ANISIO TEIXEIRA,EMEF PROF ANISIO TEIXEIRA,EMEF PROF ANISIO TEIXEIRA,2026_1av_form_HABILIDADES_DESEMPENHO_TURMA_03anos_LP.csv,EMEF PROF ANISIO TEIXEIRA,andreia,exata_normalizada
CAEd,2026,4,EMEF PROF ANISIO TEIXEIRA,EMEF PROF ANISIO TEIXEIRA,EMEF PROF ANISIO TEIXEIRA,2026_1av_form_HABILIDADES_DESEMPENHO_TURMA_04anos_LP.csv,EMEF PROF ANISIO TEIXEIRA,andreia,exata_normalizada
CAEd,2026,5,EMEF PROF ANISIO TEIXEIRA,EMEF PROF ANISIO TEIXEIRA,EMEF PROF ANISIO TEIXEIRA,2026_1av_form_HABILIDADES_DESEMPENHO_TURMA_05anos_LP.csv,EMEF PROF ANISIO TEIXEIRA,andreia,exata_normalizada
CAEd,2025,1,EMEF PROF GILBERTO JORGE GONCALVES DA SILVA,EMEF PROF GILBERTO JORGE GONCALVES DA SILVA,EMEF PROF GILBERTO JORGE GONCALVES DA SILVA,2025_1av_form_HABILIDADES_DESEMPENHO_TURMA_01anos_LP.csv,EMEF PROF GILBERTO JORGE GONCALVES DA SILVA,ruti,exata_normalizada
CAEd,2025,2,EMEF PROF GILBERTO JORGE GONCALVES DA SILVA,EMEF PROF GILBERTO JORGE GONCALVES DA SILVA,EMEF PROF GILBERTO JORGE GONCALVES DA SILVA,2025_1av_form_HABILIDADES_DESEMPENHO_TURMA_02anos_LP.csv,EMEF PROF GILBERTO JORGE GONCALVES DA SILVA,ruti,exata_normalizada
CAEd,2025,3,EMEF PROF GILBERTO JORGE GONCALVES DA SILVA,EMEF PROF GILBERTO JORGE GONCALVES DA SILVA,EMEF PROF GILBERTO JORGE GONCALVES DA SILVA,2025_1av_form_HABILIDADES_DESEMPENHO_TURMA_03anos_LP.csv,EMEF PROF GILBERTO JORGE GONCALVES DA SILVA,ruti,exata_normalizada
CAEd,2025,4,EMEF PROF GILBERTO JORGE GONCALVES DA SILVA,EMEF PROF GILBERTO JORGE GONCALVES DA SILVA,EMEF PROF GILBERTO JORGE GONCALVES DA SILVA,2025_1av_form_HABILIDADES_DESEMPENHO_TURMA_04anos_LP.csv,EMEF PROF GILBERTO JORGE GONCALVES DA SILVA,ruti,exata_normalizada
CAEd,2025,5,EMEF PROF GILBERTO JORGE GONCALVES DA SILVA,EMEF PROF GILBERTO JORGE GONCALVES DA SILVA,EMEF PROF GILBERTO JORGE GONCALVES DA SILVA,2025_1av_form_HABILIDADES_DESEMPENHO_TURMA_05anos_LP.csv,EMEF PROF GILBERTO JORGE GONCALVES DA SILVA,ruti,exata_normalizada
CAEd,2026,1,EMEF PROF GILBERTO JORGE GONCALVES DA SILVA,EMEF PROF GILBERTO JORGE GONCALVES DA SILVA,EMEF PROF GILBERTO JORGE GONCALVES DA SILVA,2026_1av_form_HABILIDADES_DESEMPENHO_TURMA_01anos_LP.csv,EMEF PROF GILBERTO JORGE GONCALVES DA SILVA,ruti,exata_normalizada
CAEd,2026,2,EMEF PROF GILBERTO JORGE GONCALVES DA SILVA,EMEF PROF GILBERTO JORGE GONCALVES DA SILVA,EMEF PROF GILBERTO JORGE GONCALVES DA SILVA,2026_1av_form_HABILIDADES_DESEMPENHO_TURMA_02anos_LP.csv,EMEF PROF GILBERTO JORGE GONCALVES DA SILVA,ruti,exata_normalizada
CAEd,2026,3,EMEF PROF GILBERTO JORGE GONCALVES DA SILVA,EMEF PROF GILBERTO JORGE GONCALVES DA SILVA,EMEF PROF GILBERTO JORGE GONCALVES DA SILVA,2026_1av_form_HABILIDADES_DESEMPENHO_TURMA_03anos_LP.csv,EMEF PROF GILBERTO JORGE GONCALVES DA SILVA,ruti,exata_normalizada
CAEd,2026,4,EMEF PROF GILBERTO JORGE GONCALVES DA SILVA,EMEF PROF GILBERTO JORGE GONCALVES DA SILVA,EMEF PROF GILBERTO JORGE GONCALVES DA SILVA,2026_1av_form_HABILIDADES_DESEMPENHO_TURMA_04anos_LP.csv,EMEF PROF GILBERTO JORGE GONCALVES DA SILVA,ruti,exata_normalizada
CAEd,2026,5,EMEF PROF GILBERTO JORGE GONCALVES DA SILVA,EMEF PROF GILBERTO JORGE GONCALVES DA SILVA,EMEF PROF GILBERTO JORGE GONCALVES DA SILVA,2026_1av_form_HABILIDADES_DESEMPENHO_TURMA_05anos_LP.csv,EMEF PROF GILBERTO JORGE GONCALVES DA SILVA,ruti,exata_normalizada
CAEd,2025,1,EMEF PROF JUDITH MACEDO DE ARAUJO,EMEF PROF JUDITH MACEDO DE ARAUJO,EMEF PROF JUDITH MACEDO DE ARAUJO,2025_1av_form_HABILIDADES_DESEMPENHO_TURMA_01anos_LP.csv,EMEF PROF JUDITH MACEDO DE ARAUJO,graziela,exata_normalizada
CAEd,2025,2,EMEF PROF JUDITH MACEDO DE ARAUJO,EMEF PROF JUDITH MACEDO DE ARAUJO,EMEF PROF JUDITH MACEDO DE ARAUJO,2025_1av_form_HABILIDADES_DESEMPENHO_TURMA_02anos_LP.csv,EMEF PROF JUDITH MACEDO DE ARAUJO,graziela,exata_normalizada
CAEd,2025,3,EMEF PROF JUDITH MACEDO DE ARAUJO,EMEF PROF JUDITH MACEDO DE ARAUJO,EMEF PROF JUDITH MACEDO DE ARAUJO,2025_1av_form_HABILIDADES_DESEMPENHO_TURMA_03anos_LP.csv,EMEF PROF JUDITH MACEDO DE ARAUJO,graziela,exata_normalizada
CAEd,2025,4,EMEF PROF JUDITH MACEDO DE ARAUJO,EMEF PROF JUDITH MACEDO DE ARAUJO,EMEF PROF JUDITH MACEDO DE ARAUJO,2025_1av_form_HABILIDADES_DESEMPENHO_TURMA_04anos_LP.csv,EMEF PROF JUDITH MACEDO DE ARAUJO,graziela,exata_normalizada
CAEd,2025,5,EMEF PROF JUDITH MACEDO DE ARAUJO,EMEF PROF JUDITH MACEDO DE ARAUJO,EMEF PROF JUDITH MACEDO DE ARAUJO,2025_1av_form_HABILIDADES_DESEMPENHO_TURMA_05anos_LP.csv,EMEF PROF JUDITH MACEDO DE ARAUJO,graziela,exata_normalizada
CAEd,2026,1,EMEF PROF JUDITH MACEDO DE ARAUJO,EMEF PROF JUDITH MACEDO DE ARAUJO,EMEF PROF JUDITH MACEDO DE ARAUJO,2026_1av_form_HABILIDADES_DESEMPENHO_TURMA_01anos_LP.csv,EMEF PROF JUDITH MACEDO DE ARAUJO,graziela,exata_normalizada
CAEd,2026,2,EMEF PROF JUDITH MACEDO DE ARAUJO,EMEF PROF JUDITH MACEDO DE ARAUJO,EMEF PROF JUDITH MACEDO DE ARAUJO,2026_1av_form_HABILIDADES_DESEMPENHO_TURMA_02anos_LP.csv,EMEF PROF JUDITH MACEDO DE ARAUJO,graziela,exata_normalizada
CAEd,2026,3,EMEF PROF JUDITH MACEDO DE ARAUJO,EMEF PROF JUDITH MACEDO DE ARAUJO,EMEF PROF JUDITH MACEDO DE ARAUJO,2026_1av_form_HABILIDADES_DESEMPENHO_TURMA_03anos_LP.csv,EMEF PROF JUDITH MACEDO DE ARAUJO,graziela,exata_normalizada
CAEd,2026,4,EMEF PROF JUDITH MACEDO DE ARAUJO,EMEF PROF JUDITH MACEDO DE ARAUJO,EMEF PROF JUDITH MACEDO DE ARAUJO,2026_1av_form_HABILIDADES_DESEMPENHO_TURMA_04anos_LP.csv,EMEF PROF JUDITH MACEDO DE ARAUJO,graziela,exata_normalizada
CAEd,2026,5,EMEF PROF JUDITH MACEDO DE ARAUJO,EMEF PROF JUDITH MACEDO DE ARAUJO,EMEF PROF JUDITH MACEDO DE ARAUJO,2026_1av_form_HABILIDADES_DESEMPENHO_TURMA_05anos_LP.csv,EMEF PROF JUDITH MACEDO DE ARAUJO,graziela,exata_normalizada
CAEd,2025,1,EMEF PROF LARRY JOSE RIBEIRO ALVES,EMEF PROF LARRY JOSE RIBEIRO ALVES,EMEF PROF LARRY JOSE RIBEIRO ALVES,2025_1av_form_HABILIDADES_DESEMPENHO_TURMA_01anos_LP.csv,EMEF PROF LARRY JOSE RIBEIRO ALVES,amanda,exata_normalizada
CAEd,2025,2,EMEF PROF LARRY JOSE RIBEIRO ALVES,EMEF PROF LARRY JOSE RIBEIRO ALVES,EMEF PROF LARRY JOSE RIBEIRO ALVES,2025_1av_form_HABILIDADES_DESEMPENHO_TURMA_02anos_LP.csv,EMEF PROF LARRY JOSE RIBEIRO ALVES,amanda,exata_normalizada
CAEd,2025,3,EMEF PROF LARRY JOSE RIBEIRO ALVES,EMEF PROF LARRY JOSE RIBEIRO ALVES,EMEF PROF LARRY JOSE RIBEIRO ALVES,2025_1av_form_HABILIDADES_DESEMPENHO_TURMA_03anos_LP.csv,EMEF PROF LARRY JOSE RIBEIRO ALVES,amanda,exata_normalizada
CAEd,2025,4,EMEF PROF LARRY JOSE RIBEIRO ALVES,EMEF PROF LARRY JOSE RIBEIRO ALVES,EMEF PROF LARRY JOSE RIBEIRO ALVES,2025_1av_form_HABILIDADES_DESEMPENHO_TURMA_04anos_LP.csv,EMEF PROF LARRY JOSE RIBEIRO ALVES,amanda,exata_normalizada
CAEd,2025,5,EMEF PROF LARRY JOSE RIBEIRO ALVES,EMEF PROF LARRY JOSE RIBEIRO ALVES,EMEF PROF LARRY JOSE RIBEIRO ALVES,2025_1av_form_HABILIDADES_DESEMPENHO_TURMA_05anos_LP.csv,EMEF PROF LARRY JOSE RIBEIRO ALVES,amanda,exata_normalizada
CAEd,2026,1,EMEF PROF LARRY JOSE RIBEIRO ALVES,EMEF PROF LARRY JOSE RIBEIRO ALVES,EMEF PROF LARRY JOSE RIBEIRO ALVES,2026_1av_form_HABILIDADES_DESEMPENHO_TURMA_01anos_LP.csv,EMEF PROF LARRY JOSE RIBEIRO ALVES,amanda,exata_normalizada
CAEd,2026,2,EMEF PROF LARRY JOSE RIBEIRO ALVES,EMEF PROF LARRY JOSE RIBEIRO ALVES,EMEF PROF LARRY JOSE RIBEIRO ALVES,2026_1av_form_HABILIDADES_DESEMPENHO_TURMA_02anos_LP.csv,EMEF PROF LARRY JOSE RIBEIRO ALVES,amanda,exata_normalizada
CAEd,2026,3,EMEF PROF LARRY JOSE RIBEIRO ALVES,EMEF PROF LARRY JOSE RIBEIRO ALVES,EMEF PROF LARRY JOSE RIBEIRO ALVES,2026_1av_form_HABILIDADES_DESEMPENHO_TURMA_03anos_LP.csv,EMEF PROF LARRY JOSE RIBEIRO ALVES,amanda,exata_normalizada
CAEd,2026,4,EMEF PROF LARRY JOSE RIBEIRO ALVES,EMEF PROF LARRY JOSE RIBEIRO ALVES,EMEF PROF LARRY JOSE RIBEIRO ALVES,2026_1av_form_HABILIDADES_DESEMPENHO_TURMA_04anos_LP.csv,EMEF PROF LARRY JOSE RIBEIRO ALVES,amanda,exata_normalizada
CAEd,2026,5,EMEF PROF LARRY JOSE RIBEIRO ALVES,EMEF PROF LARRY JOSE RIBEIRO ALVES,EMEF PROF LARRY JOSE RIBEIRO ALVES,2026_1av_form_HABILIDADES_DESEMPENHO_TURMA_05anos_LP.csv,EMEF PROF LARRY JOSE RIBEIRO ALVES,amanda,exata_normalizada
CAEd,2025,1,EMEF RINCAO,EMEF RINCAO,EMEF RINCAO,2025_1av_form_HABILIDADES_DESEMPENHO_TURMA_01anos_LP.csv,EMEF RINCAO,jalize,exata_normalizada
CAEd,2025,2,EMEF RINCAO,EMEF RINCAO,EMEF RINCAO,2025_1av_form_HABILIDADES_DESEMPENHO_TURMA_02anos_LP.csv,EMEF RINCAO,jalize,exata_normalizada
CAEd,2025,3,EMEF RINCAO,EMEF RINCAO,EMEF RINCAO,2025_1av_form_HABILIDADES_DESEMPENHO_TURMA_03anos_LP.csv,EMEF RINCAO,jalize,exata_normalizada
CAEd,2025,4,EMEF RINCAO,EMEF RINCAO,EMEF RINCAO,2025_1av_form_HABILIDADES_DESEMPENHO_TURMA_04anos_LP.csv,EMEF RINCAO,jalize,exata_normalizada
CAEd,2025,5,EMEF RINCAO,EMEF RINCAO,EMEF RINCAO,2025_1av_form_HABILIDADES_DESEMPENHO_TURMA_05anos_LP.csv,EMEF RINCAO,jalize,exata_normalizada
CAEd,2026,1,EMEF RINCAO,EMEF RINCAO,EMEF RINCAO,2026_1av_form_HABILIDADES_DESEMPENHO_TURMA_01anos_LP.csv,EMEF RINCAO,jalize,exata_normalizada
CAEd,2026,2,EMEF RINCAO,EMEF RINCAO,EMEF RINCAO,2026_1av_form_HABILIDADES_DESEMPENHO_TURMA_02anos_LP.csv,EMEF RINCAO,jalize,exata_normalizada
CAEd,2026,3,EMEF RINCAO,EMEF RINCAO,EMEF RINCAO,2026_1av_form_HABILIDADES_DESEMPENHO_TURMA_03anos_LP.csv,EMEF RINCAO,jalize,exata_normalizada
CAEd,2026,4,EMEF RINCAO,EMEF RINCAO,EMEF RINCAO,2026_1av_form_HABILIDADES_DESEMPENHO_TURMA_04anos_LP.csv,EMEF RINCAO,jalize,exata_normalizada
CAEd,2026,5,EMEF RINCAO,EMEF RINCAO,EMEF RINCAO,2026_1av_form_HABILIDADES_DESEMPENHO_TURMA_05anos_LP.csv,EMEF RINCAO,jalize,exata_normalizada
CAEd,2025,1,EMEF SAINT HILAIRE,EMEF SAINT HILAIRE,EMEF SAINT HILAIRE,2025_1av_form_HABILIDADES_DESEMPENHO_TURMA_01anos_LP.csv,EMEF SAINT HILAIRE,andreia,exata_normalizada
CAEd,2025,2,EMEF SAINT HILAIRE,EMEF SAINT HILAIRE,EMEF SAINT HILAIRE,2025_1av_form_HABILIDADES_DESEMPENHO_TURMA_02anos_LP.csv,EMEF SAINT HILAIRE,andreia,exata_normalizada
CAEd,2025,3,EMEF SAINT HILAIRE,EMEF SAINT HILAIRE,EMEF SAINT HILAIRE,2025_1av_form_HABILIDADES_DESEMPENHO_TURMA_03anos_LP.csv,EMEF SAINT HILAIRE,andreia,exata_normalizada
CAEd,2025,4,EMEF SAINT HILAIRE,EMEF SAINT HILAIRE,EMEF SAINT HILAIRE,2025_1av_form_HABILIDADES_DESEMPENHO_TURMA_04anos_LP.csv,EMEF SAINT HILAIRE,andreia,exata_normalizada
CAEd,2025,5,EMEF SAINT HILAIRE,EMEF SAINT HILAIRE,EMEF SAINT HILAIRE,2025_1av_form_HABILIDADES_DESEMPENHO_TURMA_05anos_LP.csv,EMEF SAINT HILAIRE,andreia,exata_normalizada
CAEd,2026,1,EMEF SAINT HILAIRE,EMEF SAINT HILAIRE,EMEF SAINT HILAIRE,2026_1av_form_HABILIDADES_DESEMPENHO_TURMA_01anos_LP.csv,EMEF SAINT HILAIRE,andreia,exata_normalizada
CAEd,2026,2,EMEF SAINT HILAIRE,EMEF SAINT HILAIRE,EMEF SAINT HILAIRE,2026_1av_form_HABILIDADES_DESEMPENHO_TURMA_02anos_LP.csv,EMEF SAINT HILAIRE,andreia,exata_normalizada
CAEd,2026,3,EMEF SAINT HILAIRE,EMEF SAINT HILAIRE,EMEF SAINT HILAIRE,2026_1av_form_HABILIDADES_DESEMPENHO_TURMA_03anos_LP.csv,EMEF SAINT HILAIRE,andreia,exata_normalizada
CAEd,2026,4,EMEF SAINT HILAIRE,EMEF SAINT HILAIRE,EMEF SAINT HILAIRE,2026_1av_form_HABILIDADES_DESEMPENHO_TURMA_04anos_LP.csv,EMEF SAINT HILAIRE,andreia,exata_normalizada
CAEd,2026,5,EMEF SAINT HILAIRE,EMEF SAINT HILAIRE,EMEF SAINT HILAIRE,2026_1av_form_HABILIDADES_DESEMPENHO_TURMA_05anos_LP.csv,EMEF SAINT HILAIRE,andreia,exata_normalizada
CAEd,2025,1,EMEF SAO PEDRO,EMEF SAO PEDRO,EMEF SAO PEDRO,2025_1av_form_HABILIDADES_DESEMPENHO_TURMA_01anos_LP.csv,EMEF SAO PEDRO,marian,exata_normalizada
CAEd,2025,2,EMEF SAO PEDRO,EMEF SAO PEDRO,EMEF SAO PEDRO,2025_1av_form_HABILIDADES_DESEMPENHO_TURMA_02anos_LP.csv,EMEF SAO PEDRO,marian,exata_normalizada
CAEd,2025,3,EMEF SAO PEDRO,EMEF SAO PEDRO,EMEF SAO PEDRO,2025_1av_form_HABILIDADES_DESEMPENHO_TURMA_03anos_LP.csv,EMEF SAO PEDRO,marian,exata_normalizada
CAEd,2025,4,EMEF SAO PEDRO,EMEF SAO PEDRO,EMEF SAO PEDRO,2025_1av_form_HABILIDADES_DESEMPENHO_TURMA_04anos_LP.csv,EMEF SAO PEDRO,marian,exata_normalizada
CAEd,2025,5,EMEF SAO PEDRO,EMEF SAO PEDRO,EMEF SAO PEDRO,2025_1av_form_HABILIDADES_DESEMPENHO_TURMA_05anos_LP.csv,EMEF SAO PEDRO,marian,exata_normalizada
CAEd,2026,1,EMEF SAO PEDRO,EMEF SAO PEDRO,EMEF SAO PEDRO,2026_1av_form_HABILIDADES_DESEMPENHO_TURMA_01anos_LP.csv,EMEF SAO PEDRO,marian,exata_normalizada
CAEd,2026,2,EMEF SAO PEDRO,EMEF SAO PEDRO,EMEF SAO PEDRO,2026_1av_form_HABILIDADES_DESEMPENHO_TURMA_02anos_LP.csv,EMEF SAO PEDRO,marian,exata_normalizada
CAEd,2026,3,EMEF SAO PEDRO,EMEF SAO PEDRO,EMEF SAO PEDRO,2026_1av_form_HABILIDADES_DESEMPENHO_TURMA_03anos_LP.csv,EMEF SAO PEDRO,marian,exata_normalizada
CAEd,2026,4,EMEF SAO PEDRO,EMEF SAO PEDRO,EMEF SAO PEDRO,2026_1av_form_HABILIDADES_DESEMPENHO_TURMA_04anos_LP.csv,EMEF SAO PEDRO,marian,exata_normalizada
CAEd,2026,5,EMEF SAO PEDRO,EMEF SAO PEDRO,EMEF SAO PEDRO,2026_1av_form_HABILIDADES_DESEMPENHO_TURMA_05anos_LP.csv,EMEF SAO PEDRO,marian,exata_normalizada
CAEd,2025,1,EMEF SEN ALBERTO PASQUALINI,EMEF SEN ALBERTO PASQUALINI,EMEF SEN ALBERTO PASQUALINI,2025_1av_form_HABILIDADES_DESEMPENHO_TURMA_01anos_LP.csv,EMEF SEN ALBERTO PASQUALINI,julia,exata_normalizada
CAEd,2025,2,EMEF SEN ALBERTO PASQUALINI,EMEF SEN ALBERTO PASQUALINI,EMEF SEN ALBERTO PASQUALINI,2025_1av_form_HABILIDADES_DESEMPENHO_TURMA_02anos_LP.csv,EMEF SEN ALBERTO PASQUALINI,julia,exata_normalizada
CAEd,2025,3,EMEF SEN ALBERTO PASQUALINI,EMEF SEN ALBERTO PASQUALINI,EMEF SEN ALBERTO PASQUALINI,2025_1av_form_HABILIDADES_DESEMPENHO_TURMA_03anos_LP.csv,EMEF SEN ALBERTO PASQUALINI,julia,exata_normalizada
CAEd,2025,4,EMEF SEN ALBERTO PASQUALINI,EMEF SEN ALBERTO PASQUALINI,EMEF SEN ALBERTO PASQUALINI,2025_1av_form_HABILIDADES_DESEMPENHO_TURMA_04anos_LP.csv,EMEF SEN ALBERTO PASQUALINI,julia,exata_normalizada
CAEd,2025,5,EMEF SEN ALBERTO PASQUALINI,EMEF SEN ALBERTO PASQUALINI,EMEF SEN ALBERTO PASQUALINI,2025_1av_form_HABILIDADES_DESEMPENHO_TURMA_05anos_LP.csv,EMEF SEN ALBERTO PASQUALINI,julia,exata_normalizada
CAEd,2026,1,EMEF SEN ALBERTO PASQUALINI,EMEF SEN ALBERTO PASQUALINI,EMEF SEN ALBERTO PASQUALINI,2026_1av_form_HABILIDADES_DESEMPENHO_TURMA_01anos_LP.csv,EMEF SEN ALBERTO PASQUALINI,julia,exata_normalizada
CAEd,2026,2,EMEF SEN ALBERTO PASQUALINI,EMEF SEN ALBERTO PASQUALINI,EMEF SEN ALBERTO PASQUALINI,2026_1av_form_HABILIDADES_DESEMPENHO_TURMA_02anos_LP.csv,EMEF SEN ALBERTO PASQUALINI,julia,exata_normalizada
CAEd,2026,3,EMEF SEN ALBERTO PASQUALINI,EMEF SEN ALBERTO PASQUALINI,EMEF SEN ALBERTO PASQUALINI,2026_1av_form_HABILIDADES_DESEMPENHO_TURMA_03anos_LP.csv,EMEF SEN ALBERTO PASQUALINI,julia,exata_normalizada
CAEd,2026,4,EMEF SEN ALBERTO PASQUALINI,EMEF SEN ALBERTO PASQUALINI,EMEF SEN ALBERTO PASQUALINI,2026_1av_form_HABILIDADES_DESEMPENHO_TURMA_04anos_LP.csv,EMEF SEN ALBERTO PASQUALINI,julia,exata_normalizada
CAEd,2026,5,EMEF SEN ALBERTO PASQUALINI,EMEF SEN ALBERTO PASQUALINI,EMEF SEN ALBERTO PASQUALINI,2026_1av_form_HABILIDADES_DESEMPENHO_TURMA_05anos_LP.csv,EMEF SEN ALBERTO PASQUALINI,julia,exata_normalizada
CAEd,2025,1,EMEF TIMBAUVA,EMEF TIMBAUVA,EMEF TIMBAUVA,2025_1av_form_HABILIDADES_DESEMPENHO_TURMA_01anos_LP.csv,EMEF TIMBAUVA,nathalia,exata_normalizada
CAEd,2025,2,EMEF TIMBAUVA,EMEF TIMBAUVA,EMEF TIMBAUVA,2025_1av_form_HABILIDADES_DESEMPENHO_TURMA_02anos_LP.csv,EMEF TIMBAUVA,nathalia,exata_normalizada
CAEd,2025,3,EMEF TIMBAUVA,EMEF TIMBAUVA,EMEF TIMBAUVA,2025_1av_form_HABILIDADES_DESEMPENHO_TURMA_03anos_LP.csv,EMEF TIMBAUVA,nathalia,exata_normalizada
CAEd,2025,4,EMEF TIMBAUVA,EMEF TIMBAUVA,EMEF TIMBAUVA,2025_1av_form_HABILIDADES_DESEMPENHO_TURMA_04anos_LP.csv,EMEF TIMBAUVA,nathalia,exata_normalizada
CAEd,2025,5,EMEF TIMBAUVA,EMEF TIMBAUVA,EMEF TIMBAUVA,2025_1av_form_HABILIDADES_DESEMPENHO_TURMA_05anos_LP.csv,EMEF TIMBAUVA,nathalia,exata_normalizada
CAEd,2026,1,EMEF TIMBAUVA,EMEF TIMBAUVA,EMEF TIMBAUVA,2026_1av_form_HABILIDADES_DESEMPENHO_TURMA_01anos_LP.csv,EMEF TIMBAUVA,nathalia,exata_normalizada
CAEd,2026,2,EMEF TIMBAUVA,EMEF TIMBAUVA,EMEF TIMBAUVA,2026_1av_form_HABILIDADES_DESEMPENHO_TURMA_02anos_LP.csv,EMEF TIMBAUVA,nathalia,exata_normalizada
CAEd,2026,3,EMEF TIMBAUVA,EMEF TIMBAUVA,EMEF TIMBAUVA,2026_1av_form_HABILIDADES_DESEMPENHO_TURMA_03anos_LP.csv,EMEF TIMBAUVA,nathalia,exata_normalizada
CAEd,2026,4,EMEF TIMBAUVA,EMEF TIMBAUVA,EMEF TIMBAUVA,2026_1av_form_HABILIDADES_DESEMPENHO_TURMA_04anos_LP.csv,EMEF TIMBAUVA,nathalia,exata_normalizada
CAEd,2026,5,EMEF TIMBAUVA,EMEF TIMBAUVA,EMEF TIMBAUVA,2026_1av_form_HABILIDADES_DESEMPENHO_TURMA_05anos_LP.csv,EMEF TIMBAUVA,nathalia,exata_normalizada
CAEd,2025,1,EMEF VER ANTONIO GIUDICE,EMEF VER ANTONIO GIUDICE,EMEF VER ANTONIO GIUDICE,2025_1av_form_HABILIDADES_DESEMPENHO_TURMA_01anos_LP.csv,EMEF VER ANTONIO GIUDICE,clarissa,exata_normalizada
CAEd,2025,2,EMEF VER ANTONIO GIUDICE,EMEF VER ANTONIO GIUDICE,EMEF VER ANTONIO GIUDICE,2025_1av_form_HABILIDADES_DESEMPENHO_TURMA_02anos_LP.csv,EMEF VER ANTONIO GIUDICE,clarissa,exata_normalizada
CAEd,2025,3,EMEF VER ANTONIO GIUDICE,EMEF VER ANTONIO GIUDICE,EMEF VER ANTONIO GIUDICE,2025_1av_form_HABILIDADES_DESEMPENHO_TURMA_03anos_LP.csv,EMEF VER ANTONIO GIUDICE,clarissa,exata_normalizada
CAEd,2025,4,EMEF VER ANTONIO GIUDICE,EMEF VER ANTONIO GIUDICE,EMEF VER ANTONIO GIUDICE,2025_1av_form_HABILIDADES_DESEMPENHO_TURMA_04anos_LP.csv,EMEF VER ANTONIO GIUDICE,clarissa,exata_normalizada
CAEd,2025,5,EMEF VER ANTONIO GIUDICE,EMEF VER ANTONIO GIUDICE,EMEF VER ANTONIO GIUDICE,2025_1av_form_HABILIDADES_DESEMPENHO_TURMA_05anos_LP.csv,EMEF VER ANTONIO GIUDICE,clarissa,exata_normalizada
CAEd,2026,1,EMEF VER ANTONIO GIUDICE,EMEF VER ANTONIO GIUDICE,EMEF VER ANTONIO GIUDICE,2026_1av_form_HABILIDADES_DESEMPENHO_TURMA_01anos_LP.csv,EMEF VER ANTONIO GIUDICE,clarissa,exata_normalizada
CAEd,2026,2,EMEF VER ANTONIO GIUDICE,EMEF VER ANTONIO GIUDICE,EMEF VER ANTONIO GIUDICE,2026_1av_form_HABILIDADES_DESEMPENHO_TURMA_02anos_LP.csv,EMEF VER ANTONIO GIUDICE,clarissa,exata_normalizada
CAEd,2026,3,EMEF VER ANTONIO GIUDICE,EMEF VER ANTONIO GIUDICE,EMEF VER ANTONIO GIUDICE,2026_1av_form_HABILIDADES_DESEMPENHO_TURMA_03anos_LP.csv,EMEF VER ANTONIO GIUDICE,clarissa,exata_normalizada
CAEd,2026,4,EMEF VER ANTONIO GIUDICE,EMEF VER ANTONIO GIUDICE,EMEF VER ANTONIO GIUDICE,2026_1av_form_HABILIDADES_DESEMPENHO_TURMA_04anos_LP.csv,EMEF VER ANTONIO GIUDICE,clarissa,exata_normalizada
CAEd,2026,5,EMEF VER ANTONIO GIUDICE,EMEF VER ANTONIO GIUDICE,EMEF VER ANTONIO GIUDICE,2026_1av_form_HABILIDADES_DESEMPENHO_TURMA_05anos_LP.csv,EMEF VER ANTONIO GIUDICE,clarissa,exata_normalizada
CAEd,2025,1,EMEF VER CARLOS PESSOA DE BRUM,EMEF VER CARLOS PESSOA DE BRUM,EMEF VER CARLOS PESSOA DE BRUM,2025_1av_form_HABILIDADES_DESEMPENHO_TURMA_01anos_LP.csv,EMEF VER CARLOS PESSOA DE BRUM,priscila,exata_normalizada
CAEd,2025,2,EMEF VER CARLOS PESSOA DE BRUM,EMEF VER CARLOS PESSOA DE BRUM,EMEF VER CARLOS PESSOA DE BRUM,2025_1av_form_HABILIDADES_DESEMPENHO_TURMA_02anos_LP.csv,EMEF VER CARLOS PESSOA DE BRUM,priscila,exata_normalizada
CAEd,2025,3,EMEF VER CARLOS PESSOA DE BRUM,EMEF VER CARLOS PESSOA DE BRUM,EMEF VER CARLOS PESSOA DE BRUM,2025_1av_form_HABILIDADES_DESEMPENHO_TURMA_03anos_LP.csv,EMEF VER CARLOS PESSOA DE BRUM,priscila,exata_normalizada
CAEd,2025,4,EMEF VER CARLOS PESSOA DE BRUM,EMEF VER CARLOS PESSOA DE BRUM,EMEF VER CARLOS PESSOA DE BRUM,2025_1av_form_HABILIDADES_DESEMPENHO_TURMA_04anos_LP.csv,EMEF VER CARLOS PESSOA DE BRUM,priscila,exata_normalizada
CAEd,2025,5,EMEF VER CARLOS PESSOA DE BRUM,EMEF VER CARLOS PESSOA DE BRUM,EMEF VER CARLOS PESSOA DE BRUM,2025_1av_form_HABILIDADES_DESEMPENHO_TURMA_05anos_LP.csv,EMEF VER CARLOS PESSOA DE BRUM,priscila,exata_normalizada
CAEd,2026,1,EMEF VER CARLOS PESSOA DE BRUM,EMEF VER CARLOS PESSOA DE BRUM,EMEF VER CARLOS PESSOA DE BRUM,2026_1av_form_HABILIDADES_DESEMPENHO_TURMA_01anos_LP.csv,EMEF VER CARLOS PESSOA DE BRUM,priscila,exata_normalizada
CAEd,2026,2,EMEF VER CARLOS PESSOA DE BRUM,EMEF VER CARLOS PESSOA DE BRUM,EMEF VER CARLOS PESSOA DE BRUM,2026_1av_form_HABILIDADES_DESEMPENHO_TURMA_02anos_LP.csv,EMEF VER CARLOS PESSOA DE BRUM,priscila,exata_normalizada
CAEd,2026,3,EMEF VER CARLOS PESSOA DE BRUM,EMEF VER CARLOS PESSOA DE BRUM,EMEF VER CARLOS PESSOA DE BRUM,2026_1av_form_HABILIDADES_DESEMPENHO_TURMA_03anos_LP.csv,EMEF VER CARLOS PESSOA DE BRUM,priscila,exata_normalizada
CAEd,2026,4,EMEF VER CARLOS PESSOA DE BRUM,EMEF VER CARLOS PESSOA DE BRUM,EMEF VER CARLOS PESSOA DE BRUM,2026_1av_form_HABILIDADES_DESEMPENHO_TURMA_04anos_LP.csv,EMEF VER CARLOS PESSOA DE BRUM,priscila,exata_normalizada
CAEd,2026,5,EMEF VER CARLOS PESSOA DE BRUM,EMEF VER CARLOS PESSOA DE BRUM,EMEF VER CARLOS PESSOA DE BRUM,2026_1av_form_HABILIDADES_DESEMPENHO_TURMA_05anos_LP.csv,EMEF VER CARLOS PESSOA DE BRUM,priscila,exata_normalizada
CAEd,2025,1,EMEF VER MARTIM ARANHA,EMEF VER MARTIM ARANHA,EMEF VER MARTIM ARANHA,2025_1av_form_HABILIDADES_DESEMPENHO_TURMA_01anos_LP.csv,EMEF VER MARTIM ARANHA,priscila,exata_normalizada
CAEd,2025,2,EMEF VER MARTIM ARANHA,EMEF VER MARTIM ARANHA,EMEF VER MARTIM ARANHA,2025_1av_form_HABILIDADES_DESEMPENHO_TURMA_02anos_LP.csv,EMEF VER MARTIM ARANHA,priscila,exata_normalizada
CAEd,2025,3,EMEF VER MARTIM ARANHA,EMEF VER MARTIM ARANHA,EMEF VER MARTIM ARANHA,2025_1av_form_HABILIDADES_DESEMPENHO_TURMA_03anos_LP.csv,EMEF VER MARTIM ARANHA,priscila,exata_normalizada
CAEd,2025,4,EMEF VER MARTIM ARANHA,EMEF VER MARTIM ARANHA,EMEF VER MARTIM ARANHA,2025_1av_form_HABILIDADES_DESEMPENHO_TURMA_04anos_LP.csv,EMEF VER MARTIM ARANHA,priscila,exata_normalizada
CAEd,2025,5,EMEF VER MARTIM ARANHA,EMEF VER MARTIM ARANHA,EMEF VER MARTIM ARANHA,2025_1av_form_HABILIDADES_DESEMPENHO_TURMA_05anos_LP.csv,EMEF VER MARTIM ARANHA,priscila,exata_normalizada
CAEd,2026,1,EMEF VER MARTIM ARANHA,EMEF VER MARTIM ARANHA,EMEF VER MARTIM ARANHA,2026_1av_form_HABILIDADES_DESEMPENHO_TURMA_01anos_LP.csv,EMEF VER MARTIM ARANHA,priscila,exata_normalizada
CAEd,2026,2,EMEF VER MARTIM ARANHA,EMEF VER MARTIM ARANHA,EMEF VER MARTIM ARANHA,2026_1av_form_HABILIDADES_DESEMPENHO_TURMA_02anos_LP.csv,EMEF VER MARTIM ARANHA,priscila,exata_normalizada
CAEd,2026,3,EMEF VER MARTIM ARANHA,EMEF VER MARTIM ARANHA,EMEF VER MARTIM ARANHA,2026_1av_form_HABILIDADES_DESEMPENHO_TURMA_03anos_LP.csv,EMEF VER MARTIM ARANHA,priscila,exata_normalizada
CAEd,2026,4,EMEF VER MARTIM ARANHA,EMEF VER MARTIM ARANHA,EMEF VER MARTIM ARANHA,2026_1av_form_HABILIDADES_DESEMPENHO_TURMA_04anos_LP.csv,EMEF VER MARTIM ARANHA,priscila,exata_normalizada
CAEd,2026,5,EMEF VER MARTIM ARANHA,EMEF VER MARTIM ARANHA,EMEF VER MARTIM ARANHA,2026_1av_form_HABILIDADES_DESEMPENHO_TURMA_05anos_LP.csv,EMEF VER MARTIM ARANHA,priscila,exata_normalizada
CAEd,2025,1,EMEF VILA MONTE CRISTO,EMEF VILA MONTE CRISTO,EMEF VILA MONTE CRISTO,2025_1av_form_HABILIDADES_DESEMPENHO_TURMA_01anos_LP.csv,EMEF VILA MONTE CRISTO,graziela,exata_normalizada
CAEd,2025,2,EMEF VILA MONTE CRISTO,EMEF VILA MONTE CRISTO,EMEF VILA MONTE CRISTO,2025_1av_form_HABILIDADES_DESEMPENHO_TURMA_02anos_LP.csv,EMEF VILA MONTE CRISTO,graziela,exata_normalizada
CAEd,2025,3,EMEF VILA MONTE CRISTO,EMEF VILA MONTE CRISTO,EMEF VILA MONTE CRISTO,2025_1av_form_HABILIDADES_DESEMPENHO_TURMA_03anos_LP.csv,EMEF VILA MONTE CRISTO,graziela,exata_normalizada
CAEd,2025,4,EMEF VILA MONTE CRISTO,EMEF VILA MONTE CRISTO,EMEF VILA MONTE CRISTO,2025_1av_form_HABILIDADES_DESEMPENHO_TURMA_04anos_LP.csv,EMEF VILA MONTE CRISTO,graziela,exata_normalizada
CAEd,2025,5,EMEF VILA MONTE CRISTO,EMEF VILA MONTE CRISTO,EMEF VILA MONTE CRISTO,2025_1av_form_HABILIDADES_DESEMPENHO_TURMA_05anos_LP.csv,EMEF VILA MONTE CRISTO,graziela,exata_normalizada
CAEd,2026,1,EMEF VILA MONTE CRISTO,EMEF VILA MONTE CRISTO,EMEF VILA MONTE CRISTO,2026_1av_form_HABILIDADES_DESEMPENHO_TURMA_01anos_LP.csv,EMEF VILA MONTE CRISTO,graziela,exata_normalizada
CAEd,2026,2,EMEF VILA MONTE CRISTO,EMEF VILA MONTE CRISTO,EMEF VILA MONTE CRISTO,2026_1av_form_HABILIDADES_DESEMPENHO_TURMA_02anos_LP.csv,EMEF VILA MONTE CRISTO,graziela,exata_normalizada
CAEd,2026,3,EMEF VILA MONTE CRISTO,EMEF VILA MONTE CRISTO,EMEF VILA MONTE CRISTO,2026_1av_form_HABILIDADES_DESEMPENHO_TURMA_03anos_LP.csv,EMEF VILA MONTE CRISTO,graziela,exata_normalizada
CAEd,2026,4,EMEF VILA MONTE CRISTO,EMEF VILA MONTE CRISTO,EMEF VILA MONTE CRISTO,2026_1av_form_HABILIDADES_DESEMPENHO_TURMA_04anos_LP.csv,EMEF VILA MONTE CRISTO,graziela,exata_normalizada
CAEd,2026,5,EMEF VILA MONTE CRISTO,EMEF VILA MONTE CRISTO,EMEF VILA MONTE CRISTO,2026_1av_form_HABILIDADES_DESEMPENHO_TURMA_05anos_LP.csv,EMEF VILA MONTE CRISTO,graziela,exata_normalizada
CAEd,2025,1,EMEF WENCESLAU FONTOURA,EMEF WENCESLAU FONTOURA,EMEF WENCESLAU FONTOURA,2025_1av_form_HABILIDADES_DESEMPENHO_TURMA_01anos_LP.csv,EMEF WENCESLAU FONTOURA,eliane,exata_normalizada
CAEd,2025,2,EMEF WENCESLAU FONTOURA,EMEF WENCESLAU FONTOURA,EMEF WENCESLAU FONTOURA,2025_1av_form_HABILIDADES_DESEMPENHO_TURMA_02anos_LP.csv,EMEF WENCESLAU FONTOURA,eliane,exata_normalizada
CAEd,2025,3,EMEF WENCESLAU FONTOURA,EMEF WENCESLAU FONTOURA,EMEF WENCESLAU FONTOURA,2025_1av_form_HABILIDADES_DESEMPENHO_TURMA_03anos_LP.csv,EMEF WENCESLAU FONTOURA,eliane,exata_normalizada
CAEd,2025,4,EMEF WENCESLAU FONTOURA,EMEF WENCESLAU FONTOURA,EMEF WENCESLAU FONTOURA,2025_1av_form_HABILIDADES_DESEMPENHO_TURMA_04anos_LP.csv,EMEF WENCESLAU FONTOURA,eliane,exata_normalizada
CAEd,2025,5,EMEF WENCESLAU FONTOURA,EMEF WENCESLAU FONTOURA,EMEF WENCESLAU FONTOURA,2025_1av_form_HABILIDADES_DESEMPENHO_TURMA_05anos_LP.csv,EMEF WENCESLAU FONTOURA,eliane,exata_normalizada
CAEd,2026,1,EMEF WENCESLAU FONTOURA,EMEF WENCESLAU FONTOURA,EMEF WENCESLAU FONTOURA,2026_1av_form_HABILIDADES_DESEMPENHO_TURMA_01anos_LP.csv,EMEF WENCESLAU FONTOURA,eliane,exata_normalizada
CAEd,2026,2,EMEF WENCESLAU FONTOURA,EMEF WENCESLAU FONTOURA,EMEF WENCESLAU FONTOURA,2026_1av_form_HABILIDADES_DESEMPENHO_TURMA_02anos_LP.csv,EMEF WENCESLAU FONTOURA,eliane,exata_normalizada
CAEd,2026,3,EMEF WENCESLAU FONTOURA,EMEF WENCESLAU FONTOURA,EMEF WENCESLAU FONTOURA,2026_1av_form_HABILIDADES_DESEMPENHO_TURMA_03anos_LP.csv,EMEF WENCESLAU FONTOURA,eliane,exata_normalizada
CAEd,2026,4,EMEF WENCESLAU FONTOURA,EMEF WENCESLAU FONTOURA,EMEF WENCESLAU FONTOURA,2026_1av_form_HABILIDADES_DESEMPENHO_TURMA_04anos_LP.csv,EMEF WENCESLAU FONTOURA,eliane,exata_normalizada
CAEd,2026,5,EMEF WENCESLAU FONTOURA,EMEF WENCESLAU FONTOURA,EMEF WENCESLAU FONTOURA,2026_1av_form_HABILIDADES_DESEMPENHO_TURMA_05anos_LP.csv,EMEF WENCESLAU FONTOURA,eliane,exata_normalizada
CAEd,2025,1,EMEM EMILIO MEYER,EMEM EMILIO MEYER,EMEM EMILIO MEYER,2025_1av_form_HABILIDADES_DESEMPENHO_TURMA_01anos_LP.csv,EMEM EMILIO MEYER,ruti,exata_normalizada
CAEd,2025,2,EMEM EMILIO MEYER,EMEM EMILIO MEYER,EMEM EMILIO MEYER,2025_1av_form_HABILIDADES_DESEMPENHO_TURMA_02anos_LP.csv,EMEM EMILIO MEYER,ruti,exata_normalizada
CAEd,2025,3,EMEM EMILIO MEYER,EMEM EMILIO MEYER,EMEM EMILIO MEYER,2025_1av_form_HABILIDADES_DESEMPENHO_TURMA_03anos_LP.csv,EMEM EMILIO MEYER,ruti,exata_normalizada
CAEd,2025,4,EMEM EMILIO MEYER,EMEM EMILIO MEYER,EMEM EMILIO MEYER,2025_1av_form_HABILIDADES_DESEMPENHO_TURMA_04anos_LP.csv,EMEM EMILIO MEYER,ruti,exata_normalizada
CAEd,2025,5,EMEM EMILIO MEYER,EMEM EMILIO MEYER,EMEM EMILIO MEYER,2025_1av_form_HABILIDADES_DESEMPENHO_TURMA_05anos_LP.csv,EMEM EMILIO MEYER,ruti,exata_normalizada
CAEd,2026,1,EMEM EMILIO MEYER,EMEM EMILIO MEYER,EMEM EMILIO MEYER,2026_1av_form_HABILIDADES_DESEMPENHO_TURMA_01anos_LP.csv,EMEM EMILIO MEYER,ruti,exata_normalizada
CAEd,2026,2,EMEM EMILIO MEYER,EMEM EMILIO MEYER,EMEM EMILIO MEYER,2026_1av_form_HABILIDADES_DESEMPENHO_TURMA_02anos_LP.csv,EMEM EMILIO MEYER,ruti,exata_normalizada
CAEd,2026,3,EMEM EMILIO MEYER,EMEM EMILIO MEYER,EMEM EMILIO MEYER,2026_1av_form_HABILIDADES_DESEMPENHO_TURMA_03anos_LP.csv,EMEM EMILIO MEYER,ruti,exata_normalizada
CAEd,2026,4,EMEM EMILIO MEYER,EMEM EMILIO MEYER,EMEM EMILIO MEYER,2026_1av_form_HABILIDADES_DESEMPENHO_TURMA_04anos_LP.csv,EMEM EMILIO MEYER,ruti,exata_normalizada
CAEd,2026,5,EMEM EMILIO MEYER,EMEM EMILIO MEYER,EMEM EMILIO MEYER,2026_1av_form_HABILIDADES_DESEMPENHO_TURMA_05anos_LP.csv,EMEM EMILIO MEYER,ruti,exata_normalizada
CAEd,2026,1,ESC EST ENS FUN PROFESSORA LEOPOLDA BARNEWITZ,ESC EST ENS FUN PROFESSORA LEOPOLDA BARNEWITZ,ESC EST ENS FUN PROFESSORA LEOPOLDA BARNEWITZ,2026_1av_form_HABILIDADES_DESEMPENHO_TURMA_01anos_LP.csv,ESC EST ENS FUN PROFESSORA LEOPOLDA BARNEWITZ,julia,exata_normalizada
CAEd,2026,2,ESC EST ENS FUN PROFESSORA LEOPOLDA BARNEWITZ,ESC EST ENS FUN PROFESSORA LEOPOLDA BARNEWITZ,ESC EST ENS FUN PROFESSORA LEOPOLDA BARNEWITZ,2026_1av_form_HABILIDADES_DESEMPENHO_TURMA_02anos_LP.csv,ESC EST ENS FUN PROFESSORA LEOPOLDA BARNEWITZ,julia,exata_normalizada
CAEd,2026,3,ESC EST ENS FUN PROFESSORA LEOPOLDA BARNEWITZ,ESC EST ENS FUN PROFESSORA LEOPOLDA BARNEWITZ,ESC EST ENS FUN PROFESSORA LEOPOLDA BARNEWITZ,2026_1av_form_HABILIDADES_DESEMPENHO_TURMA_03anos_LP.csv,ESC EST ENS FUN PROFESSORA LEOPOLDA BARNEWITZ,julia,exata_normalizada
CAEd,2026,4,ESC EST ENS FUN PROFESSORA LEOPOLDA BARNEWITZ,ESC EST ENS FUN PROFESSORA LEOPOLDA BARNEWITZ,ESC EST ENS FUN PROFESSORA LEOPOLDA BARNEWITZ,2026_1av_form_HABILIDADES_DESEMPENHO_TURMA_04anos_LP.csv,ESC EST ENS FUN PROFESSORA LEOPOLDA BARNEWITZ,julia,exata_normalizada
CAEd,2026,5,ESC EST ENS FUN PROFESSORA LEOPOLDA BARNEWITZ,ESC EST ENS FUN PROFESSORA LEOPOLDA BARNEWITZ,ESC EST ENS FUN PROFESSORA LEOPOLDA BARNEWITZ,2026_1av_form_HABILIDADES_DESEMPENHO_TURMA_05anos_LP.csv,ESC EST ENS FUN PROFESSORA LEOPOLDA BARNEWITZ,julia,exata_normalizada
CAEd,2025,1,ESCOLA DE ENSINO FUNDAMENTAL MADRE RAFFO,ESCOLA DE ENSINO FUNDAMENTAL MADRE RAFFO,ESCOLA DE ENSINO FUNDAMENTAL MADRE RAFFO,2025_1av_form_HABILIDADES_DESEMPENHO_TURMA_01anos_LP.csv,7028 ESCOLA DE ENSINO FUNDAMENTAL MADRE RAFFO,outras,exata_normalizada
CAEd,2025,2,ESCOLA DE ENSINO FUNDAMENTAL MADRE RAFFO,ESCOLA DE ENSINO FUNDAMENTAL MADRE RAFFO,ESCOLA DE ENSINO FUNDAMENTAL MADRE RAFFO,2025_1av_form_HABILIDADES_DESEMPENHO_TURMA_02anos_LP.csv,7028 ESCOLA DE ENSINO FUNDAMENTAL MADRE RAFFO,outras,exata_normalizada
CAEd,2025,3,ESCOLA DE ENSINO FUNDAMENTAL MADRE RAFFO,ESCOLA DE ENSINO FUNDAMENTAL MADRE RAFFO,ESCOLA DE ENSINO FUNDAMENTAL MADRE RAFFO,2025_1av_form_HABILIDADES_DESEMPENHO_TURMA_03anos_LP.csv,7028 ESCOLA DE ENSINO FUNDAMENTAL MADRE RAFFO,outras,exata_normalizada
CAEd,2025,4,ESCOLA DE ENSINO FUNDAMENTAL MADRE RAFFO,ESCOLA DE ENSINO FUNDAMENTAL MADRE RAFFO,ESCOLA DE ENSINO FUNDAMENTAL MADRE RAFFO,2025_1av_form_HABILIDADES_DESEMPENHO_TURMA_04anos_LP.csv,7028 ESCOLA DE ENSINO FUNDAMENTAL MADRE RAFFO,outras,exata_normalizada
CAEd,2025,5,ESCOLA DE ENSINO FUNDAMENTAL MADRE RAFFO,ESCOLA DE ENSINO FUNDAMENTAL MADRE RAFFO,ESCOLA DE ENSINO FUNDAMENTAL MADRE RAFFO,2025_1av_form_HABILIDADES_DESEMPENHO_TURMA_05anos_LP.csv,7028 ESCOLA DE ENSINO FUNDAMENTAL MADRE RAFFO,outras,exata_normalizada
Contexto CAEd,2026,,6001 EEF PEQUENA CASA DA CRIANCA,EEF PEQUENA CASA DA CRIANCA,EEF PEQUENA CASA DA CRIANCA,tab_dados_contextuais_escolas.xlsx,6001 EEF PEQUENA CASA DA CRIANCA,outras,exata_normalizada
Contexto CAEd,2026,,7028 ESCOLA DE ENSINO FUNDAMENTAL MADRE RAFFO,ESCOLA DE ENSINO FUNDAMENTAL MADRE RAFFO,ESCOLA DE ENSINO FUNDAMENTAL MADRE RAFFO,tab_dados_contextuais_escolas.xlsx,7028 ESCOLA DE ENSINO FUNDAMENTAL MADRE RAFFO,outras,exata_normalizada
Contexto CAEd,2026,,EMEB DR LIBERATO SALZANO VIEIRA DA CUNHA,EMEB DR LIBERATO SALZANO VIEIRA DA CUNHA,EMEB DR LIBERATO SALZANO VIEIRA DA CUNHA,tab_dados_contextuais_escolas.xlsx,EMEB DR LIBERATO SALZANO VIEIRA DA CUNHA,clarissa,exata_normalizada
Contexto CAEd,2026,,EMEF AFONSO GUERREIRO LIMA,EMEF AFONSO GUERREIRO LIMA,EMEF AFONSO GUERREIRO LIMA,tab_dados_contextuais_escolas.xlsx,EMEF AFONSO GUERREIRO LIMA,graziela,exata_normalizada
Contexto CAEd,2026,,EMEF AMERICA,EMEF AMERICA,EMEF AMERICA,tab_dados_contextuais_escolas.xlsx,EMEF AMERICA,nathalia,exata_normalizada
Contexto CAEd,2026,,EMEF ARAMY SILVA,EMEF ARAMY SILVA,EMEF ARAMY SILVA,tab_dados_contextuais_escolas.xlsx,EMEF ARAMY SILVA,priscila,exata_normalizada
Contexto CAEd,2026,,EMEF CAMPOS DO CRISTAL,EMEF CAMPOS DO CRISTAL,EMEF CAMPOS DO CRISTAL,tab_dados_contextuais_escolas.xlsx,EMEF CAMPOS DO CRISTAL,andreia,exata_normalizada
Contexto CAEd,2026,,EMEF CHAPEU DO SOL,EMEF CHAPEU DO SOL,EMEF CHAPEU DO SOL,tab_dados_contextuais_escolas.xlsx,EMEF CHAPEU DO SOL,ruti,exata_normalizada
Contexto CAEd,2026,,EMEF CHICO MENDES,EMEF CHICO MENDES,EMEF CHICO MENDES,tab_dados_contextuais_escolas.xlsx,EMEF CHICO MENDES,eliane,exata_normalizada
Contexto CAEd,2026,,EMEF DECIO MARTINS COSTA,EMEF DECIO MARTINS COSTA,EMEF DECIO MARTINS COSTA,tab_dados_contextuais_escolas.xlsx,EMEF DECIO MARTINS COSTA,nathalia,exata_normalizada
Contexto CAEd,2026,,EMEF DEP MARCIRIO GOULART LOUREIRO,EMEF DEP MARCIRIO GOULART LOUREIRO,EMEF DEP MARCIRIO GOULART LOUREIRO,tab_dados_contextuais_escolas.xlsx,EMEF DEP MARCIRIO GOULART LOUREIRO,marian,exata_normalizada
Contexto CAEd,2026,,EMEF DEP VICTOR ISSLER,EMEF DEP VICTOR ISSLER,EMEF DEP VICTOR ISSLER,tab_dados_contextuais_escolas.xlsx,EMEF DEP VICTOR ISSLER,clarissa,exata_normalizada
Contexto CAEd,2026,,EMEF DOLORES ALCARAZ CALDAS,EMEF DOLORES ALCARAZ CALDAS,EMEF DOLORES ALCARAZ CALDAS,tab_dados_contextuais_escolas.xlsx,EMEF DOLORES ALCARAZ CALDAS,jalize,exata_normalizada
Contexto CAEd,2026,,EMEF ESPIRITO SANTO,EMEF ESPIRITO SANTO,EMEF ESPIRITO SANTO,tab_dados_contextuais_escolas.xlsx,EMEF ESPIRITO SANTO,priscila,exata_normalizada
Contexto CAEd,2026,,EMEF EVARISTO GONCALVES NETTO,EMEF EVARISTO GONCALVES NETTO,EMEF EVARISTO GONCALVES NETTO,tab_dados_contextuais_escolas.xlsx,EMEF EVARISTO GONCALVES NETTO,jalize,exata_normalizada
Contexto CAEd,2026,,EMEF GABRIEL OBINO,EMEF GABRIEL OBINO,EMEF GABRIEL OBINO,tab_dados_contextuais_escolas.xlsx,EMEF GABRIEL OBINO,amanda,exata_normalizada
Contexto CAEd,2026,,EMEF GOV ILDO MENEGHETTI,EMEF GOV ILDO MENEGHETTI,EMEF GOV ILDO MENEGHETTI,tab_dados_contextuais_escolas.xlsx,EMEF GOV ILDO MENEGHETTI,clarissa,exata_normalizada
Contexto CAEd,2026,,EMEF GRANDE ORIENTE DO RGS,EMEF GRANDE ORIENTE DO RGS,EMEF GRANDE ORIENTE DO RGS,tab_dados_contextuais_escolas.xlsx,EMEF GRANDE ORIENTE DO RGS,andreia,exata_normalizada
Contexto CAEd,2026,,EMEF HEITOR VILLA LOBOS,EMEF HEITOR VILLA LOBOS,EMEF HEITOR VILLA LOBOS,tab_dados_contextuais_escolas.xlsx,EMEF HEITOR VILLA LOBOS,jalize,exata_normalizada
Contexto CAEd,2026,,EMEF JEAN PIAGET,EMEF JEAN PIAGET,EMEF JEAN PIAGET,tab_dados_contextuais_escolas.xlsx,EMEF JEAN PIAGET,clarissa,exata_normalizada
Contexto CAEd,2026,,EMEF JOAO ANTONIO SATTE,EMEF JOAO ANTONIO SATTE,EMEF JOAO ANTONIO SATTE,tab_dados_contextuais_escolas.xlsx,EMEF JOAO ANTONIO SATTE,eliane,exata_normalizada
Contexto CAEd,2026,,EMEF JOAO CARLOS DAVILA PAIXAO CORTES - LACADOR,EMEF JOAO CARLOS DAVILA PAIXAO CORTES - LACADOR,EMEF JOAO CARLOS DAVILA PAIXAO CORTES LACADOR,tab_dados_contextuais_escolas.xlsx,EMEF JOAO CARLOS DAVILA PAIXAO CORTES - LACADOR,julia,exata_normalizada
Contexto CAEd,2026,,EMEF JOSE LOUREIRO DA SILVA,EMEF JOSE LOUREIRO DA SILVA,EMEF JOSE LOUREIRO DA SILVA,tab_dados_contextuais_escolas.xlsx,EMEF JOSE LOUREIRO DA SILVA,jalize,exata_normalizada
Contexto CAEd,2026,,EMEF JOSE MARIANO BECK,EMEF JOSE MARIANO BECK,EMEF JOSE MARIANO BECK,tab_dados_contextuais_escolas.xlsx,EMEF JOSE MARIANO BECK,nathalia,exata_normalizada
Contexto CAEd,2026,,EMEF LAURO RODRIGUES,EMEF LAURO RODRIGUES,EMEF LAURO RODRIGUES,tab_dados_contextuais_escolas.xlsx,EMEF LAURO RODRIGUES,clarissa,exata_normalizada
Contexto CAEd,2026,,EMEF LEOCADIA FELIZARDO PRESTES,EMEF LEOCADIA FELIZARDO PRESTES,EMEF LEOCADIA FELIZARDO PRESTES,tab_dados_contextuais_escolas.xlsx,EMEF LEOCADIA FELIZARDO PRESTES,graziela,exata_normalizada
Contexto CAEd,2026,,EMEF LIDOVINO FANTON,EMEF LIDOVINO FANTON,EMEF LIDOVINO FANTON,tab_dados_contextuais_escolas.xlsx,EMEF LIDOVINO FANTON,julia,exata_normalizada
Contexto CAEd,2026,,EMEF MARIO QUINTANA,EMEF MARIO QUINTANA,EMEF MARIO QUINTANA,tab_dados_contextuais_escolas.xlsx,EMEF MARIO QUINTANA,ruti,exata_normalizada
Contexto CAEd,2026,,EMEF MIGRANTES,EMEF MIGRANTES,EMEF MIGRANTES,tab_dados_contextuais_escolas.xlsx,EMEF MIGRANTES,nathalia,exata_normalizada
Contexto CAEd,2026,,EMEF MORADAS DA HIPICA,EMEF MORADAS DA HIPICA,EMEF MORADAS DA HIPICA,tab_dados_contextuais_escolas.xlsx,EMEF MORADAS DA HIPICA,amanda,exata_normalizada
Contexto CAEd,2026,,EMEF MORRO DA CRUZ,EMEF MORRO DA CRUZ,EMEF MORRO DA CRUZ,tab_dados_contextuais_escolas.xlsx,EMEF MORRO DA CRUZ,andreia,exata_normalizada
Contexto CAEd,2026,,EMEF NEUSA GOULART BRIZOLA,EMEF NEUSA GOULART BRIZOLA,EMEF NEUSA GOULART BRIZOLA,tab_dados_contextuais_escolas.xlsx,EMEF NEUSA GOULART BRIZOLA,julia,exata_normalizada
Contexto CAEd,2026,,EMEF NOSSA SENHORA DE FATIMA,EMEF NOSSA SENHORA DE FATIMA,EMEF NOSSA SENHORA DE FATIMA,tab_dados_contextuais_escolas.xlsx,EMEF NOSSA SENHORA DE FATIMA,amanda,exata_normalizada
Contexto CAEd,2026,,EMEF NOSSA SENHORA DO CARMO,EMEF NOSSA SENHORA DO CARMO,EMEF NOSSA SENHORA DO CARMO,tab_dados_contextuais_escolas.xlsx,EMEF NOSSA SENHORA DO CARMO,amanda,exata_normalizada
Contexto CAEd,2026,,EMEF PEPITA DE LEAO,EMEF PEPITA DE LEAO,EMEF PEPITA DE LEAO,tab_dados_contextuais_escolas.xlsx,EMEF PEPITA DE LEAO,nathalia,exata_normalizada
Contexto CAEd,2026,,EMEF PORTO NOVO,EMEF PORTO NOVO,EMEF PORTO NOVO,tab_dados_contextuais_escolas.xlsx,EMEF PORTO NOVO,marian,exata_normalizada
Contexto CAEd,2026,,EMEF PRES JOAO BELCHIOR MARQUES GOULART,EMEF PRES JOAO BELCHIOR MARQUES GOULART,EMEF PRES JOAO BELCHIOR MARQUES GOULART,tab_dados_contextuais_escolas.xlsx,EMEF PRES JOAO BELCHIOR MARQUES GOULART,marian,exata_normalizada
Contexto CAEd,2026,,EMEF PRESIDENTE VARGAS,EMEF PRESIDENTE VARGAS,EMEF PRESIDENTE VARGAS,tab_dados_contextuais_escolas.xlsx,EMEF PRESIDENTE VARGAS,eliane,exata_normalizada
Contexto CAEd,2026,,EMEF PROF ANA IRIS DO AMARAL,EMEF PROF ANA IRIS DO AMARAL,EMEF PROF ANA IRIS DO AMARAL,tab_dados_contextuais_escolas.xlsx,EMEF PROF ANA IRIS DO AMARAL,eliane,exata_normalizada
Contexto CAEd,2026,,EMEF PROF ANISIO TEIXEIRA,EMEF PROF ANISIO TEIXEIRA,EMEF PROF ANISIO TEIXEIRA,tab_dados_contextuais_escolas.xlsx,EMEF PROF ANISIO TEIXEIRA,andreia,exata_normalizada
Contexto CAEd,2026,,EMEF PROF GILBERTO JORGE GONCALVES DA SILVA,EMEF PROF GILBERTO JORGE GONCALVES DA SILVA,EMEF PROF GILBERTO JORGE GONCALVES DA SILVA,tab_dados_contextuais_escolas.xlsx,EMEF PROF GILBERTO JORGE GONCALVES DA SILVA,ruti,exata_normalizada
Contexto CAEd,2026,,EMEF PROF JUDITH MACEDO DE ARAUJO,EMEF PROF JUDITH MACEDO DE ARAUJO,EMEF PROF JUDITH MACEDO DE ARAUJO,tab_dados_contextuais_escolas.xlsx,EMEF PROF JUDITH MACEDO DE ARAUJO,graziela,exata_normalizada
Contexto CAEd,2026,,EMEF PROF LARRY JOSE RIBEIRO ALVES,EMEF PROF LARRY JOSE RIBEIRO ALVES,EMEF PROF LARRY JOSE RIBEIRO ALVES,tab_dados_contextuais_escolas.xlsx,EMEF PROF LARRY JOSE RIBEIRO ALVES,amanda,exata_normalizada
Contexto CAEd,2026,,EMEF RINCAO,EMEF RINCAO,EMEF RINCAO,tab_dados_contextuais_escolas.xlsx,EMEF RINCAO,jalize,exata_normalizada
Contexto CAEd,2026,,EMEF SAINT HILAIRE,EMEF SAINT HILAIRE,EMEF SAINT HILAIRE,tab_dados_contextuais_escolas.xlsx,EMEF SAINT HILAIRE,andreia,exata_normalizada
Contexto CAEd,2026,,EMEF SAO PEDRO,EMEF SAO PEDRO,EMEF SAO PEDRO,tab_dados_contextuais_escolas.xlsx,EMEF SAO PEDRO,marian,exata_normalizada
Contexto CAEd,2026,,EMEF SEN ALBERTO PASQUALINI,EMEF SEN ALBERTO PASQUALINI,EMEF SEN ALBERTO PASQUALINI,tab_dados_contextuais_escolas.xlsx,EMEF SEN ALBERTO PASQUALINI,julia,exata_normalizada
Contexto CAEd,2026,,EMEF TIMBAUVA,EMEF TIMBAUVA,EMEF TIMBAUVA,tab_dados_contextuais_escolas.xlsx,EMEF TIMBAUVA,nathalia,exata_normalizada
Contexto CAEd,2026,,EMEF VER ANTONIO GIUDICE,EMEF VER ANTONIO GIUDICE,EMEF VER ANTONIO GIUDICE,tab_dados_contextuais_escolas.xlsx,EMEF VER ANTONIO GIUDICE,clarissa,exata_normalizada
Contexto CAEd,2026,,EMEF VER CARLOS PESSOA DE BRUM,EMEF VER CARLOS PESSOA DE BRUM,EMEF VER CARLOS PESSOA DE BRUM,tab_dados_contextuais_escolas.xlsx,EMEF VER CARLOS PESSOA DE BRUM,priscila,exata_normalizada
Contexto CAEd,2026,,EMEF VER MARTIM ARANHA,EMEF VER MARTIM ARANHA,EMEF VER MARTIM ARANHA,tab_dados_contextuais_escolas.xlsx,EMEF VER MARTIM ARANHA,priscila,exata_normalizada
Contexto CAEd,2026,,EMEF VILA MONTE CRISTO,EMEF VILA MONTE CRISTO,EMEF VILA MONTE CRISTO,tab_dados_contextuais_escolas.xlsx,EMEF VILA MONTE CRISTO,graziela,exata_normalizada
Contexto CAEd,2026,,EMEF WENCESLAU FONTOURA,EMEF WENCESLAU FONTOURA,EMEF WENCESLAU FONTOURA,tab_dados_contextuais_escolas.xlsx,EMEF WENCESLAU FONTOURA,eliane,exata_normalizada
Contexto CAEd,2026,,EMEM EMILIO MEYER,EMEM EMILIO MEYER,EMEM EMILIO MEYER,tab_dados_contextuais_escolas.xlsx,EMEM EMILIO MEYER,ruti,exata_normalizada
Contexto CAEd,2026,,ESC EST ENS FUN PROFESSORA LEOPOLDA BARNEWITZ,ESC EST ENS FUN PROFESSORA LEOPOLDA BARNEWITZ,ESC EST ENS FUN PROFESSORA LEOPOLDA BARNEWITZ,tab_dados_contextuais_escolas.xlsx,ESC EST ENS FUN PROFESSORA LEOPOLDA BARNEWITZ,julia,exata_normalizada
