id_escola,codigo_inep,nome_canonico,assessora_gerencial,dimensao,componente,variavel_bruta,valor_bruto,score_componente_0_100,peso_declarado_na_dimensao,peso_declarado_no_indice_principal,componente_disponivel
ESC_001,43105416,EEF PEQUENA CASA DA CRIANCA,outras,administrativa,arranjo_institucional_especial,score_administrativo_arranjo_especial,100,100,0.4,0.1,TRUE
ESC_001,43105416,EEF PEQUENA CASA DA CRIANCA,outras,administrativa,historico_cadastral_ou_revisao,score_administrativo_historico_cadastral,0,0,0.2,0.05,TRUE
ESC_001,43105416,EEF PEQUENA CASA DA CRIANCA,outras,administrativa,transicao_institucional_recente,score_administrativo_transicao_recente,0,0,0.3,0.075,TRUE
ESC_001,43105416,EEF PEQUENA CASA DA CRIANCA,outras,administrativa,vinculo_assessoramento_nao_informado,score_administrativo_sem_vinculo,0,0,0.1,0.025,TRUE
ESC_001,43105416,EEF PEQUENA CASA DA CRIANCA,outras,educacional,baixa_participacao_relativa_2026,score_educacional_baixa_participacao,43.050505050505045,43.050505050505045,0.25,0.0625,TRUE
ESC_001,43105416,EEF PEQUENA CASA DA CRIANCA,outras,educacional,desempenho_relativo_2026,score_educacional_desempenho,67.55555555555556,67.55555555555556,0.5,0.125,TRUE
ESC_001,43105416,EEF PEQUENA CASA DA CRIANCA,outras,educacional,heterogeneidade_entre_series_2026,heterogeneidade_desempenho_bruta,9.6362156964882,16.666666666666668,0.15,0.0375,TRUE
ESC_001,43105416,EEF PEQUENA CASA DA CRIANCA,outras,educacional,instabilidade_composicao_comparavel,score_educacional_instabilidade_composicao,80,80,0.1,0.025,TRUE
ESC_001,43105416,EEF PEQUENA CASA DA CRIANCA,outras,estrutural,amplitude_tempo_integral,pct_matriculas_anos_iniciais_integral,18.367346938775512,61.81818181818182,0.1,0.025,TRUE
ESC_001,43105416,EEF PEQUENA CASA DA CRIANCA,outras,estrutural,dependencia_transporte_publico,pct_matriculas_transporte_publico,0,11.818181818181818,0.05,0.0125,TRUE
ESC_001,43105416,EEF PEQUENA CASA DA CRIANCA,outras,estrutural,infraestrutura_insuficiente,indice_infraestrutura_basica,70,92.72727272727273,0.3,0.075,TRUE
ESC_001,43105416,EEF PEQUENA CASA DA CRIANCA,outras,estrutural,participacao_educacao_especial,pct_matriculas_educacao_especial,6.128133704735376,12.727272727272727,0.2,0.05,TRUE
ESC_001,43105416,EEF PEQUENA CASA DA CRIANCA,outras,estrutural,pressao_alunos_por_docente,alunos_por_docente_anos_iniciais,22.272727272727273,96.29629629629629,0.15,0.0375,TRUE
ESC_001,43105416,EEF PEQUENA CASA DA CRIANCA,outras,estrutural,pressao_alunos_por_turma,alunos_por_turma_anos_iniciais,17.5,4.62962962962963,0.2,0.05,TRUE
ESC_001,43105416,EEF PEQUENA CASA DA CRIANCA,outras,volume,amplitude_etapas_ofertadas,numero_etapas_amplas_ofertadas,2,11.818181818181818,0.15,0.0375,TRUE
ESC_001,43105416,EEF PEQUENA CASA DA CRIANCA,outras,volume,matriculas_anos_iniciais,matriculas_anos_iniciais,245,23.636363636363637,0.6,0.15,TRUE
ESC_001,43105416,EEF PEQUENA CASA DA CRIANCA,outras,volume,turmas_anos_iniciais,turmas_anos_iniciais_validas,14,34.25925925925926,0.25,0.0625,TRUE
ESC_002,43105505,EMEB DR LIBERATO SALZANO VIEIRA DA CUNHA,clarissa,administrativa,arranjo_institucional_especial,score_administrativo_arranjo_especial,0,0,0.4,0.1,TRUE
ESC_002,43105505,EMEB DR LIBERATO SALZANO VIEIRA DA CUNHA,clarissa,administrativa,historico_cadastral_ou_revisao,score_administrativo_historico_cadastral,0,0,0.2,0.05,TRUE
ESC_002,43105505,EMEB DR LIBERATO SALZANO VIEIRA DA CUNHA,clarissa,administrativa,transicao_institucional_recente,score_administrativo_transicao_recente,0,0,0.3,0.075,TRUE
ESC_002,43105505,EMEB DR LIBERATO SALZANO VIEIRA DA CUNHA,clarissa,administrativa,vinculo_assessoramento_nao_informado,score_administrativo_sem_vinculo,0,0,0.1,0.025,TRUE
ESC_002,43105505,EMEB DR LIBERATO SALZANO VIEIRA DA CUNHA,clarissa,educacional,baixa_participacao_relativa_2026,score_educacional_baixa_participacao,52.83838383838384,52.83838383838384,0.25,0.0625,TRUE
ESC_002,43105505,EMEB DR LIBERATO SALZANO VIEIRA DA CUNHA,clarissa,educacional,desempenho_relativo_2026,score_educacional_desempenho,60.417508417508415,60.417508417508415,0.5,0.125,TRUE
ESC_002,43105505,EMEB DR LIBERATO SALZANO VIEIRA DA CUNHA,clarissa,educacional,heterogeneidade_entre_series_2026,heterogeneidade_desempenho_bruta,19.65288816769619,50,0.15,0.0375,TRUE
ESC_002,43105505,EMEB DR LIBERATO SALZANO VIEIRA DA CUNHA,clarissa,educacional,instabilidade_composicao_comparavel,score_educacional_instabilidade_composicao,40,40,0.1,0.025,TRUE
ESC_002,43105505,EMEB DR LIBERATO SALZANO VIEIRA DA CUNHA,clarissa,estrutural,amplitude_tempo_integral,pct_matriculas_anos_iniciais_integral,0.21505376344086025,25.454545454545453,0.1,0.025,TRUE
ESC_002,43105505,EMEB DR LIBERATO SALZANO VIEIRA DA CUNHA,clarissa,estrutural,dependencia_transporte_publico,pct_matriculas_transporte_publico,1.198501872659176,52.72727272727273,0.05,0.0125,TRUE
ESC_002,43105505,EMEB DR LIBERATO SALZANO VIEIRA DA CUNHA,clarissa,estrutural,infraestrutura_insuficiente,indice_infraestrutura_basica,100,22.727272727272734,0.3,0.075,TRUE
ESC_002,43105505,EMEB DR LIBERATO SALZANO VIEIRA DA CUNHA,clarissa,estrutural,participacao_educacao_especial,pct_matriculas_educacao_especial,7.790262172284645,47.27272727272727,0.2,0.05,TRUE
ESC_002,43105505,EMEB DR LIBERATO SALZANO VIEIRA DA CUNHA,clarissa,estrutural,pressao_alunos_por_docente,alunos_por_docente_anos_iniciais,14.090909090909092,33.333333333333336,0.15,0.0375,TRUE
ESC_002,43105505,EMEB DR LIBERATO SALZANO VIEIRA DA CUNHA,clarissa,estrutural,pressao_alunos_por_turma,alunos_por_turma_anos_iniciais,22.142857142857142,33.333333333333336,0.2,0.05,TRUE
ESC_002,43105505,EMEB DR LIBERATO SALZANO VIEIRA DA CUNHA,clarissa,volume,amplitude_etapas_ofertadas,numero_etapas_amplas_ofertadas,4,83.63636363636364,0.15,0.0375,TRUE
ESC_002,43105505,EMEB DR LIBERATO SALZANO VIEIRA DA CUNHA,clarissa,volume,matriculas_anos_iniciais,matriculas_anos_iniciais,465,65.45454545454545,0.6,0.15,TRUE
ESC_002,43105505,EMEB DR LIBERATO SALZANO VIEIRA DA CUNHA,clarissa,volume,turmas_anos_iniciais,turmas_anos_iniciais_validas,21,77.77777777777777,0.25,0.0625,TRUE
ESC_003,43105440,EMEF AFONSO GUERREIRO LIMA,graziela,administrativa,arranjo_institucional_especial,score_administrativo_arranjo_especial,0,0,0.4,0.1,TRUE
ESC_003,43105440,EMEF AFONSO GUERREIRO LIMA,graziela,administrativa,historico_cadastral_ou_revisao,score_administrativo_historico_cadastral,0,0,0.2,0.05,TRUE
ESC_003,43105440,EMEF AFONSO GUERREIRO LIMA,graziela,administrativa,transicao_institucional_recente,score_administrativo_transicao_recente,0,0,0.3,0.075,TRUE
ESC_003,43105440,EMEF AFONSO GUERREIRO LIMA,graziela,administrativa,vinculo_assessoramento_nao_informado,score_administrativo_sem_vinculo,0,0,0.1,0.025,TRUE
ESC_003,43105440,EMEF AFONSO GUERREIRO LIMA,graziela,educacional,baixa_participacao_relativa_2026,score_educacional_baixa_participacao,57.21885521885522,57.21885521885522,0.25,0.0625,TRUE
ESC_003,43105440,EMEF AFONSO GUERREIRO LIMA,graziela,educacional,desempenho_relativo_2026,score_educacional_desempenho,48.013468013468014,48.013468013468014,0.5,0.125,TRUE
ESC_003,43105440,EMEF AFONSO GUERREIRO LIMA,graziela,educacional,heterogeneidade_entre_series_2026,heterogeneidade_desempenho_bruta,25.84035245561121,75.92592592592592,0.15,0.0375,TRUE
ESC_003,43105440,EMEF AFONSO GUERREIRO LIMA,graziela,educacional,instabilidade_composicao_comparavel,score_educacional_instabilidade_composicao,40,40,0.1,0.025,TRUE
ESC_003,43105440,EMEF AFONSO GUERREIRO LIMA,graziela,estrutural,amplitude_tempo_integral,pct_matriculas_anos_iniciais_integral,15.667311411992262,58.18181818181818,0.1,0.025,TRUE
ESC_003,43105440,EMEF AFONSO GUERREIRO LIMA,graziela,estrutural,dependencia_transporte_publico,pct_matriculas_transporte_publico,5.851619644723093,89.0909090909091,0.05,0.0125,TRUE
ESC_003,43105440,EMEF AFONSO GUERREIRO LIMA,graziela,estrutural,infraestrutura_insuficiente,indice_infraestrutura_basica,90,58.18181818181818,0.3,0.075,TRUE
ESC_003,43105440,EMEF AFONSO GUERREIRO LIMA,graziela,estrutural,participacao_educacao_especial,pct_matriculas_educacao_especial,7.41901776384535,41.81818181818182,0.2,0.05,TRUE
ESC_003,43105440,EMEF AFONSO GUERREIRO LIMA,graziela,estrutural,pressao_alunos_por_docente,alunos_por_docente_anos_iniciais,19.14814814814815,83.33333333333333,0.15,0.0375,TRUE
ESC_003,43105440,EMEF AFONSO GUERREIRO LIMA,graziela,estrutural,pressao_alunos_por_turma,alunos_por_turma_anos_iniciais,23.5,52.77777777777778,0.2,0.05,TRUE
ESC_003,43105440,EMEF AFONSO GUERREIRO LIMA,graziela,volume,amplitude_etapas_ofertadas,numero_etapas_amplas_ofertadas,4,83.63636363636364,0.15,0.0375,TRUE
ESC_003,43105440,EMEF AFONSO GUERREIRO LIMA,graziela,volume,matriculas_anos_iniciais,matriculas_anos_iniciais,517,83.63636363636364,0.6,0.15,TRUE
ESC_003,43105440,EMEF AFONSO GUERREIRO LIMA,graziela,volume,turmas_anos_iniciais,turmas_anos_iniciais_validas,22,87.96296296296296,0.25,0.0625,TRUE
ESC_004,43105459,EMEF AMERICA,nathalia,administrativa,arranjo_institucional_especial,score_administrativo_arranjo_especial,0,0,0.4,0.1,TRUE
ESC_004,43105459,EMEF AMERICA,nathalia,administrativa,historico_cadastral_ou_revisao,score_administrativo_historico_cadastral,0,0,0.2,0.05,TRUE
ESC_004,43105459,EMEF AMERICA,nathalia,administrativa,transicao_institucional_recente,score_administrativo_transicao_recente,0,0,0.3,0.075,TRUE
ESC_004,43105459,EMEF AMERICA,nathalia,administrativa,vinculo_assessoramento_nao_informado,score_administrativo_sem_vinculo,0,0,0.1,0.025,TRUE
ESC_004,43105459,EMEF AMERICA,nathalia,educacional,baixa_participacao_relativa_2026,score_educacional_baixa_participacao,32.936026936026934,32.936026936026934,0.25,0.0625,TRUE
ESC_004,43105459,EMEF AMERICA,nathalia,educacional,desempenho_relativo_2026,score_educacional_desempenho,46.26262626262626,46.26262626262626,0.5,0.125,TRUE
ESC_004,43105459,EMEF AMERICA,nathalia,educacional,heterogeneidade_entre_series_2026,heterogeneidade_desempenho_bruta,17.35299524617146,44.44444444444444,0.15,0.0375,TRUE
ESC_004,43105459,EMEF AMERICA,nathalia,educacional,instabilidade_composicao_comparavel,score_educacional_instabilidade_composicao,40,40,0.1,0.025,TRUE
ESC_004,43105459,EMEF AMERICA,nathalia,estrutural,amplitude_tempo_integral,pct_matriculas_anos_iniciais_integral,0.3831417624521073,27.272727272727273,0.1,0.025,TRUE
ESC_004,43105459,EMEF AMERICA,nathalia,estrutural,dependencia_transporte_publico,pct_matriculas_transporte_publico,0,11.818181818181818,0.05,0.0125,TRUE
ESC_004,43105459,EMEF AMERICA,nathalia,estrutural,infraestrutura_insuficiente,indice_infraestrutura_basica,100,22.727272727272734,0.3,0.075,TRUE
ESC_004,43105459,EMEF AMERICA,nathalia,estrutural,participacao_educacao_especial,pct_matriculas_educacao_especial,7.205240174672489,34.54545454545455,0.2,0.05,TRUE
ESC_004,43105459,EMEF AMERICA,nathalia,estrutural,pressao_alunos_por_docente,alunos_por_docente_anos_iniciais,14.5,37.03703703703704,0.15,0.0375,TRUE
ESC_004,43105459,EMEF AMERICA,nathalia,estrutural,pressao_alunos_por_turma,alunos_por_turma_anos_iniciais,26.1,90.74074074074075,0.2,0.05,TRUE
ESC_004,43105459,EMEF AMERICA,nathalia,volume,amplitude_etapas_ofertadas,numero_etapas_amplas_ofertadas,2,11.818181818181818,0.15,0.0375,TRUE
ESC_004,43105459,EMEF AMERICA,nathalia,volume,matriculas_anos_iniciais,matriculas_anos_iniciais,261,32.72727272727273,0.6,0.15,TRUE
ESC_004,43105459,EMEF AMERICA,nathalia,volume,turmas_anos_iniciais,turmas_anos_iniciais_validas,10,18.51851851851852,0.25,0.0625,TRUE
ESC_005,43105467,EMEF ARAMY SILVA,priscila,administrativa,arranjo_institucional_especial,score_administrativo_arranjo_especial,0,0,0.4,0.1,TRUE
ESC_005,43105467,EMEF ARAMY SILVA,priscila,administrativa,historico_cadastral_ou_revisao,score_administrativo_historico_cadastral,0,0,0.2,0.05,TRUE
ESC_005,43105467,EMEF ARAMY SILVA,priscila,administrativa,transicao_institucional_recente,score_administrativo_transicao_recente,0,0,0.3,0.075,TRUE
ESC_005,43105467,EMEF ARAMY SILVA,priscila,administrativa,vinculo_assessoramento_nao_informado,score_administrativo_sem_vinculo,0,0,0.1,0.025,TRUE
ESC_005,43105467,EMEF ARAMY SILVA,priscila,educacional,baixa_participacao_relativa_2026,score_educacional_baixa_participacao,35.400673400673405,35.400673400673405,0.25,0.0625,TRUE
ESC_005,43105467,EMEF ARAMY SILVA,priscila,educacional,desempenho_relativo_2026,score_educacional_desempenho,50.11447811447812,50.11447811447812,0.5,0.125,TRUE
ESC_005,43105467,EMEF ARAMY SILVA,priscila,educacional,heterogeneidade_entre_series_2026,heterogeneidade_desempenho_bruta,15.151222406449875,37.03703703703704,0.15,0.0375,TRUE
ESC_005,43105467,EMEF ARAMY SILVA,priscila,educacional,instabilidade_composicao_comparavel,score_educacional_instabilidade_composicao,60,60,0.1,0.025,TRUE
ESC_005,43105467,EMEF ARAMY SILVA,priscila,estrutural,amplitude_tempo_integral,pct_matriculas_anos_iniciais_integral,0,10.909090909090908,0.1,0.025,TRUE
ESC_005,43105467,EMEF ARAMY SILVA,priscila,estrutural,dependencia_transporte_publico,pct_matriculas_transporte_publico,1.0975609756097562,45.45454545454545,0.05,0.0125,TRUE
ESC_005,43105467,EMEF ARAMY SILVA,priscila,estrutural,infraestrutura_insuficiente,indice_infraestrutura_basica,100,22.727272727272734,0.3,0.075,TRUE
ESC_005,43105467,EMEF ARAMY SILVA,priscila,estrutural,participacao_educacao_especial,pct_matriculas_educacao_especial,11.951219512195122,89.0909090909091,0.2,0.05,TRUE
ESC_005,43105467,EMEF ARAMY SILVA,priscila,estrutural,pressao_alunos_por_docente,alunos_por_docente_anos_iniciais,15.62962962962963,48.148148148148145,0.15,0.0375,TRUE
ESC_005,43105467,EMEF ARAMY SILVA,priscila,estrutural,pressao_alunos_por_turma,alunos_por_turma_anos_iniciais,21.1,20.37037037037037,0.2,0.05,TRUE
ESC_005,43105467,EMEF ARAMY SILVA,priscila,volume,amplitude_etapas_ofertadas,numero_etapas_amplas_ofertadas,3,42.72727272727273,0.15,0.0375,TRUE
ESC_005,43105467,EMEF ARAMY SILVA,priscila,volume,matriculas_anos_iniciais,matriculas_anos_iniciais,422,60,0.6,0.15,TRUE
ESC_005,43105467,EMEF ARAMY SILVA,priscila,volume,turmas_anos_iniciais,turmas_anos_iniciais_validas,20,69.44444444444444,0.25,0.0625,TRUE
ESC_006,43173713,EMEF CAMPOS DO CRISTAL,andreia,administrativa,arranjo_institucional_especial,score_administrativo_arranjo_especial,0,0,0.4,0.1,TRUE
ESC_006,43173713,EMEF CAMPOS DO CRISTAL,andreia,administrativa,historico_cadastral_ou_revisao,score_administrativo_historico_cadastral,0,0,0.2,0.05,TRUE
ESC_006,43173713,EMEF CAMPOS DO CRISTAL,andreia,administrativa,transicao_institucional_recente,score_administrativo_transicao_recente,0,0,0.3,0.075,TRUE
ESC_006,43173713,EMEF CAMPOS DO CRISTAL,andreia,administrativa,vinculo_assessoramento_nao_informado,score_administrativo_sem_vinculo,0,0,0.1,0.025,TRUE
ESC_006,43173713,EMEF CAMPOS DO CRISTAL,andreia,educacional,baixa_participacao_relativa_2026,score_educacional_baixa_participacao,11.84848484848485,11.84848484848485,0.25,0.0625,TRUE
ESC_006,43173713,EMEF CAMPOS DO CRISTAL,andreia,educacional,desempenho_relativo_2026,score_educacional_desempenho,15.792929292929292,15.792929292929292,0.5,0.125,TRUE
ESC_006,43173713,EMEF CAMPOS DO CRISTAL,andreia,educacional,heterogeneidade_entre_series_2026,heterogeneidade_desempenho_bruta,8.287729347117372,11.11111111111111,0.15,0.0375,TRUE
ESC_006,43173713,EMEF CAMPOS DO CRISTAL,andreia,educacional,instabilidade_composicao_comparavel,score_educacional_instabilidade_composicao,40,40,0.1,0.025,TRUE
ESC_006,43173713,EMEF CAMPOS DO CRISTAL,andreia,estrutural,amplitude_tempo_integral,pct_matriculas_anos_iniciais_integral,34.90196078431372,81.81818181818181,0.1,0.025,TRUE
ESC_006,43173713,EMEF CAMPOS DO CRISTAL,andreia,estrutural,dependencia_transporte_publico,pct_matriculas_transporte_publico,1.0395010395010396,41.81818181818182,0.05,0.0125,TRUE
ESC_006,43173713,EMEF CAMPOS DO CRISTAL,andreia,estrutural,infraestrutura_insuficiente,indice_infraestrutura_basica,100,22.727272727272734,0.3,0.075,TRUE
ESC_006,43173713,EMEF CAMPOS DO CRISTAL,andreia,estrutural,participacao_educacao_especial,pct_matriculas_educacao_especial,12.266112266112266,92.72727272727273,0.2,0.05,TRUE
ESC_006,43173713,EMEF CAMPOS DO CRISTAL,andreia,estrutural,pressao_alunos_por_docente,alunos_por_docente_anos_iniciais,15.9375,57.407407407407405,0.15,0.0375,TRUE
ESC_006,43173713,EMEF CAMPOS DO CRISTAL,andreia,estrutural,pressao_alunos_por_turma,alunos_por_turma_anos_iniciais,25.5,80.55555555555556,0.2,0.05,TRUE
ESC_006,43173713,EMEF CAMPOS DO CRISTAL,andreia,volume,amplitude_etapas_ofertadas,numero_etapas_amplas_ofertadas,3,42.72727272727273,0.15,0.0375,TRUE
ESC_006,43173713,EMEF CAMPOS DO CRISTAL,andreia,volume,matriculas_anos_iniciais,matriculas_anos_iniciais,255,29.09090909090909,0.6,0.15,TRUE
ESC_006,43173713,EMEF CAMPOS DO CRISTAL,andreia,volume,turmas_anos_iniciais,turmas_anos_iniciais_validas,10,18.51851851851852,0.25,0.0625,TRUE
ESC_007,43187560,EMEF CHAPEU DO SOL,ruti,administrativa,arranjo_institucional_especial,score_administrativo_arranjo_especial,0,0,0.4,0.1,TRUE
ESC_007,43187560,EMEF CHAPEU DO SOL,ruti,administrativa,historico_cadastral_ou_revisao,score_administrativo_historico_cadastral,0,0,0.2,0.05,TRUE
ESC_007,43187560,EMEF CHAPEU DO SOL,ruti,administrativa,transicao_institucional_recente,score_administrativo_transicao_recente,0,0,0.3,0.075,TRUE
ESC_007,43187560,EMEF CHAPEU DO SOL,ruti,administrativa,vinculo_assessoramento_nao_informado,score_administrativo_sem_vinculo,0,0,0.1,0.025,TRUE
ESC_007,43187560,EMEF CHAPEU DO SOL,ruti,educacional,baixa_participacao_relativa_2026,score_educacional_baixa_participacao,42.83501683501684,42.83501683501684,0.25,0.0625,TRUE
ESC_007,43187560,EMEF CHAPEU DO SOL,ruti,educacional,desempenho_relativo_2026,score_educacional_desempenho,73.55555555555556,73.55555555555556,0.5,0.125,TRUE
ESC_007,43187560,EMEF CHAPEU DO SOL,ruti,educacional,heterogeneidade_entre_series_2026,heterogeneidade_desempenho_bruta,26.30457616125604,77.77777777777777,0.15,0.0375,TRUE
ESC_007,43187560,EMEF CHAPEU DO SOL,ruti,educacional,instabilidade_composicao_comparavel,score_educacional_instabilidade_composicao,100,100,0.1,0.025,TRUE
ESC_007,43187560,EMEF CHAPEU DO SOL,ruti,estrutural,amplitude_tempo_integral,pct_matriculas_anos_iniciais_integral,28.59778597785978,74.54545454545455,0.1,0.025,TRUE
ESC_007,43187560,EMEF CHAPEU DO SOL,ruti,estrutural,dependencia_transporte_publico,pct_matriculas_transporte_publico,3.4234234234234235,65.45454545454545,0.05,0.0125,TRUE
ESC_007,43187560,EMEF CHAPEU DO SOL,ruti,estrutural,infraestrutura_insuficiente,indice_infraestrutura_basica,100,22.727272727272734,0.3,0.075,TRUE
ESC_007,43187560,EMEF CHAPEU DO SOL,ruti,estrutural,participacao_educacao_especial,pct_matriculas_educacao_especial,8.558558558558559,60,0.2,0.05,TRUE
ESC_007,43187560,EMEF CHAPEU DO SOL,ruti,estrutural,pressao_alunos_por_docente,alunos_por_docente_anos_iniciais,20.846153846153847,88.88888888888889,0.15,0.0375,TRUE
ESC_007,43187560,EMEF CHAPEU DO SOL,ruti,estrutural,pressao_alunos_por_turma,alunos_por_turma_anos_iniciais,24.636363636363637,70.37037037037037,0.2,0.05,TRUE
ESC_007,43187560,EMEF CHAPEU DO SOL,ruti,volume,amplitude_etapas_ofertadas,numero_etapas_amplas_ofertadas,4,83.63636363636364,0.15,0.0375,TRUE
ESC_007,43187560,EMEF CHAPEU DO SOL,ruti,volume,matriculas_anos_iniciais,matriculas_anos_iniciais,542,90.9090909090909,0.6,0.15,TRUE
ESC_007,43187560,EMEF CHAPEU DO SOL,ruti,volume,turmas_anos_iniciais,turmas_anos_iniciais_validas,22,87.96296296296296,0.25,0.0625,TRUE
ESC_008,43177581,EMEF CHICO MENDES,eliane,administrativa,arranjo_institucional_especial,score_administrativo_arranjo_especial,0,0,0.4,0.1,TRUE
ESC_008,43177581,EMEF CHICO MENDES,eliane,administrativa,historico_cadastral_ou_revisao,score_administrativo_historico_cadastral,0,0,0.2,0.05,TRUE
ESC_008,43177581,EMEF CHICO MENDES,eliane,administrativa,transicao_institucional_recente,score_administrativo_transicao_recente,0,0,0.3,0.075,TRUE
ESC_008,43177581,EMEF CHICO MENDES,eliane,administrativa,vinculo_assessoramento_nao_informado,score_administrativo_sem_vinculo,0,0,0.1,0.025,TRUE
ESC_008,43177581,EMEF CHICO MENDES,eliane,educacional,baixa_participacao_relativa_2026,score_educacional_baixa_participacao,48.93939393939394,48.93939393939394,0.25,0.0625,TRUE
ESC_008,43177581,EMEF CHICO MENDES,eliane,educacional,desempenho_relativo_2026,score_educacional_desempenho,71.89562289562289,71.89562289562289,0.5,0.125,TRUE
ESC_008,43177581,EMEF CHICO MENDES,eliane,educacional,heterogeneidade_entre_series_2026,heterogeneidade_desempenho_bruta,19.963691690945865,51.851851851851855,0.15,0.0375,TRUE
ESC_008,43177581,EMEF CHICO MENDES,eliane,educacional,instabilidade_composicao_comparavel,score_educacional_instabilidade_composicao,100,100,0.1,0.025,TRUE
ESC_008,43177581,EMEF CHICO MENDES,eliane,estrutural,amplitude_tempo_integral,pct_matriculas_anos_iniciais_integral,13.67837338262477,52.72727272727273,0.1,0.025,TRUE
ESC_008,43177581,EMEF CHICO MENDES,eliane,estrutural,dependencia_transporte_publico,pct_matriculas_transporte_publico,1.1828935395814375,49.09090909090909,0.05,0.0125,TRUE
ESC_008,43177581,EMEF CHICO MENDES,eliane,estrutural,infraestrutura_insuficiente,indice_infraestrutura_basica,100,22.727272727272734,0.3,0.075,TRUE
ESC_008,43177581,EMEF CHICO MENDES,eliane,estrutural,participacao_educacao_especial,pct_matriculas_educacao_especial,9.099181073703368,63.63636363636363,0.2,0.05,TRUE
ESC_008,43177581,EMEF CHICO MENDES,eliane,estrutural,pressao_alunos_por_docente,alunos_por_docente_anos_iniciais,18.655172413793103,77.77777777777777,0.15,0.0375,TRUE
ESC_008,43177581,EMEF CHICO MENDES,eliane,estrutural,pressao_alunos_por_turma,alunos_por_turma_anos_iniciais,24.59090909090909,68.51851851851852,0.2,0.05,TRUE
ESC_008,43177581,EMEF CHICO MENDES,eliane,volume,amplitude_etapas_ofertadas,numero_etapas_amplas_ofertadas,3,42.72727272727273,0.15,0.0375,TRUE
ESC_008,43177581,EMEF CHICO MENDES,eliane,volume,matriculas_anos_iniciais,matriculas_anos_iniciais,541,89.0909090909091,0.6,0.15,TRUE
ESC_008,43177581,EMEF CHICO MENDES,eliane,volume,turmas_anos_iniciais,turmas_anos_iniciais_validas,22,87.96296296296296,0.25,0.0625,TRUE
ESC_009,43105475,EMEF DECIO MARTINS COSTA,nathalia,administrativa,arranjo_institucional_especial,score_administrativo_arranjo_especial,0,0,0.4,0.1,TRUE
ESC_009,43105475,EMEF DECIO MARTINS COSTA,nathalia,administrativa,historico_cadastral_ou_revisao,score_administrativo_historico_cadastral,0,0,0.2,0.05,TRUE
ESC_009,43105475,EMEF DECIO MARTINS COSTA,nathalia,administrativa,transicao_institucional_recente,score_administrativo_transicao_recente,0,0,0.3,0.075,TRUE
ESC_009,43105475,EMEF DECIO MARTINS COSTA,nathalia,administrativa,vinculo_assessoramento_nao_informado,score_administrativo_sem_vinculo,0,0,0.1,0.025,TRUE
ESC_009,43105475,EMEF DECIO MARTINS COSTA,nathalia,educacional,baixa_participacao_relativa_2026,score_educacional_baixa_participacao,35.82828282828283,35.82828282828283,0.25,0.0625,TRUE
ESC_009,43105475,EMEF DECIO MARTINS COSTA,nathalia,educacional,desempenho_relativo_2026,score_educacional_desempenho,63.69360269360269,63.69360269360269,0.5,0.125,TRUE
ESC_009,43105475,EMEF DECIO MARTINS COSTA,nathalia,educacional,heterogeneidade_entre_series_2026,heterogeneidade_desempenho_bruta,12.830754818958583,31.48148148148148,0.15,0.0375,TRUE
ESC_009,43105475,EMEF DECIO MARTINS COSTA,nathalia,educacional,instabilidade_composicao_comparavel,score_educacional_instabilidade_composicao,20,20,0.1,0.025,TRUE
ESC_009,43105475,EMEF DECIO MARTINS COSTA,nathalia,estrutural,amplitude_tempo_integral,pct_matriculas_anos_iniciais_integral,9.001956947162427,43.63636363636363,0.1,0.025,TRUE
ESC_009,43105475,EMEF DECIO MARTINS COSTA,nathalia,estrutural,dependencia_transporte_publico,pct_matriculas_transporte_publico,1.0559662090813091,43.63636363636363,0.05,0.0125,TRUE
ESC_009,43105475,EMEF DECIO MARTINS COSTA,nathalia,estrutural,infraestrutura_insuficiente,indice_infraestrutura_basica,100,22.727272727272734,0.3,0.075,TRUE
ESC_009,43105475,EMEF DECIO MARTINS COSTA,nathalia,estrutural,participacao_educacao_especial,pct_matriculas_educacao_especial,6.335797254487856,20,0.2,0.05,TRUE
ESC_009,43105475,EMEF DECIO MARTINS COSTA,nathalia,estrutural,pressao_alunos_por_docente,alunos_por_docente_anos_iniciais,14.6,40.74074074074074,0.15,0.0375,TRUE
ESC_009,43105475,EMEF DECIO MARTINS COSTA,nathalia,estrutural,pressao_alunos_por_turma,alunos_por_turma_anos_iniciais,24.333333333333332,62.96296296296296,0.2,0.05,TRUE
ESC_009,43105475,EMEF DECIO MARTINS COSTA,nathalia,volume,amplitude_etapas_ofertadas,numero_etapas_amplas_ofertadas,3,42.72727272727273,0.15,0.0375,TRUE
ESC_009,43105475,EMEF DECIO MARTINS COSTA,nathalia,volume,matriculas_anos_iniciais,matriculas_anos_iniciais,511,81.81818181818181,0.6,0.15,TRUE
ESC_009,43105475,EMEF DECIO MARTINS COSTA,nathalia,volume,turmas_anos_iniciais,turmas_anos_iniciais_validas,21,77.77777777777777,0.25,0.0625,TRUE
ESC_010,43109128,EMEF DEP MARCIRIO GOULART LOUREIRO,marian,administrativa,arranjo_institucional_especial,score_administrativo_arranjo_especial,0,0,0.4,0.1,TRUE
ESC_010,43109128,EMEF DEP MARCIRIO GOULART LOUREIRO,marian,administrativa,historico_cadastral_ou_revisao,score_administrativo_historico_cadastral,0,0,0.2,0.05,TRUE
ESC_010,43109128,EMEF DEP MARCIRIO GOULART LOUREIRO,marian,administrativa,transicao_institucional_recente,score_administrativo_transicao_recente,0,0,0.3,0.075,TRUE
ESC_010,43109128,EMEF DEP MARCIRIO GOULART LOUREIRO,marian,administrativa,vinculo_assessoramento_nao_informado,score_administrativo_sem_vinculo,0,0,0.1,0.025,TRUE
ESC_010,43109128,EMEF DEP MARCIRIO GOULART LOUREIRO,marian,educacional,baixa_participacao_relativa_2026,score_educacional_baixa_participacao,60.83501683501684,60.83501683501684,0.25,0.0625,TRUE
ESC_010,43109128,EMEF DEP MARCIRIO GOULART LOUREIRO,marian,educacional,desempenho_relativo_2026,score_educacional_desempenho,79.6969696969697,79.6969696969697,0.5,0.125,TRUE
ESC_010,43109128,EMEF DEP MARCIRIO GOULART LOUREIRO,marian,educacional,heterogeneidade_entre_series_2026,heterogeneidade_desempenho_bruta,13.885495963490676,35.18518518518518,0.15,0.0375,TRUE
ESC_010,43109128,EMEF DEP MARCIRIO GOULART LOUREIRO,marian,educacional,instabilidade_composicao_comparavel,score_educacional_instabilidade_composicao,80,80,0.1,0.025,TRUE
ESC_010,43109128,EMEF DEP MARCIRIO GOULART LOUREIRO,marian,estrutural,amplitude_tempo_integral,pct_matriculas_anos_iniciais_integral,0.202020202020202,23.636363636363637,0.1,0.025,TRUE
ESC_010,43109128,EMEF DEP MARCIRIO GOULART LOUREIRO,marian,estrutural,dependencia_transporte_publico,pct_matriculas_transporte_publico,0.5175983436853002,32.72727272727273,0.05,0.0125,TRUE
ESC_010,43109128,EMEF DEP MARCIRIO GOULART LOUREIRO,marian,estrutural,infraestrutura_insuficiente,indice_infraestrutura_basica,100,22.727272727272734,0.3,0.075,TRUE
ESC_010,43109128,EMEF DEP MARCIRIO GOULART LOUREIRO,marian,estrutural,participacao_educacao_especial,pct_matriculas_educacao_especial,7.142857142857143,30.90909090909091,0.2,0.05,TRUE
ESC_010,43109128,EMEF DEP MARCIRIO GOULART LOUREIRO,marian,estrutural,pressao_alunos_por_docente,alunos_por_docente_anos_iniciais,18.333333333333332,72.22222222222223,0.15,0.0375,TRUE
ESC_010,43109128,EMEF DEP MARCIRIO GOULART LOUREIRO,marian,estrutural,pressao_alunos_por_turma,alunos_por_turma_anos_iniciais,26.05263157894737,87.03703703703704,0.2,0.05,TRUE
ESC_010,43109128,EMEF DEP MARCIRIO GOULART LOUREIRO,marian,volume,amplitude_etapas_ofertadas,numero_etapas_amplas_ofertadas,3,42.72727272727273,0.15,0.0375,TRUE
ESC_010,43109128,EMEF DEP MARCIRIO GOULART LOUREIRO,marian,volume,matriculas_anos_iniciais,matriculas_anos_iniciais,495,78.18181818181819,0.6,0.15,TRUE
ESC_010,43109128,EMEF DEP MARCIRIO GOULART LOUREIRO,marian,volume,turmas_anos_iniciais,turmas_anos_iniciais_validas,19,62.03703703703704,0.25,0.0625,TRUE
ESC_011,43109225,EMEF DEP VICTOR ISSLER,clarissa,administrativa,arranjo_institucional_especial,score_administrativo_arranjo_especial,0,0,0.4,0.1,TRUE
ESC_011,43109225,EMEF DEP VICTOR ISSLER,clarissa,administrativa,historico_cadastral_ou_revisao,score_administrativo_historico_cadastral,0,0,0.2,0.05,TRUE
ESC_011,43109225,EMEF DEP VICTOR ISSLER,clarissa,administrativa,transicao_institucional_recente,score_administrativo_transicao_recente,0,0,0.3,0.075,TRUE
ESC_011,43109225,EMEF DEP VICTOR ISSLER,clarissa,administrativa,vinculo_assessoramento_nao_informado,score_administrativo_sem_vinculo,0,0,0.1,0.025,TRUE
ESC_011,43109225,EMEF DEP VICTOR ISSLER,clarissa,educacional,baixa_participacao_relativa_2026,score_educacional_baixa_participacao,39.48821548821549,39.48821548821549,0.25,0.0625,TRUE
ESC_011,43109225,EMEF DEP VICTOR ISSLER,clarissa,educacional,desempenho_relativo_2026,score_educacional_desempenho,42.494949494949495,42.494949494949495,0.5,0.125,TRUE
ESC_011,43109225,EMEF DEP VICTOR ISSLER,clarissa,educacional,heterogeneidade_entre_series_2026,heterogeneidade_desempenho_bruta,11.695196652137586,25.925925925925927,0.15,0.0375,TRUE
ESC_011,43109225,EMEF DEP VICTOR ISSLER,clarissa,educacional,instabilidade_composicao_comparavel,score_educacional_instabilidade_composicao,0,0,0.1,0.025,TRUE
ESC_011,43109225,EMEF DEP VICTOR ISSLER,clarissa,estrutural,amplitude_tempo_integral,pct_matriculas_anos_iniciais_integral,1.8932874354561104,30.90909090909091,0.1,0.025,TRUE
ESC_011,43109225,EMEF DEP VICTOR ISSLER,clarissa,estrutural,dependencia_transporte_publico,pct_matriculas_transporte_publico,0.4942339373970346,30.90909090909091,0.05,0.0125,TRUE
ESC_011,43109225,EMEF DEP VICTOR ISSLER,clarissa,estrutural,infraestrutura_insuficiente,indice_infraestrutura_basica,100,22.727272727272734,0.3,0.075,TRUE
ESC_011,43109225,EMEF DEP VICTOR ISSLER,clarissa,estrutural,participacao_educacao_especial,pct_matriculas_educacao_especial,7.331136738056013,38.18181818181818,0.2,0.05,TRUE
ESC_011,43109225,EMEF DEP VICTOR ISSLER,clarissa,estrutural,pressao_alunos_por_docente,alunos_por_docente_anos_iniciais,15.702702702702704,51.851851851851855,0.15,0.0375,TRUE
ESC_011,43109225,EMEF DEP VICTOR ISSLER,clarissa,estrutural,pressao_alunos_por_turma,alunos_por_turma_anos_iniciais,25.26086956521739,75.92592592592592,0.2,0.05,TRUE
ESC_011,43109225,EMEF DEP VICTOR ISSLER,clarissa,volume,amplitude_etapas_ofertadas,numero_etapas_amplas_ofertadas,3,42.72727272727273,0.15,0.0375,TRUE
ESC_011,43109225,EMEF DEP VICTOR ISSLER,clarissa,volume,matriculas_anos_iniciais,matriculas_anos_iniciais,581,96.36363636363636,0.6,0.15,TRUE
ESC_011,43109225,EMEF DEP VICTOR ISSLER,clarissa,volume,turmas_anos_iniciais,turmas_anos_iniciais_validas,23,95.37037037037037,0.25,0.0625,TRUE
ESC_012,43105483,EMEF DOLORES ALCARAZ CALDAS,jalize,administrativa,arranjo_institucional_especial,score_administrativo_arranjo_especial,0,0,0.4,0.1,TRUE
ESC_012,43105483,EMEF DOLORES ALCARAZ CALDAS,jalize,administrativa,historico_cadastral_ou_revisao,score_administrativo_historico_cadastral,0,0,0.2,0.05,TRUE
ESC_012,43105483,EMEF DOLORES ALCARAZ CALDAS,jalize,administrativa,transicao_institucional_recente,score_administrativo_transicao_recente,0,0,0.3,0.075,TRUE
ESC_012,43105483,EMEF DOLORES ALCARAZ CALDAS,jalize,administrativa,vinculo_assessoramento_nao_informado,score_administrativo_sem_vinculo,0,0,0.1,0.025,TRUE
ESC_012,43105483,EMEF DOLORES ALCARAZ CALDAS,jalize,educacional,baixa_participacao_relativa_2026,score_educacional_baixa_participacao,52.26936026936027,52.26936026936027,0.25,0.0625,TRUE
ESC_012,43105483,EMEF DOLORES ALCARAZ CALDAS,jalize,educacional,desempenho_relativo_2026,score_educacional_desempenho,55.86195286195286,55.86195286195286,0.5,0.125,TRUE
ESC_012,43105483,EMEF DOLORES ALCARAZ CALDAS,jalize,educacional,heterogeneidade_entre_series_2026,heterogeneidade_desempenho_bruta,7.3579077663238754,7.407407407407407,0.15,0.0375,TRUE
ESC_012,43105483,EMEF DOLORES ALCARAZ CALDAS,jalize,educacional,instabilidade_composicao_comparavel,score_educacional_instabilidade_composicao,60,60,0.1,0.025,TRUE
ESC_012,43105483,EMEF DOLORES ALCARAZ CALDAS,jalize,estrutural,amplitude_tempo_integral,pct_matriculas_anos_iniciais_integral,20.236336779911372,65.45454545454545,0.1,0.025,TRUE
ESC_012,43105483,EMEF DOLORES ALCARAZ CALDAS,jalize,estrutural,dependencia_transporte_publico,pct_matriculas_transporte_publico,3.8314176245210727,76.36363636363636,0.05,0.0125,TRUE
ESC_012,43105483,EMEF DOLORES ALCARAZ CALDAS,jalize,estrutural,infraestrutura_insuficiente,indice_infraestrutura_basica,90,58.18181818181818,0.3,0.075,TRUE
ESC_012,43105483,EMEF DOLORES ALCARAZ CALDAS,jalize,estrutural,participacao_educacao_especial,pct_matriculas_educacao_especial,6.896551724137931,29.09090909090909,0.2,0.05,TRUE
ESC_012,43105483,EMEF DOLORES ALCARAZ CALDAS,jalize,estrutural,pressao_alunos_por_docente,alunos_por_docente_anos_iniciais,21.838709677419356,94.44444444444444,0.15,0.0375,TRUE
ESC_012,43105483,EMEF DOLORES ALCARAZ CALDAS,jalize,estrutural,pressao_alunos_por_turma,alunos_por_turma_anos_iniciais,25.074074074074073,74.07407407407408,0.2,0.05,TRUE
ESC_012,43105483,EMEF DOLORES ALCARAZ CALDAS,jalize,volume,amplitude_etapas_ofertadas,numero_etapas_amplas_ofertadas,4,83.63636363636364,0.15,0.0375,TRUE
ESC_012,43105483,EMEF DOLORES ALCARAZ CALDAS,jalize,volume,matriculas_anos_iniciais,matriculas_anos_iniciais,677,100,0.6,0.15,TRUE
ESC_012,43105483,EMEF DOLORES ALCARAZ CALDAS,jalize,volume,turmas_anos_iniciais,turmas_anos_iniciais_validas,27,100,0.25,0.0625,TRUE
ESC_013,43106331,EMEF ESPIRITO SANTO,priscila,administrativa,arranjo_institucional_especial,score_administrativo_arranjo_especial,100,100,0.4,0.1,TRUE
ESC_013,43106331,EMEF ESPIRITO SANTO,priscila,administrativa,historico_cadastral_ou_revisao,score_administrativo_historico_cadastral,0,0,0.2,0.05,TRUE
ESC_013,43106331,EMEF ESPIRITO SANTO,priscila,administrativa,transicao_institucional_recente,score_administrativo_transicao_recente,100,100,0.3,0.075,TRUE
ESC_013,43106331,EMEF ESPIRITO SANTO,priscila,administrativa,vinculo_assessoramento_nao_informado,score_administrativo_sem_vinculo,0,0,0.1,0.025,TRUE
ESC_013,43106331,EMEF ESPIRITO SANTO,priscila,educacional,baixa_participacao_relativa_2026,score_educacional_baixa_participacao,64.66666666666667,64.66666666666667,0.25,0.0625,TRUE
ESC_013,43106331,EMEF ESPIRITO SANTO,priscila,educacional,desempenho_relativo_2026,score_educacional_desempenho,53.102693602693606,53.102693602693606,0.5,0.125,TRUE
ESC_013,43106331,EMEF ESPIRITO SANTO,priscila,educacional,heterogeneidade_entre_series_2026,heterogeneidade_desempenho_bruta,32.10521994765654,90.74074074074075,0.15,0.0375,TRUE
ESC_013,43106331,EMEF ESPIRITO SANTO,priscila,educacional,instabilidade_composicao_comparavel,score_educacional_instabilidade_composicao,,,0.1,0.025,FALSE
ESC_013,43106331,EMEF ESPIRITO SANTO,priscila,estrutural,amplitude_tempo_integral,pct_matriculas_anos_iniciais_integral,0,10.909090909090908,0.1,0.025,TRUE
ESC_013,43106331,EMEF ESPIRITO SANTO,priscila,estrutural,dependencia_transporte_publico,pct_matriculas_transporte_publico,0,11.818181818181818,0.05,0.0125,TRUE
ESC_013,43106331,EMEF ESPIRITO SANTO,priscila,estrutural,infraestrutura_insuficiente,indice_infraestrutura_basica,60,99.0909090909091,0.3,0.075,TRUE
ESC_013,43106331,EMEF ESPIRITO SANTO,priscila,estrutural,participacao_educacao_especial,pct_matriculas_educacao_especial,0,0,0.2,0.05,TRUE
ESC_013,43106331,EMEF ESPIRITO SANTO,priscila,estrutural,pressao_alunos_por_docente,alunos_por_docente_anos_iniciais,10.8,12.962962962962964,0.15,0.0375,TRUE
ESC_013,43106331,EMEF ESPIRITO SANTO,priscila,estrutural,pressao_alunos_por_turma,alunos_por_turma_anos_iniciais,13.5,0,0.2,0.05,TRUE
ESC_013,43106331,EMEF ESPIRITO SANTO,priscila,volume,amplitude_etapas_ofertadas,numero_etapas_amplas_ofertadas,1,1.8181818181818181,0.15,0.0375,TRUE
ESC_013,43106331,EMEF ESPIRITO SANTO,priscila,volume,matriculas_anos_iniciais,matriculas_anos_iniciais,54,0,0.6,0.15,TRUE
ESC_013,43106331,EMEF ESPIRITO SANTO,priscila,volume,turmas_anos_iniciais,turmas_anos_iniciais_validas,4,0.9259259259259259,0.25,0.0625,TRUE
ESC_014,43106382,EMEF EVARISTO GONCALVES NETTO,jalize,administrativa,arranjo_institucional_especial,score_administrativo_arranjo_especial,100,100,0.4,0.1,TRUE
ESC_014,43106382,EMEF EVARISTO GONCALVES NETTO,jalize,administrativa,historico_cadastral_ou_revisao,score_administrativo_historico_cadastral,0,0,0.2,0.05,TRUE
ESC_014,43106382,EMEF EVARISTO GONCALVES NETTO,jalize,administrativa,transicao_institucional_recente,score_administrativo_transicao_recente,100,100,0.3,0.075,TRUE
ESC_014,43106382,EMEF EVARISTO GONCALVES NETTO,jalize,administrativa,vinculo_assessoramento_nao_informado,score_administrativo_sem_vinculo,0,0,0.1,0.025,TRUE
ESC_014,43106382,EMEF EVARISTO GONCALVES NETTO,jalize,educacional,baixa_participacao_relativa_2026,score_educacional_baixa_participacao,94.0942760942761,94.0942760942761,0.25,0.0625,TRUE
ESC_014,43106382,EMEF EVARISTO GONCALVES NETTO,jalize,educacional,desempenho_relativo_2026,score_educacional_desempenho,82.41077441077441,82.41077441077441,0.5,0.125,TRUE
ESC_014,43106382,EMEF EVARISTO GONCALVES NETTO,jalize,educacional,heterogeneidade_entre_series_2026,heterogeneidade_desempenho_bruta,32.4954320742495,94.44444444444444,0.15,0.0375,TRUE
ESC_014,43106382,EMEF EVARISTO GONCALVES NETTO,jalize,educacional,instabilidade_composicao_comparavel,score_educacional_instabilidade_composicao,,,0.1,0.025,FALSE
ESC_014,43106382,EMEF EVARISTO GONCALVES NETTO,jalize,estrutural,amplitude_tempo_integral,pct_matriculas_anos_iniciais_integral,0,10.909090909090908,0.1,0.025,TRUE
ESC_014,43106382,EMEF EVARISTO GONCALVES NETTO,jalize,estrutural,dependencia_transporte_publico,pct_matriculas_transporte_publico,0,11.818181818181818,0.05,0.0125,TRUE
ESC_014,43106382,EMEF EVARISTO GONCALVES NETTO,jalize,estrutural,infraestrutura_insuficiente,indice_infraestrutura_basica,70,92.72727272727273,0.3,0.075,TRUE
ESC_014,43106382,EMEF EVARISTO GONCALVES NETTO,jalize,estrutural,participacao_educacao_especial,pct_matriculas_educacao_especial,1,1.8181818181818181,0.2,0.05,TRUE
ESC_014,43106382,EMEF EVARISTO GONCALVES NETTO,jalize,estrutural,pressao_alunos_por_docente,alunos_por_docente_anos_iniciais,14.285714285714286,35.18518518518518,0.15,0.0375,TRUE
ESC_014,43106382,EMEF EVARISTO GONCALVES NETTO,jalize,estrutural,pressao_alunos_por_turma,alunos_por_turma_anos_iniciais,20,14.814814814814815,0.2,0.05,TRUE
ESC_014,43106382,EMEF EVARISTO GONCALVES NETTO,jalize,volume,amplitude_etapas_ofertadas,numero_etapas_amplas_ofertadas,1,1.8181818181818181,0.15,0.0375,TRUE
ESC_014,43106382,EMEF EVARISTO GONCALVES NETTO,jalize,volume,matriculas_anos_iniciais,matriculas_anos_iniciais,100,5.454545454545454,0.6,0.15,TRUE
ESC_014,43106382,EMEF EVARISTO GONCALVES NETTO,jalize,volume,turmas_anos_iniciais,turmas_anos_iniciais_validas,5,5.555555555555555,0.25,0.0625,TRUE
ESC_015,43109233,EMEF GABRIEL OBINO,amanda,administrativa,arranjo_institucional_especial,score_administrativo_arranjo_especial,0,0,0.4,0.1,TRUE
ESC_015,43109233,EMEF GABRIEL OBINO,amanda,administrativa,historico_cadastral_ou_revisao,score_administrativo_historico_cadastral,0,0,0.2,0.05,TRUE
ESC_015,43109233,EMEF GABRIEL OBINO,amanda,administrativa,transicao_institucional_recente,score_administrativo_transicao_recente,0,0,0.3,0.075,TRUE
ESC_015,43109233,EMEF GABRIEL OBINO,amanda,administrativa,vinculo_assessoramento_nao_informado,score_administrativo_sem_vinculo,0,0,0.1,0.025,TRUE
ESC_015,43109233,EMEF GABRIEL OBINO,amanda,educacional,baixa_participacao_relativa_2026,score_educacional_baixa_participacao,73.75757575757575,73.75757575757575,0.25,0.0625,TRUE
ESC_015,43109233,EMEF GABRIEL OBINO,amanda,educacional,desempenho_relativo_2026,score_educacional_desempenho,61.8989898989899,61.8989898989899,0.5,0.125,TRUE
ESC_015,43109233,EMEF GABRIEL OBINO,amanda,educacional,heterogeneidade_entre_series_2026,heterogeneidade_desempenho_bruta,24.380212495085757,68.51851851851852,0.15,0.0375,TRUE
ESC_015,43109233,EMEF GABRIEL OBINO,amanda,educacional,instabilidade_composicao_comparavel,score_educacional_instabilidade_composicao,80,80,0.1,0.025,TRUE
ESC_015,43109233,EMEF GABRIEL OBINO,amanda,estrutural,amplitude_tempo_integral,pct_matriculas_anos_iniciais_integral,0,10.909090909090908,0.1,0.025,TRUE
ESC_015,43109233,EMEF GABRIEL OBINO,amanda,estrutural,dependencia_transporte_publico,pct_matriculas_transporte_publico,3.2094594594594597,61.81818181818182,0.05,0.0125,TRUE
ESC_015,43109233,EMEF GABRIEL OBINO,amanda,estrutural,infraestrutura_insuficiente,indice_infraestrutura_basica,100,22.727272727272734,0.3,0.075,TRUE
ESC_015,43109233,EMEF GABRIEL OBINO,amanda,estrutural,participacao_educacao_especial,pct_matriculas_educacao_especial,5.743243243243243,7.2727272727272725,0.2,0.05,TRUE
ESC_015,43109233,EMEF GABRIEL OBINO,amanda,estrutural,pressao_alunos_por_docente,alunos_por_docente_anos_iniciais,11.590909090909092,14.814814814814815,0.15,0.0375,TRUE
ESC_015,43109233,EMEF GABRIEL OBINO,amanda,estrutural,pressao_alunos_por_turma,alunos_por_turma_anos_iniciais,19.615384615384617,9.25925925925926,0.2,0.05,TRUE
ESC_015,43109233,EMEF GABRIEL OBINO,amanda,volume,amplitude_etapas_ofertadas,numero_etapas_amplas_ofertadas,4,83.63636363636364,0.15,0.0375,TRUE
ESC_015,43109233,EMEF GABRIEL OBINO,amanda,volume,matriculas_anos_iniciais,matriculas_anos_iniciais,255,29.09090909090909,0.6,0.15,TRUE
ESC_015,43109233,EMEF GABRIEL OBINO,amanda,volume,turmas_anos_iniciais,turmas_anos_iniciais_validas,13,31.48148148148148,0.25,0.0625,TRUE
ESC_016,43107508,EMEF GOV ILDO MENEGHETTI,clarissa,administrativa,arranjo_institucional_especial,score_administrativo_arranjo_especial,0,0,0.4,0.1,TRUE
ESC_016,43107508,EMEF GOV ILDO MENEGHETTI,clarissa,administrativa,historico_cadastral_ou_revisao,score_administrativo_historico_cadastral,0,0,0.2,0.05,TRUE
ESC_016,43107508,EMEF GOV ILDO MENEGHETTI,clarissa,administrativa,transicao_institucional_recente,score_administrativo_transicao_recente,0,0,0.3,0.075,TRUE
ESC_016,43107508,EMEF GOV ILDO MENEGHETTI,clarissa,administrativa,vinculo_assessoramento_nao_informado,score_administrativo_sem_vinculo,0,0,0.1,0.025,TRUE
ESC_016,43107508,EMEF GOV ILDO MENEGHETTI,clarissa,educacional,baixa_participacao_relativa_2026,score_educacional_baixa_participacao,68.95622895622895,68.95622895622895,0.25,0.0625,TRUE
ESC_016,43107508,EMEF GOV ILDO MENEGHETTI,clarissa,educacional,desempenho_relativo_2026,score_educacional_desempenho,59.65319865319866,59.65319865319866,0.5,0.125,TRUE
ESC_016,43107508,EMEF GOV ILDO MENEGHETTI,clarissa,educacional,heterogeneidade_entre_series_2026,heterogeneidade_desempenho_bruta,25.58800889806418,72.22222222222223,0.15,0.0375,TRUE
ESC_016,43107508,EMEF GOV ILDO MENEGHETTI,clarissa,educacional,instabilidade_composicao_comparavel,score_educacional_instabilidade_composicao,20,20,0.1,0.025,TRUE
ESC_016,43107508,EMEF GOV ILDO MENEGHETTI,clarissa,estrutural,amplitude_tempo_integral,pct_matriculas_anos_iniciais_integral,8.376068376068377,41.81818181818182,0.1,0.025,TRUE
ESC_016,43107508,EMEF GOV ILDO MENEGHETTI,clarissa,estrutural,dependencia_transporte_publico,pct_matriculas_transporte_publico,0.2542372881355932,27.272727272727273,0.05,0.0125,TRUE
ESC_016,43107508,EMEF GOV ILDO MENEGHETTI,clarissa,estrutural,infraestrutura_insuficiente,indice_infraestrutura_basica,90,58.18181818181818,0.3,0.075,TRUE
ESC_016,43107508,EMEF GOV ILDO MENEGHETTI,clarissa,estrutural,participacao_educacao_especial,pct_matriculas_educacao_especial,8.389830508474576,58.18181818181818,0.2,0.05,TRUE
ESC_016,43107508,EMEF GOV ILDO MENEGHETTI,clarissa,estrutural,pressao_alunos_por_docente,alunos_por_docente_anos_iniciais,20.892857142857142,92.5925925925926,0.15,0.0375,TRUE
ESC_016,43107508,EMEF GOV ILDO MENEGHETTI,clarissa,estrutural,pressao_alunos_por_turma,alunos_por_turma_anos_iniciais,24.375,64.81481481481481,0.2,0.05,TRUE
ESC_016,43107508,EMEF GOV ILDO MENEGHETTI,clarissa,volume,amplitude_etapas_ofertadas,numero_etapas_amplas_ofertadas,4,83.63636363636364,0.15,0.0375,TRUE
ESC_016,43107508,EMEF GOV ILDO MENEGHETTI,clarissa,volume,matriculas_anos_iniciais,matriculas_anos_iniciais,585,98.18181818181819,0.6,0.15,TRUE
ESC_016,43107508,EMEF GOV ILDO MENEGHETTI,clarissa,volume,turmas_anos_iniciais,turmas_anos_iniciais_validas,24,98.14814814814815,0.25,0.0625,TRUE
ESC_017,43108571,EMEF GRANDE ORIENTE DO RGS,andreia,administrativa,arranjo_institucional_especial,score_administrativo_arranjo_especial,0,0,0.4,0.1,TRUE
ESC_017,43108571,EMEF GRANDE ORIENTE DO RGS,andreia,administrativa,historico_cadastral_ou_revisao,score_administrativo_historico_cadastral,0,0,0.2,0.05,TRUE
ESC_017,43108571,EMEF GRANDE ORIENTE DO RGS,andreia,administrativa,transicao_institucional_recente,score_administrativo_transicao_recente,0,0,0.3,0.075,TRUE
ESC_017,43108571,EMEF GRANDE ORIENTE DO RGS,andreia,administrativa,vinculo_assessoramento_nao_informado,score_administrativo_sem_vinculo,0,0,0.1,0.025,TRUE
ESC_017,43108571,EMEF GRANDE ORIENTE DO RGS,andreia,educacional,baixa_participacao_relativa_2026,score_educacional_baixa_participacao,81.23905723905723,81.23905723905723,0.25,0.0625,TRUE
ESC_017,43108571,EMEF GRANDE ORIENTE DO RGS,andreia,educacional,desempenho_relativo_2026,score_educacional_desempenho,83.77777777777779,83.77777777777779,0.5,0.125,TRUE
ESC_017,43108571,EMEF GRANDE ORIENTE DO RGS,andreia,educacional,heterogeneidade_entre_series_2026,heterogeneidade_desempenho_bruta,6.411794687223783,0,0.15,0.0375,TRUE
ESC_017,43108571,EMEF GRANDE ORIENTE DO RGS,andreia,educacional,instabilidade_composicao_comparavel,score_educacional_instabilidade_composicao,60,60,0.1,0.025,TRUE
ESC_017,43108571,EMEF GRANDE ORIENTE DO RGS,andreia,estrutural,amplitude_tempo_integral,pct_matriculas_anos_iniciais_integral,24.46808510638298,72.72727272727273,0.1,0.025,TRUE
ESC_017,43108571,EMEF GRANDE ORIENTE DO RGS,andreia,estrutural,dependencia_transporte_publico,pct_matriculas_transporte_publico,0.907258064516129,40,0.05,0.0125,TRUE
ESC_017,43108571,EMEF GRANDE ORIENTE DO RGS,andreia,estrutural,infraestrutura_insuficiente,indice_infraestrutura_basica,80,79.0909090909091,0.3,0.075,TRUE
ESC_017,43108571,EMEF GRANDE ORIENTE DO RGS,andreia,estrutural,participacao_educacao_especial,pct_matriculas_educacao_especial,7.762096774193548,45.45454545454545,0.2,0.05,TRUE
ESC_017,43108571,EMEF GRANDE ORIENTE DO RGS,andreia,estrutural,pressao_alunos_por_docente,alunos_por_docente_anos_iniciais,18.8,79.62962962962963,0.15,0.0375,TRUE
ESC_017,43108571,EMEF GRANDE ORIENTE DO RGS,andreia,estrutural,pressao_alunos_por_turma,alunos_por_turma_anos_iniciais,23.5,52.77777777777778,0.2,0.05,TRUE
ESC_017,43108571,EMEF GRANDE ORIENTE DO RGS,andreia,volume,amplitude_etapas_ofertadas,numero_etapas_amplas_ofertadas,4,83.63636363636364,0.15,0.0375,TRUE
ESC_017,43108571,EMEF GRANDE ORIENTE DO RGS,andreia,volume,matriculas_anos_iniciais,matriculas_anos_iniciais,470,67.27272727272727,0.6,0.15,TRUE
ESC_017,43108571,EMEF GRANDE ORIENTE DO RGS,andreia,volume,turmas_anos_iniciais,turmas_anos_iniciais_validas,20,69.44444444444444,0.25,0.0625,TRUE
ESC_018,43105548,EMEF HEITOR VILLA LOBOS,jalize,administrativa,arranjo_institucional_especial,score_administrativo_arranjo_especial,0,0,0.4,0.1,TRUE
ESC_018,43105548,EMEF HEITOR VILLA LOBOS,jalize,administrativa,historico_cadastral_ou_revisao,score_administrativo_historico_cadastral,0,0,0.2,0.05,TRUE
ESC_018,43105548,EMEF HEITOR VILLA LOBOS,jalize,administrativa,transicao_institucional_recente,score_administrativo_transicao_recente,0,0,0.3,0.075,TRUE
ESC_018,43105548,EMEF HEITOR VILLA LOBOS,jalize,administrativa,vinculo_assessoramento_nao_informado,score_administrativo_sem_vinculo,0,0,0.1,0.025,TRUE
ESC_018,43105548,EMEF HEITOR VILLA LOBOS,jalize,educacional,baixa_participacao_relativa_2026,score_educacional_baixa_participacao,33.41077441077441,33.41077441077441,0.25,0.0625,TRUE
ESC_018,43105548,EMEF HEITOR VILLA LOBOS,jalize,educacional,desempenho_relativo_2026,score_educacional_desempenho,81.12794612794613,81.12794612794613,0.5,0.125,TRUE
ESC_018,43105548,EMEF HEITOR VILLA LOBOS,jalize,educacional,heterogeneidade_entre_series_2026,heterogeneidade_desempenho_bruta,13.19246745723563,33.333333333333336,0.15,0.0375,TRUE
ESC_018,43105548,EMEF HEITOR VILLA LOBOS,jalize,educacional,instabilidade_composicao_comparavel,score_educacional_instabilidade_composicao,60,60,0.1,0.025,TRUE
ESC_018,43105548,EMEF HEITOR VILLA LOBOS,jalize,estrutural,amplitude_tempo_integral,pct_matriculas_anos_iniciais_integral,5.788423153692615,38.18181818181818,0.1,0.025,TRUE
ESC_018,43105548,EMEF HEITOR VILLA LOBOS,jalize,estrutural,dependencia_transporte_publico,pct_matriculas_transporte_publico,11.301715438950556,96.36363636363636,0.05,0.0125,TRUE
ESC_018,43105548,EMEF HEITOR VILLA LOBOS,jalize,estrutural,infraestrutura_insuficiente,indice_infraestrutura_basica,100,22.727272727272734,0.3,0.075,TRUE
ESC_018,43105548,EMEF HEITOR VILLA LOBOS,jalize,estrutural,participacao_educacao_especial,pct_matriculas_educacao_especial,7.265388496468214,36.36363636363637,0.2,0.05,TRUE
ESC_018,43105548,EMEF HEITOR VILLA LOBOS,jalize,estrutural,pressao_alunos_por_docente,alunos_por_docente_anos_iniciais,20.875,90.74074074074075,0.15,0.0375,TRUE
ESC_018,43105548,EMEF HEITOR VILLA LOBOS,jalize,estrutural,pressao_alunos_por_turma,alunos_por_turma_anos_iniciais,26.36842105263158,98.14814814814815,0.2,0.05,TRUE
ESC_018,43105548,EMEF HEITOR VILLA LOBOS,jalize,volume,amplitude_etapas_ofertadas,numero_etapas_amplas_ofertadas,3,42.72727272727273,0.15,0.0375,TRUE
ESC_018,43105548,EMEF HEITOR VILLA LOBOS,jalize,volume,matriculas_anos_iniciais,matriculas_anos_iniciais,501,80,0.6,0.15,TRUE
ESC_018,43105548,EMEF HEITOR VILLA LOBOS,jalize,volume,turmas_anos_iniciais,turmas_anos_iniciais_validas,19,62.03703703703704,0.25,0.0625,TRUE
ESC_019,43172474,EMEF JEAN PIAGET,clarissa,administrativa,arranjo_institucional_especial,score_administrativo_arranjo_especial,0,0,0.4,0.1,TRUE
ESC_019,43172474,EMEF JEAN PIAGET,clarissa,administrativa,historico_cadastral_ou_revisao,score_administrativo_historico_cadastral,0,0,0.2,0.05,TRUE
ESC_019,43172474,EMEF JEAN PIAGET,clarissa,administrativa,transicao_institucional_recente,score_administrativo_transicao_recente,0,0,0.3,0.075,TRUE
ESC_019,43172474,EMEF JEAN PIAGET,clarissa,administrativa,vinculo_assessoramento_nao_informado,score_administrativo_sem_vinculo,0,0,0.1,0.025,TRUE
ESC_019,43172474,EMEF JEAN PIAGET,clarissa,educacional,baixa_participacao_relativa_2026,score_educacional_baixa_participacao,52.05387205387205,52.05387205387205,0.25,0.0625,TRUE
ESC_019,43172474,EMEF JEAN PIAGET,clarissa,educacional,desempenho_relativo_2026,score_educacional_desempenho,36.892255892255896,36.892255892255896,0.5,0.125,TRUE
ESC_019,43172474,EMEF JEAN PIAGET,clarissa,educacional,heterogeneidade_entre_series_2026,heterogeneidade_desempenho_bruta,11.873877127662647,27.77777777777778,0.15,0.0375,TRUE
ESC_019,43172474,EMEF JEAN PIAGET,clarissa,educacional,instabilidade_composicao_comparavel,score_educacional_instabilidade_composicao,80,80,0.1,0.025,TRUE
ESC_019,43172474,EMEF JEAN PIAGET,clarissa,estrutural,amplitude_tempo_integral,pct_matriculas_anos_iniciais_integral,0,10.909090909090908,0.1,0.025,TRUE
ESC_019,43172474,EMEF JEAN PIAGET,clarissa,estrutural,dependencia_transporte_publico,pct_matriculas_transporte_publico,1.1421319796954317,47.27272727272727,0.05,0.0125,TRUE
ESC_019,43172474,EMEF JEAN PIAGET,clarissa,estrutural,infraestrutura_insuficiente,indice_infraestrutura_basica,100,22.727272727272734,0.3,0.075,TRUE
ESC_019,43172474,EMEF JEAN PIAGET,clarissa,estrutural,participacao_educacao_especial,pct_matriculas_educacao_especial,8.375634517766498,56.36363636363637,0.2,0.05,TRUE
ESC_019,43172474,EMEF JEAN PIAGET,clarissa,estrutural,pressao_alunos_por_docente,alunos_por_docente_anos_iniciais,14.576923076923077,38.888888888888886,0.15,0.0375,TRUE
ESC_019,43172474,EMEF JEAN PIAGET,clarissa,estrutural,pressao_alunos_por_turma,alunos_por_turma_anos_iniciais,23.6875,59.25925925925926,0.2,0.05,TRUE
ESC_019,43172474,EMEF JEAN PIAGET,clarissa,volume,amplitude_etapas_ofertadas,numero_etapas_amplas_ofertadas,4,83.63636363636364,0.15,0.0375,TRUE
ESC_019,43172474,EMEF JEAN PIAGET,clarissa,volume,matriculas_anos_iniciais,matriculas_anos_iniciais,379,50.90909090909091,0.6,0.15,TRUE
ESC_019,43172474,EMEF JEAN PIAGET,clarissa,volume,turmas_anos_iniciais,turmas_anos_iniciais_validas,16,47.22222222222222,0.25,0.0625,TRUE
ESC_020,43109217,EMEF JOAO ANTONIO SATTE,eliane,administrativa,arranjo_institucional_especial,score_administrativo_arranjo_especial,0,0,0.4,0.1,TRUE
ESC_020,43109217,EMEF JOAO ANTONIO SATTE,eliane,administrativa,historico_cadastral_ou_revisao,score_administrativo_historico_cadastral,0,0,0.2,0.05,TRUE
ESC_020,43109217,EMEF JOAO ANTONIO SATTE,eliane,administrativa,transicao_institucional_recente,score_administrativo_transicao_recente,0,0,0.3,0.075,TRUE
ESC_020,43109217,EMEF JOAO ANTONIO SATTE,eliane,administrativa,vinculo_assessoramento_nao_informado,score_administrativo_sem_vinculo,0,0,0.1,0.025,TRUE
ESC_020,43109217,EMEF JOAO ANTONIO SATTE,eliane,educacional,baixa_participacao_relativa_2026,score_educacional_baixa_participacao,64.95622895622895,64.95622895622895,0.25,0.0625,TRUE
ESC_020,43109217,EMEF JOAO ANTONIO SATTE,eliane,educacional,desempenho_relativo_2026,score_educacional_desempenho,35.79124579124579,35.79124579124579,0.5,0.125,TRUE
ESC_020,43109217,EMEF JOAO ANTONIO SATTE,eliane,educacional,heterogeneidade_entre_series_2026,heterogeneidade_desempenho_bruta,12.050185891237417,29.62962962962963,0.15,0.0375,TRUE
ESC_020,43109217,EMEF JOAO ANTONIO SATTE,eliane,educacional,instabilidade_composicao_comparavel,score_educacional_instabilidade_composicao,100,100,0.1,0.025,TRUE
ESC_020,43109217,EMEF JOAO ANTONIO SATTE,eliane,estrutural,amplitude_tempo_integral,pct_matriculas_anos_iniciais_integral,0,10.909090909090908,0.1,0.025,TRUE
ESC_020,43109217,EMEF JOAO ANTONIO SATTE,eliane,estrutural,dependencia_transporte_publico,pct_matriculas_transporte_publico,4.041570438799076,78.18181818181819,0.05,0.0125,TRUE
ESC_020,43109217,EMEF JOAO ANTONIO SATTE,eliane,estrutural,infraestrutura_insuficiente,indice_infraestrutura_basica,90,58.18181818181818,0.3,0.075,TRUE
ESC_020,43109217,EMEF JOAO ANTONIO SATTE,eliane,estrutural,participacao_educacao_especial,pct_matriculas_educacao_especial,7.159353348729792,32.72727272727273,0.2,0.05,TRUE
ESC_020,43109217,EMEF JOAO ANTONIO SATTE,eliane,estrutural,pressao_alunos_por_docente,alunos_por_docente_anos_iniciais,13.451612903225806,27.77777777777778,0.15,0.0375,TRUE
ESC_020,43109217,EMEF JOAO ANTONIO SATTE,eliane,estrutural,pressao_alunos_por_turma,alunos_por_turma_anos_iniciais,20.85,16.666666666666668,0.2,0.05,TRUE
ESC_020,43109217,EMEF JOAO ANTONIO SATTE,eliane,volume,amplitude_etapas_ofertadas,numero_etapas_amplas_ofertadas,3,42.72727272727273,0.15,0.0375,TRUE
ESC_020,43109217,EMEF JOAO ANTONIO SATTE,eliane,volume,matriculas_anos_iniciais,matriculas_anos_iniciais,417,56.36363636363637,0.6,0.15,TRUE
ESC_020,43109217,EMEF JOAO ANTONIO SATTE,eliane,volume,turmas_anos_iniciais,turmas_anos_iniciais_validas,20,69.44444444444444,0.25,0.0625,TRUE
ESC_021,43219543,EMEF JOAO CARLOS DAVILA PAIXAO CORTES - LACADOR,julia,administrativa,arranjo_institucional_especial,score_administrativo_arranjo_especial,0,0,0.4,0.1,TRUE
ESC_021,43219543,EMEF JOAO CARLOS DAVILA PAIXAO CORTES - LACADOR,julia,administrativa,historico_cadastral_ou_revisao,score_administrativo_historico_cadastral,100,100,0.2,0.05,TRUE
ESC_021,43219543,EMEF JOAO CARLOS DAVILA PAIXAO CORTES - LACADOR,julia,administrativa,transicao_institucional_recente,score_administrativo_transicao_recente,100,100,0.3,0.075,TRUE
ESC_021,43219543,EMEF JOAO CARLOS DAVILA PAIXAO CORTES - LACADOR,julia,administrativa,vinculo_assessoramento_nao_informado,score_administrativo_sem_vinculo,0,0,0.1,0.025,TRUE
ESC_021,43219543,EMEF JOAO CARLOS DAVILA PAIXAO CORTES - LACADOR,julia,educacional,baixa_participacao_relativa_2026,score_educacional_baixa_participacao,18.430976430976433,18.430976430976433,0.25,0.0625,TRUE
ESC_021,43219543,EMEF JOAO CARLOS DAVILA PAIXAO CORTES - LACADOR,julia,educacional,desempenho_relativo_2026,score_educacional_desempenho,9.942760942760945,9.942760942760945,0.5,0.125,TRUE
ESC_021,43219543,EMEF JOAO CARLOS DAVILA PAIXAO CORTES - LACADOR,julia,educacional,heterogeneidade_entre_series_2026,heterogeneidade_desempenho_bruta,6.465650349944086,1.8518518518518519,0.15,0.0375,TRUE
ESC_021,43219543,EMEF JOAO CARLOS DAVILA PAIXAO CORTES - LACADOR,julia,educacional,instabilidade_composicao_comparavel,score_educacional_instabilidade_composicao,75,75,0.1,0.025,TRUE
ESC_021,43219543,EMEF JOAO CARLOS DAVILA PAIXAO CORTES - LACADOR,julia,estrutural,amplitude_tempo_integral,pct_matriculas_anos_iniciais_integral,0,10.909090909090908,0.1,0.025,TRUE
ESC_021,43219543,EMEF JOAO CARLOS DAVILA PAIXAO CORTES - LACADOR,julia,estrutural,dependencia_transporte_publico,pct_matriculas_transporte_publico,0,11.818181818181818,0.05,0.0125,TRUE
ESC_021,43219543,EMEF JOAO CARLOS DAVILA PAIXAO CORTES - LACADOR,julia,estrutural,infraestrutura_insuficiente,indice_infraestrutura_basica,80,79.0909090909091,0.3,0.075,TRUE
ESC_021,43219543,EMEF JOAO CARLOS DAVILA PAIXAO CORTES - LACADOR,julia,estrutural,participacao_educacao_especial,pct_matriculas_educacao_especial,9.090909090909092,61.81818181818182,0.2,0.05,TRUE
ESC_021,43219543,EMEF JOAO CARLOS DAVILA PAIXAO CORTES - LACADOR,julia,estrutural,pressao_alunos_por_docente,alunos_por_docente_anos_iniciais,6.363636363636363,1.8518518518518519,0.15,0.0375,TRUE
ESC_021,43219543,EMEF JOAO CARLOS DAVILA PAIXAO CORTES - LACADOR,julia,estrutural,pressao_alunos_por_turma,alunos_por_turma_anos_iniciais,17.5,4.62962962962963,0.2,0.05,TRUE
ESC_021,43219543,EMEF JOAO CARLOS DAVILA PAIXAO CORTES - LACADOR,julia,volume,amplitude_etapas_ofertadas,numero_etapas_amplas_ofertadas,2,11.818181818181818,0.15,0.0375,TRUE
ESC_021,43219543,EMEF JOAO CARLOS DAVILA PAIXAO CORTES - LACADOR,julia,volume,matriculas_anos_iniciais,matriculas_anos_iniciais,70,1.8181818181818181,0.6,0.15,TRUE
ESC_021,43219543,EMEF JOAO CARLOS DAVILA PAIXAO CORTES - LACADOR,julia,volume,turmas_anos_iniciais,turmas_anos_iniciais_validas,4,0.9259259259259259,0.25,0.0625,TRUE
ESC_022,43105491,EMEF JOSE LOUREIRO DA SILVA,jalize,administrativa,arranjo_institucional_especial,score_administrativo_arranjo_especial,0,0,0.4,0.1,TRUE
ESC_022,43105491,EMEF JOSE LOUREIRO DA SILVA,jalize,administrativa,historico_cadastral_ou_revisao,score_administrativo_historico_cadastral,0,0,0.2,0.05,TRUE
ESC_022,43105491,EMEF JOSE LOUREIRO DA SILVA,jalize,administrativa,transicao_institucional_recente,score_administrativo_transicao_recente,0,0,0.3,0.075,TRUE
ESC_022,43105491,EMEF JOSE LOUREIRO DA SILVA,jalize,administrativa,vinculo_assessoramento_nao_informado,score_administrativo_sem_vinculo,0,0,0.1,0.025,TRUE
ESC_022,43105491,EMEF JOSE LOUREIRO DA SILVA,jalize,educacional,baixa_participacao_relativa_2026,score_educacional_baixa_participacao,93.74410774410774,93.74410774410774,0.25,0.0625,TRUE
ESC_022,43105491,EMEF JOSE LOUREIRO DA SILVA,jalize,educacional,desempenho_relativo_2026,score_educacional_desempenho,58.11784511784512,58.11784511784512,0.5,0.125,TRUE
ESC_022,43105491,EMEF JOSE LOUREIRO DA SILVA,jalize,educacional,heterogeneidade_entre_series_2026,heterogeneidade_desempenho_bruta,25.478766000731714,70.37037037037037,0.15,0.0375,TRUE
ESC_022,43105491,EMEF JOSE LOUREIRO DA SILVA,jalize,educacional,instabilidade_composicao_comparavel,score_educacional_instabilidade_composicao,40,40,0.1,0.025,TRUE
ESC_022,43105491,EMEF JOSE LOUREIRO DA SILVA,jalize,estrutural,amplitude_tempo_integral,pct_matriculas_anos_iniciais_integral,30.39832285115304,76.36363636363636,0.1,0.025,TRUE
ESC_022,43105491,EMEF JOSE LOUREIRO DA SILVA,jalize,estrutural,dependencia_transporte_publico,pct_matriculas_transporte_publico,2.380952380952381,56.36363636363637,0.05,0.0125,TRUE
ESC_022,43105491,EMEF JOSE LOUREIRO DA SILVA,jalize,estrutural,infraestrutura_insuficiente,indice_infraestrutura_basica,100,22.727272727272734,0.3,0.075,TRUE
ESC_022,43105491,EMEF JOSE LOUREIRO DA SILVA,jalize,estrutural,participacao_educacao_especial,pct_matriculas_educacao_especial,9.821428571428571,74.54545454545455,0.2,0.05,TRUE
ESC_022,43105491,EMEF JOSE LOUREIRO DA SILVA,jalize,estrutural,pressao_alunos_por_docente,alunos_por_docente_anos_iniciais,18.346153846153847,74.07407407407408,0.15,0.0375,TRUE
ESC_022,43105491,EMEF JOSE LOUREIRO DA SILVA,jalize,estrutural,pressao_alunos_por_turma,alunos_por_turma_anos_iniciais,22.714285714285715,48.148148148148145,0.2,0.05,TRUE
ESC_022,43105491,EMEF JOSE LOUREIRO DA SILVA,jalize,volume,amplitude_etapas_ofertadas,numero_etapas_amplas_ofertadas,4,83.63636363636364,0.15,0.0375,TRUE
ESC_022,43105491,EMEF JOSE LOUREIRO DA SILVA,jalize,volume,matriculas_anos_iniciais,matriculas_anos_iniciais,477,71.81818181818181,0.6,0.15,TRUE
ESC_022,43105491,EMEF JOSE LOUREIRO DA SILVA,jalize,volume,turmas_anos_iniciais,turmas_anos_iniciais_validas,21,77.77777777777777,0.25,0.0625,TRUE
ESC_023,43169490,EMEF JOSE MARIANO BECK,nathalia,administrativa,arranjo_institucional_especial,score_administrativo_arranjo_especial,0,0,0.4,0.1,TRUE
ESC_023,43169490,EMEF JOSE MARIANO BECK,nathalia,administrativa,historico_cadastral_ou_revisao,score_administrativo_historico_cadastral,0,0,0.2,0.05,TRUE
ESC_023,43169490,EMEF JOSE MARIANO BECK,nathalia,administrativa,transicao_institucional_recente,score_administrativo_transicao_recente,0,0,0.3,0.075,TRUE
ESC_023,43169490,EMEF JOSE MARIANO BECK,nathalia,administrativa,vinculo_assessoramento_nao_informado,score_administrativo_sem_vinculo,0,0,0.1,0.025,TRUE
ESC_023,43169490,EMEF JOSE MARIANO BECK,nathalia,educacional,baixa_participacao_relativa_2026,score_educacional_baixa_participacao,55.821548821548824,55.821548821548824,0.25,0.0625,TRUE
ESC_023,43169490,EMEF JOSE MARIANO BECK,nathalia,educacional,desempenho_relativo_2026,score_educacional_desempenho,77.85521885521885,77.85521885521885,0.5,0.125,TRUE
ESC_023,43169490,EMEF JOSE MARIANO BECK,nathalia,educacional,heterogeneidade_entre_series_2026,heterogeneidade_desempenho_bruta,24.326385538421906,66.66666666666667,0.15,0.0375,TRUE
ESC_023,43169490,EMEF JOSE MARIANO BECK,nathalia,educacional,instabilidade_composicao_comparavel,score_educacional_instabilidade_composicao,40,40,0.1,0.025,TRUE
ESC_023,43169490,EMEF JOSE MARIANO BECK,nathalia,estrutural,amplitude_tempo_integral,pct_matriculas_anos_iniciais_integral,0,10.909090909090908,0.1,0.025,TRUE
ESC_023,43169490,EMEF JOSE MARIANO BECK,nathalia,estrutural,dependencia_transporte_publico,pct_matriculas_transporte_publico,0,11.818181818181818,0.05,0.0125,TRUE
ESC_023,43169490,EMEF JOSE MARIANO BECK,nathalia,estrutural,infraestrutura_insuficiente,indice_infraestrutura_basica,100,22.727272727272734,0.3,0.075,TRUE
ESC_023,43169490,EMEF JOSE MARIANO BECK,nathalia,estrutural,participacao_educacao_especial,pct_matriculas_educacao_especial,6.185567010309279,14.545454545454545,0.2,0.05,TRUE
ESC_023,43169490,EMEF JOSE MARIANO BECK,nathalia,estrutural,pressao_alunos_por_docente,alunos_por_docente_anos_iniciais,13.708333333333334,29.62962962962963,0.15,0.0375,TRUE
ESC_023,43169490,EMEF JOSE MARIANO BECK,nathalia,estrutural,pressao_alunos_por_turma,alunos_por_turma_anos_iniciais,21.933333333333337,31.48148148148148,0.2,0.05,TRUE
ESC_023,43169490,EMEF JOSE MARIANO BECK,nathalia,volume,amplitude_etapas_ofertadas,numero_etapas_amplas_ofertadas,4,83.63636363636364,0.15,0.0375,TRUE
ESC_023,43169490,EMEF JOSE MARIANO BECK,nathalia,volume,matriculas_anos_iniciais,matriculas_anos_iniciais,329,36.36363636363637,0.6,0.15,TRUE
ESC_023,43169490,EMEF JOSE MARIANO BECK,nathalia,volume,turmas_anos_iniciais,turmas_anos_iniciais_validas,15,39.81481481481482,0.25,0.0625,TRUE
ESC_024,43109209,EMEF LAURO RODRIGUES,clarissa,administrativa,arranjo_institucional_especial,score_administrativo_arranjo_especial,0,0,0.4,0.1,TRUE
ESC_024,43109209,EMEF LAURO RODRIGUES,clarissa,administrativa,historico_cadastral_ou_revisao,score_administrativo_historico_cadastral,0,0,0.2,0.05,TRUE
ESC_024,43109209,EMEF LAURO RODRIGUES,clarissa,administrativa,transicao_institucional_recente,score_administrativo_transicao_recente,0,0,0.3,0.075,TRUE
ESC_024,43109209,EMEF LAURO RODRIGUES,clarissa,administrativa,vinculo_assessoramento_nao_informado,score_administrativo_sem_vinculo,0,0,0.1,0.025,TRUE
ESC_024,43109209,EMEF LAURO RODRIGUES,clarissa,educacional,baixa_participacao_relativa_2026,score_educacional_baixa_participacao,35.494949494949495,35.494949494949495,0.25,0.0625,TRUE
ESC_024,43109209,EMEF LAURO RODRIGUES,clarissa,educacional,desempenho_relativo_2026,score_educacional_desempenho,19.616161616161616,19.616161616161616,0.5,0.125,TRUE
ESC_024,43109209,EMEF LAURO RODRIGUES,clarissa,educacional,heterogeneidade_entre_series_2026,heterogeneidade_desempenho_bruta,17.156548228490117,42.592592592592595,0.15,0.0375,TRUE
ESC_024,43109209,EMEF LAURO RODRIGUES,clarissa,educacional,instabilidade_composicao_comparavel,score_educacional_instabilidade_composicao,60,60,0.1,0.025,TRUE
ESC_024,43109209,EMEF LAURO RODRIGUES,clarissa,estrutural,amplitude_tempo_integral,pct_matriculas_anos_iniciais_integral,20.64896755162242,67.27272727272727,0.1,0.025,TRUE
ESC_024,43109209,EMEF LAURO RODRIGUES,clarissa,estrutural,dependencia_transporte_publico,pct_matriculas_transporte_publico,3.5767511177347244,74.54545454545455,0.05,0.0125,TRUE
ESC_024,43109209,EMEF LAURO RODRIGUES,clarissa,estrutural,infraestrutura_insuficiente,indice_infraestrutura_basica,90,58.18181818181818,0.3,0.075,TRUE
ESC_024,43109209,EMEF LAURO RODRIGUES,clarissa,estrutural,participacao_educacao_especial,pct_matriculas_educacao_especial,7.451564828614009,43.63636363636363,0.2,0.05,TRUE
ESC_024,43109209,EMEF LAURO RODRIGUES,clarissa,estrutural,pressao_alunos_por_docente,alunos_por_docente_anos_iniciais,12.555555555555555,22.22222222222222,0.15,0.0375,TRUE
ESC_024,43109209,EMEF LAURO RODRIGUES,clarissa,estrutural,pressao_alunos_por_turma,alunos_por_turma_anos_iniciais,22.6,44.44444444444444,0.2,0.05,TRUE
ESC_024,43109209,EMEF LAURO RODRIGUES,clarissa,volume,amplitude_etapas_ofertadas,numero_etapas_amplas_ofertadas,3,42.72727272727273,0.15,0.0375,TRUE
ESC_024,43109209,EMEF LAURO RODRIGUES,clarissa,volume,matriculas_anos_iniciais,matriculas_anos_iniciais,339,40,0.6,0.15,TRUE
ESC_024,43109209,EMEF LAURO RODRIGUES,clarissa,volume,turmas_anos_iniciais,turmas_anos_iniciais_validas,15,39.81481481481482,0.25,0.0625,TRUE
ESC_025,43109063,EMEF LEOCADIA FELIZARDO PRESTES,graziela,administrativa,arranjo_institucional_especial,score_administrativo_arranjo_especial,0,0,0.4,0.1,TRUE
ESC_025,43109063,EMEF LEOCADIA FELIZARDO PRESTES,graziela,administrativa,historico_cadastral_ou_revisao,score_administrativo_historico_cadastral,0,0,0.2,0.05,TRUE
ESC_025,43109063,EMEF LEOCADIA FELIZARDO PRESTES,graziela,administrativa,transicao_institucional_recente,score_administrativo_transicao_recente,0,0,0.3,0.075,TRUE
ESC_025,43109063,EMEF LEOCADIA FELIZARDO PRESTES,graziela,administrativa,vinculo_assessoramento_nao_informado,score_administrativo_sem_vinculo,0,0,0.1,0.025,TRUE
ESC_025,43109063,EMEF LEOCADIA FELIZARDO PRESTES,graziela,educacional,baixa_participacao_relativa_2026,score_educacional_baixa_participacao,59.87878787878788,59.87878787878788,0.25,0.0625,TRUE
ESC_025,43109063,EMEF LEOCADIA FELIZARDO PRESTES,graziela,educacional,desempenho_relativo_2026,score_educacional_desempenho,55.32659932659933,55.32659932659933,0.5,0.125,TRUE
ESC_025,43109063,EMEF LEOCADIA FELIZARDO PRESTES,graziela,educacional,heterogeneidade_entre_series_2026,heterogeneidade_desempenho_bruta,36.83093211644775,100,0.15,0.0375,TRUE
ESC_025,43109063,EMEF LEOCADIA FELIZARDO PRESTES,graziela,educacional,instabilidade_composicao_comparavel,score_educacional_instabilidade_composicao,80,80,0.1,0.025,TRUE
ESC_025,43109063,EMEF LEOCADIA FELIZARDO PRESTES,graziela,estrutural,amplitude_tempo_integral,pct_matriculas_anos_iniciais_integral,10.121457489878544,49.09090909090909,0.1,0.025,TRUE
ESC_025,43109063,EMEF LEOCADIA FELIZARDO PRESTES,graziela,estrutural,dependencia_transporte_publico,pct_matriculas_transporte_publico,0,11.818181818181818,0.05,0.0125,TRUE
ESC_025,43109063,EMEF LEOCADIA FELIZARDO PRESTES,graziela,estrutural,infraestrutura_insuficiente,indice_infraestrutura_basica,100,22.727272727272734,0.3,0.075,TRUE
ESC_025,43109063,EMEF LEOCADIA FELIZARDO PRESTES,graziela,estrutural,participacao_educacao_especial,pct_matriculas_educacao_especial,7.889908256880734,50.90909090909091,0.2,0.05,TRUE
ESC_025,43109063,EMEF LEOCADIA FELIZARDO PRESTES,graziela,estrutural,pressao_alunos_por_docente,alunos_por_docente_anos_iniciais,11.761904761904765,18.51851851851852,0.15,0.0375,TRUE
ESC_025,43109063,EMEF LEOCADIA FELIZARDO PRESTES,graziela,estrutural,pressao_alunos_por_turma,alunos_por_turma_anos_iniciais,22.454545454545453,41.666666666666664,0.2,0.05,TRUE
ESC_025,43109063,EMEF LEOCADIA FELIZARDO PRESTES,graziela,volume,amplitude_etapas_ofertadas,numero_etapas_amplas_ofertadas,4,83.63636363636364,0.15,0.0375,TRUE
ESC_025,43109063,EMEF LEOCADIA FELIZARDO PRESTES,graziela,volume,matriculas_anos_iniciais,matriculas_anos_iniciais,247,25.454545454545453,0.6,0.15,TRUE
ESC_025,43109063,EMEF LEOCADIA FELIZARDO PRESTES,graziela,volume,turmas_anos_iniciais,turmas_anos_iniciais_validas,11,26.85185185185185,0.25,0.0625,TRUE
ESC_026,43109144,EMEF LIDOVINO FANTON,julia,administrativa,arranjo_institucional_especial,score_administrativo_arranjo_especial,0,0,0.4,0.1,TRUE
ESC_026,43109144,EMEF LIDOVINO FANTON,julia,administrativa,historico_cadastral_ou_revisao,score_administrativo_historico_cadastral,0,0,0.2,0.05,TRUE
ESC_026,43109144,EMEF LIDOVINO FANTON,julia,administrativa,transicao_institucional_recente,score_administrativo_transicao_recente,0,0,0.3,0.075,TRUE
ESC_026,43109144,EMEF LIDOVINO FANTON,julia,administrativa,vinculo_assessoramento_nao_informado,score_administrativo_sem_vinculo,0,0,0.1,0.025,TRUE
ESC_026,43109144,EMEF LIDOVINO FANTON,julia,educacional,baixa_participacao_relativa_2026,score_educacional_baixa_participacao,90.55892255892256,90.55892255892256,0.25,0.0625,TRUE
ESC_026,43109144,EMEF LIDOVINO FANTON,julia,educacional,desempenho_relativo_2026,score_educacional_desempenho,67.17845117845118,67.17845117845118,0.5,0.125,TRUE
ESC_026,43109144,EMEF LIDOVINO FANTON,julia,educacional,heterogeneidade_entre_series_2026,heterogeneidade_desempenho_bruta,34.74819781371241,98.14814814814815,0.15,0.0375,TRUE
ESC_026,43109144,EMEF LIDOVINO FANTON,julia,educacional,instabilidade_composicao_comparavel,score_educacional_instabilidade_composicao,20,20,0.1,0.025,TRUE
ESC_026,43109144,EMEF LIDOVINO FANTON,julia,estrutural,amplitude_tempo_integral,pct_matriculas_anos_iniciais_integral,14.209591474245116,56.36363636363637,0.1,0.025,TRUE
ESC_026,43109144,EMEF LIDOVINO FANTON,julia,estrutural,dependencia_transporte_publico,pct_matriculas_transporte_publico,0.7881773399014779,38.18181818181818,0.05,0.0125,TRUE
ESC_026,43109144,EMEF LIDOVINO FANTON,julia,estrutural,infraestrutura_insuficiente,indice_infraestrutura_basica,80,79.0909090909091,0.3,0.075,TRUE
ESC_026,43109144,EMEF LIDOVINO FANTON,julia,estrutural,participacao_educacao_especial,pct_matriculas_educacao_especial,6.009852216748769,10.909090909090908,0.2,0.05,TRUE
ESC_026,43109144,EMEF LIDOVINO FANTON,julia,estrutural,pressao_alunos_por_docente,alunos_por_docente_anos_iniciais,16.085714285714285,61.111111111111114,0.15,0.0375,TRUE
ESC_026,43109144,EMEF LIDOVINO FANTON,julia,estrutural,pressao_alunos_por_turma,alunos_por_turma_anos_iniciais,24.47826086956522,66.66666666666667,0.2,0.05,TRUE
ESC_026,43109144,EMEF LIDOVINO FANTON,julia,volume,amplitude_etapas_ofertadas,numero_etapas_amplas_ofertadas,4,83.63636363636364,0.15,0.0375,TRUE
ESC_026,43109144,EMEF LIDOVINO FANTON,julia,volume,matriculas_anos_iniciais,matriculas_anos_iniciais,563,92.72727272727273,0.6,0.15,TRUE
ESC_026,43109144,EMEF LIDOVINO FANTON,julia,volume,turmas_anos_iniciais,turmas_anos_iniciais_validas,23,95.37037037037037,0.25,0.0625,TRUE
ESC_027,43183018,EMEF MARIO QUINTANA,ruti,administrativa,arranjo_institucional_especial,score_administrativo_arranjo_especial,0,0,0.4,0.1,TRUE
ESC_027,43183018,EMEF MARIO QUINTANA,ruti,administrativa,historico_cadastral_ou_revisao,score_administrativo_historico_cadastral,0,0,0.2,0.05,TRUE
ESC_027,43183018,EMEF MARIO QUINTANA,ruti,administrativa,transicao_institucional_recente,score_administrativo_transicao_recente,0,0,0.3,0.075,TRUE
ESC_027,43183018,EMEF MARIO QUINTANA,ruti,administrativa,vinculo_assessoramento_nao_informado,score_administrativo_sem_vinculo,0,0,0.1,0.025,TRUE
ESC_027,43183018,EMEF MARIO QUINTANA,ruti,educacional,baixa_participacao_relativa_2026,score_educacional_baixa_participacao,56.96969696969697,56.96969696969697,0.25,0.0625,TRUE
ESC_027,43183018,EMEF MARIO QUINTANA,ruti,educacional,desempenho_relativo_2026,score_educacional_desempenho,86.67003367003367,86.67003367003367,0.5,0.125,TRUE
ESC_027,43183018,EMEF MARIO QUINTANA,ruti,educacional,heterogeneidade_entre_series_2026,heterogeneidade_desempenho_bruta,8.43161612390159,12.962962962962964,0.15,0.0375,TRUE
ESC_027,43183018,EMEF MARIO QUINTANA,ruti,educacional,instabilidade_composicao_comparavel,score_educacional_instabilidade_composicao,40,40,0.1,0.025,TRUE
ESC_027,43183018,EMEF MARIO QUINTANA,ruti,estrutural,amplitude_tempo_integral,pct_matriculas_anos_iniciais_integral,100,94.54545454545455,0.1,0.025,TRUE
ESC_027,43183018,EMEF MARIO QUINTANA,ruti,estrutural,dependencia_transporte_publico,pct_matriculas_transporte_publico,6.218905472636816,91.81818181818181,0.05,0.0125,TRUE
ESC_027,43183018,EMEF MARIO QUINTANA,ruti,estrutural,infraestrutura_insuficiente,indice_infraestrutura_basica,70,92.72727272727273,0.3,0.075,TRUE
ESC_027,43183018,EMEF MARIO QUINTANA,ruti,estrutural,participacao_educacao_especial,pct_matriculas_educacao_especial,7.960199004975125,52.72727272727273,0.2,0.05,TRUE
ESC_027,43183018,EMEF MARIO QUINTANA,ruti,estrutural,pressao_alunos_por_docente,alunos_por_docente_anos_iniciais,11.65,16.666666666666668,0.15,0.0375,TRUE
ESC_027,43183018,EMEF MARIO QUINTANA,ruti,estrutural,pressao_alunos_por_turma,alunos_por_turma_anos_iniciais,23.3,50,0.2,0.05,TRUE
ESC_027,43183018,EMEF MARIO QUINTANA,ruti,volume,amplitude_etapas_ofertadas,numero_etapas_amplas_ofertadas,2,11.818181818181818,0.15,0.0375,TRUE
ESC_027,43183018,EMEF MARIO QUINTANA,ruti,volume,matriculas_anos_iniciais,matriculas_anos_iniciais,233,18.181818181818183,0.6,0.15,TRUE
ESC_027,43183018,EMEF MARIO QUINTANA,ruti,volume,turmas_anos_iniciais,turmas_anos_iniciais_validas,10,18.51851851851852,0.25,0.0625,TRUE
ESC_028,43177018,EMEF MIGRANTES,nathalia,administrativa,arranjo_institucional_especial,score_administrativo_arranjo_especial,0,0,0.4,0.1,TRUE
ESC_028,43177018,EMEF MIGRANTES,nathalia,administrativa,historico_cadastral_ou_revisao,score_administrativo_historico_cadastral,0,0,0.2,0.05,TRUE
ESC_028,43177018,EMEF MIGRANTES,nathalia,administrativa,transicao_institucional_recente,score_administrativo_transicao_recente,0,0,0.3,0.075,TRUE
ESC_028,43177018,EMEF MIGRANTES,nathalia,administrativa,vinculo_assessoramento_nao_informado,score_administrativo_sem_vinculo,0,0,0.1,0.025,TRUE
ESC_028,43177018,EMEF MIGRANTES,nathalia,educacional,baixa_participacao_relativa_2026,score_educacional_baixa_participacao,71.21885521885521,71.21885521885521,0.25,0.0625,TRUE
ESC_028,43177018,EMEF MIGRANTES,nathalia,educacional,desempenho_relativo_2026,score_educacional_desempenho,41.07744107744108,41.07744107744108,0.5,0.125,TRUE
ESC_028,43177018,EMEF MIGRANTES,nathalia,educacional,heterogeneidade_entre_series_2026,heterogeneidade_desempenho_bruta,9.906946114346464,18.51851851851852,0.15,0.0375,TRUE
ESC_028,43177018,EMEF MIGRANTES,nathalia,educacional,instabilidade_composicao_comparavel,score_educacional_instabilidade_composicao,80,80,0.1,0.025,TRUE
ESC_028,43177018,EMEF MIGRANTES,nathalia,estrutural,amplitude_tempo_integral,pct_matriculas_anos_iniciais_integral,0,10.909090909090908,0.1,0.025,TRUE
ESC_028,43177018,EMEF MIGRANTES,nathalia,estrutural,dependencia_transporte_publico,pct_matriculas_transporte_publico,0,11.818181818181818,0.05,0.0125,TRUE
ESC_028,43177018,EMEF MIGRANTES,nathalia,estrutural,infraestrutura_insuficiente,indice_infraestrutura_basica,90,58.18181818181818,0.3,0.075,TRUE
ESC_028,43177018,EMEF MIGRANTES,nathalia,estrutural,participacao_educacao_especial,pct_matriculas_educacao_especial,7.975460122699387,54.54545454545455,0.2,0.05,TRUE
ESC_028,43177018,EMEF MIGRANTES,nathalia,estrutural,pressao_alunos_por_docente,alunos_por_docente_anos_iniciais,8,7.407407407407407,0.15,0.0375,TRUE
ESC_028,43177018,EMEF MIGRANTES,nathalia,estrutural,pressao_alunos_por_turma,alunos_por_turma_anos_iniciais,16,1.8518518518518519,0.2,0.05,TRUE
ESC_028,43177018,EMEF MIGRANTES,nathalia,volume,amplitude_etapas_ofertadas,numero_etapas_amplas_ofertadas,3,42.72727272727273,0.15,0.0375,TRUE
ESC_028,43177018,EMEF MIGRANTES,nathalia,volume,matriculas_anos_iniciais,matriculas_anos_iniciais,80,3.6363636363636362,0.6,0.15,TRUE
ESC_028,43177018,EMEF MIGRANTES,nathalia,volume,turmas_anos_iniciais,turmas_anos_iniciais_validas,5,5.555555555555555,0.25,0.0625,TRUE
ESC_029,43293069,EMEF MORADAS DA HIPICA,amanda,administrativa,arranjo_institucional_especial,score_administrativo_arranjo_especial,0,0,0.4,0.1,TRUE
ESC_029,43293069,EMEF MORADAS DA HIPICA,amanda,administrativa,historico_cadastral_ou_revisao,score_administrativo_historico_cadastral,0,0,0.2,0.05,TRUE
ESC_029,43293069,EMEF MORADAS DA HIPICA,amanda,administrativa,transicao_institucional_recente,score_administrativo_transicao_recente,0,0,0.3,0.075,TRUE
ESC_029,43293069,EMEF MORADAS DA HIPICA,amanda,administrativa,vinculo_assessoramento_nao_informado,score_administrativo_sem_vinculo,0,0,0.1,0.025,TRUE
ESC_029,43293069,EMEF MORADAS DA HIPICA,amanda,educacional,baixa_participacao_relativa_2026,score_educacional_baixa_participacao,21.77777777777778,21.77777777777778,0.25,0.0625,TRUE
ESC_029,43293069,EMEF MORADAS DA HIPICA,amanda,educacional,desempenho_relativo_2026,score_educacional_desempenho,8.262626262626261,8.262626262626261,0.5,0.125,TRUE
ESC_029,43293069,EMEF MORADAS DA HIPICA,amanda,educacional,heterogeneidade_entre_series_2026,heterogeneidade_desempenho_bruta,6.497219512788764,5.555555555555555,0.15,0.0375,TRUE
ESC_029,43293069,EMEF MORADAS DA HIPICA,amanda,educacional,instabilidade_composicao_comparavel,score_educacional_instabilidade_composicao,80,80,0.1,0.025,TRUE
ESC_029,43293069,EMEF MORADAS DA HIPICA,amanda,estrutural,amplitude_tempo_integral,pct_matriculas_anos_iniciais_integral,9.221311475409836,45.45454545454545,0.1,0.025,TRUE
ESC_029,43293069,EMEF MORADAS DA HIPICA,amanda,estrutural,dependencia_transporte_publico,pct_matriculas_transporte_publico,3.4979423868312756,70.9090909090909,0.05,0.0125,TRUE
ESC_029,43293069,EMEF MORADAS DA HIPICA,amanda,estrutural,infraestrutura_insuficiente,indice_infraestrutura_basica,80,79.0909090909091,0.3,0.075,TRUE
ESC_029,43293069,EMEF MORADAS DA HIPICA,amanda,estrutural,participacao_educacao_especial,pct_matriculas_educacao_especial,7.818930041152264,49.09090909090909,0.2,0.05,TRUE
ESC_029,43293069,EMEF MORADAS DA HIPICA,amanda,estrutural,pressao_alunos_por_docente,alunos_por_docente_anos_iniciais,24.4,100,0.15,0.0375,TRUE
ESC_029,43293069,EMEF MORADAS DA HIPICA,amanda,estrutural,pressao_alunos_por_turma,alunos_por_turma_anos_iniciais,25.68421052631579,85.18518518518519,0.2,0.05,TRUE
ESC_029,43293069,EMEF MORADAS DA HIPICA,amanda,volume,amplitude_etapas_ofertadas,numero_etapas_amplas_ofertadas,3,42.72727272727273,0.15,0.0375,TRUE
ESC_029,43293069,EMEF MORADAS DA HIPICA,amanda,volume,matriculas_anos_iniciais,matriculas_anos_iniciais,488,74.54545454545455,0.6,0.15,TRUE
ESC_029,43293069,EMEF MORADAS DA HIPICA,amanda,volume,turmas_anos_iniciais,turmas_anos_iniciais_validas,19,62.03703703703704,0.25,0.0625,TRUE
ESC_030,43177034,EMEF MORRO DA CRUZ,andreia,administrativa,arranjo_institucional_especial,score_administrativo_arranjo_especial,0,0,0.4,0.1,TRUE
ESC_030,43177034,EMEF MORRO DA CRUZ,andreia,administrativa,historico_cadastral_ou_revisao,score_administrativo_historico_cadastral,0,0,0.2,0.05,TRUE
ESC_030,43177034,EMEF MORRO DA CRUZ,andreia,administrativa,transicao_institucional_recente,score_administrativo_transicao_recente,0,0,0.3,0.075,TRUE
ESC_030,43177034,EMEF MORRO DA CRUZ,andreia,administrativa,vinculo_assessoramento_nao_informado,score_administrativo_sem_vinculo,0,0,0.1,0.025,TRUE
ESC_030,43177034,EMEF MORRO DA CRUZ,andreia,educacional,baixa_participacao_relativa_2026,score_educacional_baixa_participacao,87.8114478114478,87.8114478114478,0.25,0.0625,TRUE
ESC_030,43177034,EMEF MORRO DA CRUZ,andreia,educacional,desempenho_relativo_2026,score_educacional_desempenho,71.36363636363636,71.36363636363636,0.5,0.125,TRUE
ESC_030,43177034,EMEF MORRO DA CRUZ,andreia,educacional,heterogeneidade_entre_series_2026,heterogeneidade_desempenho_bruta,34.63517811143825,96.29629629629629,0.15,0.0375,TRUE
ESC_030,43177034,EMEF MORRO DA CRUZ,andreia,educacional,instabilidade_composicao_comparavel,score_educacional_instabilidade_composicao,20,20,0.1,0.025,TRUE
ESC_030,43177034,EMEF MORRO DA CRUZ,andreia,estrutural,amplitude_tempo_integral,pct_matriculas_anos_iniciais_integral,10.037174721189592,47.27272727272727,0.1,0.025,TRUE
ESC_030,43177034,EMEF MORRO DA CRUZ,andreia,estrutural,dependencia_transporte_publico,pct_matriculas_transporte_publico,1.189296333002973,50.90909090909091,0.05,0.0125,TRUE
ESC_030,43177034,EMEF MORRO DA CRUZ,andreia,estrutural,infraestrutura_insuficiente,indice_infraestrutura_basica,100,22.727272727272734,0.3,0.075,TRUE
ESC_030,43177034,EMEF MORRO DA CRUZ,andreia,estrutural,participacao_educacao_especial,pct_matriculas_educacao_especial,6.2438057482656095,18.181818181818183,0.2,0.05,TRUE
ESC_030,43177034,EMEF MORRO DA CRUZ,andreia,estrutural,pressao_alunos_por_docente,alunos_por_docente_anos_iniciais,19.925925925925927,87.03703703703704,0.15,0.0375,TRUE
ESC_030,43177034,EMEF MORRO DA CRUZ,andreia,estrutural,pressao_alunos_por_turma,alunos_por_turma_anos_iniciais,25.61904761904762,83.33333333333333,0.2,0.05,TRUE
ESC_030,43177034,EMEF MORRO DA CRUZ,andreia,volume,amplitude_etapas_ofertadas,numero_etapas_amplas_ofertadas,3,42.72727272727273,0.15,0.0375,TRUE
ESC_030,43177034,EMEF MORRO DA CRUZ,andreia,volume,matriculas_anos_iniciais,matriculas_anos_iniciais,538,87.27272727272727,0.6,0.15,TRUE
ESC_030,43177034,EMEF MORRO DA CRUZ,andreia,volume,turmas_anos_iniciais,turmas_anos_iniciais_validas,21,77.77777777777777,0.25,0.0625,TRUE
ESC_031,43177042,EMEF NEUSA GOULART BRIZOLA,julia,administrativa,arranjo_institucional_especial,score_administrativo_arranjo_especial,0,0,0.4,0.1,TRUE
ESC_031,43177042,EMEF NEUSA GOULART BRIZOLA,julia,administrativa,historico_cadastral_ou_revisao,score_administrativo_historico_cadastral,0,0,0.2,0.05,TRUE
ESC_031,43177042,EMEF NEUSA GOULART BRIZOLA,julia,administrativa,transicao_institucional_recente,score_administrativo_transicao_recente,0,0,0.3,0.075,TRUE
ESC_031,43177042,EMEF NEUSA GOULART BRIZOLA,julia,administrativa,vinculo_assessoramento_nao_informado,score_administrativo_sem_vinculo,0,0,0.1,0.025,TRUE
ESC_031,43177042,EMEF NEUSA GOULART BRIZOLA,julia,educacional,baixa_participacao_relativa_2026,score_educacional_baixa_participacao,45.75084175084175,45.75084175084175,0.25,0.0625,TRUE
ESC_031,43177042,EMEF NEUSA GOULART BRIZOLA,julia,educacional,desempenho_relativo_2026,score_educacional_desempenho,23.717171717171716,23.717171717171716,0.5,0.125,TRUE
ESC_031,43177042,EMEF NEUSA GOULART BRIZOLA,julia,educacional,heterogeneidade_entre_series_2026,heterogeneidade_desempenho_bruta,19.32698940232118,48.148148148148145,0.15,0.0375,TRUE
ESC_031,43177042,EMEF NEUSA GOULART BRIZOLA,julia,educacional,instabilidade_composicao_comparavel,score_educacional_instabilidade_composicao,60,60,0.1,0.025,TRUE
ESC_031,43177042,EMEF NEUSA GOULART BRIZOLA,julia,estrutural,amplitude_tempo_integral,pct_matriculas_anos_iniciais_integral,100,94.54545454545455,0.1,0.025,TRUE
ESC_031,43177042,EMEF NEUSA GOULART BRIZOLA,julia,estrutural,dependencia_transporte_publico,pct_matriculas_transporte_publico,3.1496062992125986,60,0.05,0.0125,TRUE
ESC_031,43177042,EMEF NEUSA GOULART BRIZOLA,julia,estrutural,infraestrutura_insuficiente,indice_infraestrutura_basica,100,22.727272727272734,0.3,0.075,TRUE
ESC_031,43177042,EMEF NEUSA GOULART BRIZOLA,julia,estrutural,participacao_educacao_especial,pct_matriculas_educacao_especial,14.698162729658792,98.18181818181819,0.2,0.05,TRUE
ESC_031,43177042,EMEF NEUSA GOULART BRIZOLA,julia,estrutural,pressao_alunos_por_docente,alunos_por_docente_anos_iniciais,7.032258064516129,3.7037037037037037,0.15,0.0375,TRUE
ESC_031,43177042,EMEF NEUSA GOULART BRIZOLA,julia,estrutural,pressao_alunos_por_turma,alunos_por_turma_anos_iniciais,21.8,28.703703703703702,0.2,0.05,TRUE
ESC_031,43177042,EMEF NEUSA GOULART BRIZOLA,julia,volume,amplitude_etapas_ofertadas,numero_etapas_amplas_ofertadas,3,42.72727272727273,0.15,0.0375,TRUE
ESC_031,43177042,EMEF NEUSA GOULART BRIZOLA,julia,volume,matriculas_anos_iniciais,matriculas_anos_iniciais,218,14.545454545454545,0.6,0.15,TRUE
ESC_031,43177042,EMEF NEUSA GOULART BRIZOLA,julia,volume,turmas_anos_iniciais,turmas_anos_iniciais_validas,10,18.51851851851852,0.25,0.0625,TRUE
ESC_032,43105513,EMEF NOSSA SENHORA DE FATIMA,amanda,administrativa,arranjo_institucional_especial,score_administrativo_arranjo_especial,0,0,0.4,0.1,TRUE
ESC_032,43105513,EMEF NOSSA SENHORA DE FATIMA,amanda,administrativa,historico_cadastral_ou_revisao,score_administrativo_historico_cadastral,0,0,0.2,0.05,TRUE
ESC_032,43105513,EMEF NOSSA SENHORA DE FATIMA,amanda,administrativa,transicao_institucional_recente,score_administrativo_transicao_recente,0,0,0.3,0.075,TRUE
ESC_032,43105513,EMEF NOSSA SENHORA DE FATIMA,amanda,administrativa,vinculo_assessoramento_nao_informado,score_administrativo_sem_vinculo,0,0,0.1,0.025,TRUE
ESC_032,43105513,EMEF NOSSA SENHORA DE FATIMA,amanda,educacional,baixa_participacao_relativa_2026,score_educacional_baixa_participacao,79.36026936026936,79.36026936026936,0.25,0.0625,TRUE
ESC_032,43105513,EMEF NOSSA SENHORA DE FATIMA,amanda,educacional,desempenho_relativo_2026,score_educacional_desempenho,62.494949494949495,62.494949494949495,0.5,0.125,TRUE
ESC_032,43105513,EMEF NOSSA SENHORA DE FATIMA,amanda,educacional,heterogeneidade_entre_series_2026,heterogeneidade_desempenho_bruta,23.434012053077097,62.96296296296296,0.15,0.0375,TRUE
ESC_032,43105513,EMEF NOSSA SENHORA DE FATIMA,amanda,educacional,instabilidade_composicao_comparavel,score_educacional_instabilidade_composicao,60,60,0.1,0.025,TRUE
ESC_032,43105513,EMEF NOSSA SENHORA DE FATIMA,amanda,estrutural,amplitude_tempo_integral,pct_matriculas_anos_iniciais_integral,0,10.909090909090908,0.1,0.025,TRUE
ESC_032,43105513,EMEF NOSSA SENHORA DE FATIMA,amanda,estrutural,dependencia_transporte_publico,pct_matriculas_transporte_publico,0,11.818181818181818,0.05,0.0125,TRUE
ESC_032,43105513,EMEF NOSSA SENHORA DE FATIMA,amanda,estrutural,infraestrutura_insuficiente,indice_infraestrutura_basica,100,22.727272727272734,0.3,0.075,TRUE
ESC_032,43105513,EMEF NOSSA SENHORA DE FATIMA,amanda,estrutural,participacao_educacao_especial,pct_matriculas_educacao_especial,6.575342465753424,21.818181818181817,0.2,0.05,TRUE
ESC_032,43105513,EMEF NOSSA SENHORA DE FATIMA,amanda,estrutural,pressao_alunos_por_docente,alunos_por_docente_anos_iniciais,15.708333333333334,53.7037037037037,0.15,0.0375,TRUE
ESC_032,43105513,EMEF NOSSA SENHORA DE FATIMA,amanda,estrutural,pressao_alunos_por_turma,alunos_por_turma_anos_iniciais,23.5625,57.407407407407405,0.2,0.05,TRUE
ESC_032,43105513,EMEF NOSSA SENHORA DE FATIMA,amanda,volume,amplitude_etapas_ofertadas,numero_etapas_amplas_ofertadas,4,83.63636363636364,0.15,0.0375,TRUE
ESC_032,43105513,EMEF NOSSA SENHORA DE FATIMA,amanda,volume,matriculas_anos_iniciais,matriculas_anos_iniciais,377,48.18181818181818,0.6,0.15,TRUE
ESC_032,43105513,EMEF NOSSA SENHORA DE FATIMA,amanda,volume,turmas_anos_iniciais,turmas_anos_iniciais_validas,16,47.22222222222222,0.25,0.0625,TRUE
ESC_033,43204643,EMEF NOSSA SENHORA DO CARMO,amanda,administrativa,arranjo_institucional_especial,score_administrativo_arranjo_especial,0,0,0.4,0.1,TRUE
ESC_033,43204643,EMEF NOSSA SENHORA DO CARMO,amanda,administrativa,historico_cadastral_ou_revisao,score_administrativo_historico_cadastral,0,0,0.2,0.05,TRUE
ESC_033,43204643,EMEF NOSSA SENHORA DO CARMO,amanda,administrativa,transicao_institucional_recente,score_administrativo_transicao_recente,0,0,0.3,0.075,TRUE
ESC_033,43204643,EMEF NOSSA SENHORA DO CARMO,amanda,administrativa,vinculo_assessoramento_nao_informado,score_administrativo_sem_vinculo,0,0,0.1,0.025,TRUE
ESC_033,43204643,EMEF NOSSA SENHORA DO CARMO,amanda,educacional,baixa_participacao_relativa_2026,score_educacional_baixa_participacao,50.7037037037037,50.7037037037037,0.25,0.0625,TRUE
ESC_033,43204643,EMEF NOSSA SENHORA DO CARMO,amanda,educacional,desempenho_relativo_2026,score_educacional_desempenho,66.91582491582491,66.91582491582491,0.5,0.125,TRUE
ESC_033,43204643,EMEF NOSSA SENHORA DO CARMO,amanda,educacional,heterogeneidade_entre_series_2026,heterogeneidade_desempenho_bruta,23.02980277382133,59.25925925925926,0.15,0.0375,TRUE
ESC_033,43204643,EMEF NOSSA SENHORA DO CARMO,amanda,educacional,instabilidade_composicao_comparavel,score_educacional_instabilidade_composicao,40,40,0.1,0.025,TRUE
ESC_033,43204643,EMEF NOSSA SENHORA DO CARMO,amanda,estrutural,amplitude_tempo_integral,pct_matriculas_anos_iniciais_integral,38.23529411764706,85.45454545454545,0.1,0.025,TRUE
ESC_033,43204643,EMEF NOSSA SENHORA DO CARMO,amanda,estrutural,dependencia_transporte_publico,pct_matriculas_transporte_publico,7.957244655581948,94.54545454545455,0.05,0.0125,TRUE
ESC_033,43204643,EMEF NOSSA SENHORA DO CARMO,amanda,estrutural,infraestrutura_insuficiente,indice_infraestrutura_basica,90,58.18181818181818,0.3,0.075,TRUE
ESC_033,43204643,EMEF NOSSA SENHORA DO CARMO,amanda,estrutural,participacao_educacao_especial,pct_matriculas_educacao_especial,7.363420427553444,40,0.2,0.05,TRUE
ESC_033,43204643,EMEF NOSSA SENHORA DO CARMO,amanda,estrutural,pressao_alunos_por_docente,alunos_por_docente_anos_iniciais,18.545454545454547,75.92592592592592,0.15,0.0375,TRUE
ESC_033,43204643,EMEF NOSSA SENHORA DO CARMO,amanda,estrutural,pressao_alunos_por_turma,alunos_por_turma_anos_iniciais,25.5,80.55555555555556,0.2,0.05,TRUE
ESC_033,43204643,EMEF NOSSA SENHORA DO CARMO,amanda,volume,amplitude_etapas_ofertadas,numero_etapas_amplas_ofertadas,4,83.63636363636364,0.15,0.0375,TRUE
ESC_033,43204643,EMEF NOSSA SENHORA DO CARMO,amanda,volume,matriculas_anos_iniciais,matriculas_anos_iniciais,408,54.54545454545455,0.6,0.15,TRUE
ESC_033,43204643,EMEF NOSSA SENHORA DO CARMO,amanda,volume,turmas_anos_iniciais,turmas_anos_iniciais_validas,16,47.22222222222222,0.25,0.0625,TRUE
ESC_034,43105521,EMEF PEPITA DE LEAO,nathalia,administrativa,arranjo_institucional_especial,score_administrativo_arranjo_especial,0,0,0.4,0.1,TRUE
ESC_034,43105521,EMEF PEPITA DE LEAO,nathalia,administrativa,historico_cadastral_ou_revisao,score_administrativo_historico_cadastral,0,0,0.2,0.05,TRUE
ESC_034,43105521,EMEF PEPITA DE LEAO,nathalia,administrativa,transicao_institucional_recente,score_administrativo_transicao_recente,0,0,0.3,0.075,TRUE
ESC_034,43105521,EMEF PEPITA DE LEAO,nathalia,administrativa,vinculo_assessoramento_nao_informado,score_administrativo_sem_vinculo,0,0,0.1,0.025,TRUE
ESC_034,43105521,EMEF PEPITA DE LEAO,nathalia,educacional,baixa_participacao_relativa_2026,score_educacional_baixa_participacao,77.15824915824916,77.15824915824916,0.25,0.0625,TRUE
ESC_034,43105521,EMEF PEPITA DE LEAO,nathalia,educacional,desempenho_relativo_2026,score_educacional_desempenho,44.579124579124574,44.579124579124574,0.5,0.125,TRUE
ESC_034,43105521,EMEF PEPITA DE LEAO,nathalia,educacional,heterogeneidade_entre_series_2026,heterogeneidade_desempenho_bruta,28.12377615960213,79.62962962962963,0.15,0.0375,TRUE
ESC_034,43105521,EMEF PEPITA DE LEAO,nathalia,educacional,instabilidade_composicao_comparavel,score_educacional_instabilidade_composicao,60,60,0.1,0.025,TRUE
ESC_034,43105521,EMEF PEPITA DE LEAO,nathalia,estrutural,amplitude_tempo_integral,pct_matriculas_anos_iniciais_integral,18.823529411764707,63.63636363636363,0.1,0.025,TRUE
ESC_034,43105521,EMEF PEPITA DE LEAO,nathalia,estrutural,dependencia_transporte_publico,pct_matriculas_transporte_publico,3.4557235421166306,67.27272727272727,0.05,0.0125,TRUE
ESC_034,43105521,EMEF PEPITA DE LEAO,nathalia,estrutural,infraestrutura_insuficiente,indice_infraestrutura_basica,100,22.727272727272734,0.3,0.075,TRUE
ESC_034,43105521,EMEF PEPITA DE LEAO,nathalia,estrutural,participacao_educacao_especial,pct_matriculas_educacao_especial,13.174946004319654,96.36363636363636,0.2,0.05,TRUE
ESC_034,43105521,EMEF PEPITA DE LEAO,nathalia,estrutural,pressao_alunos_por_docente,alunos_por_docente_anos_iniciais,13.421052631578949,25.925925925925927,0.15,0.0375,TRUE
ESC_034,43105521,EMEF PEPITA DE LEAO,nathalia,estrutural,pressao_alunos_por_turma,alunos_por_turma_anos_iniciais,21.25,22.22222222222222,0.2,0.05,TRUE
ESC_034,43105521,EMEF PEPITA DE LEAO,nathalia,volume,amplitude_etapas_ofertadas,numero_etapas_amplas_ofertadas,3,42.72727272727273,0.15,0.0375,TRUE
ESC_034,43105521,EMEF PEPITA DE LEAO,nathalia,volume,matriculas_anos_iniciais,matriculas_anos_iniciais,255,29.09090909090909,0.6,0.15,TRUE
ESC_034,43105521,EMEF PEPITA DE LEAO,nathalia,volume,turmas_anos_iniciais,turmas_anos_iniciais_validas,12,29.62962962962963,0.25,0.0625,TRUE
ESC_035,43048200,EMEF PORTO NOVO,marian,administrativa,arranjo_institucional_especial,score_administrativo_arranjo_especial,0,0,0.4,0.1,TRUE
ESC_035,43048200,EMEF PORTO NOVO,marian,administrativa,historico_cadastral_ou_revisao,score_administrativo_historico_cadastral,0,0,0.2,0.05,TRUE
ESC_035,43048200,EMEF PORTO NOVO,marian,administrativa,transicao_institucional_recente,score_administrativo_transicao_recente,0,0,0.3,0.075,TRUE
ESC_035,43048200,EMEF PORTO NOVO,marian,administrativa,vinculo_assessoramento_nao_informado,score_administrativo_sem_vinculo,0,0,0.1,0.025,TRUE
ESC_035,43048200,EMEF PORTO NOVO,marian,educacional,baixa_participacao_relativa_2026,score_educacional_baixa_participacao,11.996632996632993,11.996632996632993,0.25,0.0625,TRUE
ESC_035,43048200,EMEF PORTO NOVO,marian,educacional,desempenho_relativo_2026,score_educacional_desempenho,45.831649831649834,45.831649831649834,0.5,0.125,TRUE
ESC_035,43048200,EMEF PORTO NOVO,marian,educacional,heterogeneidade_entre_series_2026,heterogeneidade_desempenho_bruta,22.767322238682034,57.407407407407405,0.15,0.0375,TRUE
ESC_035,43048200,EMEF PORTO NOVO,marian,educacional,instabilidade_composicao_comparavel,score_educacional_instabilidade_composicao,100,100,0.1,0.025,TRUE
ESC_035,43048200,EMEF PORTO NOVO,marian,estrutural,amplitude_tempo_integral,pct_matriculas_anos_iniciais_integral,100,94.54545454545455,0.1,0.025,TRUE
ESC_035,43048200,EMEF PORTO NOVO,marian,estrutural,dependencia_transporte_publico,pct_matriculas_transporte_publico,0.4192872117400419,29.09090909090909,0.05,0.0125,TRUE
ESC_035,43048200,EMEF PORTO NOVO,marian,estrutural,infraestrutura_insuficiente,indice_infraestrutura_basica,100,22.727272727272734,0.3,0.075,TRUE
ESC_035,43048200,EMEF PORTO NOVO,marian,estrutural,participacao_educacao_especial,pct_matriculas_educacao_especial,12.368972746331236,94.54545454545455,0.2,0.05,TRUE
ESC_035,43048200,EMEF PORTO NOVO,marian,estrutural,pressao_alunos_por_docente,alunos_por_docente_anos_iniciais,7.181818181818182,5.555555555555555,0.15,0.0375,TRUE
ESC_035,43048200,EMEF PORTO NOVO,marian,estrutural,pressao_alunos_por_turma,alunos_por_turma_anos_iniciais,23.7,61.111111111111114,0.2,0.05,TRUE
ESC_035,43048200,EMEF PORTO NOVO,marian,volume,amplitude_etapas_ofertadas,numero_etapas_amplas_ofertadas,3,42.72727272727273,0.15,0.0375,TRUE
ESC_035,43048200,EMEF PORTO NOVO,marian,volume,matriculas_anos_iniciais,matriculas_anos_iniciais,237,20,0.6,0.15,TRUE
ESC_035,43048200,EMEF PORTO NOVO,marian,volume,turmas_anos_iniciais,turmas_anos_iniciais_validas,10,18.51851851851852,0.25,0.0625,TRUE
ESC_036,43108563,EMEF PRES JOAO BELCHIOR MARQUES GOULART,marian,administrativa,arranjo_institucional_especial,score_administrativo_arranjo_especial,0,0,0.4,0.1,TRUE
ESC_036,43108563,EMEF PRES JOAO BELCHIOR MARQUES GOULART,marian,administrativa,historico_cadastral_ou_revisao,score_administrativo_historico_cadastral,0,0,0.2,0.05,TRUE
ESC_036,43108563,EMEF PRES JOAO BELCHIOR MARQUES GOULART,marian,administrativa,transicao_institucional_recente,score_administrativo_transicao_recente,0,0,0.3,0.075,TRUE
ESC_036,43108563,EMEF PRES JOAO BELCHIOR MARQUES GOULART,marian,administrativa,vinculo_assessoramento_nao_informado,score_administrativo_sem_vinculo,0,0,0.1,0.025,TRUE
ESC_036,43108563,EMEF PRES JOAO BELCHIOR MARQUES GOULART,marian,educacional,baixa_participacao_relativa_2026,score_educacional_baixa_participacao,25.828282828282823,25.828282828282823,0.25,0.0625,TRUE
ESC_036,43108563,EMEF PRES JOAO BELCHIOR MARQUES GOULART,marian,educacional,desempenho_relativo_2026,score_educacional_desempenho,47.69360269360269,47.69360269360269,0.5,0.125,TRUE
ESC_036,43108563,EMEF PRES JOAO BELCHIOR MARQUES GOULART,marian,educacional,heterogeneidade_entre_series_2026,heterogeneidade_desempenho_bruta,15.661950125846177,38.888888888888886,0.15,0.0375,TRUE
ESC_036,43108563,EMEF PRES JOAO BELCHIOR MARQUES GOULART,marian,educacional,instabilidade_composicao_comparavel,score_educacional_instabilidade_composicao,100,100,0.1,0.025,TRUE
ESC_036,43108563,EMEF PRES JOAO BELCHIOR MARQUES GOULART,marian,estrutural,amplitude_tempo_integral,pct_matriculas_anos_iniciais_integral,4.4692737430167595,32.72727272727273,0.1,0.025,TRUE
ESC_036,43108563,EMEF PRES JOAO BELCHIOR MARQUES GOULART,marian,estrutural,dependencia_transporte_publico,pct_matriculas_transporte_publico,0.60882800608828,36.36363636363637,0.05,0.0125,TRUE
ESC_036,43108563,EMEF PRES JOAO BELCHIOR MARQUES GOULART,marian,estrutural,infraestrutura_insuficiente,indice_infraestrutura_basica,100,22.727272727272734,0.3,0.075,TRUE
ESC_036,43108563,EMEF PRES JOAO BELCHIOR MARQUES GOULART,marian,estrutural,participacao_educacao_especial,pct_matriculas_educacao_especial,9.74124809741248,70.9090909090909,0.2,0.05,TRUE
ESC_036,43108563,EMEF PRES JOAO BELCHIOR MARQUES GOULART,marian,estrutural,pressao_alunos_por_docente,alunos_por_docente_anos_iniciais,15.565217391304348,46.2962962962963,0.15,0.0375,TRUE
ESC_036,43108563,EMEF PRES JOAO BELCHIOR MARQUES GOULART,marian,estrutural,pressao_alunos_por_turma,alunos_por_turma_anos_iniciais,19.88888888888889,12.962962962962964,0.2,0.05,TRUE
ESC_036,43108563,EMEF PRES JOAO BELCHIOR MARQUES GOULART,marian,volume,amplitude_etapas_ofertadas,numero_etapas_amplas_ofertadas,3,42.72727272727273,0.15,0.0375,TRUE
ESC_036,43108563,EMEF PRES JOAO BELCHIOR MARQUES GOULART,marian,volume,matriculas_anos_iniciais,matriculas_anos_iniciais,358,43.63636363636363,0.6,0.15,TRUE
ESC_036,43108563,EMEF PRES JOAO BELCHIOR MARQUES GOULART,marian,volume,turmas_anos_iniciais,turmas_anos_iniciais_validas,18,55.55555555555556,0.25,0.0625,TRUE
ESC_037,43105530,EMEF PRESIDENTE VARGAS,eliane,administrativa,arranjo_institucional_especial,score_administrativo_arranjo_especial,0,0,0.4,0.1,TRUE
ESC_037,43105530,EMEF PRESIDENTE VARGAS,eliane,administrativa,historico_cadastral_ou_revisao,score_administrativo_historico_cadastral,0,0,0.2,0.05,TRUE
ESC_037,43105530,EMEF PRESIDENTE VARGAS,eliane,administrativa,transicao_institucional_recente,score_administrativo_transicao_recente,0,0,0.3,0.075,TRUE
ESC_037,43105530,EMEF PRESIDENTE VARGAS,eliane,administrativa,vinculo_assessoramento_nao_informado,score_administrativo_sem_vinculo,0,0,0.1,0.025,TRUE
ESC_037,43105530,EMEF PRESIDENTE VARGAS,eliane,educacional,baixa_participacao_relativa_2026,score_educacional_baixa_participacao,41.85521885521886,41.85521885521886,0.25,0.0625,TRUE
ESC_037,43105530,EMEF PRESIDENTE VARGAS,eliane,educacional,desempenho_relativo_2026,score_educacional_desempenho,50.484848484848484,50.484848484848484,0.5,0.125,TRUE
ESC_037,43105530,EMEF PRESIDENTE VARGAS,eliane,educacional,heterogeneidade_entre_series_2026,heterogeneidade_desempenho_bruta,17.724520236141192,46.2962962962963,0.15,0.0375,TRUE
ESC_037,43105530,EMEF PRESIDENTE VARGAS,eliane,educacional,instabilidade_composicao_comparavel,score_educacional_instabilidade_composicao,80,80,0.1,0.025,TRUE
ESC_037,43105530,EMEF PRESIDENTE VARGAS,eliane,estrutural,amplitude_tempo_integral,pct_matriculas_anos_iniciais_integral,43.93305439330544,87.27272727272727,0.1,0.025,TRUE
ESC_037,43105530,EMEF PRESIDENTE VARGAS,eliane,estrutural,dependencia_transporte_publico,pct_matriculas_transporte_publico,3.2110091743119265,63.63636363636363,0.05,0.0125,TRUE
ESC_037,43105530,EMEF PRESIDENTE VARGAS,eliane,estrutural,infraestrutura_insuficiente,indice_infraestrutura_basica,80,79.0909090909091,0.3,0.075,TRUE
ESC_037,43105530,EMEF PRESIDENTE VARGAS,eliane,estrutural,participacao_educacao_especial,pct_matriculas_educacao_especial,11.009174311926603,83.63636363636364,0.2,0.05,TRUE
ESC_037,43105530,EMEF PRESIDENTE VARGAS,eliane,estrutural,pressao_alunos_por_docente,alunos_por_docente_anos_iniciais,13.27777777777778,24.074074074074073,0.15,0.0375,TRUE
ESC_037,43105530,EMEF PRESIDENTE VARGAS,eliane,estrutural,pressao_alunos_por_turma,alunos_por_turma_anos_iniciais,21.727272727272727,25.925925925925927,0.2,0.05,TRUE
ESC_037,43105530,EMEF PRESIDENTE VARGAS,eliane,volume,amplitude_etapas_ofertadas,numero_etapas_amplas_ofertadas,2,11.818181818181818,0.15,0.0375,TRUE
ESC_037,43105530,EMEF PRESIDENTE VARGAS,eliane,volume,matriculas_anos_iniciais,matriculas_anos_iniciais,239,21.818181818181817,0.6,0.15,TRUE
ESC_037,43105530,EMEF PRESIDENTE VARGAS,eliane,volume,turmas_anos_iniciais,turmas_anos_iniciais_validas,11,26.85185185185185,0.25,0.0625,TRUE
ESC_038,43109195,EMEF PROF ANA IRIS DO AMARAL,eliane,administrativa,arranjo_institucional_especial,score_administrativo_arranjo_especial,0,0,0.4,0.1,TRUE
ESC_038,43109195,EMEF PROF ANA IRIS DO AMARAL,eliane,administrativa,historico_cadastral_ou_revisao,score_administrativo_historico_cadastral,0,0,0.2,0.05,TRUE
ESC_038,43109195,EMEF PROF ANA IRIS DO AMARAL,eliane,administrativa,transicao_institucional_recente,score_administrativo_transicao_recente,0,0,0.3,0.075,TRUE
ESC_038,43109195,EMEF PROF ANA IRIS DO AMARAL,eliane,administrativa,vinculo_assessoramento_nao_informado,score_administrativo_sem_vinculo,0,0,0.1,0.025,TRUE
ESC_038,43109195,EMEF PROF ANA IRIS DO AMARAL,eliane,educacional,baixa_participacao_relativa_2026,score_educacional_baixa_participacao,18.649831649831647,18.649831649831647,0.25,0.0625,TRUE
ESC_038,43109195,EMEF PROF ANA IRIS DO AMARAL,eliane,educacional,desempenho_relativo_2026,score_educacional_desempenho,9.06060606060606,9.06060606060606,0.5,0.125,TRUE
ESC_038,43109195,EMEF PROF ANA IRIS DO AMARAL,eliane,educacional,heterogeneidade_entre_series_2026,heterogeneidade_desempenho_bruta,6.47565657187143,3.7037037037037037,0.15,0.0375,TRUE
ESC_038,43109195,EMEF PROF ANA IRIS DO AMARAL,eliane,educacional,instabilidade_composicao_comparavel,score_educacional_instabilidade_composicao,40,40,0.1,0.025,TRUE
ESC_038,43109195,EMEF PROF ANA IRIS DO AMARAL,eliane,estrutural,amplitude_tempo_integral,pct_matriculas_anos_iniciais_integral,100,94.54545454545455,0.1,0.025,TRUE
ESC_038,43109195,EMEF PROF ANA IRIS DO AMARAL,eliane,estrutural,dependencia_transporte_publico,pct_matriculas_transporte_publico,6.218905472636816,91.81818181818181,0.05,0.0125,TRUE
ESC_038,43109195,EMEF PROF ANA IRIS DO AMARAL,eliane,estrutural,infraestrutura_insuficiente,indice_infraestrutura_basica,70,92.72727272727273,0.3,0.075,TRUE
ESC_038,43109195,EMEF PROF ANA IRIS DO AMARAL,eliane,estrutural,participacao_educacao_especial,pct_matriculas_educacao_especial,11.442786069651742,85.45454545454545,0.2,0.05,TRUE
ESC_038,43109195,EMEF PROF ANA IRIS DO AMARAL,eliane,estrutural,pressao_alunos_por_docente,alunos_por_docente_anos_iniciais,10.666666666666666,11.11111111111111,0.15,0.0375,TRUE
ESC_038,43109195,EMEF PROF ANA IRIS DO AMARAL,eliane,estrutural,pressao_alunos_por_turma,alunos_por_turma_anos_iniciais,22.4,37.03703703703704,0.2,0.05,TRUE
ESC_038,43109195,EMEF PROF ANA IRIS DO AMARAL,eliane,volume,amplitude_etapas_ofertadas,numero_etapas_amplas_ofertadas,3,42.72727272727273,0.15,0.0375,TRUE
ESC_038,43109195,EMEF PROF ANA IRIS DO AMARAL,eliane,volume,matriculas_anos_iniciais,matriculas_anos_iniciais,224,16.363636363636363,0.6,0.15,TRUE
ESC_038,43109195,EMEF PROF ANA IRIS DO AMARAL,eliane,volume,turmas_anos_iniciais,turmas_anos_iniciais_validas,10,18.51851851851852,0.25,0.0625,TRUE
ESC_039,43172490,EMEF PROF ANISIO TEIXEIRA,andreia,administrativa,arranjo_institucional_especial,score_administrativo_arranjo_especial,0,0,0.4,0.1,TRUE
ESC_039,43172490,EMEF PROF ANISIO TEIXEIRA,andreia,administrativa,historico_cadastral_ou_revisao,score_administrativo_historico_cadastral,0,0,0.2,0.05,TRUE
ESC_039,43172490,EMEF PROF ANISIO TEIXEIRA,andreia,administrativa,transicao_institucional_recente,score_administrativo_transicao_recente,0,0,0.3,0.075,TRUE
ESC_039,43172490,EMEF PROF ANISIO TEIXEIRA,andreia,administrativa,vinculo_assessoramento_nao_informado,score_administrativo_sem_vinculo,0,0,0.1,0.025,TRUE
ESC_039,43172490,EMEF PROF ANISIO TEIXEIRA,andreia,educacional,baixa_participacao_relativa_2026,score_educacional_baixa_participacao,34.966329966329965,34.966329966329965,0.25,0.0625,TRUE
ESC_039,43172490,EMEF PROF ANISIO TEIXEIRA,andreia,educacional,desempenho_relativo_2026,score_educacional_desempenho,16.06734006734007,16.06734006734007,0.5,0.125,TRUE
ESC_039,43172490,EMEF PROF ANISIO TEIXEIRA,andreia,educacional,heterogeneidade_entre_series_2026,heterogeneidade_desempenho_bruta,8.57825139988699,14.814814814814815,0.15,0.0375,TRUE
ESC_039,43172490,EMEF PROF ANISIO TEIXEIRA,andreia,educacional,instabilidade_composicao_comparavel,score_educacional_instabilidade_composicao,100,100,0.1,0.025,TRUE
ESC_039,43172490,EMEF PROF ANISIO TEIXEIRA,andreia,estrutural,amplitude_tempo_integral,pct_matriculas_anos_iniciais_integral,11.46496815286624,50.90909090909091,0.1,0.025,TRUE
ESC_039,43172490,EMEF PROF ANISIO TEIXEIRA,andreia,estrutural,dependencia_transporte_publico,pct_matriculas_transporte_publico,5.714285714285714,87.27272727272727,0.05,0.0125,TRUE
ESC_039,43172490,EMEF PROF ANISIO TEIXEIRA,andreia,estrutural,infraestrutura_insuficiente,indice_infraestrutura_basica,100,22.727272727272734,0.3,0.075,TRUE
ESC_039,43172490,EMEF PROF ANISIO TEIXEIRA,andreia,estrutural,participacao_educacao_especial,pct_matriculas_educacao_especial,10.571428571428571,80,0.2,0.05,TRUE
ESC_039,43172490,EMEF PROF ANISIO TEIXEIRA,andreia,estrutural,pressao_alunos_por_docente,alunos_por_docente_anos_iniciais,17.444444444444443,68.51851851851852,0.15,0.0375,TRUE
ESC_039,43172490,EMEF PROF ANISIO TEIXEIRA,andreia,estrutural,pressao_alunos_por_turma,alunos_por_turma_anos_iniciais,24.789473684210527,72.22222222222223,0.2,0.05,TRUE
ESC_039,43172490,EMEF PROF ANISIO TEIXEIRA,andreia,volume,amplitude_etapas_ofertadas,numero_etapas_amplas_ofertadas,3,42.72727272727273,0.15,0.0375,TRUE
ESC_039,43172490,EMEF PROF ANISIO TEIXEIRA,andreia,volume,matriculas_anos_iniciais,matriculas_anos_iniciais,471,69.0909090909091,0.6,0.15,TRUE
ESC_039,43172490,EMEF PROF ANISIO TEIXEIRA,andreia,volume,turmas_anos_iniciais,turmas_anos_iniciais_validas,19,62.03703703703704,0.25,0.0625,TRUE
ESC_040,43109071,EMEF PROF GILBERTO JORGE GONCALVES DA SILVA,ruti,administrativa,arranjo_institucional_especial,score_administrativo_arranjo_especial,0,0,0.4,0.1,TRUE
ESC_040,43109071,EMEF PROF GILBERTO JORGE GONCALVES DA SILVA,ruti,administrativa,historico_cadastral_ou_revisao,score_administrativo_historico_cadastral,0,0,0.2,0.05,TRUE
ESC_040,43109071,EMEF PROF GILBERTO JORGE GONCALVES DA SILVA,ruti,administrativa,transicao_institucional_recente,score_administrativo_transicao_recente,0,0,0.3,0.075,TRUE
ESC_040,43109071,EMEF PROF GILBERTO JORGE GONCALVES DA SILVA,ruti,administrativa,vinculo_assessoramento_nao_informado,score_administrativo_sem_vinculo,0,0,0.1,0.025,TRUE
ESC_040,43109071,EMEF PROF GILBERTO JORGE GONCALVES DA SILVA,ruti,educacional,baixa_participacao_relativa_2026,score_educacional_baixa_participacao,11.28282828282828,11.28282828282828,0.25,0.0625,TRUE
ESC_040,43109071,EMEF PROF GILBERTO JORGE GONCALVES DA SILVA,ruti,educacional,desempenho_relativo_2026,score_educacional_desempenho,31.71043771043771,31.71043771043771,0.5,0.125,TRUE
ESC_040,43109071,EMEF PROF GILBERTO JORGE GONCALVES DA SILVA,ruti,educacional,heterogeneidade_entre_series_2026,heterogeneidade_desempenho_bruta,29.50661398963858,87.03703703703704,0.15,0.0375,TRUE
ESC_040,43109071,EMEF PROF GILBERTO JORGE GONCALVES DA SILVA,ruti,educacional,instabilidade_composicao_comparavel,score_educacional_instabilidade_composicao,100,100,0.1,0.025,TRUE
ESC_040,43109071,EMEF PROF GILBERTO JORGE GONCALVES DA SILVA,ruti,estrutural,amplitude_tempo_integral,pct_matriculas_anos_iniciais_integral,100,94.54545454545455,0.1,0.025,TRUE
ESC_040,43109071,EMEF PROF GILBERTO JORGE GONCALVES DA SILVA,ruti,estrutural,dependencia_transporte_publico,pct_matriculas_transporte_publico,0,11.818181818181818,0.05,0.0125,TRUE
ESC_040,43109071,EMEF PROF GILBERTO JORGE GONCALVES DA SILVA,ruti,estrutural,infraestrutura_insuficiente,indice_infraestrutura_basica,80,79.0909090909091,0.3,0.075,TRUE
ESC_040,43109071,EMEF PROF GILBERTO JORGE GONCALVES DA SILVA,ruti,estrutural,participacao_educacao_especial,pct_matriculas_educacao_especial,18.867924528301888,100,0.2,0.05,TRUE
ESC_040,43109071,EMEF PROF GILBERTO JORGE GONCALVES DA SILVA,ruti,estrutural,pressao_alunos_por_docente,alunos_por_docente_anos_iniciais,5.7368421052631575,0,0.15,0.0375,TRUE
ESC_040,43109071,EMEF PROF GILBERTO JORGE GONCALVES DA SILVA,ruti,estrutural,pressao_alunos_por_turma,alunos_por_turma_anos_iniciais,21.8,28.703703703703702,0.2,0.05,TRUE
ESC_040,43109071,EMEF PROF GILBERTO JORGE GONCALVES DA SILVA,ruti,volume,amplitude_etapas_ofertadas,numero_etapas_amplas_ofertadas,3,42.72727272727273,0.15,0.0375,TRUE
ESC_040,43109071,EMEF PROF GILBERTO JORGE GONCALVES DA SILVA,ruti,volume,matriculas_anos_iniciais,matriculas_anos_iniciais,109,8.181818181818182,0.6,0.15,TRUE
ESC_040,43109071,EMEF PROF GILBERTO JORGE GONCALVES DA SILVA,ruti,volume,turmas_anos_iniciais,turmas_anos_iniciais_validas,5,5.555555555555555,0.25,0.0625,TRUE
ESC_041,43109055,EMEF PROF JUDITH MACEDO DE ARAUJO,graziela,administrativa,arranjo_institucional_especial,score_administrativo_arranjo_especial,0,0,0.4,0.1,TRUE
ESC_041,43109055,EMEF PROF JUDITH MACEDO DE ARAUJO,graziela,administrativa,historico_cadastral_ou_revisao,score_administrativo_historico_cadastral,0,0,0.2,0.05,TRUE
ESC_041,43109055,EMEF PROF JUDITH MACEDO DE ARAUJO,graziela,administrativa,transicao_institucional_recente,score_administrativo_transicao_recente,0,0,0.3,0.075,TRUE
ESC_041,43109055,EMEF PROF JUDITH MACEDO DE ARAUJO,graziela,administrativa,vinculo_assessoramento_nao_informado,score_administrativo_sem_vinculo,0,0,0.1,0.025,TRUE
ESC_041,43109055,EMEF PROF JUDITH MACEDO DE ARAUJO,graziela,educacional,baixa_participacao_relativa_2026,score_educacional_baixa_participacao,48.69023569023569,48.69023569023569,0.25,0.0625,TRUE
ESC_041,43109055,EMEF PROF JUDITH MACEDO DE ARAUJO,graziela,educacional,desempenho_relativo_2026,score_educacional_desempenho,53.562289562289564,53.562289562289564,0.5,0.125,TRUE
ESC_041,43109055,EMEF PROF JUDITH MACEDO DE ARAUJO,graziela,educacional,heterogeneidade_entre_series_2026,heterogeneidade_desempenho_bruta,28.14734917832462,83.33333333333333,0.15,0.0375,TRUE
ESC_041,43109055,EMEF PROF JUDITH MACEDO DE ARAUJO,graziela,educacional,instabilidade_composicao_comparavel,score_educacional_instabilidade_composicao,40,40,0.1,0.025,TRUE
ESC_041,43109055,EMEF PROF JUDITH MACEDO DE ARAUJO,graziela,estrutural,amplitude_tempo_integral,pct_matriculas_anos_iniciais_integral,14.168937329700272,54.54545454545455,0.1,0.025,TRUE
ESC_041,43109055,EMEF PROF JUDITH MACEDO DE ARAUJO,graziela,estrutural,dependencia_transporte_publico,pct_matriculas_transporte_publico,0,11.818181818181818,0.05,0.0125,TRUE
ESC_041,43109055,EMEF PROF JUDITH MACEDO DE ARAUJO,graziela,estrutural,infraestrutura_insuficiente,indice_infraestrutura_basica,100,22.727272727272734,0.3,0.075,TRUE
ESC_041,43109055,EMEF PROF JUDITH MACEDO DE ARAUJO,graziela,estrutural,participacao_educacao_especial,pct_matriculas_educacao_especial,6.004901960784314,9.090909090909092,0.2,0.05,TRUE
ESC_041,43109055,EMEF PROF JUDITH MACEDO DE ARAUJO,graziela,estrutural,pressao_alunos_por_docente,alunos_por_docente_anos_iniciais,19.31578947368421,85.18518518518519,0.15,0.0375,TRUE
ESC_041,43109055,EMEF PROF JUDITH MACEDO DE ARAUJO,graziela,estrutural,pressao_alunos_por_turma,alunos_por_turma_anos_iniciais,26.214285714285715,92.5925925925926,0.2,0.05,TRUE
ESC_041,43109055,EMEF PROF JUDITH MACEDO DE ARAUJO,graziela,volume,amplitude_etapas_ofertadas,numero_etapas_amplas_ofertadas,3,42.72727272727273,0.15,0.0375,TRUE
ESC_041,43109055,EMEF PROF JUDITH MACEDO DE ARAUJO,graziela,volume,matriculas_anos_iniciais,matriculas_anos_iniciais,367,45.45454545454545,0.6,0.15,TRUE
ESC_041,43109055,EMEF PROF JUDITH MACEDO DE ARAUJO,graziela,volume,turmas_anos_iniciais,turmas_anos_iniciais_validas,14,34.25925925925926,0.25,0.0625,TRUE
ESC_042,43109098,EMEF PROF LARRY JOSE RIBEIRO ALVES,amanda,administrativa,arranjo_institucional_especial,score_administrativo_arranjo_especial,0,0,0.4,0.1,TRUE
ESC_042,43109098,EMEF PROF LARRY JOSE RIBEIRO ALVES,amanda,administrativa,historico_cadastral_ou_revisao,score_administrativo_historico_cadastral,0,0,0.2,0.05,TRUE
ESC_042,43109098,EMEF PROF LARRY JOSE RIBEIRO ALVES,amanda,administrativa,transicao_institucional_recente,score_administrativo_transicao_recente,0,0,0.3,0.075,TRUE
ESC_042,43109098,EMEF PROF LARRY JOSE RIBEIRO ALVES,amanda,administrativa,vinculo_assessoramento_nao_informado,score_administrativo_sem_vinculo,0,0,0.1,0.025,TRUE
ESC_042,43109098,EMEF PROF LARRY JOSE RIBEIRO ALVES,amanda,educacional,baixa_participacao_relativa_2026,score_educacional_baixa_participacao,57.01010101010101,57.01010101010101,0.25,0.0625,TRUE
ESC_042,43109098,EMEF PROF LARRY JOSE RIBEIRO ALVES,amanda,educacional,desempenho_relativo_2026,score_educacional_desempenho,54.003367003367,54.003367003367,0.5,0.125,TRUE
ESC_042,43109098,EMEF PROF LARRY JOSE RIBEIRO ALVES,amanda,educacional,heterogeneidade_entre_series_2026,heterogeneidade_desempenho_bruta,28.13291598880842,81.48148148148148,0.15,0.0375,TRUE
ESC_042,43109098,EMEF PROF LARRY JOSE RIBEIRO ALVES,amanda,educacional,instabilidade_composicao_comparavel,score_educacional_instabilidade_composicao,20,20,0.1,0.025,TRUE
ESC_042,43109098,EMEF PROF LARRY JOSE RIBEIRO ALVES,amanda,estrutural,amplitude_tempo_integral,pct_matriculas_anos_iniciais_integral,21.19047619047619,69.0909090909091,0.1,0.025,TRUE
ESC_042,43109098,EMEF PROF LARRY JOSE RIBEIRO ALVES,amanda,estrutural,dependencia_transporte_publico,pct_matriculas_transporte_publico,4.424778761061947,80,0.05,0.0125,TRUE
ESC_042,43109098,EMEF PROF LARRY JOSE RIBEIRO ALVES,amanda,estrutural,infraestrutura_insuficiente,indice_infraestrutura_basica,100,22.727272727272734,0.3,0.075,TRUE
ESC_042,43109098,EMEF PROF LARRY JOSE RIBEIRO ALVES,amanda,estrutural,participacao_educacao_especial,pct_matriculas_educacao_especial,6.1946902654867255,16.363636363636363,0.2,0.05,TRUE
ESC_042,43109098,EMEF PROF LARRY JOSE RIBEIRO ALVES,amanda,estrutural,pressao_alunos_por_docente,alunos_por_docente_anos_iniciais,19.09090909090909,81.48148148148148,0.15,0.0375,TRUE
ESC_042,43109098,EMEF PROF LARRY JOSE RIBEIRO ALVES,amanda,estrutural,pressao_alunos_por_turma,alunos_por_turma_anos_iniciais,26.25,96.29629629629629,0.2,0.05,TRUE
ESC_042,43109098,EMEF PROF LARRY JOSE RIBEIRO ALVES,amanda,volume,amplitude_etapas_ofertadas,numero_etapas_amplas_ofertadas,2,11.818181818181818,0.15,0.0375,TRUE
ESC_042,43109098,EMEF PROF LARRY JOSE RIBEIRO ALVES,amanda,volume,matriculas_anos_iniciais,matriculas_anos_iniciais,420,58.18181818181818,0.6,0.15,TRUE
ESC_042,43109098,EMEF PROF LARRY JOSE RIBEIRO ALVES,amanda,volume,turmas_anos_iniciais,turmas_anos_iniciais_validas,16,47.22222222222222,0.25,0.0625,TRUE
ESC_043,43293050,EMEF RINCAO,jalize,administrativa,arranjo_institucional_especial,score_administrativo_arranjo_especial,0,0,0.4,0.1,TRUE
ESC_043,43293050,EMEF RINCAO,jalize,administrativa,historico_cadastral_ou_revisao,score_administrativo_historico_cadastral,0,0,0.2,0.05,TRUE
ESC_043,43293050,EMEF RINCAO,jalize,administrativa,transicao_institucional_recente,score_administrativo_transicao_recente,0,0,0.3,0.075,TRUE
ESC_043,43293050,EMEF RINCAO,jalize,administrativa,vinculo_assessoramento_nao_informado,score_administrativo_sem_vinculo,0,0,0.1,0.025,TRUE
ESC_043,43293050,EMEF RINCAO,jalize,educacional,baixa_participacao_relativa_2026,score_educacional_baixa_participacao,48.54208754208754,48.54208754208754,0.25,0.0625,TRUE
ESC_043,43293050,EMEF RINCAO,jalize,educacional,desempenho_relativo_2026,score_educacional_desempenho,33.78787878787879,33.78787878787879,0.5,0.125,TRUE
ESC_043,43293050,EMEF RINCAO,jalize,educacional,heterogeneidade_entre_series_2026,heterogeneidade_desempenho_bruta,32.34331630882548,92.5925925925926,0.15,0.0375,TRUE
ESC_043,43293050,EMEF RINCAO,jalize,educacional,instabilidade_composicao_comparavel,score_educacional_instabilidade_composicao,0,0,0.1,0.025,TRUE
ESC_043,43293050,EMEF RINCAO,jalize,estrutural,amplitude_tempo_integral,pct_matriculas_anos_iniciais_integral,0,10.909090909090908,0.1,0.025,TRUE
ESC_043,43293050,EMEF RINCAO,jalize,estrutural,dependencia_transporte_publico,pct_matriculas_transporte_publico,16.427104722792606,100,0.05,0.0125,TRUE
ESC_043,43293050,EMEF RINCAO,jalize,estrutural,infraestrutura_insuficiente,indice_infraestrutura_basica,80,79.0909090909091,0.3,0.075,TRUE
ESC_043,43293050,EMEF RINCAO,jalize,estrutural,participacao_educacao_especial,pct_matriculas_educacao_especial,10.061601642710473,78.18181818181819,0.2,0.05,TRUE
ESC_043,43293050,EMEF RINCAO,jalize,estrutural,pressao_alunos_por_docente,alunos_por_docente_anos_iniciais,15.882352941176473,55.55555555555556,0.15,0.0375,TRUE
ESC_043,43293050,EMEF RINCAO,jalize,estrutural,pressao_alunos_por_turma,alunos_por_turma_anos_iniciais,27,100,0.2,0.05,TRUE
ESC_043,43293050,EMEF RINCAO,jalize,volume,amplitude_etapas_ofertadas,numero_etapas_amplas_ofertadas,2,11.818181818181818,0.15,0.0375,TRUE
ESC_043,43293050,EMEF RINCAO,jalize,volume,matriculas_anos_iniciais,matriculas_anos_iniciais,270,34.54545454545455,0.6,0.15,TRUE
ESC_043,43293050,EMEF RINCAO,jalize,volume,turmas_anos_iniciais,turmas_anos_iniciais_validas,10,18.51851851851852,0.25,0.0625,TRUE
ESC_044,43167179,EMEF SAINT HILAIRE,andreia,administrativa,arranjo_institucional_especial,score_administrativo_arranjo_especial,0,0,0.4,0.1,TRUE
ESC_044,43167179,EMEF SAINT HILAIRE,andreia,administrativa,historico_cadastral_ou_revisao,score_administrativo_historico_cadastral,0,0,0.2,0.05,TRUE
ESC_044,43167179,EMEF SAINT HILAIRE,andreia,administrativa,transicao_institucional_recente,score_administrativo_transicao_recente,0,0,0.3,0.075,TRUE
ESC_044,43167179,EMEF SAINT HILAIRE,andreia,administrativa,vinculo_assessoramento_nao_informado,score_administrativo_sem_vinculo,0,0,0.1,0.025,TRUE
ESC_044,43167179,EMEF SAINT HILAIRE,andreia,educacional,baixa_participacao_relativa_2026,score_educacional_baixa_participacao,59.245791245791246,59.245791245791246,0.25,0.0625,TRUE
ESC_044,43167179,EMEF SAINT HILAIRE,andreia,educacional,desempenho_relativo_2026,score_educacional_desempenho,58.27609427609428,58.27609427609428,0.5,0.125,TRUE
ESC_044,43167179,EMEF SAINT HILAIRE,andreia,educacional,heterogeneidade_entre_series_2026,heterogeneidade_desempenho_bruta,21.382329116777882,53.7037037037037,0.15,0.0375,TRUE
ESC_044,43167179,EMEF SAINT HILAIRE,andreia,educacional,instabilidade_composicao_comparavel,score_educacional_instabilidade_composicao,60,60,0.1,0.025,TRUE
ESC_044,43167179,EMEF SAINT HILAIRE,andreia,estrutural,amplitude_tempo_integral,pct_matriculas_anos_iniciais_integral,5.668016194331984,36.36363636363637,0.1,0.025,TRUE
ESC_044,43167179,EMEF SAINT HILAIRE,andreia,estrutural,dependencia_transporte_publico,pct_matriculas_transporte_publico,3.5175879396984926,72.72727272727273,0.05,0.0125,TRUE
ESC_044,43167179,EMEF SAINT HILAIRE,andreia,estrutural,infraestrutura_insuficiente,indice_infraestrutura_basica,90,58.18181818181818,0.3,0.075,TRUE
ESC_044,43167179,EMEF SAINT HILAIRE,andreia,estrutural,participacao_educacao_especial,pct_matriculas_educacao_especial,12.261306532663315,90.9090909090909,0.2,0.05,TRUE
ESC_044,43167179,EMEF SAINT HILAIRE,andreia,estrutural,pressao_alunos_por_docente,alunos_por_docente_anos_iniciais,16.466666666666665,62.96296296296296,0.15,0.0375,TRUE
ESC_044,43167179,EMEF SAINT HILAIRE,andreia,estrutural,pressao_alunos_por_turma,alunos_por_turma_anos_iniciais,22.454545454545453,41.666666666666664,0.2,0.05,TRUE
ESC_044,43167179,EMEF SAINT HILAIRE,andreia,volume,amplitude_etapas_ofertadas,numero_etapas_amplas_ofertadas,4,83.63636363636364,0.15,0.0375,TRUE
ESC_044,43167179,EMEF SAINT HILAIRE,andreia,volume,matriculas_anos_iniciais,matriculas_anos_iniciais,494,76.36363636363636,0.6,0.15,TRUE
ESC_044,43167179,EMEF SAINT HILAIRE,andreia,volume,turmas_anos_iniciais,turmas_anos_iniciais_validas,22,87.96296296296296,0.25,0.0625,TRUE
ESC_045,43167535,EMEF SAO PEDRO,marian,administrativa,arranjo_institucional_especial,score_administrativo_arranjo_especial,0,0,0.4,0.1,TRUE
ESC_045,43167535,EMEF SAO PEDRO,marian,administrativa,historico_cadastral_ou_revisao,score_administrativo_historico_cadastral,0,0,0.2,0.05,TRUE
ESC_045,43167535,EMEF SAO PEDRO,marian,administrativa,transicao_institucional_recente,score_administrativo_transicao_recente,0,0,0.3,0.075,TRUE
ESC_045,43167535,EMEF SAO PEDRO,marian,administrativa,vinculo_assessoramento_nao_informado,score_administrativo_sem_vinculo,0,0,0.1,0.025,TRUE
ESC_045,43167535,EMEF SAO PEDRO,marian,educacional,baixa_participacao_relativa_2026,score_educacional_baixa_participacao,66.13804713804714,66.13804713804714,0.25,0.0625,TRUE
ESC_045,43167535,EMEF SAO PEDRO,marian,educacional,desempenho_relativo_2026,score_educacional_desempenho,53.734006734006734,53.734006734006734,0.5,0.125,TRUE
ESC_045,43167535,EMEF SAO PEDRO,marian,educacional,heterogeneidade_entre_series_2026,heterogeneidade_desempenho_bruta,17.021473341203524,40.74074074074074,0.15,0.0375,TRUE
ESC_045,43167535,EMEF SAO PEDRO,marian,educacional,instabilidade_composicao_comparavel,score_educacional_instabilidade_composicao,60,60,0.1,0.025,TRUE
ESC_045,43167535,EMEF SAO PEDRO,marian,estrutural,amplitude_tempo_integral,pct_matriculas_anos_iniciais_integral,5.031446540880503,34.54545454545455,0.1,0.025,TRUE
ESC_045,43167535,EMEF SAO PEDRO,marian,estrutural,dependencia_transporte_publico,pct_matriculas_transporte_publico,5.029585798816568,85.45454545454545,0.05,0.0125,TRUE
ESC_045,43167535,EMEF SAO PEDRO,marian,estrutural,infraestrutura_insuficiente,indice_infraestrutura_basica,100,22.727272727272734,0.3,0.075,TRUE
ESC_045,43167535,EMEF SAO PEDRO,marian,estrutural,participacao_educacao_especial,pct_matriculas_educacao_especial,6.70611439842209,27.272727272727273,0.2,0.05,TRUE
ESC_045,43167535,EMEF SAO PEDRO,marian,estrutural,pressao_alunos_por_docente,alunos_por_docente_anos_iniciais,15.387096774193548,44.44444444444444,0.15,0.0375,TRUE
ESC_045,43167535,EMEF SAO PEDRO,marian,estrutural,pressao_alunos_por_turma,alunos_por_turma_anos_iniciais,21.681818181818183,24.074074074074073,0.2,0.05,TRUE
ESC_045,43167535,EMEF SAO PEDRO,marian,volume,amplitude_etapas_ofertadas,numero_etapas_amplas_ofertadas,4,83.63636363636364,0.15,0.0375,TRUE
ESC_045,43167535,EMEF SAO PEDRO,marian,volume,matriculas_anos_iniciais,matriculas_anos_iniciais,477,71.81818181818181,0.6,0.15,TRUE
ESC_045,43167535,EMEF SAO PEDRO,marian,volume,turmas_anos_iniciais,turmas_anos_iniciais_validas,22,87.96296296296296,0.25,0.0625,TRUE
ESC_046,43107842,EMEF SEN ALBERTO PASQUALINI,julia,administrativa,arranjo_institucional_especial,score_administrativo_arranjo_especial,0,0,0.4,0.1,TRUE
ESC_046,43107842,EMEF SEN ALBERTO PASQUALINI,julia,administrativa,historico_cadastral_ou_revisao,score_administrativo_historico_cadastral,0,0,0.2,0.05,TRUE
ESC_046,43107842,EMEF SEN ALBERTO PASQUALINI,julia,administrativa,transicao_institucional_recente,score_administrativo_transicao_recente,0,0,0.3,0.075,TRUE
ESC_046,43107842,EMEF SEN ALBERTO PASQUALINI,julia,administrativa,vinculo_assessoramento_nao_informado,score_administrativo_sem_vinculo,0,0,0.1,0.025,TRUE
ESC_046,43107842,EMEF SEN ALBERTO PASQUALINI,julia,educacional,baixa_participacao_relativa_2026,score_educacional_baixa_participacao,76.74074074074073,76.74074074074073,0.25,0.0625,TRUE
ESC_046,43107842,EMEF SEN ALBERTO PASQUALINI,julia,educacional,desempenho_relativo_2026,score_educacional_desempenho,44.97979797979798,44.97979797979798,0.5,0.125,TRUE
ESC_046,43107842,EMEF SEN ALBERTO PASQUALINI,julia,educacional,heterogeneidade_entre_series_2026,heterogeneidade_desempenho_bruta,28.322226347068227,85.18518518518519,0.15,0.0375,TRUE
ESC_046,43107842,EMEF SEN ALBERTO PASQUALINI,julia,educacional,instabilidade_composicao_comparavel,score_educacional_instabilidade_composicao,40,40,0.1,0.025,TRUE
ESC_046,43107842,EMEF SEN ALBERTO PASQUALINI,julia,estrutural,amplitude_tempo_integral,pct_matriculas_anos_iniciais_integral,17.94392523364486,60,0.1,0.025,TRUE
ESC_046,43107842,EMEF SEN ALBERTO PASQUALINI,julia,estrutural,dependencia_transporte_publico,pct_matriculas_transporte_publico,4.72263868065967,81.81818181818181,0.05,0.0125,TRUE
ESC_046,43107842,EMEF SEN ALBERTO PASQUALINI,julia,estrutural,infraestrutura_insuficiente,indice_infraestrutura_basica,90,58.18181818181818,0.3,0.075,TRUE
ESC_046,43107842,EMEF SEN ALBERTO PASQUALINI,julia,estrutural,participacao_educacao_especial,pct_matriculas_educacao_especial,9.370314842578711,67.27272727272727,0.2,0.05,TRUE
ESC_046,43107842,EMEF SEN ALBERTO PASQUALINI,julia,estrutural,pressao_alunos_por_docente,alunos_por_docente_anos_iniciais,16.71875,66.66666666666667,0.15,0.0375,TRUE
ESC_046,43107842,EMEF SEN ALBERTO PASQUALINI,julia,estrutural,pressao_alunos_por_turma,alunos_por_turma_anos_iniciais,25.47619047619047,77.77777777777777,0.2,0.05,TRUE
ESC_046,43107842,EMEF SEN ALBERTO PASQUALINI,julia,volume,amplitude_etapas_ofertadas,numero_etapas_amplas_ofertadas,3,42.72727272727273,0.15,0.0375,TRUE
ESC_046,43107842,EMEF SEN ALBERTO PASQUALINI,julia,volume,matriculas_anos_iniciais,matriculas_anos_iniciais,535,85.45454545454545,0.6,0.15,TRUE
ESC_046,43107842,EMEF SEN ALBERTO PASQUALINI,julia,volume,turmas_anos_iniciais,turmas_anos_iniciais_validas,21,77.77777777777777,0.25,0.0625,TRUE
ESC_047,43189253,EMEF TIMBAUVA,nathalia,administrativa,arranjo_institucional_especial,score_administrativo_arranjo_especial,0,0,0.4,0.1,TRUE
ESC_047,43189253,EMEF TIMBAUVA,nathalia,administrativa,historico_cadastral_ou_revisao,score_administrativo_historico_cadastral,0,0,0.2,0.05,TRUE
ESC_047,43189253,EMEF TIMBAUVA,nathalia,administrativa,transicao_institucional_recente,score_administrativo_transicao_recente,0,0,0.3,0.075,TRUE
ESC_047,43189253,EMEF TIMBAUVA,nathalia,administrativa,vinculo_assessoramento_nao_informado,score_administrativo_sem_vinculo,0,0,0.1,0.025,TRUE
ESC_047,43189253,EMEF TIMBAUVA,nathalia,educacional,baixa_participacao_relativa_2026,score_educacional_baixa_participacao,10.693602693602696,10.693602693602696,0.25,0.0625,TRUE
ESC_047,43189253,EMEF TIMBAUVA,nathalia,educacional,desempenho_relativo_2026,score_educacional_desempenho,28.703703703703706,28.703703703703706,0.5,0.125,TRUE
ESC_047,43189253,EMEF TIMBAUVA,nathalia,educacional,heterogeneidade_entre_series_2026,heterogeneidade_desempenho_bruta,23.442572039207707,64.81481481481481,0.15,0.0375,TRUE
ESC_047,43189253,EMEF TIMBAUVA,nathalia,educacional,instabilidade_composicao_comparavel,score_educacional_instabilidade_composicao,100,100,0.1,0.025,TRUE
ESC_047,43189253,EMEF TIMBAUVA,nathalia,estrutural,amplitude_tempo_integral,pct_matriculas_anos_iniciais_integral,30.878186968838527,78.18181818181819,0.1,0.025,TRUE
ESC_047,43189253,EMEF TIMBAUVA,nathalia,estrutural,dependencia_transporte_publico,pct_matriculas_transporte_publico,0.14084507042253522,25.454545454545453,0.05,0.0125,TRUE
ESC_047,43189253,EMEF TIMBAUVA,nathalia,estrutural,infraestrutura_insuficiente,indice_infraestrutura_basica,80,79.0909090909091,0.3,0.075,TRUE
ESC_047,43189253,EMEF TIMBAUVA,nathalia,estrutural,participacao_educacao_especial,pct_matriculas_educacao_especial,9.295774647887324,65.45454545454545,0.2,0.05,TRUE
ESC_047,43189253,EMEF TIMBAUVA,nathalia,estrutural,pressao_alunos_por_docente,alunos_por_docente_anos_iniciais,16.045454545454547,59.25925925925926,0.15,0.0375,TRUE
ESC_047,43189253,EMEF TIMBAUVA,nathalia,estrutural,pressao_alunos_por_turma,alunos_por_turma_anos_iniciais,23.533333333333335,55.55555555555556,0.2,0.05,TRUE
ESC_047,43189253,EMEF TIMBAUVA,nathalia,volume,amplitude_etapas_ofertadas,numero_etapas_amplas_ofertadas,3,42.72727272727273,0.15,0.0375,TRUE
ESC_047,43189253,EMEF TIMBAUVA,nathalia,volume,matriculas_anos_iniciais,matriculas_anos_iniciais,353,41.81818181818182,0.6,0.15,TRUE
ESC_047,43189253,EMEF TIMBAUVA,nathalia,volume,turmas_anos_iniciais,turmas_anos_iniciais_validas,15,39.81481481481482,0.25,0.0625,TRUE
ESC_048,43172482,EMEF VER ANTONIO GIUDICE,clarissa,administrativa,arranjo_institucional_especial,score_administrativo_arranjo_especial,0,0,0.4,0.1,TRUE
ESC_048,43172482,EMEF VER ANTONIO GIUDICE,clarissa,administrativa,historico_cadastral_ou_revisao,score_administrativo_historico_cadastral,0,0,0.2,0.05,TRUE
ESC_048,43172482,EMEF VER ANTONIO GIUDICE,clarissa,administrativa,transicao_institucional_recente,score_administrativo_transicao_recente,0,0,0.3,0.075,TRUE
ESC_048,43172482,EMEF VER ANTONIO GIUDICE,clarissa,administrativa,vinculo_assessoramento_nao_informado,score_administrativo_sem_vinculo,0,0,0.1,0.025,TRUE
ESC_048,43172482,EMEF VER ANTONIO GIUDICE,clarissa,educacional,baixa_participacao_relativa_2026,score_educacional_baixa_participacao,33.58922558922559,33.58922558922559,0.25,0.0625,TRUE
ESC_048,43172482,EMEF VER ANTONIO GIUDICE,clarissa,educacional,desempenho_relativo_2026,score_educacional_desempenho,20.595959595959595,20.595959595959595,0.5,0.125,TRUE
ESC_048,43172482,EMEF VER ANTONIO GIUDICE,clarissa,educacional,heterogeneidade_entre_series_2026,heterogeneidade_desempenho_bruta,10.872023371903168,20.37037037037037,0.15,0.0375,TRUE
ESC_048,43172482,EMEF VER ANTONIO GIUDICE,clarissa,educacional,instabilidade_composicao_comparavel,score_educacional_instabilidade_composicao,80,80,0.1,0.025,TRUE
ESC_048,43172482,EMEF VER ANTONIO GIUDICE,clarissa,estrutural,amplitude_tempo_integral,pct_matriculas_anos_iniciais_integral,0,10.909090909090908,0.1,0.025,TRUE
ESC_048,43172482,EMEF VER ANTONIO GIUDICE,clarissa,estrutural,dependencia_transporte_publico,pct_matriculas_transporte_publico,12.817904374364192,98.18181818181819,0.05,0.0125,TRUE
ESC_048,43172482,EMEF VER ANTONIO GIUDICE,clarissa,estrutural,infraestrutura_insuficiente,indice_infraestrutura_basica,100,22.727272727272734,0.3,0.075,TRUE
ESC_048,43172482,EMEF VER ANTONIO GIUDICE,clarissa,estrutural,participacao_educacao_especial,pct_matriculas_educacao_especial,9.766022380467955,72.72727272727273,0.2,0.05,TRUE
ESC_048,43172482,EMEF VER ANTONIO GIUDICE,clarissa,estrutural,pressao_alunos_por_docente,alunos_por_docente_anos_iniciais,14.962962962962964,42.592592592592595,0.15,0.0375,TRUE
ESC_048,43172482,EMEF VER ANTONIO GIUDICE,clarissa,estrutural,pressao_alunos_por_turma,alunos_por_turma_anos_iniciais,22.444444444444443,38.888888888888886,0.2,0.05,TRUE
ESC_048,43172482,EMEF VER ANTONIO GIUDICE,clarissa,volume,amplitude_etapas_ofertadas,numero_etapas_amplas_ofertadas,3,42.72727272727273,0.15,0.0375,TRUE
ESC_048,43172482,EMEF VER ANTONIO GIUDICE,clarissa,volume,matriculas_anos_iniciais,matriculas_anos_iniciais,404,52.72727272727273,0.6,0.15,TRUE
ESC_048,43172482,EMEF VER ANTONIO GIUDICE,clarissa,volume,turmas_anos_iniciais,turmas_anos_iniciais_validas,18,55.55555555555556,0.25,0.0625,TRUE
ESC_049,43109080,EMEF VER CARLOS PESSOA DE BRUM,priscila,administrativa,arranjo_institucional_especial,score_administrativo_arranjo_especial,0,0,0.4,0.1,TRUE
ESC_049,43109080,EMEF VER CARLOS PESSOA DE BRUM,priscila,administrativa,historico_cadastral_ou_revisao,score_administrativo_historico_cadastral,0,0,0.2,0.05,TRUE
ESC_049,43109080,EMEF VER CARLOS PESSOA DE BRUM,priscila,administrativa,transicao_institucional_recente,score_administrativo_transicao_recente,0,0,0.3,0.075,TRUE
ESC_049,43109080,EMEF VER CARLOS PESSOA DE BRUM,priscila,administrativa,vinculo_assessoramento_nao_informado,score_administrativo_sem_vinculo,0,0,0.1,0.025,TRUE
ESC_049,43109080,EMEF VER CARLOS PESSOA DE BRUM,priscila,educacional,baixa_participacao_relativa_2026,score_educacional_baixa_participacao,86.41077441077441,86.41077441077441,0.25,0.0625,TRUE
ESC_049,43109080,EMEF VER CARLOS PESSOA DE BRUM,priscila,educacional,desempenho_relativo_2026,score_educacional_desempenho,85.76767676767676,85.76767676767676,0.5,0.125,TRUE
ESC_049,43109080,EMEF VER CARLOS PESSOA DE BRUM,priscila,educacional,heterogeneidade_entre_series_2026,heterogeneidade_desempenho_bruta,11.124313653985125,24.074074074074073,0.15,0.0375,TRUE
ESC_049,43109080,EMEF VER CARLOS PESSOA DE BRUM,priscila,educacional,instabilidade_composicao_comparavel,score_educacional_instabilidade_composicao,80,80,0.1,0.025,TRUE
ESC_049,43109080,EMEF VER CARLOS PESSOA DE BRUM,priscila,estrutural,amplitude_tempo_integral,pct_matriculas_anos_iniciais_integral,36.23693379790941,83.63636363636364,0.1,0.025,TRUE
ESC_049,43109080,EMEF VER CARLOS PESSOA DE BRUM,priscila,estrutural,dependencia_transporte_publico,pct_matriculas_transporte_publico,3.061224489795918,58.18181818181818,0.05,0.0125,TRUE
ESC_049,43109080,EMEF VER CARLOS PESSOA DE BRUM,priscila,estrutural,infraestrutura_insuficiente,indice_infraestrutura_basica,90,58.18181818181818,0.3,0.075,TRUE
ESC_049,43109080,EMEF VER CARLOS PESSOA DE BRUM,priscila,estrutural,participacao_educacao_especial,pct_matriculas_educacao_especial,6.63265306122449,25.454545454545453,0.2,0.05,TRUE
ESC_049,43109080,EMEF VER CARLOS PESSOA DE BRUM,priscila,estrutural,pressao_alunos_por_docente,alunos_por_docente_anos_iniciais,22.96,98.14814814814815,0.15,0.0375,TRUE
ESC_049,43109080,EMEF VER CARLOS PESSOA DE BRUM,priscila,estrutural,pressao_alunos_por_turma,alunos_por_turma_anos_iniciais,26.09090909090909,88.88888888888889,0.2,0.05,TRUE
ESC_049,43109080,EMEF VER CARLOS PESSOA DE BRUM,priscila,volume,amplitude_etapas_ofertadas,numero_etapas_amplas_ofertadas,4,83.63636363636364,0.15,0.0375,TRUE
ESC_049,43109080,EMEF VER CARLOS PESSOA DE BRUM,priscila,volume,matriculas_anos_iniciais,matriculas_anos_iniciais,574,94.54545454545455,0.6,0.15,TRUE
ESC_049,43109080,EMEF VER CARLOS PESSOA DE BRUM,priscila,volume,turmas_anos_iniciais,turmas_anos_iniciais_validas,22,87.96296296296296,0.25,0.0625,TRUE
ESC_050,43109101,EMEF VER MARTIM ARANHA,priscila,administrativa,arranjo_institucional_especial,score_administrativo_arranjo_especial,0,0,0.4,0.1,TRUE
ESC_050,43109101,EMEF VER MARTIM ARANHA,priscila,administrativa,historico_cadastral_ou_revisao,score_administrativo_historico_cadastral,0,0,0.2,0.05,TRUE
ESC_050,43109101,EMEF VER MARTIM ARANHA,priscila,administrativa,transicao_institucional_recente,score_administrativo_transicao_recente,0,0,0.3,0.075,TRUE
ESC_050,43109101,EMEF VER MARTIM ARANHA,priscila,administrativa,vinculo_assessoramento_nao_informado,score_administrativo_sem_vinculo,0,0,0.1,0.025,TRUE
ESC_050,43109101,EMEF VER MARTIM ARANHA,priscila,educacional,baixa_participacao_relativa_2026,score_educacional_baixa_participacao,70.13468013468014,70.13468013468014,0.25,0.0625,TRUE
ESC_050,43109101,EMEF VER MARTIM ARANHA,priscila,educacional,desempenho_relativo_2026,score_educacional_desempenho,74.27609427609428,74.27609427609428,0.5,0.125,TRUE
ESC_050,43109101,EMEF VER MARTIM ARANHA,priscila,educacional,heterogeneidade_entre_series_2026,heterogeneidade_desempenho_bruta,25.838775753023977,74.07407407407408,0.15,0.0375,TRUE
ESC_050,43109101,EMEF VER MARTIM ARANHA,priscila,educacional,instabilidade_composicao_comparavel,score_educacional_instabilidade_composicao,60,60,0.1,0.025,TRUE
ESC_050,43109101,EMEF VER MARTIM ARANHA,priscila,estrutural,amplitude_tempo_integral,pct_matriculas_anos_iniciais_integral,21.62162162162162,70.9090909090909,0.1,0.025,TRUE
ESC_050,43109101,EMEF VER MARTIM ARANHA,priscila,estrutural,dependencia_transporte_publico,pct_matriculas_transporte_publico,1.8005540166204983,54.54545454545455,0.05,0.0125,TRUE
ESC_050,43109101,EMEF VER MARTIM ARANHA,priscila,estrutural,infraestrutura_insuficiente,indice_infraestrutura_basica,90,58.18181818181818,0.3,0.075,TRUE
ESC_050,43109101,EMEF VER MARTIM ARANHA,priscila,estrutural,participacao_educacao_especial,pct_matriculas_educacao_especial,10.66481994459834,81.81818181818181,0.2,0.05,TRUE
ESC_050,43109101,EMEF VER MARTIM ARANHA,priscila,estrutural,pressao_alunos_por_docente,alunos_por_docente_anos_iniciais,16.65,64.81481481481481,0.15,0.0375,TRUE
ESC_050,43109101,EMEF VER MARTIM ARANHA,priscila,estrutural,pressao_alunos_por_turma,alunos_por_turma_anos_iniciais,22.2,35.18518518518518,0.2,0.05,TRUE
ESC_050,43109101,EMEF VER MARTIM ARANHA,priscila,volume,amplitude_etapas_ofertadas,numero_etapas_amplas_ofertadas,4,83.63636363636364,0.15,0.0375,TRUE
ESC_050,43109101,EMEF VER MARTIM ARANHA,priscila,volume,matriculas_anos_iniciais,matriculas_anos_iniciais,333,38.18181818181818,0.6,0.15,TRUE
ESC_050,43109101,EMEF VER MARTIM ARANHA,priscila,volume,turmas_anos_iniciais,turmas_anos_iniciais_validas,15,39.81481481481482,0.25,0.0625,TRUE
ESC_051,43175120,EMEF VILA MONTE CRISTO,graziela,administrativa,arranjo_institucional_especial,score_administrativo_arranjo_especial,0,0,0.4,0.1,TRUE
ESC_051,43175120,EMEF VILA MONTE CRISTO,graziela,administrativa,historico_cadastral_ou_revisao,score_administrativo_historico_cadastral,0,0,0.2,0.05,TRUE
ESC_051,43175120,EMEF VILA MONTE CRISTO,graziela,administrativa,transicao_institucional_recente,score_administrativo_transicao_recente,0,0,0.3,0.075,TRUE
ESC_051,43175120,EMEF VILA MONTE CRISTO,graziela,administrativa,vinculo_assessoramento_nao_informado,score_administrativo_sem_vinculo,0,0,0.1,0.025,TRUE
ESC_051,43175120,EMEF VILA MONTE CRISTO,graziela,educacional,baixa_participacao_relativa_2026,score_educacional_baixa_participacao,45.8989898989899,45.8989898989899,0.25,0.0625,TRUE
ESC_051,43175120,EMEF VILA MONTE CRISTO,graziela,educacional,desempenho_relativo_2026,score_educacional_desempenho,38.92255892255892,38.92255892255892,0.5,0.125,TRUE
ESC_051,43175120,EMEF VILA MONTE CRISTO,graziela,educacional,heterogeneidade_entre_series_2026,heterogeneidade_desempenho_bruta,23.13311418745126,61.111111111111114,0.15,0.0375,TRUE
ESC_051,43175120,EMEF VILA MONTE CRISTO,graziela,educacional,instabilidade_composicao_comparavel,score_educacional_instabilidade_composicao,100,100,0.1,0.025,TRUE
ESC_051,43175120,EMEF VILA MONTE CRISTO,graziela,estrutural,amplitude_tempo_integral,pct_matriculas_anos_iniciais_integral,6.387665198237886,40,0.1,0.025,TRUE
ESC_051,43175120,EMEF VILA MONTE CRISTO,graziela,estrutural,dependencia_transporte_publico,pct_matriculas_transporte_publico,3.4926470588235294,69.0909090909091,0.05,0.0125,TRUE
ESC_051,43175120,EMEF VILA MONTE CRISTO,graziela,estrutural,infraestrutura_insuficiente,indice_infraestrutura_basica,70,92.72727272727273,0.3,0.075,TRUE
ESC_051,43175120,EMEF VILA MONTE CRISTO,graziela,estrutural,participacao_educacao_especial,pct_matriculas_educacao_especial,11.580882352941176,87.27272727272727,0.2,0.05,TRUE
ESC_051,43175120,EMEF VILA MONTE CRISTO,graziela,estrutural,pressao_alunos_por_docente,alunos_por_docente_anos_iniciais,15.655172413793103,50,0.15,0.0375,TRUE
ESC_051,43175120,EMEF VILA MONTE CRISTO,graziela,estrutural,pressao_alunos_por_turma,alunos_por_turma_anos_iniciais,22.7,46.2962962962963,0.2,0.05,TRUE
ESC_051,43175120,EMEF VILA MONTE CRISTO,graziela,volume,amplitude_etapas_ofertadas,numero_etapas_amplas_ofertadas,4,83.63636363636364,0.15,0.0375,TRUE
ESC_051,43175120,EMEF VILA MONTE CRISTO,graziela,volume,matriculas_anos_iniciais,matriculas_anos_iniciais,454,63.63636363636363,0.6,0.15,TRUE
ESC_051,43175120,EMEF VILA MONTE CRISTO,graziela,volume,turmas_anos_iniciais,turmas_anos_iniciais_validas,20,69.44444444444444,0.25,0.0625,TRUE
ESC_052,43173721,EMEF WENCESLAU FONTOURA,eliane,administrativa,arranjo_institucional_especial,score_administrativo_arranjo_especial,0,0,0.4,0.1,TRUE
ESC_052,43173721,EMEF WENCESLAU FONTOURA,eliane,administrativa,historico_cadastral_ou_revisao,score_administrativo_historico_cadastral,0,0,0.2,0.05,TRUE
ESC_052,43173721,EMEF WENCESLAU FONTOURA,eliane,administrativa,transicao_institucional_recente,score_administrativo_transicao_recente,0,0,0.3,0.075,TRUE
ESC_052,43173721,EMEF WENCESLAU FONTOURA,eliane,administrativa,vinculo_assessoramento_nao_informado,score_administrativo_sem_vinculo,0,0,0.1,0.025,TRUE
ESC_052,43173721,EMEF WENCESLAU FONTOURA,eliane,educacional,baixa_participacao_relativa_2026,score_educacional_baixa_participacao,26.956228956228955,26.956228956228955,0.25,0.0625,TRUE
ESC_052,43173721,EMEF WENCESLAU FONTOURA,eliane,educacional,desempenho_relativo_2026,score_educacional_desempenho,57.56565656565657,57.56565656565657,0.5,0.125,TRUE
ESC_052,43173721,EMEF WENCESLAU FONTOURA,eliane,educacional,heterogeneidade_entre_series_2026,heterogeneidade_desempenho_bruta,30.53055622753498,88.88888888888889,0.15,0.0375,TRUE
ESC_052,43173721,EMEF WENCESLAU FONTOURA,eliane,educacional,instabilidade_composicao_comparavel,score_educacional_instabilidade_composicao,100,100,0.1,0.025,TRUE
ESC_052,43173721,EMEF WENCESLAU FONTOURA,eliane,estrutural,amplitude_tempo_integral,pct_matriculas_anos_iniciais_integral,34.75336322869955,80,0.1,0.025,TRUE
ESC_052,43173721,EMEF WENCESLAU FONTOURA,eliane,estrutural,dependencia_transporte_publico,pct_matriculas_transporte_publico,0.5868544600938967,34.54545454545455,0.05,0.0125,TRUE
ESC_052,43173721,EMEF WENCESLAU FONTOURA,eliane,estrutural,infraestrutura_insuficiente,indice_infraestrutura_basica,90,58.18181818181818,0.3,0.075,TRUE
ESC_052,43173721,EMEF WENCESLAU FONTOURA,eliane,estrutural,participacao_educacao_especial,pct_matriculas_educacao_especial,9.976525821596244,76.36363636363636,0.2,0.05,TRUE
ESC_052,43173721,EMEF WENCESLAU FONTOURA,eliane,estrutural,pressao_alunos_por_docente,alunos_por_docente_anos_iniciais,17.84,70.37037037037037,0.15,0.0375,TRUE
ESC_052,43173721,EMEF WENCESLAU FONTOURA,eliane,estrutural,pressao_alunos_por_turma,alunos_por_turma_anos_iniciais,26.235294117647054,94.44444444444444,0.2,0.05,TRUE
ESC_052,43173721,EMEF WENCESLAU FONTOURA,eliane,volume,amplitude_etapas_ofertadas,numero_etapas_amplas_ofertadas,3,42.72727272727273,0.15,0.0375,TRUE
ESC_052,43173721,EMEF WENCESLAU FONTOURA,eliane,volume,matriculas_anos_iniciais,matriculas_anos_iniciais,446,61.81818181818182,0.6,0.15,TRUE
ESC_052,43173721,EMEF WENCESLAU FONTOURA,eliane,volume,turmas_anos_iniciais,turmas_anos_iniciais_validas,17,51.851851851851855,0.25,0.0625,TRUE
ESC_053,43105246,EMEM EMILIO MEYER,ruti,administrativa,arranjo_institucional_especial,score_administrativo_arranjo_especial,0,0,0.4,0.1,TRUE
ESC_053,43105246,EMEM EMILIO MEYER,ruti,administrativa,historico_cadastral_ou_revisao,score_administrativo_historico_cadastral,0,0,0.2,0.05,TRUE
ESC_053,43105246,EMEM EMILIO MEYER,ruti,administrativa,transicao_institucional_recente,score_administrativo_transicao_recente,0,0,0.3,0.075,TRUE
ESC_053,43105246,EMEM EMILIO MEYER,ruti,administrativa,vinculo_assessoramento_nao_informado,score_administrativo_sem_vinculo,0,0,0.1,0.025,TRUE
ESC_053,43105246,EMEM EMILIO MEYER,ruti,educacional,baixa_participacao_relativa_2026,score_educacional_baixa_participacao,52.79124579124579,52.79124579124579,0.25,0.0625,TRUE
ESC_053,43105246,EMEM EMILIO MEYER,ruti,educacional,desempenho_relativo_2026,score_educacional_desempenho,64.73737373737373,64.73737373737373,0.5,0.125,TRUE
ESC_053,43105246,EMEM EMILIO MEYER,ruti,educacional,heterogeneidade_entre_series_2026,heterogeneidade_desempenho_bruta,7.833319041827388,9.25925925925926,0.15,0.0375,TRUE
ESC_053,43105246,EMEM EMILIO MEYER,ruti,educacional,instabilidade_composicao_comparavel,score_educacional_instabilidade_composicao,20,20,0.1,0.025,TRUE
ESC_053,43105246,EMEM EMILIO MEYER,ruti,estrutural,amplitude_tempo_integral,pct_matriculas_anos_iniciais_integral,0.7957559681697612,29.09090909090909,0.1,0.025,TRUE
ESC_053,43105246,EMEM EMILIO MEYER,ruti,estrutural,dependencia_transporte_publico,pct_matriculas_transporte_publico,4.854368932038835,83.63636363636364,0.05,0.0125,TRUE
ESC_053,43105246,EMEM EMILIO MEYER,ruti,estrutural,infraestrutura_insuficiente,indice_infraestrutura_basica,90,58.18181818181818,0.3,0.075,TRUE
ESC_053,43105246,EMEM EMILIO MEYER,ruti,estrutural,participacao_educacao_especial,pct_matriculas_educacao_especial,9.70873786407767,69.0909090909091,0.2,0.05,TRUE
ESC_053,43105246,EMEM EMILIO MEYER,ruti,estrutural,pressao_alunos_por_docente,alunos_por_docente_anos_iniciais,13.962962962962964,31.48148148148148,0.15,0.0375,TRUE
ESC_053,43105246,EMEM EMILIO MEYER,ruti,estrutural,pressao_alunos_por_turma,alunos_por_turma_anos_iniciais,20.944444444444443,18.51851851851852,0.2,0.05,TRUE
ESC_053,43105246,EMEM EMILIO MEYER,ruti,volume,amplitude_etapas_ofertadas,numero_etapas_amplas_ofertadas,3,42.72727272727273,0.15,0.0375,TRUE
ESC_053,43105246,EMEM EMILIO MEYER,ruti,volume,matriculas_anos_iniciais,matriculas_anos_iniciais,377,48.18181818181818,0.6,0.15,TRUE
ESC_053,43105246,EMEM EMILIO MEYER,ruti,volume,turmas_anos_iniciais,turmas_anos_iniciais_validas,18,55.55555555555556,0.25,0.0625,TRUE
ESC_054,43106668,ESC EST ENS FUN PROFESSORA LEOPOLDA BARNEWITZ,julia,administrativa,arranjo_institucional_especial,score_administrativo_arranjo_especial,100,100,0.4,0.1,TRUE
ESC_054,43106668,ESC EST ENS FUN PROFESSORA LEOPOLDA BARNEWITZ,julia,administrativa,historico_cadastral_ou_revisao,score_administrativo_historico_cadastral,100,100,0.2,0.05,TRUE
ESC_054,43106668,ESC EST ENS FUN PROFESSORA LEOPOLDA BARNEWITZ,julia,administrativa,transicao_institucional_recente,score_administrativo_transicao_recente,100,100,0.3,0.075,TRUE
ESC_054,43106668,ESC EST ENS FUN PROFESSORA LEOPOLDA BARNEWITZ,julia,administrativa,vinculo_assessoramento_nao_informado,score_administrativo_sem_vinculo,0,0,0.1,0.025,TRUE
ESC_054,43106668,ESC EST ENS FUN PROFESSORA LEOPOLDA BARNEWITZ,julia,educacional,baixa_participacao_relativa_2026,score_educacional_baixa_participacao,10.720538720538718,10.720538720538718,0.25,0.0625,TRUE
ESC_054,43106668,ESC EST ENS FUN PROFESSORA LEOPOLDA BARNEWITZ,julia,educacional,desempenho_relativo_2026,score_educacional_desempenho,8.569023569023567,8.569023569023567,0.5,0.125,TRUE
ESC_054,43106668,ESC EST ENS FUN PROFESSORA LEOPOLDA BARNEWITZ,julia,educacional,heterogeneidade_entre_series_2026,heterogeneidade_desempenho_bruta,11.11484097176242,22.22222222222222,0.15,0.0375,TRUE
ESC_054,43106668,ESC EST ENS FUN PROFESSORA LEOPOLDA BARNEWITZ,julia,educacional,instabilidade_composicao_comparavel,score_educacional_instabilidade_composicao,100,100,0.1,0.025,TRUE
ESC_054,43106668,ESC EST ENS FUN PROFESSORA LEOPOLDA BARNEWITZ,julia,estrutural,amplitude_tempo_integral,pct_matriculas_anos_iniciais_integral,100,94.54545454545455,0.1,0.025,TRUE
ESC_054,43106668,ESC EST ENS FUN PROFESSORA LEOPOLDA BARNEWITZ,julia,estrutural,dependencia_transporte_publico,pct_matriculas_transporte_publico,0,11.818181818181818,0.05,0.0125,TRUE
ESC_054,43106668,ESC EST ENS FUN PROFESSORA LEOPOLDA BARNEWITZ,julia,estrutural,infraestrutura_insuficiente,indice_infraestrutura_basica,60,99.0909090909091,0.3,0.075,TRUE
ESC_054,43106668,ESC EST ENS FUN PROFESSORA LEOPOLDA BARNEWITZ,julia,estrutural,participacao_educacao_especial,pct_matriculas_educacao_especial,5.194805194805195,5.454545454545454,0.2,0.05,TRUE
ESC_054,43106668,ESC EST ENS FUN PROFESSORA LEOPOLDA BARNEWITZ,julia,estrutural,pressao_alunos_por_docente,alunos_por_docente_anos_iniciais,9.058823529411764,9.25925925925926,0.15,0.0375,TRUE
ESC_054,43106668,ESC EST ENS FUN PROFESSORA LEOPOLDA BARNEWITZ,julia,estrutural,pressao_alunos_por_turma,alunos_por_turma_anos_iniciais,19.25,7.407407407407407,0.2,0.05,TRUE
ESC_054,43106668,ESC EST ENS FUN PROFESSORA LEOPOLDA BARNEWITZ,julia,volume,amplitude_etapas_ofertadas,numero_etapas_amplas_ofertadas,1,1.8181818181818181,0.15,0.0375,TRUE
ESC_054,43106668,ESC EST ENS FUN PROFESSORA LEOPOLDA BARNEWITZ,julia,volume,matriculas_anos_iniciais,matriculas_anos_iniciais,154,10.909090909090908,0.6,0.15,TRUE
ESC_054,43106668,ESC EST ENS FUN PROFESSORA LEOPOLDA BARNEWITZ,julia,volume,turmas_anos_iniciais,turmas_anos_iniciais_validas,8,10.185185185185185,0.25,0.0625,TRUE
ESC_055,43105300,ESCOLA DE ENSINO FUNDAMENTAL MADRE RAFFO,outras,administrativa,arranjo_institucional_especial,score_administrativo_arranjo_especial,100,100,0.4,0.1,TRUE
ESC_055,43105300,ESCOLA DE ENSINO FUNDAMENTAL MADRE RAFFO,outras,administrativa,historico_cadastral_ou_revisao,score_administrativo_historico_cadastral,100,100,0.2,0.05,TRUE
ESC_055,43105300,ESCOLA DE ENSINO FUNDAMENTAL MADRE RAFFO,outras,administrativa,transicao_institucional_recente,score_administrativo_transicao_recente,0,0,0.3,0.075,TRUE
ESC_055,43105300,ESCOLA DE ENSINO FUNDAMENTAL MADRE RAFFO,outras,administrativa,vinculo_assessoramento_nao_informado,score_administrativo_sem_vinculo,0,0,0.1,0.025,TRUE
ESC_055,43105300,ESCOLA DE ENSINO FUNDAMENTAL MADRE RAFFO,outras,educacional,baixa_participacao_relativa_2026,score_educacional_baixa_participacao,10.737373737373735,10.737373737373735,0.25,0.0625,TRUE
ESC_055,43105300,ESCOLA DE ENSINO FUNDAMENTAL MADRE RAFFO,outras,educacional,desempenho_relativo_2026,score_educacional_desempenho,15.36026936026936,15.36026936026936,0.5,0.125,TRUE
ESC_055,43105300,ESCOLA DE ENSINO FUNDAMENTAL MADRE RAFFO,outras,educacional,heterogeneidade_entre_series_2026,heterogeneidade_desempenho_bruta,22.494450940093706,55.55555555555556,0.15,0.0375,TRUE
ESC_055,43105300,ESCOLA DE ENSINO FUNDAMENTAL MADRE RAFFO,outras,educacional,instabilidade_composicao_comparavel,score_educacional_instabilidade_composicao,100,100,0.1,0.025,TRUE
ESC_055,43105300,ESCOLA DE ENSINO FUNDAMENTAL MADRE RAFFO,outras,estrutural,amplitude_tempo_integral,pct_matriculas_anos_iniciais_integral,0,10.909090909090908,0.1,0.025,TRUE
ESC_055,43105300,ESCOLA DE ENSINO FUNDAMENTAL MADRE RAFFO,outras,estrutural,dependencia_transporte_publico,pct_matriculas_transporte_publico,0,11.818181818181818,0.05,0.0125,TRUE
ESC_055,43105300,ESCOLA DE ENSINO FUNDAMENTAL MADRE RAFFO,outras,estrutural,infraestrutura_insuficiente,indice_infraestrutura_basica,80,79.0909090909091,0.3,0.075,TRUE
ESC_055,43105300,ESCOLA DE ENSINO FUNDAMENTAL MADRE RAFFO,outras,estrutural,participacao_educacao_especial,pct_matriculas_educacao_especial,4.406779661016949,3.6363636363636362,0.2,0.05,TRUE
ESC_055,43105300,ESCOLA DE ENSINO FUNDAMENTAL MADRE RAFFO,outras,estrutural,pressao_alunos_por_docente,alunos_por_docente_anos_iniciais,12.23076923076923,20.37037037037037,0.15,0.0375,TRUE
ESC_055,43105300,ESCOLA DE ENSINO FUNDAMENTAL MADRE RAFFO,outras,estrutural,pressao_alunos_por_turma,alunos_por_turma_anos_iniciais,19.875,11.11111111111111,0.2,0.05,TRUE
ESC_055,43105300,ESCOLA DE ENSINO FUNDAMENTAL MADRE RAFFO,outras,volume,amplitude_etapas_ofertadas,numero_etapas_amplas_ofertadas,3,42.72727272727273,0.15,0.0375,TRUE
ESC_055,43105300,ESCOLA DE ENSINO FUNDAMENTAL MADRE RAFFO,outras,volume,matriculas_anos_iniciais,matriculas_anos_iniciais,159,12.727272727272727,0.6,0.15,TRUE
ESC_055,43105300,ESCOLA DE ENSINO FUNDAMENTAL MADRE RAFFO,outras,volume,turmas_anos_iniciais,turmas_anos_iniciais_validas,8,10.185185185185185,0.25,0.0625,TRUE
ESC_056,43189768,EEF ALDEIA LUMIAR,Sem vinculação informada,administrativa,arranjo_institucional_especial,score_administrativo_arranjo_especial,100,100,0.4,0.1,TRUE
ESC_056,43189768,EEF ALDEIA LUMIAR,Sem vinculação informada,administrativa,historico_cadastral_ou_revisao,score_administrativo_historico_cadastral,100,100,0.2,0.05,TRUE
ESC_056,43189768,EEF ALDEIA LUMIAR,Sem vinculação informada,administrativa,transicao_institucional_recente,score_administrativo_transicao_recente,0,0,0.3,0.075,TRUE
ESC_056,43189768,EEF ALDEIA LUMIAR,Sem vinculação informada,administrativa,vinculo_assessoramento_nao_informado,score_administrativo_sem_vinculo,100,100,0.1,0.025,TRUE
ESC_056,43189768,EEF ALDEIA LUMIAR,Sem vinculação informada,educacional,baixa_participacao_relativa_2026,score_educacional_baixa_participacao,99.0909090909091,99.0909090909091,0.25,0.0625,TRUE
ESC_056,43189768,EEF ALDEIA LUMIAR,Sem vinculação informada,educacional,desempenho_relativo_2026,score_educacional_desempenho,15.909090909090912,15.909090909090912,0.5,0.125,TRUE
ESC_056,43189768,EEF ALDEIA LUMIAR,Sem vinculação informada,educacional,heterogeneidade_entre_series_2026,heterogeneidade_desempenho_bruta,,,0.15,0.0375,FALSE
ESC_056,43189768,EEF ALDEIA LUMIAR,Sem vinculação informada,educacional,instabilidade_composicao_comparavel,score_educacional_instabilidade_composicao,100,100,0.1,0.025,TRUE
ESC_056,43189768,EEF ALDEIA LUMIAR,Sem vinculação informada,estrutural,amplitude_tempo_integral,pct_matriculas_anos_iniciais_integral,100,94.54545454545455,0.1,0.025,TRUE
ESC_056,43189768,EEF ALDEIA LUMIAR,Sem vinculação informada,estrutural,dependencia_transporte_publico,pct_matriculas_transporte_publico,0,11.818181818181818,0.05,0.0125,TRUE
ESC_056,43189768,EEF ALDEIA LUMIAR,Sem vinculação informada,estrutural,infraestrutura_insuficiente,indice_infraestrutura_basica,80,79.0909090909091,0.3,0.075,TRUE
ESC_056,43189768,EEF ALDEIA LUMIAR,Sem vinculação informada,estrutural,participacao_educacao_especial,pct_matriculas_educacao_especial,6.598984771573604,23.636363636363637,0.2,0.05,TRUE
ESC_056,43189768,EEF ALDEIA LUMIAR,Sem vinculação informada,estrutural,pressao_alunos_por_docente,alunos_por_docente_anos_iniciais,,,0.15,0.0375,FALSE
ESC_056,43189768,EEF ALDEIA LUMIAR,Sem vinculação informada,estrutural,pressao_alunos_por_turma,alunos_por_turma_anos_iniciais,,,0.2,0.05,FALSE
ESC_056,43189768,EEF ALDEIA LUMIAR,Sem vinculação informada,volume,amplitude_etapas_ofertadas,numero_etapas_amplas_ofertadas,2,11.818181818181818,0.15,0.0375,TRUE
ESC_056,43189768,EEF ALDEIA LUMIAR,Sem vinculação informada,volume,matriculas_anos_iniciais,matriculas_anos_iniciais,109,8.181818181818182,0.6,0.15,TRUE
ESC_056,43189768,EEF ALDEIA LUMIAR,Sem vinculação informada,volume,turmas_anos_iniciais,turmas_anos_iniciais_validas,,,0.25,0.0625,FALSE
